ISO-10303-21;
HEADER;
FILE_DESCRIPTION(('Open CASCADE Model'),'2;1');
FILE_NAME('Open CASCADE Shape Model','2026-08-18T13:19:18',('Author'),(
    'Open CASCADE'),'Open CASCADE STEP processor 7.8','Open CASCADE 7.8'
  ,'Unknown');
FILE_SCHEMA(('AUTOMOTIVE_DESIGN { 1 0 10303 214 1 1 1 1 }'));
ENDSEC;
DATA;
#1 = APPLICATION_PROTOCOL_DEFINITION('international standard',
  'automotive_design',2000,#2);
#2 = APPLICATION_CONTEXT(
  'core data for automotive mechanical design processes');
#3 = SHAPE_DEFINITION_REPRESENTATION(#4,#10);
#4 = PRODUCT_DEFINITION_SHAPE('','',#5);
#5 = PRODUCT_DEFINITION('design','',#6,#9);
#6 = PRODUCT_DEFINITION_FORMATION('','',#7);
#7 = PRODUCT('Open CASCADE STEP translator 7.8 16',
  'Open CASCADE STEP translator 7.8 16','',(#8));
#8 = PRODUCT_CONTEXT('',#2,'mechanical');
#9 = PRODUCT_DEFINITION_CONTEXT('part definition',#2,'design');
#10 = ADVANCED_BREP_SHAPE_REPRESENTATION('',(#11,#15),#18725);
#11 = AXIS2_PLACEMENT_3D('',#12,#13,#14);
#12 = CARTESIAN_POINT('',(0.,0.,0.));
#13 = DIRECTION('',(0.,0.,1.));
#14 = DIRECTION('',(1.,0.,-0.));
#15 = MANIFOLD_SOLID_BREP('',#16);
#16 = CLOSED_SHELL('',(#17,#135,#6913,#6962,#12528,#12555,#12582,#12607,
    #12634,#12659,#12684,#12711,#12736,#12763,#12790,#12815,#12842,
    #12867,#12892,#12919,#12944,#12971,#12998,#13023,#13050,#13075,
    #13100,#13127,#13152,#13179,#13206,#13231,#13258,#13283,#13308,
    #13335,#13360,#13387,#13414,#13439,#13466,#13491,#13516,#13543,
    #13568,#13595,#13622,#13647,#13674,#13699,#13724,#13751,#13776,
    #13803,#13830,#13855,#13882,#13907,#13932,#13959,#13984,#14011,
    #14038,#14063,#14090,#14115,#14140,#14167,#14192,#14219,#14246,
    #14271,#14298,#14323,#14348,#14375,#14400,#14427,#14454,#14479,
    #14506,#14531,#14556,#14583,#14608,#14635,#14662,#14687,#14714,
    #14739,#14764,#14791,#14816,#14843,#14870,#14895,#14922,#14947,
    #14972,#14999,#15024,#15051,#15078,#15103,#15130,#15155,#15180,
    #15207,#15232,#15259,#15286,#15311,#15338,#15363,#15388,#15415,
    #15440,#15467,#15494,#15519,#15546,#15571,#15596,#15623,#15648,
    #15675,#15702,#15727,#15754,#15779,#15804,#15831,#15856,#15883,
    #15910,#15935,#15962,#15987,#16012,#16039,#16064,#16091,#16118,
    #16143,#16170,#16195,#16220,#16247,#16272,#16299,#16326,#16351,
    #16378,#16403,#16428,#16455,#16480,#16507,#16534,#16559,#16586,
    #16611,#16636,#16663,#16688,#16715,#16742,#16767,#16794,#16819,
    #16844,#16871,#16896,#16923,#16950,#16975,#17002,#17027,#17052,
    #17079,#17104,#17131,#17158,#17183,#17210,#17235,#17260,#17287,
    #17312,#17339,#17366,#17391,#17418,#17443,#17468,#17495,#17520,
    #17547,#17574,#17599,#17626,#17651,#17676,#17703,#17728,#17755,
    #17782,#17807,#17834,#17859,#17884,#17911,#17936,#17963,#17990,
    #18015,#18042,#18067,#18092,#18119,#18144,#18171,#18198,#18223,
    #18250,#18275,#18300,#18327,#18352,#18379,#18406,#18431,#18458,
    #18483,#18508,#18535,#18560,#18587,#18614,#18639,#18666,#18691,
    #18698));
#17 = ADVANCED_FACE('',(#18),#33,.T.);
#18 = FACE_BOUND('',#19,.F.);
#19 = EDGE_LOOP('',(#20,#56,#82,#111));
#20 = ORIENTED_EDGE('',*,*,#21,.F.);
#21 = EDGE_CURVE('',#22,#24,#26,.T.);
#22 = VERTEX_POINT('',#23);
#23 = CARTESIAN_POINT('',(18.593626244545,0.486891238527,0.));
#24 = VERTEX_POINT('',#25);
#25 = CARTESIAN_POINT('',(18.542662407436,1.459339180538,0.));
#26 = SURFACE_CURVE('',#27,(#32,#44),.PCURVE_S1.);
#27 = CIRCLE('',#28,18.6);
#28 = AXIS2_PLACEMENT_3D('',#29,#30,#31);
#29 = CARTESIAN_POINT('',(0.,0.,0.));
#30 = DIRECTION('',(0.,0.,1.));
#31 = DIRECTION('',(1.,0.,0.));
#32 = PCURVE('',#33,#38);
#33 = CYLINDRICAL_SURFACE('',#34,18.6);
#34 = AXIS2_PLACEMENT_3D('',#35,#36,#37);
#35 = CARTESIAN_POINT('',(0.,0.,0.));
#36 = DIRECTION('',(-0.,-0.,-1.));
#37 = DIRECTION('',(1.,0.,0.));
#38 = DEFINITIONAL_REPRESENTATION('',(#39),#43);
#39 = LINE('',#40,#41);
#40 = CARTESIAN_POINT('',(-0.,0.));
#41 = VECTOR('',#42,1.);
#42 = DIRECTION('',(-1.,0.));
#43 = ( GEOMETRIC_REPRESENTATION_CONTEXT(2) 
PARAMETRIC_REPRESENTATION_CONTEXT() REPRESENTATION_CONTEXT('2D SPACE',''
  ) );
#44 = PCURVE('',#45,#50);
#45 = PLANE('',#46);
#46 = AXIS2_PLACEMENT_3D('',#47,#48,#49);
#47 = CARTESIAN_POINT('',(-5.881462935653E-16,-7.592810154714E-16,0.));
#48 = DIRECTION('',(0.,0.,1.));
#49 = DIRECTION('',(1.,0.,-0.));
#50 = DEFINITIONAL_REPRESENTATION('',(#51),#55);
#51 = CIRCLE('',#52,18.6);
#52 = AXIS2_PLACEMENT_2D('',#53,#54);
#53 = CARTESIAN_POINT('',(5.881462935653E-16,7.592810154714E-16));
#54 = DIRECTION('',(1.,0.));
#55 = ( GEOMETRIC_REPRESENTATION_CONTEXT(2) 
PARAMETRIC_REPRESENTATION_CONTEXT() REPRESENTATION_CONTEXT('2D SPACE',''
  ) );
#56 = ORIENTED_EDGE('',*,*,#57,.F.);
#57 = EDGE_CURVE('',#58,#22,#60,.T.);
#58 = VERTEX_POINT('',#59);
#59 = CARTESIAN_POINT('',(18.593626244545,0.486891238527,7.));
#60 = SURFACE_CURVE('',#61,(#65,#71),.PCURVE_S1.);
#61 = LINE('',#62,#63);
#62 = CARTESIAN_POINT('',(18.593626244545,0.486891238526,0.));
#63 = VECTOR('',#64,1.);
#64 = DIRECTION('',(-0.,-0.,-1.));
#65 = PCURVE('',#33,#66);
#66 = DEFINITIONAL_REPRESENTATION('',(#67),#70);
#67 = B_SPLINE_CURVE_WITH_KNOTS('',1,(#68,#69),.UNSPECIFIED.,.F.,.F.,(2,
    2),(-7.0000006,6.E-07),.PIECEWISE_BEZIER_KNOTS.);
#68 = CARTESIAN_POINT('',(-2.617993877991E-02,-7.0000006));
#69 = CARTESIAN_POINT('',(-2.617993877991E-02,6.E-07));
#70 = ( GEOMETRIC_REPRESENTATION_CONTEXT(2) 
PARAMETRIC_REPRESENTATION_CONTEXT() REPRESENTATION_CONTEXT('2D SPACE',''
  ) );
#71 = PCURVE('',#72,#77);
#72 = PLANE('',#73);
#73 = AXIS2_PLACEMENT_3D('',#74,#75,#76);
#74 = CARTESIAN_POINT('',(20.452988869,0.535580362379,0.));
#75 = DIRECTION('',(2.617694830787E-02,-0.999657324976,0.));
#76 = DIRECTION('',(-0.999657324976,-2.617694830787E-02,0.));
#77 = DEFINITIONAL_REPRESENTATION('',(#78),#81);
#78 = B_SPLINE_CURVE_WITH_KNOTS('',1,(#79,#80),.UNSPECIFIED.,.F.,.F.,(2,
    2),(-7.0000006,6.E-07),.PIECEWISE_BEZIER_KNOTS.);
#79 = CARTESIAN_POINT('',(1.86,-7.0000006));
#80 = CARTESIAN_POINT('',(1.86,6.E-07));
#81 = ( GEOMETRIC_REPRESENTATION_CONTEXT(2) 
PARAMETRIC_REPRESENTATION_CONTEXT() REPRESENTATION_CONTEXT('2D SPACE',''
  ) );
#82 = ORIENTED_EDGE('',*,*,#83,.T.);
#83 = EDGE_CURVE('',#58,#84,#86,.T.);
#84 = VERTEX_POINT('',#85);
#85 = CARTESIAN_POINT('',(18.542662407436,1.459339180538,7.));
#86 = SURFACE_CURVE('',#87,(#92,#99),.PCURVE_S1.);
#87 = CIRCLE('',#88,18.6);
#88 = AXIS2_PLACEMENT_3D('',#89,#90,#91);
#89 = CARTESIAN_POINT('',(0.,0.,7.));
#90 = DIRECTION('',(0.,0.,1.));
#91 = DIRECTION('',(1.,0.,0.));
#92 = PCURVE('',#33,#93);
#93 = DEFINITIONAL_REPRESENTATION('',(#94),#98);
#94 = LINE('',#95,#96);
#95 = CARTESIAN_POINT('',(-0.,-7.));
#96 = VECTOR('',#97,1.);
#97 = DIRECTION('',(-1.,0.));
#98 = ( GEOMETRIC_REPRESENTATION_CONTEXT(2) 
PARAMETRIC_REPRESENTATION_CONTEXT() REPRESENTATION_CONTEXT('2D SPACE',''
  ) );
#99 = PCURVE('',#100,#105);
#100 = PLANE('',#101);
#101 = AXIS2_PLACEMENT_3D('',#102,#103,#104);
#102 = CARTESIAN_POINT('',(-5.881462935653E-16,-7.592810154714E-16,7.));
#103 = DIRECTION('',(0.,0.,1.));
#104 = DIRECTION('',(1.,0.,-0.));
#105 = DEFINITIONAL_REPRESENTATION('',(#106),#110);
#106 = CIRCLE('',#107,18.6);
#107 = AXIS2_PLACEMENT_2D('',#108,#109);
#108 = CARTESIAN_POINT('',(5.881462935653E-16,7.592810154714E-16));
#109 = DIRECTION('',(1.,0.));
#110 = ( GEOMETRIC_REPRESENTATION_CONTEXT(2) 
PARAMETRIC_REPRESENTATION_CONTEXT() REPRESENTATION_CONTEXT('2D SPACE',''
  ) );
#111 = ORIENTED_EDGE('',*,*,#112,.T.);
#112 = EDGE_CURVE('',#84,#24,#113,.T.);
#113 = SURFACE_CURVE('',#114,(#118,#124),.PCURVE_S1.);
#114 = LINE('',#115,#116);
#115 = CARTESIAN_POINT('',(18.542662407436,1.459339180538,0.));
#116 = VECTOR('',#117,1.);
#117 = DIRECTION('',(-0.,-0.,-1.));
#118 = PCURVE('',#33,#119);
#119 = DEFINITIONAL_REPRESENTATION('',(#120),#123);
#120 = B_SPLINE_CURVE_WITH_KNOTS('',1,(#121,#122),.UNSPECIFIED.,.F.,.F.,
  (2,2),(-7.0000006,6.E-07),.PIECEWISE_BEZIER_KNOTS.);
#121 = CARTESIAN_POINT('',(-7.853981633974E-02,-7.0000006));
#122 = CARTESIAN_POINT('',(-7.853981633974E-02,6.E-07));
#123 = ( GEOMETRIC_REPRESENTATION_CONTEXT(2) 
PARAMETRIC_REPRESENTATION_CONTEXT() REPRESENTATION_CONTEXT('2D SPACE',''
  ) );
#124 = PCURVE('',#125,#130);
#125 = PLANE('',#126);
#126 = AXIS2_PLACEMENT_3D('',#127,#128,#129);
#127 = CARTESIAN_POINT('',(16.336982806552,1.28574843124,0.));
#128 = DIRECTION('',(-7.845909572784E-02,0.996917333733,0.));
#129 = DIRECTION('',(0.996917333733,7.845909572784E-02,0.));
#130 = DEFINITIONAL_REPRESENTATION('',(#131),#134);
#131 = B_SPLINE_CURVE_WITH_KNOTS('',1,(#132,#133),.UNSPECIFIED.,.F.,.F.,
  (2,2),(-7.0000006,6.E-07),.PIECEWISE_BEZIER_KNOTS.);
#132 = CARTESIAN_POINT('',(2.2125,-7.0000006));
#133 = CARTESIAN_POINT('',(2.2125,6.E-07));
#134 = ( GEOMETRIC_REPRESENTATION_CONTEXT(2) 
PARAMETRIC_REPRESENTATION_CONTEXT() REPRESENTATION_CONTEXT('2D SPACE',''
  ) );
#135 = ADVANCED_FACE('',(#136,#6878),#45,.F.);
#136 = FACE_BOUND('',#137,.F.);
#137 = EDGE_LOOP('',(#138,#161,#162,#185,#213,#241,#270,#298,#326,#354,
    #383,#411,#439,#467,#496,#524,#552,#580,#609,#637,#665,#693,#722,
    #750,#778,#806,#835,#863,#891,#919,#948,#976,#1004,#1032,#1061,#1089
    ,#1117,#1145,#1174,#1202,#1230,#1258,#1287,#1315,#1343,#1371,#1400,
    #1428,#1456,#1484,#1513,#1541,#1569,#1597,#1626,#1654,#1682,#1710,
    #1739,#1767,#1795,#1823,#1852,#1880,#1908,#1936,#1965,#1993,#2021,
    #2049,#2078,#2106,#2134,#2162,#2191,#2219,#2247,#2275,#2304,#2332,
    #2360,#2388,#2417,#2445,#2473,#2501,#2530,#2558,#2586,#2614,#2643,
    #2671,#2699,#2727,#2756,#2784,#2812,#2840,#2869,#2897,#2925,#2953,
    #2982,#3010,#3038,#3066,#3095,#3123,#3151,#3179,#3208,#3236,#3264,
    #3292,#3321,#3349,#3377,#3405,#3434,#3462,#3490,#3518,#3547,#3575,
    #3603,#3631,#3660,#3688,#3716,#3744,#3773,#3801,#3829,#3857,#3886,
    #3914,#3942,#3970,#3999,#4027,#4055,#4083,#4112,#4140,#4168,#4196,
    #4225,#4253,#4281,#4309,#4338,#4366,#4394,#4422,#4451,#4479,#4507,
    #4535,#4564,#4592,#4620,#4648,#4677,#4705,#4733,#4761,#4790,#4818,
    #4846,#4874,#4903,#4931,#4959,#4987,#5016,#5044,#5072,#5100,#5129,
    #5157,#5185,#5213,#5242,#5270,#5298,#5326,#5355,#5383,#5411,#5439,
    #5468,#5496,#5524,#5552,#5581,#5609,#5637,#5665,#5694,#5722,#5750,
    #5778,#5807,#5835,#5863,#5891,#5920,#5948,#5976,#6004,#6033,#6061,
    #6089,#6117,#6146,#6174,#6202,#6230,#6259,#6287,#6315,#6343,#6372,
    #6400,#6428,#6456,#6485,#6513,#6541,#6569,#6598,#6626,#6654,#6682,
    #6711,#6739,#6767,#6795,#6824,#6852));
#138 = ORIENTED_EDGE('',*,*,#139,.F.);
#139 = EDGE_CURVE('',#22,#140,#142,.T.);
#140 = VERTEX_POINT('',#141);
#141 = CARTESIAN_POINT('',(16.381884413037,0.428974740395,0.));
#142 = SURFACE_CURVE('',#143,(#147,#154),.PCURVE_S1.);
#143 = LINE('',#144,#145);
#144 = CARTESIAN_POINT('',(20.452988869,0.535580362379,0.));
#145 = VECTOR('',#146,1.);
#146 = DIRECTION('',(-0.999657324976,-2.617694830787E-02,0.));
#147 = PCURVE('',#45,#148);
#148 = DEFINITIONAL_REPRESENTATION('',(#149),#153);
#149 = LINE('',#150,#151);
#150 = CARTESIAN_POINT('',(20.452988869,0.535580362379));
#151 = VECTOR('',#152,1.);
#152 = DIRECTION('',(-0.999657324976,-2.617694830787E-02));
#153 = ( GEOMETRIC_REPRESENTATION_CONTEXT(2) 
PARAMETRIC_REPRESENTATION_CONTEXT() REPRESENTATION_CONTEXT('2D SPACE',''
  ) );
#154 = PCURVE('',#72,#155);
#155 = DEFINITIONAL_REPRESENTATION('',(#156),#160);
#156 = LINE('',#157,#158);
#157 = CARTESIAN_POINT('',(0.,0.));
#158 = VECTOR('',#159,1.);
#159 = DIRECTION('',(1.,-0.));
#160 = ( GEOMETRIC_REPRESENTATION_CONTEXT(2) 
PARAMETRIC_REPRESENTATION_CONTEXT() REPRESENTATION_CONTEXT('2D SPACE',''
  ) );
#161 = ORIENTED_EDGE('',*,*,#21,.T.);
#162 = ORIENTED_EDGE('',*,*,#163,.F.);
#163 = EDGE_CURVE('',#164,#24,#166,.T.);
#164 = VERTEX_POINT('',#165);
#165 = CARTESIAN_POINT('',(16.336982806552,1.28574843124,0.));
#166 = SURFACE_CURVE('',#167,(#171,#178),.PCURVE_S1.);
#167 = LINE('',#168,#169);
#168 = CARTESIAN_POINT('',(16.336982806552,1.28574843124,0.));
#169 = VECTOR('',#170,1.);
#170 = DIRECTION('',(0.996917333733,7.845909572784E-02,0.));
#171 = PCURVE('',#45,#172);
#172 = DEFINITIONAL_REPRESENTATION('',(#173),#177);
#173 = LINE('',#174,#175);
#174 = CARTESIAN_POINT('',(16.336982806552,1.28574843124));
#175 = VECTOR('',#176,1.);
#176 = DIRECTION('',(0.996917333733,7.845909572784E-02));
#177 = ( GEOMETRIC_REPRESENTATION_CONTEXT(2) 
PARAMETRIC_REPRESENTATION_CONTEXT() REPRESENTATION_CONTEXT('2D SPACE',''
  ) );
#178 = PCURVE('',#125,#179);
#179 = DEFINITIONAL_REPRESENTATION('',(#180),#184);
#180 = LINE('',#181,#182);
#181 = CARTESIAN_POINT('',(0.,0.));
#182 = VECTOR('',#183,1.);
#183 = DIRECTION('',(1.,0.));
#184 = ( GEOMETRIC_REPRESENTATION_CONTEXT(2) 
PARAMETRIC_REPRESENTATION_CONTEXT() REPRESENTATION_CONTEXT('2D SPACE',''
  ) );
#185 = ORIENTED_EDGE('',*,*,#186,.F.);
#186 = EDGE_CURVE('',#187,#164,#189,.T.);
#187 = VERTEX_POINT('',#188);
#188 = CARTESIAN_POINT('',(16.247302665763,2.138997975006,0.));
#189 = SURFACE_CURVE('',#190,(#194,#201),.PCURVE_S1.);
#190 = LINE('',#191,#192);
#191 = CARTESIAN_POINT('',(16.247302665763,2.138997975006,0.));
#192 = VECTOR('',#193,1.);
#193 = DIRECTION('',(0.104528463268,-0.994521895368,0.));
#194 = PCURVE('',#45,#195);
#195 = DEFINITIONAL_REPRESENTATION('',(#196),#200);
#196 = LINE('',#197,#198);
#197 = CARTESIAN_POINT('',(16.247302665763,2.138997975006));
#198 = VECTOR('',#199,1.);
#199 = DIRECTION('',(0.104528463268,-0.994521895368));
#200 = ( GEOMETRIC_REPRESENTATION_CONTEXT(2) 
PARAMETRIC_REPRESENTATION_CONTEXT() REPRESENTATION_CONTEXT('2D SPACE',''
  ) );
#201 = PCURVE('',#202,#207);
#202 = PLANE('',#203);
#203 = AXIS2_PLACEMENT_3D('',#204,#205,#206);
#204 = CARTESIAN_POINT('',(16.247302665763,2.138997975006,0.));
#205 = DIRECTION('',(0.994521895368,0.104528463268,0.));
#206 = DIRECTION('',(0.104528463268,-0.994521895368,0.));
#207 = DEFINITIONAL_REPRESENTATION('',(#208),#212);
#208 = LINE('',#209,#210);
#209 = CARTESIAN_POINT('',(0.,0.));
#210 = VECTOR('',#211,1.);
#211 = DIRECTION('',(1.,0.));
#212 = ( GEOMETRIC_REPRESENTATION_CONTEXT(2) 
PARAMETRIC_REPRESENTATION_CONTEXT() REPRESENTATION_CONTEXT('2D SPACE',''
  ) );
#213 = ORIENTED_EDGE('',*,*,#214,.F.);
#214 = EDGE_CURVE('',#215,#187,#217,.T.);
#215 = VERTEX_POINT('',#216);
#216 = CARTESIAN_POINT('',(18.440874421553,2.427787175293,0.));
#217 = SURFACE_CURVE('',#218,(#222,#229),.PCURVE_S1.);
#218 = LINE('',#219,#220);
#219 = CARTESIAN_POINT('',(20.284961863708,2.670565892822,0.));
#220 = VECTOR('',#221,1.);
#221 = DIRECTION('',(-0.991444861374,-0.13052619222,0.));
#222 = PCURVE('',#45,#223);
#223 = DEFINITIONAL_REPRESENTATION('',(#224),#228);
#224 = LINE('',#225,#226);
#225 = CARTESIAN_POINT('',(20.284961863708,2.670565892822));
#226 = VECTOR('',#227,1.);
#227 = DIRECTION('',(-0.991444861374,-0.13052619222));
#228 = ( GEOMETRIC_REPRESENTATION_CONTEXT(2) 
PARAMETRIC_REPRESENTATION_CONTEXT() REPRESENTATION_CONTEXT('2D SPACE',''
  ) );
#229 = PCURVE('',#230,#235);
#230 = PLANE('',#231);
#231 = AXIS2_PLACEMENT_3D('',#232,#233,#234);
#232 = CARTESIAN_POINT('',(20.284961863708,2.670565892822,0.));
#233 = DIRECTION('',(0.13052619222,-0.991444861374,0.));
#234 = DIRECTION('',(-0.991444861374,-0.13052619222,0.));
#235 = DEFINITIONAL_REPRESENTATION('',(#236),#240);
#236 = LINE('',#237,#238);
#237 = CARTESIAN_POINT('',(0.,0.));
#238 = VECTOR('',#239,1.);
#239 = DIRECTION('',(1.,-0.));
#240 = ( GEOMETRIC_REPRESENTATION_CONTEXT(2) 
PARAMETRIC_REPRESENTATION_CONTEXT() REPRESENTATION_CONTEXT('2D SPACE',''
  ) );
#241 = ORIENTED_EDGE('',*,*,#242,.T.);
#242 = EDGE_CURVE('',#215,#243,#245,.T.);
#243 = VERTEX_POINT('',#244);
#244 = CARTESIAN_POINT('',(18.28854128069,3.389580774154,0.));
#245 = SURFACE_CURVE('',#246,(#251,#258),.PCURVE_S1.);
#246 = CIRCLE('',#247,18.6);
#247 = AXIS2_PLACEMENT_3D('',#248,#249,#250);
#248 = CARTESIAN_POINT('',(0.,0.,0.));
#249 = DIRECTION('',(0.,0.,1.));
#250 = DIRECTION('',(1.,0.,0.));
#251 = PCURVE('',#45,#252);
#252 = DEFINITIONAL_REPRESENTATION('',(#253),#257);
#253 = CIRCLE('',#254,18.6);
#254 = AXIS2_PLACEMENT_2D('',#255,#256);
#255 = CARTESIAN_POINT('',(5.881462935653E-16,7.592810154714E-16));
#256 = DIRECTION('',(1.,0.));
#257 = ( GEOMETRIC_REPRESENTATION_CONTEXT(2) 
PARAMETRIC_REPRESENTATION_CONTEXT() REPRESENTATION_CONTEXT('2D SPACE',''
  ) );
#258 = PCURVE('',#259,#264);
#259 = CYLINDRICAL_SURFACE('',#260,18.6);
#260 = AXIS2_PLACEMENT_3D('',#261,#262,#263);
#261 = CARTESIAN_POINT('',(0.,0.,0.));
#262 = DIRECTION('',(-0.,-0.,-1.));
#263 = DIRECTION('',(1.,0.,0.));
#264 = DEFINITIONAL_REPRESENTATION('',(#265),#269);
#265 = LINE('',#266,#267);
#266 = CARTESIAN_POINT('',(-0.,0.));
#267 = VECTOR('',#268,1.);
#268 = DIRECTION('',(-1.,0.));
#269 = ( GEOMETRIC_REPRESENTATION_CONTEXT(2) 
PARAMETRIC_REPRESENTATION_CONTEXT() REPRESENTATION_CONTEXT('2D SPACE',''
  ) );
#270 = ORIENTED_EDGE('',*,*,#271,.F.);
#271 = EDGE_CURVE('',#272,#243,#274,.T.);
#272 = VERTEX_POINT('',#273);
#273 = CARTESIAN_POINT('',(16.113089797704,2.986384674003,0.));
#274 = SURFACE_CURVE('',#275,(#279,#286),.PCURVE_S1.);
#275 = LINE('',#276,#277);
#276 = CARTESIAN_POINT('',(16.113089797704,2.986384674003,0.));
#277 = VECTOR('',#278,1.);
#278 = DIRECTION('',(0.983254907564,0.182235525492,0.));
#279 = PCURVE('',#45,#280);
#280 = DEFINITIONAL_REPRESENTATION('',(#281),#285);
#281 = LINE('',#282,#283);
#282 = CARTESIAN_POINT('',(16.113089797704,2.986384674003));
#283 = VECTOR('',#284,1.);
#284 = DIRECTION('',(0.983254907564,0.182235525492));
#285 = ( GEOMETRIC_REPRESENTATION_CONTEXT(2) 
PARAMETRIC_REPRESENTATION_CONTEXT() REPRESENTATION_CONTEXT('2D SPACE',''
  ) );
#286 = PCURVE('',#287,#292);
#287 = PLANE('',#288);
#288 = AXIS2_PLACEMENT_3D('',#289,#290,#291);
#289 = CARTESIAN_POINT('',(16.113089797704,2.986384674003,0.));
#290 = DIRECTION('',(-0.182235525492,0.983254907564,0.));
#291 = DIRECTION('',(0.983254907564,0.182235525492,0.));
#292 = DEFINITIONAL_REPRESENTATION('',(#293),#297);
#293 = LINE('',#294,#295);
#294 = CARTESIAN_POINT('',(0.,0.));
#295 = VECTOR('',#296,1.);
#296 = DIRECTION('',(1.,0.));
#297 = ( GEOMETRIC_REPRESENTATION_CONTEXT(2) 
PARAMETRIC_REPRESENTATION_CONTEXT() REPRESENTATION_CONTEXT('2D SPACE',''
  ) );
#298 = ORIENTED_EDGE('',*,*,#299,.F.);
#299 = EDGE_CURVE('',#300,#272,#302,.T.);
#300 = VERTEX_POINT('',#301);
#301 = CARTESIAN_POINT('',(15.934712070517,3.825585900189,0.));
#302 = SURFACE_CURVE('',#303,(#307,#314),.PCURVE_S1.);
#303 = LINE('',#304,#305);
#304 = CARTESIAN_POINT('',(15.934712070517,3.825585900189,0.));
#305 = VECTOR('',#306,1.);
#306 = DIRECTION('',(0.207911690818,-0.978147600734,0.));
#307 = PCURVE('',#45,#308);
#308 = DEFINITIONAL_REPRESENTATION('',(#309),#313);
#309 = LINE('',#310,#311);
#310 = CARTESIAN_POINT('',(15.934712070517,3.825585900189));
#311 = VECTOR('',#312,1.);
#312 = DIRECTION('',(0.207911690818,-0.978147600734));
#313 = ( GEOMETRIC_REPRESENTATION_CONTEXT(2) 
PARAMETRIC_REPRESENTATION_CONTEXT() REPRESENTATION_CONTEXT('2D SPACE',''
  ) );
#314 = PCURVE('',#315,#320);
#315 = PLANE('',#316);
#316 = AXIS2_PLACEMENT_3D('',#317,#318,#319);
#317 = CARTESIAN_POINT('',(15.934712070517,3.825585900189,0.));
#318 = DIRECTION('',(0.978147600734,0.207911690818,0.));
#319 = DIRECTION('',(0.207911690818,-0.978147600734,0.));
#320 = DEFINITIONAL_REPRESENTATION('',(#321),#325);
#321 = LINE('',#322,#323);
#322 = CARTESIAN_POINT('',(0.,0.));
#323 = VECTOR('',#324,1.);
#324 = DIRECTION('',(1.,0.));
#325 = ( GEOMETRIC_REPRESENTATION_CONTEXT(2) 
PARAMETRIC_REPRESENTATION_CONTEXT() REPRESENTATION_CONTEXT('2D SPACE',''
  ) );
#326 = ORIENTED_EDGE('',*,*,#327,.F.);
#327 = EDGE_CURVE('',#328,#300,#330,.T.);
#328 = VERTEX_POINT('',#329);
#329 = CARTESIAN_POINT('',(18.086080519397,4.34208376772,0.));
#330 = SURFACE_CURVE('',#331,(#335,#342),.PCURVE_S1.);
#331 = LINE('',#332,#333);
#332 = CARTESIAN_POINT('',(19.894688571336,4.776292144492,0.));
#333 = VECTOR('',#334,1.);
#334 = DIRECTION('',(-0.972369920398,-0.233445363856,0.));
#335 = PCURVE('',#45,#336);
#336 = DEFINITIONAL_REPRESENTATION('',(#337),#341);
#337 = LINE('',#338,#339);
#338 = CARTESIAN_POINT('',(19.894688571336,4.776292144492));
#339 = VECTOR('',#340,1.);
#340 = DIRECTION('',(-0.972369920398,-0.233445363856));
#341 = ( GEOMETRIC_REPRESENTATION_CONTEXT(2) 
PARAMETRIC_REPRESENTATION_CONTEXT() REPRESENTATION_CONTEXT('2D SPACE',''
  ) );
#342 = PCURVE('',#343,#348);
#343 = PLANE('',#344);
#344 = AXIS2_PLACEMENT_3D('',#345,#346,#347);
#345 = CARTESIAN_POINT('',(19.894688571336,4.776292144492,0.));
#346 = DIRECTION('',(0.233445363856,-0.972369920398,0.));
#347 = DIRECTION('',(-0.972369920398,-0.233445363856,0.));
#348 = DEFINITIONAL_REPRESENTATION('',(#349),#353);
#349 = LINE('',#350,#351);
#350 = CARTESIAN_POINT('',(0.,0.));
#351 = VECTOR('',#352,1.);
#352 = DIRECTION('',(1.,-0.));
#353 = ( GEOMETRIC_REPRESENTATION_CONTEXT(2) 
PARAMETRIC_REPRESENTATION_CONTEXT() REPRESENTATION_CONTEXT('2D SPACE',''
  ) );
#354 = ORIENTED_EDGE('',*,*,#355,.T.);
#355 = EDGE_CURVE('',#328,#356,#358,.T.);
#356 = VERTEX_POINT('',#357);
#357 = CARTESIAN_POINT('',(17.834047068548,5.282685411493,0.));
#358 = SURFACE_CURVE('',#359,(#364,#371),.PCURVE_S1.);
#359 = CIRCLE('',#360,18.6);
#360 = AXIS2_PLACEMENT_3D('',#361,#362,#363);
#361 = CARTESIAN_POINT('',(0.,0.,0.));
#362 = DIRECTION('',(0.,0.,1.));
#363 = DIRECTION('',(1.,0.,0.));
#364 = PCURVE('',#45,#365);
#365 = DEFINITIONAL_REPRESENTATION('',(#366),#370);
#366 = CIRCLE('',#367,18.6);
#367 = AXIS2_PLACEMENT_2D('',#368,#369);
#368 = CARTESIAN_POINT('',(5.881462935653E-16,7.592810154714E-16));
#369 = DIRECTION('',(1.,0.));
#370 = ( GEOMETRIC_REPRESENTATION_CONTEXT(2) 
PARAMETRIC_REPRESENTATION_CONTEXT() REPRESENTATION_CONTEXT('2D SPACE',''
  ) );
#371 = PCURVE('',#372,#377);
#372 = CYLINDRICAL_SURFACE('',#373,18.6);
#373 = AXIS2_PLACEMENT_3D('',#374,#375,#376);
#374 = CARTESIAN_POINT('',(0.,0.,0.));
#375 = DIRECTION('',(-0.,-0.,-1.));
#376 = DIRECTION('',(1.,0.,0.));
#377 = DEFINITIONAL_REPRESENTATION('',(#378),#382);
#378 = LINE('',#379,#380);
#379 = CARTESIAN_POINT('',(-0.,0.));
#380 = VECTOR('',#381,1.);
#381 = DIRECTION('',(-1.,0.));
#382 = ( GEOMETRIC_REPRESENTATION_CONTEXT(2) 
PARAMETRIC_REPRESENTATION_CONTEXT() REPRESENTATION_CONTEXT('2D SPACE',''
  ) );
#383 = ORIENTED_EDGE('',*,*,#384,.F.);
#384 = EDGE_CURVE('',#385,#356,#387,.T.);
#385 = VERTEX_POINT('',#386);
#386 = CARTESIAN_POINT('',(15.712658405153,4.654301461336,0.));
#387 = SURFACE_CURVE('',#388,(#392,#399),.PCURVE_S1.);
#388 = LINE('',#389,#390);
#389 = CARTESIAN_POINT('',(15.712658405153,4.654301461336,0.));
#390 = VECTOR('',#391,1.);
#391 = DIRECTION('',(0.958819734868,0.284015344704,0.));
#392 = PCURVE('',#45,#393);
#393 = DEFINITIONAL_REPRESENTATION('',(#394),#398);
#394 = LINE('',#395,#396);
#395 = CARTESIAN_POINT('',(15.712658405153,4.654301461336));
#396 = VECTOR('',#397,1.);
#397 = DIRECTION('',(0.958819734868,0.284015344704));
#398 = ( GEOMETRIC_REPRESENTATION_CONTEXT(2) 
PARAMETRIC_REPRESENTATION_CONTEXT() REPRESENTATION_CONTEXT('2D SPACE',''
  ) );
#399 = PCURVE('',#400,#405);
#400 = PLANE('',#401);
#401 = AXIS2_PLACEMENT_3D('',#402,#403,#404);
#402 = CARTESIAN_POINT('',(15.712658405153,4.654301461336,0.));
#403 = DIRECTION('',(-0.284015344704,0.958819734868,0.));
#404 = DIRECTION('',(0.958819734868,0.284015344704,0.));
#405 = DEFINITIONAL_REPRESENTATION('',(#406),#410);
#406 = LINE('',#407,#408);
#407 = CARTESIAN_POINT('',(0.,0.));
#408 = VECTOR('',#409,1.);
#409 = DIRECTION('',(1.,0.));
#410 = ( GEOMETRIC_REPRESENTATION_CONTEXT(2) 
PARAMETRIC_REPRESENTATION_CONTEXT() REPRESENTATION_CONTEXT('2D SPACE',''
  ) );
#411 = ORIENTED_EDGE('',*,*,#412,.F.);
#412 = EDGE_CURVE('',#413,#385,#415,.T.);
#413 = VERTEX_POINT('',#414);
#414 = CARTESIAN_POINT('',(15.447537435273,5.470259905693,0.));
#415 = SURFACE_CURVE('',#416,(#420,#427),.PCURVE_S1.);
#416 = LINE('',#417,#418);
#417 = CARTESIAN_POINT('',(15.447537435273,5.470259905693,0.));
#418 = VECTOR('',#419,1.);
#419 = DIRECTION('',(0.309016994375,-0.951056516295,0.));
#420 = PCURVE('',#45,#421);
#421 = DEFINITIONAL_REPRESENTATION('',(#422),#426);
#422 = LINE('',#423,#424);
#423 = CARTESIAN_POINT('',(15.447537435273,5.470259905693));
#424 = VECTOR('',#425,1.);
#425 = DIRECTION('',(0.309016994375,-0.951056516295));
#426 = ( GEOMETRIC_REPRESENTATION_CONTEXT(2) 
PARAMETRIC_REPRESENTATION_CONTEXT() REPRESENTATION_CONTEXT('2D SPACE',''
  ) );
#427 = PCURVE('',#428,#433);
#428 = PLANE('',#429);
#429 = AXIS2_PLACEMENT_3D('',#430,#431,#432);
#430 = CARTESIAN_POINT('',(15.447537435273,5.470259905693,0.));
#431 = DIRECTION('',(0.951056516295,0.309016994375,0.));
#432 = DIRECTION('',(0.309016994375,-0.951056516295,0.));
#433 = DEFINITIONAL_REPRESENTATION('',(#434),#438);
#434 = LINE('',#435,#436);
#435 = CARTESIAN_POINT('',(0.,0.));
#436 = VECTOR('',#437,1.);
#437 = DIRECTION('',(1.,0.));
#438 = ( GEOMETRIC_REPRESENTATION_CONTEXT(2) 
PARAMETRIC_REPRESENTATION_CONTEXT() REPRESENTATION_CONTEXT('2D SPACE',''
  ) );
#439 = ORIENTED_EDGE('',*,*,#440,.F.);
#440 = EDGE_CURVE('',#441,#413,#443,.T.);
#441 = VERTEX_POINT('',#442);
#442 = CARTESIAN_POINT('',(17.533131734315,6.208807581748,0.));
#443 = SURFACE_CURVE('',#444,(#448,#455),.PCURVE_S1.);
#444 = LINE('',#445,#446);
#445 = CARTESIAN_POINT('',(19.286444907746,6.829688339923,0.));
#446 = VECTOR('',#447,1.);
#447 = DIRECTION('',(-0.942641491092,-0.333806859234,0.));
#448 = PCURVE('',#45,#449);
#449 = DEFINITIONAL_REPRESENTATION('',(#450),#454);
#450 = LINE('',#451,#452);
#451 = CARTESIAN_POINT('',(19.286444907746,6.829688339923));
#452 = VECTOR('',#453,1.);
#453 = DIRECTION('',(-0.942641491092,-0.333806859234));
#454 = ( GEOMETRIC_REPRESENTATION_CONTEXT(2) 
PARAMETRIC_REPRESENTATION_CONTEXT() REPRESENTATION_CONTEXT('2D SPACE',''
  ) );
#455 = PCURVE('',#456,#461);
#456 = PLANE('',#457);
#457 = AXIS2_PLACEMENT_3D('',#458,#459,#460);
#458 = CARTESIAN_POINT('',(19.286444907746,6.829688339923,0.));
#459 = DIRECTION('',(0.333806859234,-0.942641491092,0.));
#460 = DIRECTION('',(-0.942641491092,-0.333806859234,0.));
#461 = DEFINITIONAL_REPRESENTATION('',(#462),#466);
#462 = LINE('',#463,#464);
#463 = CARTESIAN_POINT('',(0.,0.));
#464 = VECTOR('',#465,1.);
#465 = DIRECTION('',(1.,-0.));
#466 = ( GEOMETRIC_REPRESENTATION_CONTEXT(2) 
PARAMETRIC_REPRESENTATION_CONTEXT() REPRESENTATION_CONTEXT('2D SPACE',''
  ) );
#467 = ORIENTED_EDGE('',*,*,#468,.T.);
#468 = EDGE_CURVE('',#441,#469,#471,.T.);
#469 = VERTEX_POINT('',#470);
#470 = CARTESIAN_POINT('',(17.18415930471,7.117911841991,0.));
#471 = SURFACE_CURVE('',#472,(#477,#484),.PCURVE_S1.);
#472 = CIRCLE('',#473,18.6);
#473 = AXIS2_PLACEMENT_3D('',#474,#475,#476);
#474 = CARTESIAN_POINT('',(0.,0.,0.));
#475 = DIRECTION('',(0.,0.,1.));
#476 = DIRECTION('',(1.,0.,0.));
#477 = PCURVE('',#45,#478);
#478 = DEFINITIONAL_REPRESENTATION('',(#479),#483);
#479 = CIRCLE('',#480,18.6);
#480 = AXIS2_PLACEMENT_2D('',#481,#482);
#481 = CARTESIAN_POINT('',(5.881462935653E-16,7.592810154714E-16));
#482 = DIRECTION('',(1.,0.));
#483 = ( GEOMETRIC_REPRESENTATION_CONTEXT(2) 
PARAMETRIC_REPRESENTATION_CONTEXT() REPRESENTATION_CONTEXT('2D SPACE',''
  ) );
#484 = PCURVE('',#485,#490);
#485 = CYLINDRICAL_SURFACE('',#486,18.6);
#486 = AXIS2_PLACEMENT_3D('',#487,#488,#489);
#487 = CARTESIAN_POINT('',(0.,0.,0.));
#488 = DIRECTION('',(-0.,-0.,-1.));
#489 = DIRECTION('',(1.,0.,0.));
#490 = DEFINITIONAL_REPRESENTATION('',(#491),#495);
#491 = LINE('',#492,#493);
#492 = CARTESIAN_POINT('',(-0.,0.));
#493 = VECTOR('',#494,1.);
#494 = DIRECTION('',(-1.,0.));
#495 = ( GEOMETRIC_REPRESENTATION_CONTEXT(2) 
PARAMETRIC_REPRESENTATION_CONTEXT() REPRESENTATION_CONTEXT('2D SPACE',''
  ) );
#496 = ORIENTED_EDGE('',*,*,#497,.F.);
#497 = EDGE_CURVE('',#498,#469,#500,.T.);
#498 = VERTEX_POINT('',#499);
#499 = CARTESIAN_POINT('',(15.140075839029,6.271224747883,0.));
#500 = SURFACE_CURVE('',#501,(#505,#512),.PCURVE_S1.);
#501 = LINE('',#502,#503);
#502 = CARTESIAN_POINT('',(15.140075839029,6.271224747883,0.));
#503 = VECTOR('',#504,1.);
#504 = DIRECTION('',(0.923879532511,0.382683432365,0.));
#505 = PCURVE('',#45,#506);
#506 = DEFINITIONAL_REPRESENTATION('',(#507),#511);
#507 = LINE('',#508,#509);
#508 = CARTESIAN_POINT('',(15.140075839029,6.271224747883));
#509 = VECTOR('',#510,1.);
#510 = DIRECTION('',(0.923879532511,0.382683432365));
#511 = ( GEOMETRIC_REPRESENTATION_CONTEXT(2) 
PARAMETRIC_REPRESENTATION_CONTEXT() REPRESENTATION_CONTEXT('2D SPACE',''
  ) );
#512 = PCURVE('',#513,#518);
#513 = PLANE('',#514);
#514 = AXIS2_PLACEMENT_3D('',#515,#516,#517);
#515 = CARTESIAN_POINT('',(15.140075839029,6.271224747883,0.));
#516 = DIRECTION('',(-0.382683432365,0.923879532511,0.));
#517 = DIRECTION('',(0.923879532511,0.382683432365,0.));
#518 = DEFINITIONAL_REPRESENTATION('',(#519),#523);
#519 = LINE('',#520,#521);
#520 = CARTESIAN_POINT('',(0.,0.));
#521 = VECTOR('',#522,1.);
#522 = DIRECTION('',(1.,0.));
#523 = ( GEOMETRIC_REPRESENTATION_CONTEXT(2) 
PARAMETRIC_REPRESENTATION_CONTEXT() REPRESENTATION_CONTEXT('2D SPACE',''
  ) );
#524 = ORIENTED_EDGE('',*,*,#525,.F.);
#525 = EDGE_CURVE('',#526,#498,#528,.T.);
#526 = VERTEX_POINT('',#527);
#527 = CARTESIAN_POINT('',(14.791116347283,7.055000598946,0.));
#528 = SURFACE_CURVE('',#529,(#533,#540),.PCURVE_S1.);
#529 = LINE('',#530,#531);
#530 = CARTESIAN_POINT('',(14.791116347283,7.055000598946,0.));
#531 = VECTOR('',#532,1.);
#532 = DIRECTION('',(0.406736643076,-0.913545457643,0.));
#533 = PCURVE('',#45,#534);
#534 = DEFINITIONAL_REPRESENTATION('',(#535),#539);
#535 = LINE('',#536,#537);
#536 = CARTESIAN_POINT('',(14.791116347283,7.055000598946));
#537 = VECTOR('',#538,1.);
#538 = DIRECTION('',(0.406736643076,-0.913545457643));
#539 = ( GEOMETRIC_REPRESENTATION_CONTEXT(2) 
PARAMETRIC_REPRESENTATION_CONTEXT() REPRESENTATION_CONTEXT('2D SPACE',''
  ) );
#540 = PCURVE('',#541,#546);
#541 = PLANE('',#542);
#542 = AXIS2_PLACEMENT_3D('',#543,#544,#545);
#543 = CARTESIAN_POINT('',(14.791116347283,7.055000598946,0.));
#544 = DIRECTION('',(0.913545457643,0.406736643076,0.));
#545 = DIRECTION('',(0.406736643076,-0.913545457643,0.));
#546 = DEFINITIONAL_REPRESENTATION('',(#547),#551);
#547 = LINE('',#548,#549);
#548 = CARTESIAN_POINT('',(0.,0.));
#549 = VECTOR('',#550,1.);
#550 = DIRECTION('',(1.,0.));
#551 = ( GEOMETRIC_REPRESENTATION_CONTEXT(2) 
PARAMETRIC_REPRESENTATION_CONTEXT() REPRESENTATION_CONTEXT('2D SPACE',''
  ) );
#552 = ORIENTED_EDGE('',*,*,#553,.F.);
#553 = EDGE_CURVE('',#554,#526,#556,.T.);
#554 = VERTEX_POINT('',#555);
#555 = CARTESIAN_POINT('',(16.788086288908,8.007506400634,0.));
#556 = SURFACE_CURVE('',#557,(#561,#568),.PCURVE_S1.);
#557 = LINE('',#558,#559);
#558 = CARTESIAN_POINT('',(18.466894917798,8.808257040698,0.));
#559 = VECTOR('',#560,1.);
#560 = DIRECTION('',(-0.90258528435,-0.430511096808,0.));
#561 = PCURVE('',#45,#562);
#562 = DEFINITIONAL_REPRESENTATION('',(#563),#567);
#563 = LINE('',#564,#565);
#564 = CARTESIAN_POINT('',(18.466894917798,8.808257040698));
#565 = VECTOR('',#566,1.);
#566 = DIRECTION('',(-0.90258528435,-0.430511096808));
#567 = ( GEOMETRIC_REPRESENTATION_CONTEXT(2) 
PARAMETRIC_REPRESENTATION_CONTEXT() REPRESENTATION_CONTEXT('2D SPACE',''
  ) );
#568 = PCURVE('',#569,#574);
#569 = PLANE('',#570);
#570 = AXIS2_PLACEMENT_3D('',#571,#572,#573);
#571 = CARTESIAN_POINT('',(18.466894917798,8.808257040698,0.));
#572 = DIRECTION('',(0.430511096808,-0.90258528435,0.));
#573 = DIRECTION('',(-0.90258528435,-0.430511096808,0.));
#574 = DEFINITIONAL_REPRESENTATION('',(#575),#579);
#575 = LINE('',#576,#577);
#576 = CARTESIAN_POINT('',(0.,0.));
#577 = VECTOR('',#578,1.);
#578 = DIRECTION('',(1.,-0.));
#579 = ( GEOMETRIC_REPRESENTATION_CONTEXT(2) 
PARAMETRIC_REPRESENTATION_CONTEXT() REPRESENTATION_CONTEXT('2D SPACE',''
  ) );
#580 = ORIENTED_EDGE('',*,*,#581,.T.);
#581 = EDGE_CURVE('',#554,#582,#584,.T.);
#582 = VERTEX_POINT('',#583);
#583 = CARTESIAN_POINT('',(16.345998295513,8.875152940828,0.));
#584 = SURFACE_CURVE('',#585,(#590,#597),.PCURVE_S1.);
#585 = CIRCLE('',#586,18.6);
#586 = AXIS2_PLACEMENT_3D('',#587,#588,#589);
#587 = CARTESIAN_POINT('',(0.,0.,0.));
#588 = DIRECTION('',(0.,0.,1.));
#589 = DIRECTION('',(1.,0.,0.));
#590 = PCURVE('',#45,#591);
#591 = DEFINITIONAL_REPRESENTATION('',(#592),#596);
#592 = CIRCLE('',#593,18.6);
#593 = AXIS2_PLACEMENT_2D('',#594,#595);
#594 = CARTESIAN_POINT('',(5.881462935653E-16,7.592810154714E-16));
#595 = DIRECTION('',(1.,0.));
#596 = ( GEOMETRIC_REPRESENTATION_CONTEXT(2) 
PARAMETRIC_REPRESENTATION_CONTEXT() REPRESENTATION_CONTEXT('2D SPACE',''
  ) );
#597 = PCURVE('',#598,#603);
#598 = CYLINDRICAL_SURFACE('',#599,18.6);
#599 = AXIS2_PLACEMENT_3D('',#600,#601,#602);
#600 = CARTESIAN_POINT('',(0.,0.,0.));
#601 = DIRECTION('',(-0.,-0.,-1.));
#602 = DIRECTION('',(1.,0.,0.));
#603 = DEFINITIONAL_REPRESENTATION('',(#604),#608);
#604 = LINE('',#605,#606);
#605 = CARTESIAN_POINT('',(-0.,0.));
#606 = VECTOR('',#607,1.);
#607 = DIRECTION('',(-1.,0.));
#608 = ( GEOMETRIC_REPRESENTATION_CONTEXT(2) 
PARAMETRIC_REPRESENTATION_CONTEXT() REPRESENTATION_CONTEXT('2D SPACE',''
  ) );
#609 = ORIENTED_EDGE('',*,*,#610,.F.);
#610 = EDGE_CURVE('',#611,#582,#613,.T.);
#611 = VERTEX_POINT('',#612);
#612 = CARTESIAN_POINT('',(14.401615433748,7.819439183754,0.));
#613 = SURFACE_CURVE('',#614,(#618,#625),.PCURVE_S1.);
#614 = LINE('',#615,#616);
#615 = CARTESIAN_POINT('',(14.401615433748,7.819439183754,0.));
#616 = VECTOR('',#617,1.);
#617 = DIRECTION('',(0.878817112662,0.47715876026,0.));
#618 = PCURVE('',#45,#619);
#619 = DEFINITIONAL_REPRESENTATION('',(#620),#624);
#620 = LINE('',#621,#622);
#621 = CARTESIAN_POINT('',(14.401615433748,7.819439183754));
#622 = VECTOR('',#623,1.);
#623 = DIRECTION('',(0.878817112662,0.47715876026));
#624 = ( GEOMETRIC_REPRESENTATION_CONTEXT(2) 
PARAMETRIC_REPRESENTATION_CONTEXT() REPRESENTATION_CONTEXT('2D SPACE',''
  ) );
#625 = PCURVE('',#626,#631);
#626 = PLANE('',#627);
#627 = AXIS2_PLACEMENT_3D('',#628,#629,#630);
#628 = CARTESIAN_POINT('',(14.401615433748,7.819439183754,0.));
#629 = DIRECTION('',(-0.47715876026,0.878817112662,0.));
#630 = DIRECTION('',(0.878817112662,0.47715876026,0.));
#631 = DEFINITIONAL_REPRESENTATION('',(#632),#636);
#632 = LINE('',#633,#634);
#633 = CARTESIAN_POINT('',(0.,0.));
#634 = VECTOR('',#635,1.);
#635 = DIRECTION('',(1.,0.));
#636 = ( GEOMETRIC_REPRESENTATION_CONTEXT(2) 
PARAMETRIC_REPRESENTATION_CONTEXT() REPRESENTATION_CONTEXT('2D SPACE',''
  ) );
#637 = ORIENTED_EDGE('',*,*,#638,.F.);
#638 = EDGE_CURVE('',#639,#611,#641,.T.);
#639 = VERTEX_POINT('',#640);
#640 = CARTESIAN_POINT('',(13.972640693353,8.562445229283,0.));
#641 = SURFACE_CURVE('',#642,(#646,#653),.PCURVE_S1.);
#642 = LINE('',#643,#644);
#643 = CARTESIAN_POINT('',(13.972640693353,8.562445229283,0.));
#644 = VECTOR('',#645,1.);
#645 = DIRECTION('',(0.5,-0.866025403784,0.));
#646 = PCURVE('',#45,#647);
#647 = DEFINITIONAL_REPRESENTATION('',(#648),#652);
#648 = LINE('',#649,#650);
#649 = CARTESIAN_POINT('',(13.972640693353,8.562445229283));
#650 = VECTOR('',#651,1.);
#651 = DIRECTION('',(0.5,-0.866025403784));
#652 = ( GEOMETRIC_REPRESENTATION_CONTEXT(2) 
PARAMETRIC_REPRESENTATION_CONTEXT() REPRESENTATION_CONTEXT('2D SPACE',''
  ) );
#653 = PCURVE('',#654,#659);
#654 = PLANE('',#655);
#655 = AXIS2_PLACEMENT_3D('',#656,#657,#658);
#656 = CARTESIAN_POINT('',(13.972640693353,8.562445229283,0.));
#657 = DIRECTION('',(0.866025403784,0.5,0.));
#658 = DIRECTION('',(0.5,-0.866025403784,0.));
#659 = DEFINITIONAL_REPRESENTATION('',(#660),#664);
#660 = LINE('',#661,#662);
#661 = CARTESIAN_POINT('',(0.,0.));
#662 = VECTOR('',#663,1.);
#663 = DIRECTION('',(1.,0.));
#664 = ( GEOMETRIC_REPRESENTATION_CONTEXT(2) 
PARAMETRIC_REPRESENTATION_CONTEXT() REPRESENTATION_CONTEXT('2D SPACE',''
  ) );
#665 = ORIENTED_EDGE('',*,*,#666,.F.);
#666 = EDGE_CURVE('',#667,#639,#669,.T.);
#667 = VERTEX_POINT('',#668);
#668 = CARTESIAN_POINT('',(15.859107056986,9.718473303716,0.));
#669 = SURFACE_CURVE('',#670,(#674,#681),.PCURVE_S1.);
#670 = LINE('',#671,#672);
#671 = CARTESIAN_POINT('',(17.445017762685,10.690320634088,0.));
#672 = VECTOR('',#673,1.);
#673 = DIRECTION('',(-0.852640164354,-0.522498564716,0.));
#674 = PCURVE('',#45,#675);
#675 = DEFINITIONAL_REPRESENTATION('',(#676),#680);
#676 = LINE('',#677,#678);
#677 = CARTESIAN_POINT('',(17.445017762685,10.690320634088));
#678 = VECTOR('',#679,1.);
#679 = DIRECTION('',(-0.852640164354,-0.522498564716));
#680 = ( GEOMETRIC_REPRESENTATION_CONTEXT(2) 
PARAMETRIC_REPRESENTATION_CONTEXT() REPRESENTATION_CONTEXT('2D SPACE',''
  ) );
#681 = PCURVE('',#682,#687);
#682 = PLANE('',#683);
#683 = AXIS2_PLACEMENT_3D('',#684,#685,#686);
#684 = CARTESIAN_POINT('',(17.445017762685,10.690320634088,0.));
#685 = DIRECTION('',(0.522498564716,-0.852640164354,0.));
#686 = DIRECTION('',(-0.852640164354,-0.522498564716,0.));
#687 = DEFINITIONAL_REPRESENTATION('',(#688),#692);
#688 = LINE('',#689,#690);
#689 = CARTESIAN_POINT('',(0.,0.));
#690 = VECTOR('',#691,1.);
#691 = DIRECTION('',(1.,-0.));
#692 = ( GEOMETRIC_REPRESENTATION_CONTEXT(2) 
PARAMETRIC_REPRESENTATION_CONTEXT() REPRESENTATION_CONTEXT('2D SPACE',''
  ) );
#693 = ORIENTED_EDGE('',*,*,#694,.T.);
#694 = EDGE_CURVE('',#667,#695,#697,.T.);
#695 = VERTEX_POINT('',#696);
#696 = CARTESIAN_POINT('',(15.328747108369,10.535156006802,0.));
#697 = SURFACE_CURVE('',#698,(#703,#710),.PCURVE_S1.);
#698 = CIRCLE('',#699,18.6);
#699 = AXIS2_PLACEMENT_3D('',#700,#701,#702);
#700 = CARTESIAN_POINT('',(0.,0.,0.));
#701 = DIRECTION('',(0.,0.,1.));
#702 = DIRECTION('',(1.,0.,0.));
#703 = PCURVE('',#45,#704);
#704 = DEFINITIONAL_REPRESENTATION('',(#705),#709);
#705 = CIRCLE('',#706,18.6);
#706 = AXIS2_PLACEMENT_2D('',#707,#708);
#707 = CARTESIAN_POINT('',(5.881462935653E-16,7.592810154714E-16));
#708 = DIRECTION('',(1.,0.));
#709 = ( GEOMETRIC_REPRESENTATION_CONTEXT(2) 
PARAMETRIC_REPRESENTATION_CONTEXT() REPRESENTATION_CONTEXT('2D SPACE',''
  ) );
#710 = PCURVE('',#711,#716);
#711 = CYLINDRICAL_SURFACE('',#712,18.6);
#712 = AXIS2_PLACEMENT_3D('',#713,#714,#715);
#713 = CARTESIAN_POINT('',(0.,0.,0.));
#714 = DIRECTION('',(-0.,-0.,-1.));
#715 = DIRECTION('',(1.,0.,0.));
#716 = DEFINITIONAL_REPRESENTATION('',(#717),#721);
#717 = LINE('',#718,#719);
#718 = CARTESIAN_POINT('',(-0.,0.));
#719 = VECTOR('',#720,1.);
#720 = DIRECTION('',(-1.,0.));
#721 = ( GEOMETRIC_REPRESENTATION_CONTEXT(2) 
PARAMETRIC_REPRESENTATION_CONTEXT() REPRESENTATION_CONTEXT('2D SPACE',''
  ) );
#722 = ORIENTED_EDGE('',*,*,#723,.F.);
#723 = EDGE_CURVE('',#724,#695,#726,.T.);
#724 = VERTEX_POINT('',#725);
#725 = CARTESIAN_POINT('',(13.505367916043,9.281982207606,0.));
#726 = SURFACE_CURVE('',#727,(#731,#738),.PCURVE_S1.);
#727 = LINE('',#728,#729);
#728 = CARTESIAN_POINT('',(13.505367916043,9.281982207606,0.));
#729 = VECTOR('',#730,1.);
#730 = DIRECTION('',(0.824126188622,0.566406236925,0.));
#731 = PCURVE('',#45,#732);
#732 = DEFINITIONAL_REPRESENTATION('',(#733),#737);
#733 = LINE('',#734,#735);
#734 = CARTESIAN_POINT('',(13.505367916043,9.281982207606));
#735 = VECTOR('',#736,1.);
#736 = DIRECTION('',(0.824126188622,0.566406236925));
#737 = ( GEOMETRIC_REPRESENTATION_CONTEXT(2) 
PARAMETRIC_REPRESENTATION_CONTEXT() REPRESENTATION_CONTEXT('2D SPACE',''
  ) );
#738 = PCURVE('',#739,#744);
#739 = PLANE('',#740);
#740 = AXIS2_PLACEMENT_3D('',#741,#742,#743);
#741 = CARTESIAN_POINT('',(13.505367916043,9.281982207606,0.));
#742 = DIRECTION('',(-0.566406236925,0.824126188622,0.));
#743 = DIRECTION('',(0.824126188622,0.566406236925,0.));
#744 = DEFINITIONAL_REPRESENTATION('',(#745),#749);
#745 = LINE('',#746,#747);
#746 = CARTESIAN_POINT('',(0.,0.));
#747 = VECTOR('',#748,1.);
#748 = DIRECTION('',(1.,0.));
#749 = ( GEOMETRIC_REPRESENTATION_CONTEXT(2) 
PARAMETRIC_REPRESENTATION_CONTEXT() REPRESENTATION_CONTEXT('2D SPACE',''
  ) );
#750 = ORIENTED_EDGE('',*,*,#751,.F.);
#751 = EDGE_CURVE('',#752,#724,#754,.T.);
#752 = VERTEX_POINT('',#753);
#753 = CARTESIAN_POINT('',(13.001077864023,9.97607791788,0.));
#754 = SURFACE_CURVE('',#755,(#759,#766),.PCURVE_S1.);
#755 = LINE('',#756,#757);
#756 = CARTESIAN_POINT('',(13.001077864023,9.97607791788,0.));
#757 = VECTOR('',#758,1.);
#758 = DIRECTION('',(0.587785252292,-0.809016994375,0.));
#759 = PCURVE('',#45,#760);
#760 = DEFINITIONAL_REPRESENTATION('',(#761),#765);
#761 = LINE('',#762,#763);
#762 = CARTESIAN_POINT('',(13.001077864023,9.97607791788));
#763 = VECTOR('',#764,1.);
#764 = DIRECTION('',(0.587785252292,-0.809016994375));
#765 = ( GEOMETRIC_REPRESENTATION_CONTEXT(2) 
PARAMETRIC_REPRESENTATION_CONTEXT() REPRESENTATION_CONTEXT('2D SPACE',''
  ) );
#766 = PCURVE('',#767,#772);
#767 = PLANE('',#768);
#768 = AXIS2_PLACEMENT_3D('',#769,#770,#771);
#769 = CARTESIAN_POINT('',(13.001077864023,9.97607791788,0.));
#770 = DIRECTION('',(0.809016994375,0.587785252292,0.));
#771 = DIRECTION('',(0.587785252292,-0.809016994375,0.));
#772 = DEFINITIONAL_REPRESENTATION('',(#773),#777);
#773 = LINE('',#774,#775);
#774 = CARTESIAN_POINT('',(0.,0.));
#775 = VECTOR('',#776,1.);
#776 = DIRECTION('',(1.,0.));
#777 = ( GEOMETRIC_REPRESENTATION_CONTEXT(2) 
PARAMETRIC_REPRESENTATION_CONTEXT() REPRESENTATION_CONTEXT('2D SPACE',''
  ) );
#778 = ORIENTED_EDGE('',*,*,#779,.F.);
#779 = EDGE_CURVE('',#780,#752,#782,.T.);
#780 = VERTEX_POINT('',#781);
#781 = CARTESIAN_POINT('',(14.756372129417,11.322962579563,0.));
#782 = SURFACE_CURVE('',#783,(#787,#794),.PCURVE_S1.);
#783 = LINE('',#784,#785);
#784 = CARTESIAN_POINT('',(16.232009342359,12.455258837518,0.));
#785 = VECTOR('',#786,1.);
#786 = DIRECTION('',(-0.793353340291,-0.608761429009,0.));
#787 = PCURVE('',#45,#788);
#788 = DEFINITIONAL_REPRESENTATION('',(#789),#793);
#789 = LINE('',#790,#791);
#790 = CARTESIAN_POINT('',(16.232009342359,12.455258837518));
#791 = VECTOR('',#792,1.);
#792 = DIRECTION('',(-0.793353340291,-0.608761429009));
#793 = ( GEOMETRIC_REPRESENTATION_CONTEXT(2) 
PARAMETRIC_REPRESENTATION_CONTEXT() REPRESENTATION_CONTEXT('2D SPACE',''
  ) );
#794 = PCURVE('',#795,#800);
#795 = PLANE('',#796);
#796 = AXIS2_PLACEMENT_3D('',#797,#798,#799);
#797 = CARTESIAN_POINT('',(16.232009342359,12.455258837518,0.));
#798 = DIRECTION('',(0.608761429009,-0.793353340291,0.));
#799 = DIRECTION('',(-0.793353340291,-0.608761429009,0.));
#800 = DEFINITIONAL_REPRESENTATION('',(#801),#805);
#801 = LINE('',#802,#803);
#802 = CARTESIAN_POINT('',(0.,0.));
#803 = VECTOR('',#804,1.);
#804 = DIRECTION('',(1.,-0.));
#805 = ( GEOMETRIC_REPRESENTATION_CONTEXT(2) 
PARAMETRIC_REPRESENTATION_CONTEXT() REPRESENTATION_CONTEXT('2D SPACE',''
  ) );
#806 = ORIENTED_EDGE('',*,*,#807,.T.);
#807 = EDGE_CURVE('',#780,#808,#810,.T.);
#808 = VERTEX_POINT('',#809);
#809 = CARTESIAN_POINT('',(14.14355096016,12.079733698942,0.));
#810 = SURFACE_CURVE('',#811,(#816,#823),.PCURVE_S1.);
#811 = CIRCLE('',#812,18.6);
#812 = AXIS2_PLACEMENT_3D('',#813,#814,#815);
#813 = CARTESIAN_POINT('',(0.,0.,0.));
#814 = DIRECTION('',(0.,0.,1.));
#815 = DIRECTION('',(1.,0.,0.));
#816 = PCURVE('',#45,#817);
#817 = DEFINITIONAL_REPRESENTATION('',(#818),#822);
#818 = CIRCLE('',#819,18.6);
#819 = AXIS2_PLACEMENT_2D('',#820,#821);
#820 = CARTESIAN_POINT('',(5.881462935653E-16,7.592810154714E-16));
#821 = DIRECTION('',(1.,0.));
#822 = ( GEOMETRIC_REPRESENTATION_CONTEXT(2) 
PARAMETRIC_REPRESENTATION_CONTEXT() REPRESENTATION_CONTEXT('2D SPACE',''
  ) );
#823 = PCURVE('',#824,#829);
#824 = CYLINDRICAL_SURFACE('',#825,18.6);
#825 = AXIS2_PLACEMENT_3D('',#826,#827,#828);
#826 = CARTESIAN_POINT('',(0.,0.,0.));
#827 = DIRECTION('',(-0.,-0.,-1.));
#828 = DIRECTION('',(1.,0.,0.));
#829 = DEFINITIONAL_REPRESENTATION('',(#830),#834);
#830 = LINE('',#831,#832);
#831 = CARTESIAN_POINT('',(-0.,0.));
#832 = VECTOR('',#833,1.);
#833 = DIRECTION('',(-1.,0.));
#834 = ( GEOMETRIC_REPRESENTATION_CONTEXT(2) 
PARAMETRIC_REPRESENTATION_CONTEXT() REPRESENTATION_CONTEXT('2D SPACE',''
  ) );
#835 = ORIENTED_EDGE('',*,*,#836,.F.);
#836 = EDGE_CURVE('',#837,#808,#839,.T.);
#837 = VERTEX_POINT('',#838);
#838 = CARTESIAN_POINT('',(12.461152761271,10.642829892011,0.));
#839 = SURFACE_CURVE('',#840,(#844,#851),.PCURVE_S1.);
#840 = LINE('',#841,#842);
#841 = CARTESIAN_POINT('',(12.461152761271,10.642829892011,0.));
#842 = VECTOR('',#843,1.);
#843 = DIRECTION('',(0.7604059656,0.64944804833,0.));
#844 = PCURVE('',#45,#845);
#845 = DEFINITIONAL_REPRESENTATION('',(#846),#850);
#846 = LINE('',#847,#848);
#847 = CARTESIAN_POINT('',(12.461152761271,10.642829892011));
#848 = VECTOR('',#849,1.);
#849 = DIRECTION('',(0.7604059656,0.64944804833));
#850 = ( GEOMETRIC_REPRESENTATION_CONTEXT(2) 
PARAMETRIC_REPRESENTATION_CONTEXT() REPRESENTATION_CONTEXT('2D SPACE',''
  ) );
#851 = PCURVE('',#852,#857);
#852 = PLANE('',#853);
#853 = AXIS2_PLACEMENT_3D('',#854,#855,#856);
#854 = CARTESIAN_POINT('',(12.461152761271,10.642829892011,0.));
#855 = DIRECTION('',(-0.64944804833,0.7604059656,0.));
#856 = DIRECTION('',(0.7604059656,0.64944804833,0.));
#857 = DEFINITIONAL_REPRESENTATION('',(#858),#862);
#858 = LINE('',#859,#860);
#859 = CARTESIAN_POINT('',(0.,0.));
#860 = VECTOR('',#861,1.);
#861 = DIRECTION('',(1.,0.));
#862 = ( GEOMETRIC_REPRESENTATION_CONTEXT(2) 
PARAMETRIC_REPRESENTATION_CONTEXT() REPRESENTATION_CONTEXT('2D SPACE',''
  ) );
#863 = ORIENTED_EDGE('',*,*,#864,.F.);
#864 = EDGE_CURVE('',#865,#837,#867,.T.);
#865 = VERTEX_POINT('',#866);
#866 = CARTESIAN_POINT('',(11.887072504964,11.280410609181,0.));
#867 = SURFACE_CURVE('',#868,(#872,#879),.PCURVE_S1.);
#868 = LINE('',#869,#870);
#869 = CARTESIAN_POINT('',(11.887072504964,11.280410609181,0.));
#870 = VECTOR('',#871,1.);
#871 = DIRECTION('',(0.669130606359,-0.743144825477,0.));
#872 = PCURVE('',#45,#873);
#873 = DEFINITIONAL_REPRESENTATION('',(#874),#878);
#874 = LINE('',#875,#876);
#875 = CARTESIAN_POINT('',(11.887072504964,11.280410609181));
#876 = VECTOR('',#877,1.);
#877 = DIRECTION('',(0.669130606359,-0.743144825477));
#878 = ( GEOMETRIC_REPRESENTATION_CONTEXT(2) 
PARAMETRIC_REPRESENTATION_CONTEXT() REPRESENTATION_CONTEXT('2D SPACE',''
  ) );
#879 = PCURVE('',#880,#885);
#880 = PLANE('',#881);
#881 = AXIS2_PLACEMENT_3D('',#882,#883,#884);
#882 = CARTESIAN_POINT('',(11.887072504964,11.280410609181,0.));
#883 = DIRECTION('',(0.743144825477,0.669130606359,0.));
#884 = DIRECTION('',(0.669130606359,-0.743144825477,0.));
#885 = DEFINITIONAL_REPRESENTATION('',(#886),#890);
#886 = LINE('',#887,#888);
#887 = CARTESIAN_POINT('',(0.,0.));
#888 = VECTOR('',#889,1.);
#889 = DIRECTION('',(1.,0.));
#890 = ( GEOMETRIC_REPRESENTATION_CONTEXT(2) 
PARAMETRIC_REPRESENTATION_CONTEXT() REPRESENTATION_CONTEXT('2D SPACE',''
  ) );
#891 = ORIENTED_EDGE('',*,*,#892,.F.);
#892 = EDGE_CURVE('',#893,#865,#895,.T.);
#893 = VERTEX_POINT('',#894);
#894 = CARTESIAN_POINT('',(13.491963300828,12.803395107904,0.));
#895 = SURFACE_CURVE('',#896,(#900,#907),.PCURVE_S1.);
#896 = LINE('',#897,#898);
#897 = CARTESIAN_POINT('',(14.841159630911,14.083734618694,0.));
#898 = VECTOR('',#899,1.);
#899 = DIRECTION('',(-0.725374371012,-0.688354575694,0.));
#900 = PCURVE('',#45,#901);
#901 = DEFINITIONAL_REPRESENTATION('',(#902),#906);
#902 = LINE('',#903,#904);
#903 = CARTESIAN_POINT('',(14.841159630911,14.083734618694));
#904 = VECTOR('',#905,1.);
#905 = DIRECTION('',(-0.725374371012,-0.688354575694));
#906 = ( GEOMETRIC_REPRESENTATION_CONTEXT(2) 
PARAMETRIC_REPRESENTATION_CONTEXT() REPRESENTATION_CONTEXT('2D SPACE',''
  ) );
#907 = PCURVE('',#908,#913);
#908 = PLANE('',#909);
#909 = AXIS2_PLACEMENT_3D('',#910,#911,#912);
#910 = CARTESIAN_POINT('',(14.841159630911,14.083734618694,0.));
#911 = DIRECTION('',(0.688354575694,-0.725374371012,0.));
#912 = DIRECTION('',(-0.725374371012,-0.688354575694,0.));
#913 = DEFINITIONAL_REPRESENTATION('',(#914),#918);
#914 = LINE('',#915,#916);
#915 = CARTESIAN_POINT('',(0.,0.));
#916 = VECTOR('',#917,1.);
#917 = DIRECTION('',(1.,-0.));
#918 = ( GEOMETRIC_REPRESENTATION_CONTEXT(2) 
PARAMETRIC_REPRESENTATION_CONTEXT() REPRESENTATION_CONTEXT('2D SPACE',''
  ) );
#919 = ORIENTED_EDGE('',*,*,#920,.T.);
#920 = EDGE_CURVE('',#893,#921,#923,.T.);
#921 = VERTEX_POINT('',#922);
#922 = CARTESIAN_POINT('',(12.803395107904,13.491963300828,0.));
#923 = SURFACE_CURVE('',#924,(#929,#936),.PCURVE_S1.);
#924 = CIRCLE('',#925,18.6);
#925 = AXIS2_PLACEMENT_3D('',#926,#927,#928);
#926 = CARTESIAN_POINT('',(0.,0.,0.));
#927 = DIRECTION('',(0.,0.,1.));
#928 = DIRECTION('',(1.,0.,0.));
#929 = PCURVE('',#45,#930);
#930 = DEFINITIONAL_REPRESENTATION('',(#931),#935);
#931 = CIRCLE('',#932,18.6);
#932 = AXIS2_PLACEMENT_2D('',#933,#934);
#933 = CARTESIAN_POINT('',(5.881462935653E-16,7.592810154714E-16));
#934 = DIRECTION('',(1.,0.));
#935 = ( GEOMETRIC_REPRESENTATION_CONTEXT(2) 
PARAMETRIC_REPRESENTATION_CONTEXT() REPRESENTATION_CONTEXT('2D SPACE',''
  ) );
#936 = PCURVE('',#937,#942);
#937 = CYLINDRICAL_SURFACE('',#938,18.6);
#938 = AXIS2_PLACEMENT_3D('',#939,#940,#941);
#939 = CARTESIAN_POINT('',(0.,0.,0.));
#940 = DIRECTION('',(-0.,-0.,-1.));
#941 = DIRECTION('',(1.,0.,0.));
#942 = DEFINITIONAL_REPRESENTATION('',(#943),#947);
#943 = LINE('',#944,#945);
#944 = CARTESIAN_POINT('',(-0.,0.));
#945 = VECTOR('',#946,1.);
#946 = DIRECTION('',(-1.,0.));
#947 = ( GEOMETRIC_REPRESENTATION_CONTEXT(2) 
PARAMETRIC_REPRESENTATION_CONTEXT() REPRESENTATION_CONTEXT('2D SPACE',''
  ) );
#948 = ORIENTED_EDGE('',*,*,#949,.F.);
#949 = EDGE_CURVE('',#950,#921,#952,.T.);
#950 = VERTEX_POINT('',#951);
#951 = CARTESIAN_POINT('',(11.280410609181,11.887072504964,0.));
#952 = SURFACE_CURVE('',#953,(#957,#964),.PCURVE_S1.);
#953 = LINE('',#954,#955);
#954 = CARTESIAN_POINT('',(11.280410609181,11.887072504964,0.));
#955 = VECTOR('',#956,1.);
#956 = DIRECTION('',(0.688354575694,0.725374371012,0.));
#957 = PCURVE('',#45,#958);
#958 = DEFINITIONAL_REPRESENTATION('',(#959),#963);
#959 = LINE('',#960,#961);
#960 = CARTESIAN_POINT('',(11.280410609181,11.887072504964));
#961 = VECTOR('',#962,1.);
#962 = DIRECTION('',(0.688354575694,0.725374371012));
#963 = ( GEOMETRIC_REPRESENTATION_CONTEXT(2) 
PARAMETRIC_REPRESENTATION_CONTEXT() REPRESENTATION_CONTEXT('2D SPACE',''
  ) );
#964 = PCURVE('',#965,#970);
#965 = PLANE('',#966);
#966 = AXIS2_PLACEMENT_3D('',#967,#968,#969);
#967 = CARTESIAN_POINT('',(11.280410609181,11.887072504964,0.));
#968 = DIRECTION('',(-0.725374371012,0.688354575694,0.));
#969 = DIRECTION('',(0.688354575694,0.725374371012,0.));
#970 = DEFINITIONAL_REPRESENTATION('',(#971),#975);
#971 = LINE('',#972,#973);
#972 = CARTESIAN_POINT('',(0.,0.));
#973 = VECTOR('',#974,1.);
#974 = DIRECTION('',(1.,0.));
#975 = ( GEOMETRIC_REPRESENTATION_CONTEXT(2) 
PARAMETRIC_REPRESENTATION_CONTEXT() REPRESENTATION_CONTEXT('2D SPACE',''
  ) );
#976 = ORIENTED_EDGE('',*,*,#977,.F.);
#977 = EDGE_CURVE('',#978,#950,#980,.T.);
#978 = VERTEX_POINT('',#979);
#979 = CARTESIAN_POINT('',(10.642829892011,12.461152761271,0.));
#980 = SURFACE_CURVE('',#981,(#985,#992),.PCURVE_S1.);
#981 = LINE('',#982,#983);
#982 = CARTESIAN_POINT('',(10.642829892011,12.461152761271,0.));
#983 = VECTOR('',#984,1.);
#984 = DIRECTION('',(0.743144825477,-0.669130606359,0.));
#985 = PCURVE('',#45,#986);
#986 = DEFINITIONAL_REPRESENTATION('',(#987),#991);
#987 = LINE('',#988,#989);
#988 = CARTESIAN_POINT('',(10.642829892011,12.461152761271));
#989 = VECTOR('',#990,1.);
#990 = DIRECTION('',(0.743144825477,-0.669130606359));
#991 = ( GEOMETRIC_REPRESENTATION_CONTEXT(2) 
PARAMETRIC_REPRESENTATION_CONTEXT() REPRESENTATION_CONTEXT('2D SPACE',''
  ) );
#992 = PCURVE('',#993,#998);
#993 = PLANE('',#994);
#994 = AXIS2_PLACEMENT_3D('',#995,#996,#997);
#995 = CARTESIAN_POINT('',(10.642829892011,12.461152761271,0.));
#996 = DIRECTION('',(0.669130606359,0.743144825477,0.));
#997 = DIRECTION('',(0.743144825477,-0.669130606359,0.));
#998 = DEFINITIONAL_REPRESENTATION('',(#999),#1003);
#999 = LINE('',#1000,#1001);
#1000 = CARTESIAN_POINT('',(0.,0.));
#1001 = VECTOR('',#1002,1.);
#1002 = DIRECTION('',(1.,0.));
#1003 = ( GEOMETRIC_REPRESENTATION_CONTEXT(2) 
PARAMETRIC_REPRESENTATION_CONTEXT() REPRESENTATION_CONTEXT('2D SPACE',''
  ) );
#1004 = ORIENTED_EDGE('',*,*,#1005,.F.);
#1005 = EDGE_CURVE('',#1006,#978,#1008,.T.);
#1006 = VERTEX_POINT('',#1007);
#1007 = CARTESIAN_POINT('',(12.079733698941,14.143550960161,0.));
#1008 = SURFACE_CURVE('',#1009,(#1013,#1020),.PCURVE_S1.);
#1009 = LINE('',#1010,#1011);
#1010 = CARTESIAN_POINT('',(13.287707068836,15.557906056177,0.));
#1011 = VECTOR('',#1012,1.);
#1012 = DIRECTION('',(-0.64944804833,-0.7604059656,0.));
#1013 = PCURVE('',#45,#1014);
#1014 = DEFINITIONAL_REPRESENTATION('',(#1015),#1019);
#1015 = LINE('',#1016,#1017);
#1016 = CARTESIAN_POINT('',(13.287707068836,15.557906056177));
#1017 = VECTOR('',#1018,1.);
#1018 = DIRECTION('',(-0.64944804833,-0.7604059656));
#1019 = ( GEOMETRIC_REPRESENTATION_CONTEXT(2) 
PARAMETRIC_REPRESENTATION_CONTEXT() REPRESENTATION_CONTEXT('2D SPACE',''
  ) );
#1020 = PCURVE('',#1021,#1026);
#1021 = PLANE('',#1022);
#1022 = AXIS2_PLACEMENT_3D('',#1023,#1024,#1025);
#1023 = CARTESIAN_POINT('',(13.287707068836,15.557906056177,0.));
#1024 = DIRECTION('',(0.7604059656,-0.64944804833,0.));
#1025 = DIRECTION('',(-0.64944804833,-0.7604059656,0.));
#1026 = DEFINITIONAL_REPRESENTATION('',(#1027),#1031);
#1027 = LINE('',#1028,#1029);
#1028 = CARTESIAN_POINT('',(0.,0.));
#1029 = VECTOR('',#1030,1.);
#1030 = DIRECTION('',(1.,-0.));
#1031 = ( GEOMETRIC_REPRESENTATION_CONTEXT(2) 
PARAMETRIC_REPRESENTATION_CONTEXT() REPRESENTATION_CONTEXT('2D SPACE',''
  ) );
#1032 = ORIENTED_EDGE('',*,*,#1033,.T.);
#1033 = EDGE_CURVE('',#1006,#1034,#1036,.T.);
#1034 = VERTEX_POINT('',#1035);
#1035 = CARTESIAN_POINT('',(11.322962579562,14.756372129417,0.));
#1036 = SURFACE_CURVE('',#1037,(#1042,#1049),.PCURVE_S1.);
#1037 = CIRCLE('',#1038,18.6);
#1038 = AXIS2_PLACEMENT_3D('',#1039,#1040,#1041);
#1039 = CARTESIAN_POINT('',(0.,0.,0.));
#1040 = DIRECTION('',(0.,0.,1.));
#1041 = DIRECTION('',(1.,0.,0.));
#1042 = PCURVE('',#45,#1043);
#1043 = DEFINITIONAL_REPRESENTATION('',(#1044),#1048);
#1044 = CIRCLE('',#1045,18.6);
#1045 = AXIS2_PLACEMENT_2D('',#1046,#1047);
#1046 = CARTESIAN_POINT('',(5.881462935653E-16,7.592810154714E-16));
#1047 = DIRECTION('',(1.,0.));
#1048 = ( GEOMETRIC_REPRESENTATION_CONTEXT(2) 
PARAMETRIC_REPRESENTATION_CONTEXT() REPRESENTATION_CONTEXT('2D SPACE',''
  ) );
#1049 = PCURVE('',#1050,#1055);
#1050 = CYLINDRICAL_SURFACE('',#1051,18.6);
#1051 = AXIS2_PLACEMENT_3D('',#1052,#1053,#1054);
#1052 = CARTESIAN_POINT('',(0.,0.,0.));
#1053 = DIRECTION('',(-0.,-0.,-1.));
#1054 = DIRECTION('',(1.,0.,0.));
#1055 = DEFINITIONAL_REPRESENTATION('',(#1056),#1060);
#1056 = LINE('',#1057,#1058);
#1057 = CARTESIAN_POINT('',(-0.,0.));
#1058 = VECTOR('',#1059,1.);
#1059 = DIRECTION('',(-1.,0.));
#1060 = ( GEOMETRIC_REPRESENTATION_CONTEXT(2) 
PARAMETRIC_REPRESENTATION_CONTEXT() REPRESENTATION_CONTEXT('2D SPACE',''
  ) );
#1061 = ORIENTED_EDGE('',*,*,#1062,.F.);
#1062 = EDGE_CURVE('',#1063,#1034,#1065,.T.);
#1063 = VERTEX_POINT('',#1064);
#1064 = CARTESIAN_POINT('',(9.97607791788,13.001077864023,0.));
#1065 = SURFACE_CURVE('',#1066,(#1070,#1077),.PCURVE_S1.);
#1066 = LINE('',#1067,#1068);
#1067 = CARTESIAN_POINT('',(9.97607791788,13.001077864023,0.));
#1068 = VECTOR('',#1069,1.);
#1069 = DIRECTION('',(0.608761429009,0.793353340291,0.));
#1070 = PCURVE('',#45,#1071);
#1071 = DEFINITIONAL_REPRESENTATION('',(#1072),#1076);
#1072 = LINE('',#1073,#1074);
#1073 = CARTESIAN_POINT('',(9.97607791788,13.001077864023));
#1074 = VECTOR('',#1075,1.);
#1075 = DIRECTION('',(0.608761429009,0.793353340291));
#1076 = ( GEOMETRIC_REPRESENTATION_CONTEXT(2) 
PARAMETRIC_REPRESENTATION_CONTEXT() REPRESENTATION_CONTEXT('2D SPACE',''
  ) );
#1077 = PCURVE('',#1078,#1083);
#1078 = PLANE('',#1079);
#1079 = AXIS2_PLACEMENT_3D('',#1080,#1081,#1082);
#1080 = CARTESIAN_POINT('',(9.97607791788,13.001077864023,0.));
#1081 = DIRECTION('',(-0.793353340291,0.608761429009,0.));
#1082 = DIRECTION('',(0.608761429009,0.793353340291,0.));
#1083 = DEFINITIONAL_REPRESENTATION('',(#1084),#1088);
#1084 = LINE('',#1085,#1086);
#1085 = CARTESIAN_POINT('',(0.,0.));
#1086 = VECTOR('',#1087,1.);
#1087 = DIRECTION('',(1.,0.));
#1088 = ( GEOMETRIC_REPRESENTATION_CONTEXT(2) 
PARAMETRIC_REPRESENTATION_CONTEXT() REPRESENTATION_CONTEXT('2D SPACE',''
  ) );
#1089 = ORIENTED_EDGE('',*,*,#1090,.F.);
#1090 = EDGE_CURVE('',#1091,#1063,#1093,.T.);
#1091 = VERTEX_POINT('',#1092);
#1092 = CARTESIAN_POINT('',(9.281982207606,13.505367916043,0.));
#1093 = SURFACE_CURVE('',#1094,(#1098,#1105),.PCURVE_S1.);
#1094 = LINE('',#1095,#1096);
#1095 = CARTESIAN_POINT('',(9.281982207606,13.505367916043,0.));
#1096 = VECTOR('',#1097,1.);
#1097 = DIRECTION('',(0.809016994375,-0.587785252292,0.));
#1098 = PCURVE('',#45,#1099);
#1099 = DEFINITIONAL_REPRESENTATION('',(#1100),#1104);
#1100 = LINE('',#1101,#1102);
#1101 = CARTESIAN_POINT('',(9.281982207606,13.505367916043));
#1102 = VECTOR('',#1103,1.);
#1103 = DIRECTION('',(0.809016994375,-0.587785252292));
#1104 = ( GEOMETRIC_REPRESENTATION_CONTEXT(2) 
PARAMETRIC_REPRESENTATION_CONTEXT() REPRESENTATION_CONTEXT('2D SPACE',''
  ) );
#1105 = PCURVE('',#1106,#1111);
#1106 = PLANE('',#1107);
#1107 = AXIS2_PLACEMENT_3D('',#1108,#1109,#1110);
#1108 = CARTESIAN_POINT('',(9.281982207606,13.505367916043,0.));
#1109 = DIRECTION('',(0.587785252292,0.809016994375,0.));
#1110 = DIRECTION('',(0.809016994375,-0.587785252292,0.));
#1111 = DEFINITIONAL_REPRESENTATION('',(#1112),#1116);
#1112 = LINE('',#1113,#1114);
#1113 = CARTESIAN_POINT('',(0.,0.));
#1114 = VECTOR('',#1115,1.);
#1115 = DIRECTION('',(1.,0.));
#1116 = ( GEOMETRIC_REPRESENTATION_CONTEXT(2) 
PARAMETRIC_REPRESENTATION_CONTEXT() REPRESENTATION_CONTEXT('2D SPACE',''
  ) );
#1117 = ORIENTED_EDGE('',*,*,#1118,.F.);
#1118 = EDGE_CURVE('',#1119,#1091,#1121,.T.);
#1119 = VERTEX_POINT('',#1120);
#1120 = CARTESIAN_POINT('',(10.535156006802,15.32874710837,0.));
#1121 = SURFACE_CURVE('',#1122,(#1126,#1133),.PCURVE_S1.);
#1122 = LINE('',#1123,#1124);
#1123 = CARTESIAN_POINT('',(11.588671607482,16.861621819206,0.));
#1124 = VECTOR('',#1125,1.);
#1125 = DIRECTION('',(-0.566406236925,-0.824126188622,0.));
#1126 = PCURVE('',#45,#1127);
#1127 = DEFINITIONAL_REPRESENTATION('',(#1128),#1132);
#1128 = LINE('',#1129,#1130);
#1129 = CARTESIAN_POINT('',(11.588671607482,16.861621819206));
#1130 = VECTOR('',#1131,1.);
#1131 = DIRECTION('',(-0.566406236925,-0.824126188622));
#1132 = ( GEOMETRIC_REPRESENTATION_CONTEXT(2) 
PARAMETRIC_REPRESENTATION_CONTEXT() REPRESENTATION_CONTEXT('2D SPACE',''
  ) );
#1133 = PCURVE('',#1134,#1139);
#1134 = PLANE('',#1135);
#1135 = AXIS2_PLACEMENT_3D('',#1136,#1137,#1138);
#1136 = CARTESIAN_POINT('',(11.588671607482,16.861621819206,0.));
#1137 = DIRECTION('',(0.824126188622,-0.566406236925,0.));
#1138 = DIRECTION('',(-0.566406236925,-0.824126188622,0.));
#1139 = DEFINITIONAL_REPRESENTATION('',(#1140),#1144);
#1140 = LINE('',#1141,#1142);
#1141 = CARTESIAN_POINT('',(0.,0.));
#1142 = VECTOR('',#1143,1.);
#1143 = DIRECTION('',(1.,-0.));
#1144 = ( GEOMETRIC_REPRESENTATION_CONTEXT(2) 
PARAMETRIC_REPRESENTATION_CONTEXT() REPRESENTATION_CONTEXT('2D SPACE',''
  ) );
#1145 = ORIENTED_EDGE('',*,*,#1146,.T.);
#1146 = EDGE_CURVE('',#1119,#1147,#1149,.T.);
#1147 = VERTEX_POINT('',#1148);
#1148 = CARTESIAN_POINT('',(9.718473303717,15.859107056986,0.));
#1149 = SURFACE_CURVE('',#1150,(#1155,#1162),.PCURVE_S1.);
#1150 = CIRCLE('',#1151,18.6);
#1151 = AXIS2_PLACEMENT_3D('',#1152,#1153,#1154);
#1152 = CARTESIAN_POINT('',(0.,0.,0.));
#1153 = DIRECTION('',(0.,0.,1.));
#1154 = DIRECTION('',(1.,0.,0.));
#1155 = PCURVE('',#45,#1156);
#1156 = DEFINITIONAL_REPRESENTATION('',(#1157),#1161);
#1157 = CIRCLE('',#1158,18.6);
#1158 = AXIS2_PLACEMENT_2D('',#1159,#1160);
#1159 = CARTESIAN_POINT('',(5.881462935653E-16,7.592810154714E-16));
#1160 = DIRECTION('',(1.,0.));
#1161 = ( GEOMETRIC_REPRESENTATION_CONTEXT(2) 
PARAMETRIC_REPRESENTATION_CONTEXT() REPRESENTATION_CONTEXT('2D SPACE',''
  ) );
#1162 = PCURVE('',#1163,#1168);
#1163 = CYLINDRICAL_SURFACE('',#1164,18.6);
#1164 = AXIS2_PLACEMENT_3D('',#1165,#1166,#1167);
#1165 = CARTESIAN_POINT('',(0.,0.,0.));
#1166 = DIRECTION('',(-0.,-0.,-1.));
#1167 = DIRECTION('',(1.,0.,0.));
#1168 = DEFINITIONAL_REPRESENTATION('',(#1169),#1173);
#1169 = LINE('',#1170,#1171);
#1170 = CARTESIAN_POINT('',(-0.,0.));
#1171 = VECTOR('',#1172,1.);
#1172 = DIRECTION('',(-1.,0.));
#1173 = ( GEOMETRIC_REPRESENTATION_CONTEXT(2) 
PARAMETRIC_REPRESENTATION_CONTEXT() REPRESENTATION_CONTEXT('2D SPACE',''
  ) );
#1174 = ORIENTED_EDGE('',*,*,#1175,.F.);
#1175 = EDGE_CURVE('',#1176,#1147,#1178,.T.);
#1176 = VERTEX_POINT('',#1177);
#1177 = CARTESIAN_POINT('',(8.562445229283,13.972640693353,0.));
#1178 = SURFACE_CURVE('',#1179,(#1183,#1190),.PCURVE_S1.);
#1179 = LINE('',#1180,#1181);
#1180 = CARTESIAN_POINT('',(8.562445229283,13.972640693353,0.));
#1181 = VECTOR('',#1182,1.);
#1182 = DIRECTION('',(0.522498564716,0.852640164354,0.));
#1183 = PCURVE('',#45,#1184);
#1184 = DEFINITIONAL_REPRESENTATION('',(#1185),#1189);
#1185 = LINE('',#1186,#1187);
#1186 = CARTESIAN_POINT('',(8.562445229283,13.972640693353));
#1187 = VECTOR('',#1188,1.);
#1188 = DIRECTION('',(0.522498564716,0.852640164354));
#1189 = ( GEOMETRIC_REPRESENTATION_CONTEXT(2) 
PARAMETRIC_REPRESENTATION_CONTEXT() REPRESENTATION_CONTEXT('2D SPACE',''
  ) );
#1190 = PCURVE('',#1191,#1196);
#1191 = PLANE('',#1192);
#1192 = AXIS2_PLACEMENT_3D('',#1193,#1194,#1195);
#1193 = CARTESIAN_POINT('',(8.562445229283,13.972640693353,0.));
#1194 = DIRECTION('',(-0.852640164354,0.522498564716,0.));
#1195 = DIRECTION('',(0.522498564716,0.852640164354,0.));
#1196 = DEFINITIONAL_REPRESENTATION('',(#1197),#1201);
#1197 = LINE('',#1198,#1199);
#1198 = CARTESIAN_POINT('',(0.,0.));
#1199 = VECTOR('',#1200,1.);
#1200 = DIRECTION('',(1.,0.));
#1201 = ( GEOMETRIC_REPRESENTATION_CONTEXT(2) 
PARAMETRIC_REPRESENTATION_CONTEXT() REPRESENTATION_CONTEXT('2D SPACE',''
  ) );
#1202 = ORIENTED_EDGE('',*,*,#1203,.F.);
#1203 = EDGE_CURVE('',#1204,#1176,#1206,.T.);
#1204 = VERTEX_POINT('',#1205);
#1205 = CARTESIAN_POINT('',(7.819439183754,14.401615433748,0.));
#1206 = SURFACE_CURVE('',#1207,(#1211,#1218),.PCURVE_S1.);
#1207 = LINE('',#1208,#1209);
#1208 = CARTESIAN_POINT('',(7.819439183754,14.401615433748,0.));
#1209 = VECTOR('',#1210,1.);
#1210 = DIRECTION('',(0.866025403784,-0.5,0.));
#1211 = PCURVE('',#45,#1212);
#1212 = DEFINITIONAL_REPRESENTATION('',(#1213),#1217);
#1213 = LINE('',#1214,#1215);
#1214 = CARTESIAN_POINT('',(7.819439183754,14.401615433748));
#1215 = VECTOR('',#1216,1.);
#1216 = DIRECTION('',(0.866025403784,-0.5));
#1217 = ( GEOMETRIC_REPRESENTATION_CONTEXT(2) 
PARAMETRIC_REPRESENTATION_CONTEXT() REPRESENTATION_CONTEXT('2D SPACE',''
  ) );
#1218 = PCURVE('',#1219,#1224);
#1219 = PLANE('',#1220);
#1220 = AXIS2_PLACEMENT_3D('',#1221,#1222,#1223);
#1221 = CARTESIAN_POINT('',(7.819439183754,14.401615433748,0.));
#1222 = DIRECTION('',(0.5,0.866025403784,0.));
#1223 = DIRECTION('',(0.866025403784,-0.5,0.));
#1224 = DEFINITIONAL_REPRESENTATION('',(#1225),#1229);
#1225 = LINE('',#1226,#1227);
#1226 = CARTESIAN_POINT('',(0.,0.));
#1227 = VECTOR('',#1228,1.);
#1228 = DIRECTION('',(1.,0.));
#1229 = ( GEOMETRIC_REPRESENTATION_CONTEXT(2) 
PARAMETRIC_REPRESENTATION_CONTEXT() REPRESENTATION_CONTEXT('2D SPACE',''
  ) );
#1230 = ORIENTED_EDGE('',*,*,#1231,.F.);
#1231 = EDGE_CURVE('',#1232,#1204,#1234,.T.);
#1232 = VERTEX_POINT('',#1233);
#1233 = CARTESIAN_POINT('',(8.875152940829,16.345998295513,0.));
#1234 = SURFACE_CURVE('',#1235,(#1239,#1246),.PCURVE_S1.);
#1235 = LINE('',#1236,#1237);
#1236 = CARTESIAN_POINT('',(9.762668234912,17.980598125064,0.));
#1237 = VECTOR('',#1238,1.);
#1238 = DIRECTION('',(-0.47715876026,-0.878817112662,0.));
#1239 = PCURVE('',#45,#1240);
#1240 = DEFINITIONAL_REPRESENTATION('',(#1241),#1245);
#1241 = LINE('',#1242,#1243);
#1242 = CARTESIAN_POINT('',(9.762668234912,17.980598125064));
#1243 = VECTOR('',#1244,1.);
#1244 = DIRECTION('',(-0.47715876026,-0.878817112662));
#1245 = ( GEOMETRIC_REPRESENTATION_CONTEXT(2) 
PARAMETRIC_REPRESENTATION_CONTEXT() REPRESENTATION_CONTEXT('2D SPACE',''
  ) );
#1246 = PCURVE('',#1247,#1252);
#1247 = PLANE('',#1248);
#1248 = AXIS2_PLACEMENT_3D('',#1249,#1250,#1251);
#1249 = CARTESIAN_POINT('',(9.762668234912,17.980598125064,0.));
#1250 = DIRECTION('',(0.878817112662,-0.47715876026,0.));
#1251 = DIRECTION('',(-0.47715876026,-0.878817112662,0.));
#1252 = DEFINITIONAL_REPRESENTATION('',(#1253),#1257);
#1253 = LINE('',#1254,#1255);
#1254 = CARTESIAN_POINT('',(0.,0.));
#1255 = VECTOR('',#1256,1.);
#1256 = DIRECTION('',(1.,-0.));
#1257 = ( GEOMETRIC_REPRESENTATION_CONTEXT(2) 
PARAMETRIC_REPRESENTATION_CONTEXT() REPRESENTATION_CONTEXT('2D SPACE',''
  ) );
#1258 = ORIENTED_EDGE('',*,*,#1259,.T.);
#1259 = EDGE_CURVE('',#1232,#1260,#1262,.T.);
#1260 = VERTEX_POINT('',#1261);
#1261 = CARTESIAN_POINT('',(8.007506400634,16.788086288908,0.));
#1262 = SURFACE_CURVE('',#1263,(#1268,#1275),.PCURVE_S1.);
#1263 = CIRCLE('',#1264,18.6);
#1264 = AXIS2_PLACEMENT_3D('',#1265,#1266,#1267);
#1265 = CARTESIAN_POINT('',(0.,0.,0.));
#1266 = DIRECTION('',(0.,0.,1.));
#1267 = DIRECTION('',(1.,0.,0.));
#1268 = PCURVE('',#45,#1269);
#1269 = DEFINITIONAL_REPRESENTATION('',(#1270),#1274);
#1270 = CIRCLE('',#1271,18.6);
#1271 = AXIS2_PLACEMENT_2D('',#1272,#1273);
#1272 = CARTESIAN_POINT('',(5.881462935653E-16,7.592810154714E-16));
#1273 = DIRECTION('',(1.,0.));
#1274 = ( GEOMETRIC_REPRESENTATION_CONTEXT(2) 
PARAMETRIC_REPRESENTATION_CONTEXT() REPRESENTATION_CONTEXT('2D SPACE',''
  ) );
#1275 = PCURVE('',#1276,#1281);
#1276 = CYLINDRICAL_SURFACE('',#1277,18.6);
#1277 = AXIS2_PLACEMENT_3D('',#1278,#1279,#1280);
#1278 = CARTESIAN_POINT('',(0.,0.,0.));
#1279 = DIRECTION('',(-0.,-0.,-1.));
#1280 = DIRECTION('',(1.,0.,0.));
#1281 = DEFINITIONAL_REPRESENTATION('',(#1282),#1286);
#1282 = LINE('',#1283,#1284);
#1283 = CARTESIAN_POINT('',(-0.,0.));
#1284 = VECTOR('',#1285,1.);
#1285 = DIRECTION('',(-1.,0.));
#1286 = ( GEOMETRIC_REPRESENTATION_CONTEXT(2) 
PARAMETRIC_REPRESENTATION_CONTEXT() REPRESENTATION_CONTEXT('2D SPACE',''
  ) );
#1287 = ORIENTED_EDGE('',*,*,#1288,.F.);
#1288 = EDGE_CURVE('',#1289,#1260,#1291,.T.);
#1289 = VERTEX_POINT('',#1290);
#1290 = CARTESIAN_POINT('',(7.055000598946,14.791116347283,0.));
#1291 = SURFACE_CURVE('',#1292,(#1296,#1303),.PCURVE_S1.);
#1292 = LINE('',#1293,#1294);
#1293 = CARTESIAN_POINT('',(7.055000598946,14.791116347283,0.));
#1294 = VECTOR('',#1295,1.);
#1295 = DIRECTION('',(0.430511096808,0.90258528435,0.));
#1296 = PCURVE('',#45,#1297);
#1297 = DEFINITIONAL_REPRESENTATION('',(#1298),#1302);
#1298 = LINE('',#1299,#1300);
#1299 = CARTESIAN_POINT('',(7.055000598946,14.791116347283));
#1300 = VECTOR('',#1301,1.);
#1301 = DIRECTION('',(0.430511096808,0.90258528435));
#1302 = ( GEOMETRIC_REPRESENTATION_CONTEXT(2) 
PARAMETRIC_REPRESENTATION_CONTEXT() REPRESENTATION_CONTEXT('2D SPACE',''
  ) );
#1303 = PCURVE('',#1304,#1309);
#1304 = PLANE('',#1305);
#1305 = AXIS2_PLACEMENT_3D('',#1306,#1307,#1308);
#1306 = CARTESIAN_POINT('',(7.055000598946,14.791116347283,0.));
#1307 = DIRECTION('',(-0.90258528435,0.430511096808,0.));
#1308 = DIRECTION('',(0.430511096808,0.90258528435,0.));
#1309 = DEFINITIONAL_REPRESENTATION('',(#1310),#1314);
#1310 = LINE('',#1311,#1312);
#1311 = CARTESIAN_POINT('',(0.,0.));
#1312 = VECTOR('',#1313,1.);
#1313 = DIRECTION('',(1.,0.));
#1314 = ( GEOMETRIC_REPRESENTATION_CONTEXT(2) 
PARAMETRIC_REPRESENTATION_CONTEXT() REPRESENTATION_CONTEXT('2D SPACE',''
  ) );
#1315 = ORIENTED_EDGE('',*,*,#1316,.F.);
#1316 = EDGE_CURVE('',#1317,#1289,#1319,.T.);
#1317 = VERTEX_POINT('',#1318);
#1318 = CARTESIAN_POINT('',(6.271224747883,15.140075839029,0.));
#1319 = SURFACE_CURVE('',#1320,(#1324,#1331),.PCURVE_S1.);
#1320 = LINE('',#1321,#1322);
#1321 = CARTESIAN_POINT('',(6.271224747883,15.140075839029,0.));
#1322 = VECTOR('',#1323,1.);
#1323 = DIRECTION('',(0.913545457643,-0.406736643076,0.));
#1324 = PCURVE('',#45,#1325);
#1325 = DEFINITIONAL_REPRESENTATION('',(#1326),#1330);
#1326 = LINE('',#1327,#1328);
#1327 = CARTESIAN_POINT('',(6.271224747883,15.140075839029));
#1328 = VECTOR('',#1329,1.);
#1329 = DIRECTION('',(0.913545457643,-0.406736643076));
#1330 = ( GEOMETRIC_REPRESENTATION_CONTEXT(2) 
PARAMETRIC_REPRESENTATION_CONTEXT() REPRESENTATION_CONTEXT('2D SPACE',''
  ) );
#1331 = PCURVE('',#1332,#1337);
#1332 = PLANE('',#1333);
#1333 = AXIS2_PLACEMENT_3D('',#1334,#1335,#1336);
#1334 = CARTESIAN_POINT('',(6.271224747883,15.140075839029,0.));
#1335 = DIRECTION('',(0.406736643076,0.913545457643,0.));
#1336 = DIRECTION('',(0.913545457643,-0.406736643076,0.));
#1337 = DEFINITIONAL_REPRESENTATION('',(#1338),#1342);
#1338 = LINE('',#1339,#1340);
#1339 = CARTESIAN_POINT('',(0.,0.));
#1340 = VECTOR('',#1341,1.);
#1341 = DIRECTION('',(1.,0.));
#1342 = ( GEOMETRIC_REPRESENTATION_CONTEXT(2) 
PARAMETRIC_REPRESENTATION_CONTEXT() REPRESENTATION_CONTEXT('2D SPACE',''
  ) );
#1343 = ORIENTED_EDGE('',*,*,#1344,.F.);
#1344 = EDGE_CURVE('',#1345,#1317,#1347,.T.);
#1345 = VERTEX_POINT('',#1346);
#1346 = CARTESIAN_POINT('',(7.11791184199,17.18415930471,0.));
#1347 = SURFACE_CURVE('',#1348,(#1352,#1359),.PCURVE_S1.);
#1348 = LINE('',#1349,#1350);
#1349 = CARTESIAN_POINT('',(7.82970302619,18.902575235181,0.));
#1350 = VECTOR('',#1351,1.);
#1351 = DIRECTION('',(-0.382683432365,-0.923879532511,0.));
#1352 = PCURVE('',#45,#1353);
#1353 = DEFINITIONAL_REPRESENTATION('',(#1354),#1358);
#1354 = LINE('',#1355,#1356);
#1355 = CARTESIAN_POINT('',(7.82970302619,18.902575235181));
#1356 = VECTOR('',#1357,1.);
#1357 = DIRECTION('',(-0.382683432365,-0.923879532511));
#1358 = ( GEOMETRIC_REPRESENTATION_CONTEXT(2) 
PARAMETRIC_REPRESENTATION_CONTEXT() REPRESENTATION_CONTEXT('2D SPACE',''
  ) );
#1359 = PCURVE('',#1360,#1365);
#1360 = PLANE('',#1361);
#1361 = AXIS2_PLACEMENT_3D('',#1362,#1363,#1364);
#1362 = CARTESIAN_POINT('',(7.82970302619,18.902575235181,0.));
#1363 = DIRECTION('',(0.923879532511,-0.382683432365,0.));
#1364 = DIRECTION('',(-0.382683432365,-0.923879532511,0.));
#1365 = DEFINITIONAL_REPRESENTATION('',(#1366),#1370);
#1366 = LINE('',#1367,#1368);
#1367 = CARTESIAN_POINT('',(0.,0.));
#1368 = VECTOR('',#1369,1.);
#1369 = DIRECTION('',(1.,-0.));
#1370 = ( GEOMETRIC_REPRESENTATION_CONTEXT(2) 
PARAMETRIC_REPRESENTATION_CONTEXT() REPRESENTATION_CONTEXT('2D SPACE',''
  ) );
#1371 = ORIENTED_EDGE('',*,*,#1372,.T.);
#1372 = EDGE_CURVE('',#1345,#1373,#1375,.T.);
#1373 = VERTEX_POINT('',#1374);
#1374 = CARTESIAN_POINT('',(6.208807581749,17.533131734314,0.));
#1375 = SURFACE_CURVE('',#1376,(#1381,#1388),.PCURVE_S1.);
#1376 = CIRCLE('',#1377,18.6);
#1377 = AXIS2_PLACEMENT_3D('',#1378,#1379,#1380);
#1378 = CARTESIAN_POINT('',(0.,0.,0.));
#1379 = DIRECTION('',(0.,0.,1.));
#1380 = DIRECTION('',(1.,0.,0.));
#1381 = PCURVE('',#45,#1382);
#1382 = DEFINITIONAL_REPRESENTATION('',(#1383),#1387);
#1383 = CIRCLE('',#1384,18.6);
#1384 = AXIS2_PLACEMENT_2D('',#1385,#1386);
#1385 = CARTESIAN_POINT('',(5.881462935653E-16,7.592810154714E-16));
#1386 = DIRECTION('',(1.,0.));
#1387 = ( GEOMETRIC_REPRESENTATION_CONTEXT(2) 
PARAMETRIC_REPRESENTATION_CONTEXT() REPRESENTATION_CONTEXT('2D SPACE',''
  ) );
#1388 = PCURVE('',#1389,#1394);
#1389 = CYLINDRICAL_SURFACE('',#1390,18.6);
#1390 = AXIS2_PLACEMENT_3D('',#1391,#1392,#1393);
#1391 = CARTESIAN_POINT('',(0.,0.,0.));
#1392 = DIRECTION('',(-0.,-0.,-1.));
#1393 = DIRECTION('',(1.,0.,0.));
#1394 = DEFINITIONAL_REPRESENTATION('',(#1395),#1399);
#1395 = LINE('',#1396,#1397);
#1396 = CARTESIAN_POINT('',(-0.,0.));
#1397 = VECTOR('',#1398,1.);
#1398 = DIRECTION('',(-1.,0.));
#1399 = ( GEOMETRIC_REPRESENTATION_CONTEXT(2) 
PARAMETRIC_REPRESENTATION_CONTEXT() REPRESENTATION_CONTEXT('2D SPACE',''
  ) );
#1400 = ORIENTED_EDGE('',*,*,#1401,.F.);
#1401 = EDGE_CURVE('',#1402,#1373,#1404,.T.);
#1402 = VERTEX_POINT('',#1403);
#1403 = CARTESIAN_POINT('',(5.470259905693,15.447537435273,0.));
#1404 = SURFACE_CURVE('',#1405,(#1409,#1416),.PCURVE_S1.);
#1405 = LINE('',#1406,#1407);
#1406 = CARTESIAN_POINT('',(5.470259905693,15.447537435273,0.));
#1407 = VECTOR('',#1408,1.);
#1408 = DIRECTION('',(0.333806859234,0.942641491092,0.));
#1409 = PCURVE('',#45,#1410);
#1410 = DEFINITIONAL_REPRESENTATION('',(#1411),#1415);
#1411 = LINE('',#1412,#1413);
#1412 = CARTESIAN_POINT('',(5.470259905693,15.447537435273));
#1413 = VECTOR('',#1414,1.);
#1414 = DIRECTION('',(0.333806859234,0.942641491092));
#1415 = ( GEOMETRIC_REPRESENTATION_CONTEXT(2) 
PARAMETRIC_REPRESENTATION_CONTEXT() REPRESENTATION_CONTEXT('2D SPACE',''
  ) );
#1416 = PCURVE('',#1417,#1422);
#1417 = PLANE('',#1418);
#1418 = AXIS2_PLACEMENT_3D('',#1419,#1420,#1421);
#1419 = CARTESIAN_POINT('',(5.470259905693,15.447537435273,0.));
#1420 = DIRECTION('',(-0.942641491092,0.333806859234,0.));
#1421 = DIRECTION('',(0.333806859234,0.942641491092,0.));
#1422 = DEFINITIONAL_REPRESENTATION('',(#1423),#1427);
#1423 = LINE('',#1424,#1425);
#1424 = CARTESIAN_POINT('',(0.,0.));
#1425 = VECTOR('',#1426,1.);
#1426 = DIRECTION('',(1.,0.));
#1427 = ( GEOMETRIC_REPRESENTATION_CONTEXT(2) 
PARAMETRIC_REPRESENTATION_CONTEXT() REPRESENTATION_CONTEXT('2D SPACE',''
  ) );
#1428 = ORIENTED_EDGE('',*,*,#1429,.F.);
#1429 = EDGE_CURVE('',#1430,#1402,#1432,.T.);
#1430 = VERTEX_POINT('',#1431);
#1431 = CARTESIAN_POINT('',(4.654301461336,15.712658405153,0.));
#1432 = SURFACE_CURVE('',#1433,(#1437,#1444),.PCURVE_S1.);
#1433 = LINE('',#1434,#1435);
#1434 = CARTESIAN_POINT('',(4.654301461336,15.712658405153,0.));
#1435 = VECTOR('',#1436,1.);
#1436 = DIRECTION('',(0.951056516295,-0.309016994375,0.));
#1437 = PCURVE('',#45,#1438);
#1438 = DEFINITIONAL_REPRESENTATION('',(#1439),#1443);
#1439 = LINE('',#1440,#1441);
#1440 = CARTESIAN_POINT('',(4.654301461336,15.712658405153));
#1441 = VECTOR('',#1442,1.);
#1442 = DIRECTION('',(0.951056516295,-0.309016994375));
#1443 = ( GEOMETRIC_REPRESENTATION_CONTEXT(2) 
PARAMETRIC_REPRESENTATION_CONTEXT() REPRESENTATION_CONTEXT('2D SPACE',''
  ) );
#1444 = PCURVE('',#1445,#1450);
#1445 = PLANE('',#1446);
#1446 = AXIS2_PLACEMENT_3D('',#1447,#1448,#1449);
#1447 = CARTESIAN_POINT('',(4.654301461336,15.712658405153,0.));
#1448 = DIRECTION('',(0.309016994375,0.951056516295,0.));
#1449 = DIRECTION('',(0.951056516295,-0.309016994375,0.));
#1450 = DEFINITIONAL_REPRESENTATION('',(#1451),#1455);
#1451 = LINE('',#1452,#1453);
#1452 = CARTESIAN_POINT('',(0.,0.));
#1453 = VECTOR('',#1454,1.);
#1454 = DIRECTION('',(1.,0.));
#1455 = ( GEOMETRIC_REPRESENTATION_CONTEXT(2) 
PARAMETRIC_REPRESENTATION_CONTEXT() REPRESENTATION_CONTEXT('2D SPACE',''
  ) );
#1456 = ORIENTED_EDGE('',*,*,#1457,.F.);
#1457 = EDGE_CURVE('',#1458,#1430,#1460,.T.);
#1458 = VERTEX_POINT('',#1459);
#1459 = CARTESIAN_POINT('',(5.282685411493,17.834047068548,0.));
#1460 = SURFACE_CURVE('',#1461,(#1465,#1472),.PCURVE_S1.);
#1461 = LINE('',#1462,#1463);
#1462 = CARTESIAN_POINT('',(5.810953952642,19.617451775403,0.));
#1463 = VECTOR('',#1464,1.);
#1464 = DIRECTION('',(-0.284015344704,-0.958819734868,0.));
#1465 = PCURVE('',#45,#1466);
#1466 = DEFINITIONAL_REPRESENTATION('',(#1467),#1471);
#1467 = LINE('',#1468,#1469);
#1468 = CARTESIAN_POINT('',(5.810953952642,19.617451775403));
#1469 = VECTOR('',#1470,1.);
#1470 = DIRECTION('',(-0.284015344704,-0.958819734868));
#1471 = ( GEOMETRIC_REPRESENTATION_CONTEXT(2) 
PARAMETRIC_REPRESENTATION_CONTEXT() REPRESENTATION_CONTEXT('2D SPACE',''
  ) );
#1472 = PCURVE('',#1473,#1478);
#1473 = PLANE('',#1474);
#1474 = AXIS2_PLACEMENT_3D('',#1475,#1476,#1477);
#1475 = CARTESIAN_POINT('',(5.810953952642,19.617451775403,0.));
#1476 = DIRECTION('',(0.958819734868,-0.284015344704,0.));
#1477 = DIRECTION('',(-0.284015344704,-0.958819734868,0.));
#1478 = DEFINITIONAL_REPRESENTATION('',(#1479),#1483);
#1479 = LINE('',#1480,#1481);
#1480 = CARTESIAN_POINT('',(0.,0.));
#1481 = VECTOR('',#1482,1.);
#1482 = DIRECTION('',(1.,-0.));
#1483 = ( GEOMETRIC_REPRESENTATION_CONTEXT(2) 
PARAMETRIC_REPRESENTATION_CONTEXT() REPRESENTATION_CONTEXT('2D SPACE',''
  ) );
#1484 = ORIENTED_EDGE('',*,*,#1485,.T.);
#1485 = EDGE_CURVE('',#1458,#1486,#1488,.T.);
#1486 = VERTEX_POINT('',#1487);
#1487 = CARTESIAN_POINT('',(4.34208376772,18.086080519397,0.));
#1488 = SURFACE_CURVE('',#1489,(#1494,#1501),.PCURVE_S1.);
#1489 = CIRCLE('',#1490,18.6);
#1490 = AXIS2_PLACEMENT_3D('',#1491,#1492,#1493);
#1491 = CARTESIAN_POINT('',(0.,0.,0.));
#1492 = DIRECTION('',(0.,0.,1.));
#1493 = DIRECTION('',(1.,0.,0.));
#1494 = PCURVE('',#45,#1495);
#1495 = DEFINITIONAL_REPRESENTATION('',(#1496),#1500);
#1496 = CIRCLE('',#1497,18.6);
#1497 = AXIS2_PLACEMENT_2D('',#1498,#1499);
#1498 = CARTESIAN_POINT('',(5.881462935653E-16,7.592810154714E-16));
#1499 = DIRECTION('',(1.,0.));
#1500 = ( GEOMETRIC_REPRESENTATION_CONTEXT(2) 
PARAMETRIC_REPRESENTATION_CONTEXT() REPRESENTATION_CONTEXT('2D SPACE',''
  ) );
#1501 = PCURVE('',#1502,#1507);
#1502 = CYLINDRICAL_SURFACE('',#1503,18.6);
#1503 = AXIS2_PLACEMENT_3D('',#1504,#1505,#1506);
#1504 = CARTESIAN_POINT('',(0.,0.,0.));
#1505 = DIRECTION('',(-0.,-0.,-1.));
#1506 = DIRECTION('',(1.,0.,0.));
#1507 = DEFINITIONAL_REPRESENTATION('',(#1508),#1512);
#1508 = LINE('',#1509,#1510);
#1509 = CARTESIAN_POINT('',(-0.,0.));
#1510 = VECTOR('',#1511,1.);
#1511 = DIRECTION('',(-1.,0.));
#1512 = ( GEOMETRIC_REPRESENTATION_CONTEXT(2) 
PARAMETRIC_REPRESENTATION_CONTEXT() REPRESENTATION_CONTEXT('2D SPACE',''
  ) );
#1513 = ORIENTED_EDGE('',*,*,#1514,.F.);
#1514 = EDGE_CURVE('',#1515,#1486,#1517,.T.);
#1515 = VERTEX_POINT('',#1516);
#1516 = CARTESIAN_POINT('',(3.825585900189,15.934712070517,0.));
#1517 = SURFACE_CURVE('',#1518,(#1522,#1529),.PCURVE_S1.);
#1518 = LINE('',#1519,#1520);
#1519 = CARTESIAN_POINT('',(3.825585900189,15.934712070517,0.));
#1520 = VECTOR('',#1521,1.);
#1521 = DIRECTION('',(0.233445363856,0.972369920398,0.));
#1522 = PCURVE('',#45,#1523);
#1523 = DEFINITIONAL_REPRESENTATION('',(#1524),#1528);
#1524 = LINE('',#1525,#1526);
#1525 = CARTESIAN_POINT('',(3.825585900189,15.934712070517));
#1526 = VECTOR('',#1527,1.);
#1527 = DIRECTION('',(0.233445363856,0.972369920398));
#1528 = ( GEOMETRIC_REPRESENTATION_CONTEXT(2) 
PARAMETRIC_REPRESENTATION_CONTEXT() REPRESENTATION_CONTEXT('2D SPACE',''
  ) );
#1529 = PCURVE('',#1530,#1535);
#1530 = PLANE('',#1531);
#1531 = AXIS2_PLACEMENT_3D('',#1532,#1533,#1534);
#1532 = CARTESIAN_POINT('',(3.825585900189,15.934712070517,0.));
#1533 = DIRECTION('',(-0.972369920398,0.233445363856,0.));
#1534 = DIRECTION('',(0.233445363856,0.972369920398,0.));
#1535 = DEFINITIONAL_REPRESENTATION('',(#1536),#1540);
#1536 = LINE('',#1537,#1538);
#1537 = CARTESIAN_POINT('',(0.,0.));
#1538 = VECTOR('',#1539,1.);
#1539 = DIRECTION('',(1.,0.));
#1540 = ( GEOMETRIC_REPRESENTATION_CONTEXT(2) 
PARAMETRIC_REPRESENTATION_CONTEXT() REPRESENTATION_CONTEXT('2D SPACE',''
  ) );
#1541 = ORIENTED_EDGE('',*,*,#1542,.F.);
#1542 = EDGE_CURVE('',#1543,#1515,#1545,.T.);
#1543 = VERTEX_POINT('',#1544);
#1544 = CARTESIAN_POINT('',(2.986384674003,16.113089797704,0.));
#1545 = SURFACE_CURVE('',#1546,(#1550,#1557),.PCURVE_S1.);
#1546 = LINE('',#1547,#1548);
#1547 = CARTESIAN_POINT('',(2.986384674003,16.113089797704,0.));
#1548 = VECTOR('',#1549,1.);
#1549 = DIRECTION('',(0.978147600734,-0.207911690818,0.));
#1550 = PCURVE('',#45,#1551);
#1551 = DEFINITIONAL_REPRESENTATION('',(#1552),#1556);
#1552 = LINE('',#1553,#1554);
#1553 = CARTESIAN_POINT('',(2.986384674003,16.113089797704));
#1554 = VECTOR('',#1555,1.);
#1555 = DIRECTION('',(0.978147600734,-0.207911690818));
#1556 = ( GEOMETRIC_REPRESENTATION_CONTEXT(2) 
PARAMETRIC_REPRESENTATION_CONTEXT() REPRESENTATION_CONTEXT('2D SPACE',''
  ) );
#1557 = PCURVE('',#1558,#1563);
#1558 = PLANE('',#1559);
#1559 = AXIS2_PLACEMENT_3D('',#1560,#1561,#1562);
#1560 = CARTESIAN_POINT('',(2.986384674003,16.113089797704,0.));
#1561 = DIRECTION('',(0.207911690818,0.978147600734,0.));
#1562 = DIRECTION('',(0.978147600734,-0.207911690818,0.));
#1563 = DEFINITIONAL_REPRESENTATION('',(#1564),#1568);
#1564 = LINE('',#1565,#1566);
#1565 = CARTESIAN_POINT('',(0.,0.));
#1566 = VECTOR('',#1567,1.);
#1567 = DIRECTION('',(1.,0.));
#1568 = ( GEOMETRIC_REPRESENTATION_CONTEXT(2) 
PARAMETRIC_REPRESENTATION_CONTEXT() REPRESENTATION_CONTEXT('2D SPACE',''
  ) );
#1569 = ORIENTED_EDGE('',*,*,#1570,.F.);
#1570 = EDGE_CURVE('',#1571,#1543,#1573,.T.);
#1571 = VERTEX_POINT('',#1572);
#1572 = CARTESIAN_POINT('',(3.389580774154,18.28854128069,0.));
#1573 = SURFACE_CURVE('',#1574,(#1578,#1585),.PCURVE_S1.);
#1574 = LINE('',#1575,#1576);
#1575 = CARTESIAN_POINT('',(3.728538851569,20.117395408759,0.));
#1576 = VECTOR('',#1577,1.);
#1577 = DIRECTION('',(-0.182235525492,-0.983254907564,0.));
#1578 = PCURVE('',#45,#1579);
#1579 = DEFINITIONAL_REPRESENTATION('',(#1580),#1584);
#1580 = LINE('',#1581,#1582);
#1581 = CARTESIAN_POINT('',(3.728538851569,20.117395408759));
#1582 = VECTOR('',#1583,1.);
#1583 = DIRECTION('',(-0.182235525492,-0.983254907564));
#1584 = ( GEOMETRIC_REPRESENTATION_CONTEXT(2) 
PARAMETRIC_REPRESENTATION_CONTEXT() REPRESENTATION_CONTEXT('2D SPACE',''
  ) );
#1585 = PCURVE('',#1586,#1591);
#1586 = PLANE('',#1587);
#1587 = AXIS2_PLACEMENT_3D('',#1588,#1589,#1590);
#1588 = CARTESIAN_POINT('',(3.728538851569,20.117395408759,0.));
#1589 = DIRECTION('',(0.983254907564,-0.182235525492,0.));
#1590 = DIRECTION('',(-0.182235525492,-0.983254907564,0.));
#1591 = DEFINITIONAL_REPRESENTATION('',(#1592),#1596);
#1592 = LINE('',#1593,#1594);
#1593 = CARTESIAN_POINT('',(0.,0.));
#1594 = VECTOR('',#1595,1.);
#1595 = DIRECTION('',(1.,-0.));
#1596 = ( GEOMETRIC_REPRESENTATION_CONTEXT(2) 
PARAMETRIC_REPRESENTATION_CONTEXT() REPRESENTATION_CONTEXT('2D SPACE',''
  ) );
#1597 = ORIENTED_EDGE('',*,*,#1598,.T.);
#1598 = EDGE_CURVE('',#1571,#1599,#1601,.T.);
#1599 = VERTEX_POINT('',#1600);
#1600 = CARTESIAN_POINT('',(2.427787175293,18.440874421553,0.));
#1601 = SURFACE_CURVE('',#1602,(#1607,#1614),.PCURVE_S1.);
#1602 = CIRCLE('',#1603,18.6);
#1603 = AXIS2_PLACEMENT_3D('',#1604,#1605,#1606);
#1604 = CARTESIAN_POINT('',(0.,0.,0.));
#1605 = DIRECTION('',(0.,0.,1.));
#1606 = DIRECTION('',(1.,0.,0.));
#1607 = PCURVE('',#45,#1608);
#1608 = DEFINITIONAL_REPRESENTATION('',(#1609),#1613);
#1609 = CIRCLE('',#1610,18.6);
#1610 = AXIS2_PLACEMENT_2D('',#1611,#1612);
#1611 = CARTESIAN_POINT('',(5.881462935653E-16,7.592810154714E-16));
#1612 = DIRECTION('',(1.,0.));
#1613 = ( GEOMETRIC_REPRESENTATION_CONTEXT(2) 
PARAMETRIC_REPRESENTATION_CONTEXT() REPRESENTATION_CONTEXT('2D SPACE',''
  ) );
#1614 = PCURVE('',#1615,#1620);
#1615 = CYLINDRICAL_SURFACE('',#1616,18.6);
#1616 = AXIS2_PLACEMENT_3D('',#1617,#1618,#1619);
#1617 = CARTESIAN_POINT('',(0.,0.,0.));
#1618 = DIRECTION('',(-0.,-0.,-1.));
#1619 = DIRECTION('',(1.,0.,0.));
#1620 = DEFINITIONAL_REPRESENTATION('',(#1621),#1625);
#1621 = LINE('',#1622,#1623);
#1622 = CARTESIAN_POINT('',(-0.,0.));
#1623 = VECTOR('',#1624,1.);
#1624 = DIRECTION('',(-1.,0.));
#1625 = ( GEOMETRIC_REPRESENTATION_CONTEXT(2) 
PARAMETRIC_REPRESENTATION_CONTEXT() REPRESENTATION_CONTEXT('2D SPACE',''
  ) );
#1626 = ORIENTED_EDGE('',*,*,#1627,.F.);
#1627 = EDGE_CURVE('',#1628,#1599,#1630,.T.);
#1628 = VERTEX_POINT('',#1629);
#1629 = CARTESIAN_POINT('',(2.138997975006,16.247302665763,0.));
#1630 = SURFACE_CURVE('',#1631,(#1635,#1642),.PCURVE_S1.);
#1631 = LINE('',#1632,#1633);
#1632 = CARTESIAN_POINT('',(2.138997975006,16.247302665763,0.));
#1633 = VECTOR('',#1634,1.);
#1634 = DIRECTION('',(0.13052619222,0.991444861374,0.));
#1635 = PCURVE('',#45,#1636);
#1636 = DEFINITIONAL_REPRESENTATION('',(#1637),#1641);
#1637 = LINE('',#1638,#1639);
#1638 = CARTESIAN_POINT('',(2.138997975006,16.247302665763));
#1639 = VECTOR('',#1640,1.);
#1640 = DIRECTION('',(0.13052619222,0.991444861374));
#1641 = ( GEOMETRIC_REPRESENTATION_CONTEXT(2) 
PARAMETRIC_REPRESENTATION_CONTEXT() REPRESENTATION_CONTEXT('2D SPACE',''
  ) );
#1642 = PCURVE('',#1643,#1648);
#1643 = PLANE('',#1644);
#1644 = AXIS2_PLACEMENT_3D('',#1645,#1646,#1647);
#1645 = CARTESIAN_POINT('',(2.138997975006,16.247302665763,0.));
#1646 = DIRECTION('',(-0.991444861374,0.13052619222,0.));
#1647 = DIRECTION('',(0.13052619222,0.991444861374,0.));
#1648 = DEFINITIONAL_REPRESENTATION('',(#1649),#1653);
#1649 = LINE('',#1650,#1651);
#1650 = CARTESIAN_POINT('',(0.,0.));
#1651 = VECTOR('',#1652,1.);
#1652 = DIRECTION('',(1.,0.));
#1653 = ( GEOMETRIC_REPRESENTATION_CONTEXT(2) 
PARAMETRIC_REPRESENTATION_CONTEXT() REPRESENTATION_CONTEXT('2D SPACE',''
  ) );
#1654 = ORIENTED_EDGE('',*,*,#1655,.F.);
#1655 = EDGE_CURVE('',#1656,#1628,#1658,.T.);
#1656 = VERTEX_POINT('',#1657);
#1657 = CARTESIAN_POINT('',(1.28574843124,16.336982806552,0.));
#1658 = SURFACE_CURVE('',#1659,(#1663,#1670),.PCURVE_S1.);
#1659 = LINE('',#1660,#1661);
#1660 = CARTESIAN_POINT('',(1.28574843124,16.336982806552,0.));
#1661 = VECTOR('',#1662,1.);
#1662 = DIRECTION('',(0.994521895368,-0.104528463268,0.));
#1663 = PCURVE('',#45,#1664);
#1664 = DEFINITIONAL_REPRESENTATION('',(#1665),#1669);
#1665 = LINE('',#1666,#1667);
#1666 = CARTESIAN_POINT('',(1.28574843124,16.336982806552));
#1667 = VECTOR('',#1668,1.);
#1668 = DIRECTION('',(0.994521895368,-0.104528463268));
#1669 = ( GEOMETRIC_REPRESENTATION_CONTEXT(2) 
PARAMETRIC_REPRESENTATION_CONTEXT() REPRESENTATION_CONTEXT('2D SPACE',''
  ) );
#1670 = PCURVE('',#1671,#1676);
#1671 = PLANE('',#1672);
#1672 = AXIS2_PLACEMENT_3D('',#1673,#1674,#1675);
#1673 = CARTESIAN_POINT('',(1.28574843124,16.336982806552,0.));
#1674 = DIRECTION('',(0.104528463268,0.994521895368,0.));
#1675 = DIRECTION('',(0.994521895368,-0.104528463268,0.));
#1676 = DEFINITIONAL_REPRESENTATION('',(#1677),#1681);
#1677 = LINE('',#1678,#1679);
#1678 = CARTESIAN_POINT('',(0.,0.));
#1679 = VECTOR('',#1680,1.);
#1680 = DIRECTION('',(1.,0.));
#1681 = ( GEOMETRIC_REPRESENTATION_CONTEXT(2) 
PARAMETRIC_REPRESENTATION_CONTEXT() REPRESENTATION_CONTEXT('2D SPACE',''
  ) );
#1682 = ORIENTED_EDGE('',*,*,#1683,.F.);
#1683 = EDGE_CURVE('',#1684,#1656,#1686,.T.);
#1684 = VERTEX_POINT('',#1685);
#1685 = CARTESIAN_POINT('',(1.459339180538,18.542662407436,0.));
#1686 = SURFACE_CURVE('',#1687,(#1691,#1698),.PCURVE_S1.);
#1687 = LINE('',#1688,#1689);
#1688 = CARTESIAN_POINT('',(1.605273098592,20.39692864818,0.));
#1689 = VECTOR('',#1690,1.);
#1690 = DIRECTION('',(-7.845909572784E-02,-0.996917333733,0.));
#1691 = PCURVE('',#45,#1692);
#1692 = DEFINITIONAL_REPRESENTATION('',(#1693),#1697);
#1693 = LINE('',#1694,#1695);
#1694 = CARTESIAN_POINT('',(1.605273098592,20.39692864818));
#1695 = VECTOR('',#1696,1.);
#1696 = DIRECTION('',(-7.845909572784E-02,-0.996917333733));
#1697 = ( GEOMETRIC_REPRESENTATION_CONTEXT(2) 
PARAMETRIC_REPRESENTATION_CONTEXT() REPRESENTATION_CONTEXT('2D SPACE',''
  ) );
#1698 = PCURVE('',#1699,#1704);
#1699 = PLANE('',#1700);
#1700 = AXIS2_PLACEMENT_3D('',#1701,#1702,#1703);
#1701 = CARTESIAN_POINT('',(1.605273098592,20.39692864818,0.));
#1702 = DIRECTION('',(0.996917333733,-7.845909572784E-02,0.));
#1703 = DIRECTION('',(-7.845909572784E-02,-0.996917333733,0.));
#1704 = DEFINITIONAL_REPRESENTATION('',(#1705),#1709);
#1705 = LINE('',#1706,#1707);
#1706 = CARTESIAN_POINT('',(0.,0.));
#1707 = VECTOR('',#1708,1.);
#1708 = DIRECTION('',(1.,-0.));
#1709 = ( GEOMETRIC_REPRESENTATION_CONTEXT(2) 
PARAMETRIC_REPRESENTATION_CONTEXT() REPRESENTATION_CONTEXT('2D SPACE',''
  ) );
#1710 = ORIENTED_EDGE('',*,*,#1711,.T.);
#1711 = EDGE_CURVE('',#1684,#1712,#1714,.T.);
#1712 = VERTEX_POINT('',#1713);
#1713 = CARTESIAN_POINT('',(0.486891238527,18.593626244545,0.));
#1714 = SURFACE_CURVE('',#1715,(#1720,#1727),.PCURVE_S1.);
#1715 = CIRCLE('',#1716,18.6);
#1716 = AXIS2_PLACEMENT_3D('',#1717,#1718,#1719);
#1717 = CARTESIAN_POINT('',(0.,0.,0.));
#1718 = DIRECTION('',(0.,0.,1.));
#1719 = DIRECTION('',(1.,0.,0.));
#1720 = PCURVE('',#45,#1721);
#1721 = DEFINITIONAL_REPRESENTATION('',(#1722),#1726);
#1722 = CIRCLE('',#1723,18.6);
#1723 = AXIS2_PLACEMENT_2D('',#1724,#1725);
#1724 = CARTESIAN_POINT('',(5.881462935653E-16,7.592810154714E-16));
#1725 = DIRECTION('',(1.,0.));
#1726 = ( GEOMETRIC_REPRESENTATION_CONTEXT(2) 
PARAMETRIC_REPRESENTATION_CONTEXT() REPRESENTATION_CONTEXT('2D SPACE',''
  ) );
#1727 = PCURVE('',#1728,#1733);
#1728 = CYLINDRICAL_SURFACE('',#1729,18.6);
#1729 = AXIS2_PLACEMENT_3D('',#1730,#1731,#1732);
#1730 = CARTESIAN_POINT('',(0.,0.,0.));
#1731 = DIRECTION('',(-0.,-0.,-1.));
#1732 = DIRECTION('',(1.,0.,0.));
#1733 = DEFINITIONAL_REPRESENTATION('',(#1734),#1738);
#1734 = LINE('',#1735,#1736);
#1735 = CARTESIAN_POINT('',(-0.,0.));
#1736 = VECTOR('',#1737,1.);
#1737 = DIRECTION('',(-1.,0.));
#1738 = ( GEOMETRIC_REPRESENTATION_CONTEXT(2) 
PARAMETRIC_REPRESENTATION_CONTEXT() REPRESENTATION_CONTEXT('2D SPACE',''
  ) );
#1739 = ORIENTED_EDGE('',*,*,#1740,.F.);
#1740 = EDGE_CURVE('',#1741,#1712,#1743,.T.);
#1741 = VERTEX_POINT('',#1742);
#1742 = CARTESIAN_POINT('',(0.428974740395,16.381884413037,0.));
#1743 = SURFACE_CURVE('',#1744,(#1748,#1755),.PCURVE_S1.);
#1744 = LINE('',#1745,#1746);
#1745 = CARTESIAN_POINT('',(0.428974740395,16.381884413037,0.));
#1746 = VECTOR('',#1747,1.);
#1747 = DIRECTION('',(2.617694830787E-02,0.999657324976,0.));
#1748 = PCURVE('',#45,#1749);
#1749 = DEFINITIONAL_REPRESENTATION('',(#1750),#1754);
#1750 = LINE('',#1751,#1752);
#1751 = CARTESIAN_POINT('',(0.428974740395,16.381884413037));
#1752 = VECTOR('',#1753,1.);
#1753 = DIRECTION('',(2.617694830787E-02,0.999657324976));
#1754 = ( GEOMETRIC_REPRESENTATION_CONTEXT(2) 
PARAMETRIC_REPRESENTATION_CONTEXT() REPRESENTATION_CONTEXT('2D SPACE',''
  ) );
#1755 = PCURVE('',#1756,#1761);
#1756 = PLANE('',#1757);
#1757 = AXIS2_PLACEMENT_3D('',#1758,#1759,#1760);
#1758 = CARTESIAN_POINT('',(0.428974740395,16.381884413037,0.));
#1759 = DIRECTION('',(-0.999657324976,2.617694830787E-02,0.));
#1760 = DIRECTION('',(2.617694830787E-02,0.999657324976,0.));
#1761 = DEFINITIONAL_REPRESENTATION('',(#1762),#1766);
#1762 = LINE('',#1763,#1764);
#1763 = CARTESIAN_POINT('',(0.,0.));
#1764 = VECTOR('',#1765,1.);
#1765 = DIRECTION('',(1.,0.));
#1766 = ( GEOMETRIC_REPRESENTATION_CONTEXT(2) 
PARAMETRIC_REPRESENTATION_CONTEXT() REPRESENTATION_CONTEXT('2D SPACE',''
  ) );
#1767 = ORIENTED_EDGE('',*,*,#1768,.F.);
#1768 = EDGE_CURVE('',#1769,#1741,#1771,.T.);
#1769 = VERTEX_POINT('',#1770);
#1770 = CARTESIAN_POINT('',(-0.428974740395,16.381884413037,0.));
#1771 = SURFACE_CURVE('',#1772,(#1776,#1783),.PCURVE_S1.);
#1772 = LINE('',#1773,#1774);
#1773 = CARTESIAN_POINT('',(-0.428974740395,16.381884413037,0.));
#1774 = VECTOR('',#1775,1.);
#1775 = DIRECTION('',(1.,-1.110223024625E-16,0.));
#1776 = PCURVE('',#45,#1777);
#1777 = DEFINITIONAL_REPRESENTATION('',(#1778),#1782);
#1778 = LINE('',#1779,#1780);
#1779 = CARTESIAN_POINT('',(-0.428974740395,16.381884413037));
#1780 = VECTOR('',#1781,1.);
#1781 = DIRECTION('',(1.,-1.110223024625E-16));
#1782 = ( GEOMETRIC_REPRESENTATION_CONTEXT(2) 
PARAMETRIC_REPRESENTATION_CONTEXT() REPRESENTATION_CONTEXT('2D SPACE',''
  ) );
#1783 = PCURVE('',#1784,#1789);
#1784 = PLANE('',#1785);
#1785 = AXIS2_PLACEMENT_3D('',#1786,#1787,#1788);
#1786 = CARTESIAN_POINT('',(-0.428974740395,16.381884413037,0.));
#1787 = DIRECTION('',(1.110223024625E-16,1.,0.));
#1788 = DIRECTION('',(1.,-1.110223024625E-16,0.));
#1789 = DEFINITIONAL_REPRESENTATION('',(#1790),#1794);
#1790 = LINE('',#1791,#1792);
#1791 = CARTESIAN_POINT('',(0.,0.));
#1792 = VECTOR('',#1793,1.);
#1793 = DIRECTION('',(1.,0.));
#1794 = ( GEOMETRIC_REPRESENTATION_CONTEXT(2) 
PARAMETRIC_REPRESENTATION_CONTEXT() REPRESENTATION_CONTEXT('2D SPACE',''
  ) );
#1795 = ORIENTED_EDGE('',*,*,#1796,.F.);
#1796 = EDGE_CURVE('',#1797,#1769,#1799,.T.);
#1797 = VERTEX_POINT('',#1798);
#1798 = CARTESIAN_POINT('',(-0.486891238527,18.593626244545,0.));
#1799 = SURFACE_CURVE('',#1800,(#1804,#1811),.PCURVE_S1.);
#1800 = LINE('',#1801,#1802);
#1801 = CARTESIAN_POINT('',(-0.535580362379,20.452988869,0.));
#1802 = VECTOR('',#1803,1.);
#1803 = DIRECTION('',(2.617694830787E-02,-0.999657324976,0.));
#1804 = PCURVE('',#45,#1805);
#1805 = DEFINITIONAL_REPRESENTATION('',(#1806),#1810);
#1806 = LINE('',#1807,#1808);
#1807 = CARTESIAN_POINT('',(-0.535580362379,20.452988869));
#1808 = VECTOR('',#1809,1.);
#1809 = DIRECTION('',(2.617694830787E-02,-0.999657324976));
#1810 = ( GEOMETRIC_REPRESENTATION_CONTEXT(2) 
PARAMETRIC_REPRESENTATION_CONTEXT() REPRESENTATION_CONTEXT('2D SPACE',''
  ) );
#1811 = PCURVE('',#1812,#1817);
#1812 = PLANE('',#1813);
#1813 = AXIS2_PLACEMENT_3D('',#1814,#1815,#1816);
#1814 = CARTESIAN_POINT('',(-0.535580362379,20.452988869,0.));
#1815 = DIRECTION('',(0.999657324976,2.617694830787E-02,0.));
#1816 = DIRECTION('',(2.617694830787E-02,-0.999657324976,0.));
#1817 = DEFINITIONAL_REPRESENTATION('',(#1818),#1822);
#1818 = LINE('',#1819,#1820);
#1819 = CARTESIAN_POINT('',(0.,0.));
#1820 = VECTOR('',#1821,1.);
#1821 = DIRECTION('',(1.,0.));
#1822 = ( GEOMETRIC_REPRESENTATION_CONTEXT(2) 
PARAMETRIC_REPRESENTATION_CONTEXT() REPRESENTATION_CONTEXT('2D SPACE',''
  ) );
#1823 = ORIENTED_EDGE('',*,*,#1824,.T.);
#1824 = EDGE_CURVE('',#1797,#1825,#1827,.T.);
#1825 = VERTEX_POINT('',#1826);
#1826 = CARTESIAN_POINT('',(-1.459339180538,18.542662407436,0.));
#1827 = SURFACE_CURVE('',#1828,(#1833,#1840),.PCURVE_S1.);
#1828 = CIRCLE('',#1829,18.6);
#1829 = AXIS2_PLACEMENT_3D('',#1830,#1831,#1832);
#1830 = CARTESIAN_POINT('',(0.,0.,0.));
#1831 = DIRECTION('',(0.,0.,1.));
#1832 = DIRECTION('',(1.,0.,0.));
#1833 = PCURVE('',#45,#1834);
#1834 = DEFINITIONAL_REPRESENTATION('',(#1835),#1839);
#1835 = CIRCLE('',#1836,18.6);
#1836 = AXIS2_PLACEMENT_2D('',#1837,#1838);
#1837 = CARTESIAN_POINT('',(5.881462935653E-16,7.592810154714E-16));
#1838 = DIRECTION('',(1.,0.));
#1839 = ( GEOMETRIC_REPRESENTATION_CONTEXT(2) 
PARAMETRIC_REPRESENTATION_CONTEXT() REPRESENTATION_CONTEXT('2D SPACE',''
  ) );
#1840 = PCURVE('',#1841,#1846);
#1841 = CYLINDRICAL_SURFACE('',#1842,18.6);
#1842 = AXIS2_PLACEMENT_3D('',#1843,#1844,#1845);
#1843 = CARTESIAN_POINT('',(0.,0.,0.));
#1844 = DIRECTION('',(-0.,-0.,-1.));
#1845 = DIRECTION('',(1.,0.,0.));
#1846 = DEFINITIONAL_REPRESENTATION('',(#1847),#1851);
#1847 = LINE('',#1848,#1849);
#1848 = CARTESIAN_POINT('',(-0.,0.));
#1849 = VECTOR('',#1850,1.);
#1850 = DIRECTION('',(-1.,0.));
#1851 = ( GEOMETRIC_REPRESENTATION_CONTEXT(2) 
PARAMETRIC_REPRESENTATION_CONTEXT() REPRESENTATION_CONTEXT('2D SPACE',''
  ) );
#1852 = ORIENTED_EDGE('',*,*,#1853,.F.);
#1853 = EDGE_CURVE('',#1854,#1825,#1856,.T.);
#1854 = VERTEX_POINT('',#1855);
#1855 = CARTESIAN_POINT('',(-1.28574843124,16.336982806552,0.));
#1856 = SURFACE_CURVE('',#1857,(#1861,#1868),.PCURVE_S1.);
#1857 = LINE('',#1858,#1859);
#1858 = CARTESIAN_POINT('',(-1.28574843124,16.336982806552,0.));
#1859 = VECTOR('',#1860,1.);
#1860 = DIRECTION('',(-7.845909572785E-02,0.996917333733,0.));
#1861 = PCURVE('',#45,#1862);
#1862 = DEFINITIONAL_REPRESENTATION('',(#1863),#1867);
#1863 = LINE('',#1864,#1865);
#1864 = CARTESIAN_POINT('',(-1.28574843124,16.336982806552));
#1865 = VECTOR('',#1866,1.);
#1866 = DIRECTION('',(-7.845909572785E-02,0.996917333733));
#1867 = ( GEOMETRIC_REPRESENTATION_CONTEXT(2) 
PARAMETRIC_REPRESENTATION_CONTEXT() REPRESENTATION_CONTEXT('2D SPACE',''
  ) );
#1868 = PCURVE('',#1869,#1874);
#1869 = PLANE('',#1870);
#1870 = AXIS2_PLACEMENT_3D('',#1871,#1872,#1873);
#1871 = CARTESIAN_POINT('',(-1.28574843124,16.336982806552,0.));
#1872 = DIRECTION('',(-0.996917333733,-7.845909572785E-02,0.));
#1873 = DIRECTION('',(-7.845909572785E-02,0.996917333733,0.));
#1874 = DEFINITIONAL_REPRESENTATION('',(#1875),#1879);
#1875 = LINE('',#1876,#1877);
#1876 = CARTESIAN_POINT('',(0.,0.));
#1877 = VECTOR('',#1878,1.);
#1878 = DIRECTION('',(1.,0.));
#1879 = ( GEOMETRIC_REPRESENTATION_CONTEXT(2) 
PARAMETRIC_REPRESENTATION_CONTEXT() REPRESENTATION_CONTEXT('2D SPACE',''
  ) );
#1880 = ORIENTED_EDGE('',*,*,#1881,.F.);
#1881 = EDGE_CURVE('',#1882,#1854,#1884,.T.);
#1882 = VERTEX_POINT('',#1883);
#1883 = CARTESIAN_POINT('',(-2.138997975006,16.247302665763,0.));
#1884 = SURFACE_CURVE('',#1885,(#1889,#1896),.PCURVE_S1.);
#1885 = LINE('',#1886,#1887);
#1886 = CARTESIAN_POINT('',(-2.138997975006,16.247302665763,0.));
#1887 = VECTOR('',#1888,1.);
#1888 = DIRECTION('',(0.994521895368,0.104528463268,0.));
#1889 = PCURVE('',#45,#1890);
#1890 = DEFINITIONAL_REPRESENTATION('',(#1891),#1895);
#1891 = LINE('',#1892,#1893);
#1892 = CARTESIAN_POINT('',(-2.138997975006,16.247302665763));
#1893 = VECTOR('',#1894,1.);
#1894 = DIRECTION('',(0.994521895368,0.104528463268));
#1895 = ( GEOMETRIC_REPRESENTATION_CONTEXT(2) 
PARAMETRIC_REPRESENTATION_CONTEXT() REPRESENTATION_CONTEXT('2D SPACE',''
  ) );
#1896 = PCURVE('',#1897,#1902);
#1897 = PLANE('',#1898);
#1898 = AXIS2_PLACEMENT_3D('',#1899,#1900,#1901);
#1899 = CARTESIAN_POINT('',(-2.138997975006,16.247302665763,0.));
#1900 = DIRECTION('',(-0.104528463268,0.994521895368,0.));
#1901 = DIRECTION('',(0.994521895368,0.104528463268,0.));
#1902 = DEFINITIONAL_REPRESENTATION('',(#1903),#1907);
#1903 = LINE('',#1904,#1905);
#1904 = CARTESIAN_POINT('',(0.,0.));
#1905 = VECTOR('',#1906,1.);
#1906 = DIRECTION('',(1.,0.));
#1907 = ( GEOMETRIC_REPRESENTATION_CONTEXT(2) 
PARAMETRIC_REPRESENTATION_CONTEXT() REPRESENTATION_CONTEXT('2D SPACE',''
  ) );
#1908 = ORIENTED_EDGE('',*,*,#1909,.F.);
#1909 = EDGE_CURVE('',#1910,#1882,#1912,.T.);
#1910 = VERTEX_POINT('',#1911);
#1911 = CARTESIAN_POINT('',(-2.427787175293,18.440874421553,0.));
#1912 = SURFACE_CURVE('',#1913,(#1917,#1924),.PCURVE_S1.);
#1913 = LINE('',#1914,#1915);
#1914 = CARTESIAN_POINT('',(-2.670565892822,20.284961863708,0.));
#1915 = VECTOR('',#1916,1.);
#1916 = DIRECTION('',(0.13052619222,-0.991444861374,0.));
#1917 = PCURVE('',#45,#1918);
#1918 = DEFINITIONAL_REPRESENTATION('',(#1919),#1923);
#1919 = LINE('',#1920,#1921);
#1920 = CARTESIAN_POINT('',(-2.670565892822,20.284961863708));
#1921 = VECTOR('',#1922,1.);
#1922 = DIRECTION('',(0.13052619222,-0.991444861374));
#1923 = ( GEOMETRIC_REPRESENTATION_CONTEXT(2) 
PARAMETRIC_REPRESENTATION_CONTEXT() REPRESENTATION_CONTEXT('2D SPACE',''
  ) );
#1924 = PCURVE('',#1925,#1930);
#1925 = PLANE('',#1926);
#1926 = AXIS2_PLACEMENT_3D('',#1927,#1928,#1929);
#1927 = CARTESIAN_POINT('',(-2.670565892822,20.284961863708,0.));
#1928 = DIRECTION('',(0.991444861374,0.13052619222,0.));
#1929 = DIRECTION('',(0.13052619222,-0.991444861374,0.));
#1930 = DEFINITIONAL_REPRESENTATION('',(#1931),#1935);
#1931 = LINE('',#1932,#1933);
#1932 = CARTESIAN_POINT('',(0.,0.));
#1933 = VECTOR('',#1934,1.);
#1934 = DIRECTION('',(1.,0.));
#1935 = ( GEOMETRIC_REPRESENTATION_CONTEXT(2) 
PARAMETRIC_REPRESENTATION_CONTEXT() REPRESENTATION_CONTEXT('2D SPACE',''
  ) );
#1936 = ORIENTED_EDGE('',*,*,#1937,.T.);
#1937 = EDGE_CURVE('',#1910,#1938,#1940,.T.);
#1938 = VERTEX_POINT('',#1939);
#1939 = CARTESIAN_POINT('',(-3.389580774154,18.28854128069,0.));
#1940 = SURFACE_CURVE('',#1941,(#1946,#1953),.PCURVE_S1.);
#1941 = CIRCLE('',#1942,18.6);
#1942 = AXIS2_PLACEMENT_3D('',#1943,#1944,#1945);
#1943 = CARTESIAN_POINT('',(0.,0.,0.));
#1944 = DIRECTION('',(0.,0.,1.));
#1945 = DIRECTION('',(1.,0.,0.));
#1946 = PCURVE('',#45,#1947);
#1947 = DEFINITIONAL_REPRESENTATION('',(#1948),#1952);
#1948 = CIRCLE('',#1949,18.6);
#1949 = AXIS2_PLACEMENT_2D('',#1950,#1951);
#1950 = CARTESIAN_POINT('',(5.881462935653E-16,7.592810154714E-16));
#1951 = DIRECTION('',(1.,0.));
#1952 = ( GEOMETRIC_REPRESENTATION_CONTEXT(2) 
PARAMETRIC_REPRESENTATION_CONTEXT() REPRESENTATION_CONTEXT('2D SPACE',''
  ) );
#1953 = PCURVE('',#1954,#1959);
#1954 = CYLINDRICAL_SURFACE('',#1955,18.6);
#1955 = AXIS2_PLACEMENT_3D('',#1956,#1957,#1958);
#1956 = CARTESIAN_POINT('',(0.,0.,0.));
#1957 = DIRECTION('',(-0.,-0.,-1.));
#1958 = DIRECTION('',(1.,0.,0.));
#1959 = DEFINITIONAL_REPRESENTATION('',(#1960),#1964);
#1960 = LINE('',#1961,#1962);
#1961 = CARTESIAN_POINT('',(-0.,0.));
#1962 = VECTOR('',#1963,1.);
#1963 = DIRECTION('',(-1.,0.));
#1964 = ( GEOMETRIC_REPRESENTATION_CONTEXT(2) 
PARAMETRIC_REPRESENTATION_CONTEXT() REPRESENTATION_CONTEXT('2D SPACE',''
  ) );
#1965 = ORIENTED_EDGE('',*,*,#1966,.F.);
#1966 = EDGE_CURVE('',#1967,#1938,#1969,.T.);
#1967 = VERTEX_POINT('',#1968);
#1968 = CARTESIAN_POINT('',(-2.986384674003,16.113089797704,0.));
#1969 = SURFACE_CURVE('',#1970,(#1974,#1981),.PCURVE_S1.);
#1970 = LINE('',#1971,#1972);
#1971 = CARTESIAN_POINT('',(-2.986384674003,16.113089797704,0.));
#1972 = VECTOR('',#1973,1.);
#1973 = DIRECTION('',(-0.182235525492,0.983254907564,0.));
#1974 = PCURVE('',#45,#1975);
#1975 = DEFINITIONAL_REPRESENTATION('',(#1976),#1980);
#1976 = LINE('',#1977,#1978);
#1977 = CARTESIAN_POINT('',(-2.986384674003,16.113089797704));
#1978 = VECTOR('',#1979,1.);
#1979 = DIRECTION('',(-0.182235525492,0.983254907564));
#1980 = ( GEOMETRIC_REPRESENTATION_CONTEXT(2) 
PARAMETRIC_REPRESENTATION_CONTEXT() REPRESENTATION_CONTEXT('2D SPACE',''
  ) );
#1981 = PCURVE('',#1982,#1987);
#1982 = PLANE('',#1983);
#1983 = AXIS2_PLACEMENT_3D('',#1984,#1985,#1986);
#1984 = CARTESIAN_POINT('',(-2.986384674003,16.113089797704,0.));
#1985 = DIRECTION('',(-0.983254907564,-0.182235525492,0.));
#1986 = DIRECTION('',(-0.182235525492,0.983254907564,0.));
#1987 = DEFINITIONAL_REPRESENTATION('',(#1988),#1992);
#1988 = LINE('',#1989,#1990);
#1989 = CARTESIAN_POINT('',(0.,0.));
#1990 = VECTOR('',#1991,1.);
#1991 = DIRECTION('',(1.,0.));
#1992 = ( GEOMETRIC_REPRESENTATION_CONTEXT(2) 
PARAMETRIC_REPRESENTATION_CONTEXT() REPRESENTATION_CONTEXT('2D SPACE',''
  ) );
#1993 = ORIENTED_EDGE('',*,*,#1994,.F.);
#1994 = EDGE_CURVE('',#1995,#1967,#1997,.T.);
#1995 = VERTEX_POINT('',#1996);
#1996 = CARTESIAN_POINT('',(-3.825585900189,15.934712070517,0.));
#1997 = SURFACE_CURVE('',#1998,(#2002,#2009),.PCURVE_S1.);
#1998 = LINE('',#1999,#2000);
#1999 = CARTESIAN_POINT('',(-3.825585900189,15.934712070517,0.));
#2000 = VECTOR('',#2001,1.);
#2001 = DIRECTION('',(0.978147600734,0.207911690818,0.));
#2002 = PCURVE('',#45,#2003);
#2003 = DEFINITIONAL_REPRESENTATION('',(#2004),#2008);
#2004 = LINE('',#2005,#2006);
#2005 = CARTESIAN_POINT('',(-3.825585900189,15.934712070517));
#2006 = VECTOR('',#2007,1.);
#2007 = DIRECTION('',(0.978147600734,0.207911690818));
#2008 = ( GEOMETRIC_REPRESENTATION_CONTEXT(2) 
PARAMETRIC_REPRESENTATION_CONTEXT() REPRESENTATION_CONTEXT('2D SPACE',''
  ) );
#2009 = PCURVE('',#2010,#2015);
#2010 = PLANE('',#2011);
#2011 = AXIS2_PLACEMENT_3D('',#2012,#2013,#2014);
#2012 = CARTESIAN_POINT('',(-3.825585900189,15.934712070517,0.));
#2013 = DIRECTION('',(-0.207911690818,0.978147600734,0.));
#2014 = DIRECTION('',(0.978147600734,0.207911690818,0.));
#2015 = DEFINITIONAL_REPRESENTATION('',(#2016),#2020);
#2016 = LINE('',#2017,#2018);
#2017 = CARTESIAN_POINT('',(0.,0.));
#2018 = VECTOR('',#2019,1.);
#2019 = DIRECTION('',(1.,0.));
#2020 = ( GEOMETRIC_REPRESENTATION_CONTEXT(2) 
PARAMETRIC_REPRESENTATION_CONTEXT() REPRESENTATION_CONTEXT('2D SPACE',''
  ) );
#2021 = ORIENTED_EDGE('',*,*,#2022,.F.);
#2022 = EDGE_CURVE('',#2023,#1995,#2025,.T.);
#2023 = VERTEX_POINT('',#2024);
#2024 = CARTESIAN_POINT('',(-4.342083767721,18.086080519397,0.));
#2025 = SURFACE_CURVE('',#2026,(#2030,#2037),.PCURVE_S1.);
#2026 = LINE('',#2027,#2028);
#2027 = CARTESIAN_POINT('',(-4.776292144492,19.894688571336,0.));
#2028 = VECTOR('',#2029,1.);
#2029 = DIRECTION('',(0.233445363856,-0.972369920398,0.));
#2030 = PCURVE('',#45,#2031);
#2031 = DEFINITIONAL_REPRESENTATION('',(#2032),#2036);
#2032 = LINE('',#2033,#2034);
#2033 = CARTESIAN_POINT('',(-4.776292144492,19.894688571336));
#2034 = VECTOR('',#2035,1.);
#2035 = DIRECTION('',(0.233445363856,-0.972369920398));
#2036 = ( GEOMETRIC_REPRESENTATION_CONTEXT(2) 
PARAMETRIC_REPRESENTATION_CONTEXT() REPRESENTATION_CONTEXT('2D SPACE',''
  ) );
#2037 = PCURVE('',#2038,#2043);
#2038 = PLANE('',#2039);
#2039 = AXIS2_PLACEMENT_3D('',#2040,#2041,#2042);
#2040 = CARTESIAN_POINT('',(-4.776292144492,19.894688571336,0.));
#2041 = DIRECTION('',(0.972369920398,0.233445363856,0.));
#2042 = DIRECTION('',(0.233445363856,-0.972369920398,0.));
#2043 = DEFINITIONAL_REPRESENTATION('',(#2044),#2048);
#2044 = LINE('',#2045,#2046);
#2045 = CARTESIAN_POINT('',(0.,0.));
#2046 = VECTOR('',#2047,1.);
#2047 = DIRECTION('',(1.,0.));
#2048 = ( GEOMETRIC_REPRESENTATION_CONTEXT(2) 
PARAMETRIC_REPRESENTATION_CONTEXT() REPRESENTATION_CONTEXT('2D SPACE',''
  ) );
#2049 = ORIENTED_EDGE('',*,*,#2050,.T.);
#2050 = EDGE_CURVE('',#2023,#2051,#2053,.T.);
#2051 = VERTEX_POINT('',#2052);
#2052 = CARTESIAN_POINT('',(-5.282685411492,17.834047068549,0.));
#2053 = SURFACE_CURVE('',#2054,(#2059,#2066),.PCURVE_S1.);
#2054 = CIRCLE('',#2055,18.6);
#2055 = AXIS2_PLACEMENT_3D('',#2056,#2057,#2058);
#2056 = CARTESIAN_POINT('',(0.,0.,0.));
#2057 = DIRECTION('',(0.,0.,1.));
#2058 = DIRECTION('',(1.,0.,0.));
#2059 = PCURVE('',#45,#2060);
#2060 = DEFINITIONAL_REPRESENTATION('',(#2061),#2065);
#2061 = CIRCLE('',#2062,18.6);
#2062 = AXIS2_PLACEMENT_2D('',#2063,#2064);
#2063 = CARTESIAN_POINT('',(5.881462935653E-16,7.592810154714E-16));
#2064 = DIRECTION('',(1.,0.));
#2065 = ( GEOMETRIC_REPRESENTATION_CONTEXT(2) 
PARAMETRIC_REPRESENTATION_CONTEXT() REPRESENTATION_CONTEXT('2D SPACE',''
  ) );
#2066 = PCURVE('',#2067,#2072);
#2067 = CYLINDRICAL_SURFACE('',#2068,18.6);
#2068 = AXIS2_PLACEMENT_3D('',#2069,#2070,#2071);
#2069 = CARTESIAN_POINT('',(0.,0.,0.));
#2070 = DIRECTION('',(-0.,-0.,-1.));
#2071 = DIRECTION('',(1.,0.,0.));
#2072 = DEFINITIONAL_REPRESENTATION('',(#2073),#2077);
#2073 = LINE('',#2074,#2075);
#2074 = CARTESIAN_POINT('',(-0.,0.));
#2075 = VECTOR('',#2076,1.);
#2076 = DIRECTION('',(-1.,0.));
#2077 = ( GEOMETRIC_REPRESENTATION_CONTEXT(2) 
PARAMETRIC_REPRESENTATION_CONTEXT() REPRESENTATION_CONTEXT('2D SPACE',''
  ) );
#2078 = ORIENTED_EDGE('',*,*,#2079,.F.);
#2079 = EDGE_CURVE('',#2080,#2051,#2082,.T.);
#2080 = VERTEX_POINT('',#2081);
#2081 = CARTESIAN_POINT('',(-4.654301461336,15.712658405153,0.));
#2082 = SURFACE_CURVE('',#2083,(#2087,#2094),.PCURVE_S1.);
#2083 = LINE('',#2084,#2085);
#2084 = CARTESIAN_POINT('',(-4.654301461336,15.712658405153,0.));
#2085 = VECTOR('',#2086,1.);
#2086 = DIRECTION('',(-0.284015344704,0.958819734868,0.));
#2087 = PCURVE('',#45,#2088);
#2088 = DEFINITIONAL_REPRESENTATION('',(#2089),#2093);
#2089 = LINE('',#2090,#2091);
#2090 = CARTESIAN_POINT('',(-4.654301461336,15.712658405153));
#2091 = VECTOR('',#2092,1.);
#2092 = DIRECTION('',(-0.284015344704,0.958819734868));
#2093 = ( GEOMETRIC_REPRESENTATION_CONTEXT(2) 
PARAMETRIC_REPRESENTATION_CONTEXT() REPRESENTATION_CONTEXT('2D SPACE',''
  ) );
#2094 = PCURVE('',#2095,#2100);
#2095 = PLANE('',#2096);
#2096 = AXIS2_PLACEMENT_3D('',#2097,#2098,#2099);
#2097 = CARTESIAN_POINT('',(-4.654301461336,15.712658405153,0.));
#2098 = DIRECTION('',(-0.958819734868,-0.284015344704,0.));
#2099 = DIRECTION('',(-0.284015344704,0.958819734868,0.));
#2100 = DEFINITIONAL_REPRESENTATION('',(#2101),#2105);
#2101 = LINE('',#2102,#2103);
#2102 = CARTESIAN_POINT('',(0.,0.));
#2103 = VECTOR('',#2104,1.);
#2104 = DIRECTION('',(1.,0.));
#2105 = ( GEOMETRIC_REPRESENTATION_CONTEXT(2) 
PARAMETRIC_REPRESENTATION_CONTEXT() REPRESENTATION_CONTEXT('2D SPACE',''
  ) );
#2106 = ORIENTED_EDGE('',*,*,#2107,.F.);
#2107 = EDGE_CURVE('',#2108,#2080,#2110,.T.);
#2108 = VERTEX_POINT('',#2109);
#2109 = CARTESIAN_POINT('',(-5.470259905693,15.447537435273,0.));
#2110 = SURFACE_CURVE('',#2111,(#2115,#2122),.PCURVE_S1.);
#2111 = LINE('',#2112,#2113);
#2112 = CARTESIAN_POINT('',(-5.470259905693,15.447537435273,0.));
#2113 = VECTOR('',#2114,1.);
#2114 = DIRECTION('',(0.951056516295,0.309016994375,0.));
#2115 = PCURVE('',#45,#2116);
#2116 = DEFINITIONAL_REPRESENTATION('',(#2117),#2121);
#2117 = LINE('',#2118,#2119);
#2118 = CARTESIAN_POINT('',(-5.470259905693,15.447537435273));
#2119 = VECTOR('',#2120,1.);
#2120 = DIRECTION('',(0.951056516295,0.309016994375));
#2121 = ( GEOMETRIC_REPRESENTATION_CONTEXT(2) 
PARAMETRIC_REPRESENTATION_CONTEXT() REPRESENTATION_CONTEXT('2D SPACE',''
  ) );
#2122 = PCURVE('',#2123,#2128);
#2123 = PLANE('',#2124);
#2124 = AXIS2_PLACEMENT_3D('',#2125,#2126,#2127);
#2125 = CARTESIAN_POINT('',(-5.470259905693,15.447537435273,0.));
#2126 = DIRECTION('',(-0.309016994375,0.951056516295,0.));
#2127 = DIRECTION('',(0.951056516295,0.309016994375,0.));
#2128 = DEFINITIONAL_REPRESENTATION('',(#2129),#2133);
#2129 = LINE('',#2130,#2131);
#2130 = CARTESIAN_POINT('',(0.,0.));
#2131 = VECTOR('',#2132,1.);
#2132 = DIRECTION('',(1.,0.));
#2133 = ( GEOMETRIC_REPRESENTATION_CONTEXT(2) 
PARAMETRIC_REPRESENTATION_CONTEXT() REPRESENTATION_CONTEXT('2D SPACE',''
  ) );
#2134 = ORIENTED_EDGE('',*,*,#2135,.F.);
#2135 = EDGE_CURVE('',#2136,#2108,#2138,.T.);
#2136 = VERTEX_POINT('',#2137);
#2137 = CARTESIAN_POINT('',(-6.208807581748,17.533131734315,0.));
#2138 = SURFACE_CURVE('',#2139,(#2143,#2150),.PCURVE_S1.);
#2139 = LINE('',#2140,#2141);
#2140 = CARTESIAN_POINT('',(-6.829688339923,19.286444907746,0.));
#2141 = VECTOR('',#2142,1.);
#2142 = DIRECTION('',(0.333806859234,-0.942641491092,0.));
#2143 = PCURVE('',#45,#2144);
#2144 = DEFINITIONAL_REPRESENTATION('',(#2145),#2149);
#2145 = LINE('',#2146,#2147);
#2146 = CARTESIAN_POINT('',(-6.829688339923,19.286444907746));
#2147 = VECTOR('',#2148,1.);
#2148 = DIRECTION('',(0.333806859234,-0.942641491092));
#2149 = ( GEOMETRIC_REPRESENTATION_CONTEXT(2) 
PARAMETRIC_REPRESENTATION_CONTEXT() REPRESENTATION_CONTEXT('2D SPACE',''
  ) );
#2150 = PCURVE('',#2151,#2156);
#2151 = PLANE('',#2152);
#2152 = AXIS2_PLACEMENT_3D('',#2153,#2154,#2155);
#2153 = CARTESIAN_POINT('',(-6.829688339923,19.286444907746,0.));
#2154 = DIRECTION('',(0.942641491092,0.333806859234,0.));
#2155 = DIRECTION('',(0.333806859234,-0.942641491092,0.));
#2156 = DEFINITIONAL_REPRESENTATION('',(#2157),#2161);
#2157 = LINE('',#2158,#2159);
#2158 = CARTESIAN_POINT('',(0.,0.));
#2159 = VECTOR('',#2160,1.);
#2160 = DIRECTION('',(1.,0.));
#2161 = ( GEOMETRIC_REPRESENTATION_CONTEXT(2) 
PARAMETRIC_REPRESENTATION_CONTEXT() REPRESENTATION_CONTEXT('2D SPACE',''
  ) );
#2162 = ORIENTED_EDGE('',*,*,#2163,.T.);
#2163 = EDGE_CURVE('',#2136,#2164,#2166,.T.);
#2164 = VERTEX_POINT('',#2165);
#2165 = CARTESIAN_POINT('',(-7.117911841991,17.18415930471,0.));
#2166 = SURFACE_CURVE('',#2167,(#2172,#2179),.PCURVE_S1.);
#2167 = CIRCLE('',#2168,18.6);
#2168 = AXIS2_PLACEMENT_3D('',#2169,#2170,#2171);
#2169 = CARTESIAN_POINT('',(0.,0.,0.));
#2170 = DIRECTION('',(0.,0.,1.));
#2171 = DIRECTION('',(1.,0.,0.));
#2172 = PCURVE('',#45,#2173);
#2173 = DEFINITIONAL_REPRESENTATION('',(#2174),#2178);
#2174 = CIRCLE('',#2175,18.6);
#2175 = AXIS2_PLACEMENT_2D('',#2176,#2177);
#2176 = CARTESIAN_POINT('',(5.881462935653E-16,7.592810154714E-16));
#2177 = DIRECTION('',(1.,0.));
#2178 = ( GEOMETRIC_REPRESENTATION_CONTEXT(2) 
PARAMETRIC_REPRESENTATION_CONTEXT() REPRESENTATION_CONTEXT('2D SPACE',''
  ) );
#2179 = PCURVE('',#2180,#2185);
#2180 = CYLINDRICAL_SURFACE('',#2181,18.6);
#2181 = AXIS2_PLACEMENT_3D('',#2182,#2183,#2184);
#2182 = CARTESIAN_POINT('',(0.,0.,0.));
#2183 = DIRECTION('',(-0.,-0.,-1.));
#2184 = DIRECTION('',(1.,0.,0.));
#2185 = DEFINITIONAL_REPRESENTATION('',(#2186),#2190);
#2186 = LINE('',#2187,#2188);
#2187 = CARTESIAN_POINT('',(-0.,0.));
#2188 = VECTOR('',#2189,1.);
#2189 = DIRECTION('',(-1.,0.));
#2190 = ( GEOMETRIC_REPRESENTATION_CONTEXT(2) 
PARAMETRIC_REPRESENTATION_CONTEXT() REPRESENTATION_CONTEXT('2D SPACE',''
  ) );
#2191 = ORIENTED_EDGE('',*,*,#2192,.F.);
#2192 = EDGE_CURVE('',#2193,#2164,#2195,.T.);
#2193 = VERTEX_POINT('',#2194);
#2194 = CARTESIAN_POINT('',(-6.271224747883,15.140075839029,0.));
#2195 = SURFACE_CURVE('',#2196,(#2200,#2207),.PCURVE_S1.);
#2196 = LINE('',#2197,#2198);
#2197 = CARTESIAN_POINT('',(-6.271224747883,15.140075839029,0.));
#2198 = VECTOR('',#2199,1.);
#2199 = DIRECTION('',(-0.382683432365,0.923879532511,0.));
#2200 = PCURVE('',#45,#2201);
#2201 = DEFINITIONAL_REPRESENTATION('',(#2202),#2206);
#2202 = LINE('',#2203,#2204);
#2203 = CARTESIAN_POINT('',(-6.271224747883,15.140075839029));
#2204 = VECTOR('',#2205,1.);
#2205 = DIRECTION('',(-0.382683432365,0.923879532511));
#2206 = ( GEOMETRIC_REPRESENTATION_CONTEXT(2) 
PARAMETRIC_REPRESENTATION_CONTEXT() REPRESENTATION_CONTEXT('2D SPACE',''
  ) );
#2207 = PCURVE('',#2208,#2213);
#2208 = PLANE('',#2209);
#2209 = AXIS2_PLACEMENT_3D('',#2210,#2211,#2212);
#2210 = CARTESIAN_POINT('',(-6.271224747883,15.140075839029,0.));
#2211 = DIRECTION('',(-0.923879532511,-0.382683432365,0.));
#2212 = DIRECTION('',(-0.382683432365,0.923879532511,0.));
#2213 = DEFINITIONAL_REPRESENTATION('',(#2214),#2218);
#2214 = LINE('',#2215,#2216);
#2215 = CARTESIAN_POINT('',(0.,0.));
#2216 = VECTOR('',#2217,1.);
#2217 = DIRECTION('',(1.,0.));
#2218 = ( GEOMETRIC_REPRESENTATION_CONTEXT(2) 
PARAMETRIC_REPRESENTATION_CONTEXT() REPRESENTATION_CONTEXT('2D SPACE',''
  ) );
#2219 = ORIENTED_EDGE('',*,*,#2220,.F.);
#2220 = EDGE_CURVE('',#2221,#2193,#2223,.T.);
#2221 = VERTEX_POINT('',#2222);
#2222 = CARTESIAN_POINT('',(-7.055000598946,14.791116347283,0.));
#2223 = SURFACE_CURVE('',#2224,(#2228,#2235),.PCURVE_S1.);
#2224 = LINE('',#2225,#2226);
#2225 = CARTESIAN_POINT('',(-7.055000598946,14.791116347283,0.));
#2226 = VECTOR('',#2227,1.);
#2227 = DIRECTION('',(0.913545457643,0.406736643076,0.));
#2228 = PCURVE('',#45,#2229);
#2229 = DEFINITIONAL_REPRESENTATION('',(#2230),#2234);
#2230 = LINE('',#2231,#2232);
#2231 = CARTESIAN_POINT('',(-7.055000598946,14.791116347283));
#2232 = VECTOR('',#2233,1.);
#2233 = DIRECTION('',(0.913545457643,0.406736643076));
#2234 = ( GEOMETRIC_REPRESENTATION_CONTEXT(2) 
PARAMETRIC_REPRESENTATION_CONTEXT() REPRESENTATION_CONTEXT('2D SPACE',''
  ) );
#2235 = PCURVE('',#2236,#2241);
#2236 = PLANE('',#2237);
#2237 = AXIS2_PLACEMENT_3D('',#2238,#2239,#2240);
#2238 = CARTESIAN_POINT('',(-7.055000598946,14.791116347283,0.));
#2239 = DIRECTION('',(-0.406736643076,0.913545457643,0.));
#2240 = DIRECTION('',(0.913545457643,0.406736643076,0.));
#2241 = DEFINITIONAL_REPRESENTATION('',(#2242),#2246);
#2242 = LINE('',#2243,#2244);
#2243 = CARTESIAN_POINT('',(0.,0.));
#2244 = VECTOR('',#2245,1.);
#2245 = DIRECTION('',(1.,0.));
#2246 = ( GEOMETRIC_REPRESENTATION_CONTEXT(2) 
PARAMETRIC_REPRESENTATION_CONTEXT() REPRESENTATION_CONTEXT('2D SPACE',''
  ) );
#2247 = ORIENTED_EDGE('',*,*,#2248,.F.);
#2248 = EDGE_CURVE('',#2249,#2221,#2251,.T.);
#2249 = VERTEX_POINT('',#2250);
#2250 = CARTESIAN_POINT('',(-8.007506400634,16.788086288907,0.));
#2251 = SURFACE_CURVE('',#2252,(#2256,#2263),.PCURVE_S1.);
#2252 = LINE('',#2253,#2254);
#2253 = CARTESIAN_POINT('',(-8.808257040698,18.466894917798,0.));
#2254 = VECTOR('',#2255,1.);
#2255 = DIRECTION('',(0.430511096808,-0.90258528435,0.));
#2256 = PCURVE('',#45,#2257);
#2257 = DEFINITIONAL_REPRESENTATION('',(#2258),#2262);
#2258 = LINE('',#2259,#2260);
#2259 = CARTESIAN_POINT('',(-8.808257040698,18.466894917798));
#2260 = VECTOR('',#2261,1.);
#2261 = DIRECTION('',(0.430511096808,-0.90258528435));
#2262 = ( GEOMETRIC_REPRESENTATION_CONTEXT(2) 
PARAMETRIC_REPRESENTATION_CONTEXT() REPRESENTATION_CONTEXT('2D SPACE',''
  ) );
#2263 = PCURVE('',#2264,#2269);
#2264 = PLANE('',#2265);
#2265 = AXIS2_PLACEMENT_3D('',#2266,#2267,#2268);
#2266 = CARTESIAN_POINT('',(-8.808257040698,18.466894917798,0.));
#2267 = DIRECTION('',(0.90258528435,0.430511096808,0.));
#2268 = DIRECTION('',(0.430511096808,-0.90258528435,0.));
#2269 = DEFINITIONAL_REPRESENTATION('',(#2270),#2274);
#2270 = LINE('',#2271,#2272);
#2271 = CARTESIAN_POINT('',(0.,0.));
#2272 = VECTOR('',#2273,1.);
#2273 = DIRECTION('',(1.,0.));
#2274 = ( GEOMETRIC_REPRESENTATION_CONTEXT(2) 
PARAMETRIC_REPRESENTATION_CONTEXT() REPRESENTATION_CONTEXT('2D SPACE',''
  ) );
#2275 = ORIENTED_EDGE('',*,*,#2276,.T.);
#2276 = EDGE_CURVE('',#2249,#2277,#2279,.T.);
#2277 = VERTEX_POINT('',#2278);
#2278 = CARTESIAN_POINT('',(-8.875152940828,16.345998295513,0.));
#2279 = SURFACE_CURVE('',#2280,(#2285,#2292),.PCURVE_S1.);
#2280 = CIRCLE('',#2281,18.6);
#2281 = AXIS2_PLACEMENT_3D('',#2282,#2283,#2284);
#2282 = CARTESIAN_POINT('',(0.,0.,0.));
#2283 = DIRECTION('',(0.,0.,1.));
#2284 = DIRECTION('',(1.,0.,0.));
#2285 = PCURVE('',#45,#2286);
#2286 = DEFINITIONAL_REPRESENTATION('',(#2287),#2291);
#2287 = CIRCLE('',#2288,18.6);
#2288 = AXIS2_PLACEMENT_2D('',#2289,#2290);
#2289 = CARTESIAN_POINT('',(5.881462935653E-16,7.592810154714E-16));
#2290 = DIRECTION('',(1.,0.));
#2291 = ( GEOMETRIC_REPRESENTATION_CONTEXT(2) 
PARAMETRIC_REPRESENTATION_CONTEXT() REPRESENTATION_CONTEXT('2D SPACE',''
  ) );
#2292 = PCURVE('',#2293,#2298);
#2293 = CYLINDRICAL_SURFACE('',#2294,18.6);
#2294 = AXIS2_PLACEMENT_3D('',#2295,#2296,#2297);
#2295 = CARTESIAN_POINT('',(0.,0.,0.));
#2296 = DIRECTION('',(-0.,-0.,-1.));
#2297 = DIRECTION('',(1.,0.,0.));
#2298 = DEFINITIONAL_REPRESENTATION('',(#2299),#2303);
#2299 = LINE('',#2300,#2301);
#2300 = CARTESIAN_POINT('',(-0.,0.));
#2301 = VECTOR('',#2302,1.);
#2302 = DIRECTION('',(-1.,0.));
#2303 = ( GEOMETRIC_REPRESENTATION_CONTEXT(2) 
PARAMETRIC_REPRESENTATION_CONTEXT() REPRESENTATION_CONTEXT('2D SPACE',''
  ) );
#2304 = ORIENTED_EDGE('',*,*,#2305,.F.);
#2305 = EDGE_CURVE('',#2306,#2277,#2308,.T.);
#2306 = VERTEX_POINT('',#2307);
#2307 = CARTESIAN_POINT('',(-7.819439183754,14.401615433748,0.));
#2308 = SURFACE_CURVE('',#2309,(#2313,#2320),.PCURVE_S1.);
#2309 = LINE('',#2310,#2311);
#2310 = CARTESIAN_POINT('',(-7.819439183754,14.401615433748,0.));
#2311 = VECTOR('',#2312,1.);
#2312 = DIRECTION('',(-0.47715876026,0.878817112662,0.));
#2313 = PCURVE('',#45,#2314);
#2314 = DEFINITIONAL_REPRESENTATION('',(#2315),#2319);
#2315 = LINE('',#2316,#2317);
#2316 = CARTESIAN_POINT('',(-7.819439183754,14.401615433748));
#2317 = VECTOR('',#2318,1.);
#2318 = DIRECTION('',(-0.47715876026,0.878817112662));
#2319 = ( GEOMETRIC_REPRESENTATION_CONTEXT(2) 
PARAMETRIC_REPRESENTATION_CONTEXT() REPRESENTATION_CONTEXT('2D SPACE',''
  ) );
#2320 = PCURVE('',#2321,#2326);
#2321 = PLANE('',#2322);
#2322 = AXIS2_PLACEMENT_3D('',#2323,#2324,#2325);
#2323 = CARTESIAN_POINT('',(-7.819439183754,14.401615433748,0.));
#2324 = DIRECTION('',(-0.878817112662,-0.47715876026,0.));
#2325 = DIRECTION('',(-0.47715876026,0.878817112662,0.));
#2326 = DEFINITIONAL_REPRESENTATION('',(#2327),#2331);
#2327 = LINE('',#2328,#2329);
#2328 = CARTESIAN_POINT('',(0.,0.));
#2329 = VECTOR('',#2330,1.);
#2330 = DIRECTION('',(1.,0.));
#2331 = ( GEOMETRIC_REPRESENTATION_CONTEXT(2) 
PARAMETRIC_REPRESENTATION_CONTEXT() REPRESENTATION_CONTEXT('2D SPACE',''
  ) );
#2332 = ORIENTED_EDGE('',*,*,#2333,.F.);
#2333 = EDGE_CURVE('',#2334,#2306,#2336,.T.);
#2334 = VERTEX_POINT('',#2335);
#2335 = CARTESIAN_POINT('',(-8.562445229283,13.972640693353,0.));
#2336 = SURFACE_CURVE('',#2337,(#2341,#2348),.PCURVE_S1.);
#2337 = LINE('',#2338,#2339);
#2338 = CARTESIAN_POINT('',(-8.562445229283,13.972640693353,0.));
#2339 = VECTOR('',#2340,1.);
#2340 = DIRECTION('',(0.866025403784,0.5,0.));
#2341 = PCURVE('',#45,#2342);
#2342 = DEFINITIONAL_REPRESENTATION('',(#2343),#2347);
#2343 = LINE('',#2344,#2345);
#2344 = CARTESIAN_POINT('',(-8.562445229283,13.972640693353));
#2345 = VECTOR('',#2346,1.);
#2346 = DIRECTION('',(0.866025403784,0.5));
#2347 = ( GEOMETRIC_REPRESENTATION_CONTEXT(2) 
PARAMETRIC_REPRESENTATION_CONTEXT() REPRESENTATION_CONTEXT('2D SPACE',''
  ) );
#2348 = PCURVE('',#2349,#2354);
#2349 = PLANE('',#2350);
#2350 = AXIS2_PLACEMENT_3D('',#2351,#2352,#2353);
#2351 = CARTESIAN_POINT('',(-8.562445229283,13.972640693353,0.));
#2352 = DIRECTION('',(-0.5,0.866025403784,0.));
#2353 = DIRECTION('',(0.866025403784,0.5,0.));
#2354 = DEFINITIONAL_REPRESENTATION('',(#2355),#2359);
#2355 = LINE('',#2356,#2357);
#2356 = CARTESIAN_POINT('',(0.,0.));
#2357 = VECTOR('',#2358,1.);
#2358 = DIRECTION('',(1.,0.));
#2359 = ( GEOMETRIC_REPRESENTATION_CONTEXT(2) 
PARAMETRIC_REPRESENTATION_CONTEXT() REPRESENTATION_CONTEXT('2D SPACE',''
  ) );
#2360 = ORIENTED_EDGE('',*,*,#2361,.F.);
#2361 = EDGE_CURVE('',#2362,#2334,#2364,.T.);
#2362 = VERTEX_POINT('',#2363);
#2363 = CARTESIAN_POINT('',(-9.718473303717,15.859107056986,0.));
#2364 = SURFACE_CURVE('',#2365,(#2369,#2376),.PCURVE_S1.);
#2365 = LINE('',#2366,#2367);
#2366 = CARTESIAN_POINT('',(-10.69032063408,17.445017762685,0.));
#2367 = VECTOR('',#2368,1.);
#2368 = DIRECTION('',(0.522498564716,-0.852640164354,0.));
#2369 = PCURVE('',#45,#2370);
#2370 = DEFINITIONAL_REPRESENTATION('',(#2371),#2375);
#2371 = LINE('',#2372,#2373);
#2372 = CARTESIAN_POINT('',(-10.69032063408,17.445017762685));
#2373 = VECTOR('',#2374,1.);
#2374 = DIRECTION('',(0.522498564716,-0.852640164354));
#2375 = ( GEOMETRIC_REPRESENTATION_CONTEXT(2) 
PARAMETRIC_REPRESENTATION_CONTEXT() REPRESENTATION_CONTEXT('2D SPACE',''
  ) );
#2376 = PCURVE('',#2377,#2382);
#2377 = PLANE('',#2378);
#2378 = AXIS2_PLACEMENT_3D('',#2379,#2380,#2381);
#2379 = CARTESIAN_POINT('',(-10.69032063408,17.445017762685,0.));
#2380 = DIRECTION('',(0.852640164354,0.522498564716,0.));
#2381 = DIRECTION('',(0.522498564716,-0.852640164354,0.));
#2382 = DEFINITIONAL_REPRESENTATION('',(#2383),#2387);
#2383 = LINE('',#2384,#2385);
#2384 = CARTESIAN_POINT('',(0.,0.));
#2385 = VECTOR('',#2386,1.);
#2386 = DIRECTION('',(1.,0.));
#2387 = ( GEOMETRIC_REPRESENTATION_CONTEXT(2) 
PARAMETRIC_REPRESENTATION_CONTEXT() REPRESENTATION_CONTEXT('2D SPACE',''
  ) );
#2388 = ORIENTED_EDGE('',*,*,#2389,.T.);
#2389 = EDGE_CURVE('',#2362,#2390,#2392,.T.);
#2390 = VERTEX_POINT('',#2391);
#2391 = CARTESIAN_POINT('',(-10.5351560068,15.32874710837,0.));
#2392 = SURFACE_CURVE('',#2393,(#2398,#2405),.PCURVE_S1.);
#2393 = CIRCLE('',#2394,18.6);
#2394 = AXIS2_PLACEMENT_3D('',#2395,#2396,#2397);
#2395 = CARTESIAN_POINT('',(0.,0.,0.));
#2396 = DIRECTION('',(0.,0.,1.));
#2397 = DIRECTION('',(1.,0.,0.));
#2398 = PCURVE('',#45,#2399);
#2399 = DEFINITIONAL_REPRESENTATION('',(#2400),#2404);
#2400 = CIRCLE('',#2401,18.6);
#2401 = AXIS2_PLACEMENT_2D('',#2402,#2403);
#2402 = CARTESIAN_POINT('',(5.881462935653E-16,7.592810154714E-16));
#2403 = DIRECTION('',(1.,0.));
#2404 = ( GEOMETRIC_REPRESENTATION_CONTEXT(2) 
PARAMETRIC_REPRESENTATION_CONTEXT() REPRESENTATION_CONTEXT('2D SPACE',''
  ) );
#2405 = PCURVE('',#2406,#2411);
#2406 = CYLINDRICAL_SURFACE('',#2407,18.6);
#2407 = AXIS2_PLACEMENT_3D('',#2408,#2409,#2410);
#2408 = CARTESIAN_POINT('',(0.,0.,0.));
#2409 = DIRECTION('',(-0.,-0.,-1.));
#2410 = DIRECTION('',(1.,0.,0.));
#2411 = DEFINITIONAL_REPRESENTATION('',(#2412),#2416);
#2412 = LINE('',#2413,#2414);
#2413 = CARTESIAN_POINT('',(-0.,0.));
#2414 = VECTOR('',#2415,1.);
#2415 = DIRECTION('',(-1.,0.));
#2416 = ( GEOMETRIC_REPRESENTATION_CONTEXT(2) 
PARAMETRIC_REPRESENTATION_CONTEXT() REPRESENTATION_CONTEXT('2D SPACE',''
  ) );
#2417 = ORIENTED_EDGE('',*,*,#2418,.F.);
#2418 = EDGE_CURVE('',#2419,#2390,#2421,.T.);
#2419 = VERTEX_POINT('',#2420);
#2420 = CARTESIAN_POINT('',(-9.281982207606,13.505367916043,0.));
#2421 = SURFACE_CURVE('',#2422,(#2426,#2433),.PCURVE_S1.);
#2422 = LINE('',#2423,#2424);
#2423 = CARTESIAN_POINT('',(-9.281982207606,13.505367916043,0.));
#2424 = VECTOR('',#2425,1.);
#2425 = DIRECTION('',(-0.566406236925,0.824126188622,0.));
#2426 = PCURVE('',#45,#2427);
#2427 = DEFINITIONAL_REPRESENTATION('',(#2428),#2432);
#2428 = LINE('',#2429,#2430);
#2429 = CARTESIAN_POINT('',(-9.281982207606,13.505367916043));
#2430 = VECTOR('',#2431,1.);
#2431 = DIRECTION('',(-0.566406236925,0.824126188622));
#2432 = ( GEOMETRIC_REPRESENTATION_CONTEXT(2) 
PARAMETRIC_REPRESENTATION_CONTEXT() REPRESENTATION_CONTEXT('2D SPACE',''
  ) );
#2433 = PCURVE('',#2434,#2439);
#2434 = PLANE('',#2435);
#2435 = AXIS2_PLACEMENT_3D('',#2436,#2437,#2438);
#2436 = CARTESIAN_POINT('',(-9.281982207606,13.505367916043,0.));
#2437 = DIRECTION('',(-0.824126188622,-0.566406236925,0.));
#2438 = DIRECTION('',(-0.566406236925,0.824126188622,0.));
#2439 = DEFINITIONAL_REPRESENTATION('',(#2440),#2444);
#2440 = LINE('',#2441,#2442);
#2441 = CARTESIAN_POINT('',(0.,0.));
#2442 = VECTOR('',#2443,1.);
#2443 = DIRECTION('',(1.,0.));
#2444 = ( GEOMETRIC_REPRESENTATION_CONTEXT(2) 
PARAMETRIC_REPRESENTATION_CONTEXT() REPRESENTATION_CONTEXT('2D SPACE',''
  ) );
#2445 = ORIENTED_EDGE('',*,*,#2446,.F.);
#2446 = EDGE_CURVE('',#2447,#2419,#2449,.T.);
#2447 = VERTEX_POINT('',#2448);
#2448 = CARTESIAN_POINT('',(-9.97607791788,13.001077864023,0.));
#2449 = SURFACE_CURVE('',#2450,(#2454,#2461),.PCURVE_S1.);
#2450 = LINE('',#2451,#2452);
#2451 = CARTESIAN_POINT('',(-9.97607791788,13.001077864023,0.));
#2452 = VECTOR('',#2453,1.);
#2453 = DIRECTION('',(0.809016994375,0.587785252292,0.));
#2454 = PCURVE('',#45,#2455);
#2455 = DEFINITIONAL_REPRESENTATION('',(#2456),#2460);
#2456 = LINE('',#2457,#2458);
#2457 = CARTESIAN_POINT('',(-9.97607791788,13.001077864023));
#2458 = VECTOR('',#2459,1.);
#2459 = DIRECTION('',(0.809016994375,0.587785252292));
#2460 = ( GEOMETRIC_REPRESENTATION_CONTEXT(2) 
PARAMETRIC_REPRESENTATION_CONTEXT() REPRESENTATION_CONTEXT('2D SPACE',''
  ) );
#2461 = PCURVE('',#2462,#2467);
#2462 = PLANE('',#2463);
#2463 = AXIS2_PLACEMENT_3D('',#2464,#2465,#2466);
#2464 = CARTESIAN_POINT('',(-9.97607791788,13.001077864023,0.));
#2465 = DIRECTION('',(-0.587785252292,0.809016994375,0.));
#2466 = DIRECTION('',(0.809016994375,0.587785252292,0.));
#2467 = DEFINITIONAL_REPRESENTATION('',(#2468),#2472);
#2468 = LINE('',#2469,#2470);
#2469 = CARTESIAN_POINT('',(0.,0.));
#2470 = VECTOR('',#2471,1.);
#2471 = DIRECTION('',(1.,0.));
#2472 = ( GEOMETRIC_REPRESENTATION_CONTEXT(2) 
PARAMETRIC_REPRESENTATION_CONTEXT() REPRESENTATION_CONTEXT('2D SPACE',''
  ) );
#2473 = ORIENTED_EDGE('',*,*,#2474,.F.);
#2474 = EDGE_CURVE('',#2475,#2447,#2477,.T.);
#2475 = VERTEX_POINT('',#2476);
#2476 = CARTESIAN_POINT('',(-11.32296257956,14.756372129417,0.));
#2477 = SURFACE_CURVE('',#2478,(#2482,#2489),.PCURVE_S1.);
#2478 = LINE('',#2479,#2480);
#2479 = CARTESIAN_POINT('',(-12.45525883751,16.232009342359,0.));
#2480 = VECTOR('',#2481,1.);
#2481 = DIRECTION('',(0.608761429009,-0.793353340291,0.));
#2482 = PCURVE('',#45,#2483);
#2483 = DEFINITIONAL_REPRESENTATION('',(#2484),#2488);
#2484 = LINE('',#2485,#2486);
#2485 = CARTESIAN_POINT('',(-12.45525883751,16.232009342359));
#2486 = VECTOR('',#2487,1.);
#2487 = DIRECTION('',(0.608761429009,-0.793353340291));
#2488 = ( GEOMETRIC_REPRESENTATION_CONTEXT(2) 
PARAMETRIC_REPRESENTATION_CONTEXT() REPRESENTATION_CONTEXT('2D SPACE',''
  ) );
#2489 = PCURVE('',#2490,#2495);
#2490 = PLANE('',#2491);
#2491 = AXIS2_PLACEMENT_3D('',#2492,#2493,#2494);
#2492 = CARTESIAN_POINT('',(-12.45525883751,16.232009342359,0.));
#2493 = DIRECTION('',(0.793353340291,0.608761429009,0.));
#2494 = DIRECTION('',(0.608761429009,-0.793353340291,0.));
#2495 = DEFINITIONAL_REPRESENTATION('',(#2496),#2500);
#2496 = LINE('',#2497,#2498);
#2497 = CARTESIAN_POINT('',(0.,0.));
#2498 = VECTOR('',#2499,1.);
#2499 = DIRECTION('',(1.,0.));
#2500 = ( GEOMETRIC_REPRESENTATION_CONTEXT(2) 
PARAMETRIC_REPRESENTATION_CONTEXT() REPRESENTATION_CONTEXT('2D SPACE',''
  ) );
#2501 = ORIENTED_EDGE('',*,*,#2502,.T.);
#2502 = EDGE_CURVE('',#2475,#2503,#2505,.T.);
#2503 = VERTEX_POINT('',#2504);
#2504 = CARTESIAN_POINT('',(-12.07973369894,14.14355096016,0.));
#2505 = SURFACE_CURVE('',#2506,(#2511,#2518),.PCURVE_S1.);
#2506 = CIRCLE('',#2507,18.6);
#2507 = AXIS2_PLACEMENT_3D('',#2508,#2509,#2510);
#2508 = CARTESIAN_POINT('',(0.,0.,0.));
#2509 = DIRECTION('',(0.,0.,1.));
#2510 = DIRECTION('',(1.,0.,0.));
#2511 = PCURVE('',#45,#2512);
#2512 = DEFINITIONAL_REPRESENTATION('',(#2513),#2517);
#2513 = CIRCLE('',#2514,18.6);
#2514 = AXIS2_PLACEMENT_2D('',#2515,#2516);
#2515 = CARTESIAN_POINT('',(5.881462935653E-16,7.592810154714E-16));
#2516 = DIRECTION('',(1.,0.));
#2517 = ( GEOMETRIC_REPRESENTATION_CONTEXT(2) 
PARAMETRIC_REPRESENTATION_CONTEXT() REPRESENTATION_CONTEXT('2D SPACE',''
  ) );
#2518 = PCURVE('',#2519,#2524);
#2519 = CYLINDRICAL_SURFACE('',#2520,18.6);
#2520 = AXIS2_PLACEMENT_3D('',#2521,#2522,#2523);
#2521 = CARTESIAN_POINT('',(0.,0.,0.));
#2522 = DIRECTION('',(-0.,-0.,-1.));
#2523 = DIRECTION('',(1.,0.,0.));
#2524 = DEFINITIONAL_REPRESENTATION('',(#2525),#2529);
#2525 = LINE('',#2526,#2527);
#2526 = CARTESIAN_POINT('',(-0.,0.));
#2527 = VECTOR('',#2528,1.);
#2528 = DIRECTION('',(-1.,0.));
#2529 = ( GEOMETRIC_REPRESENTATION_CONTEXT(2) 
PARAMETRIC_REPRESENTATION_CONTEXT() REPRESENTATION_CONTEXT('2D SPACE',''
  ) );
#2530 = ORIENTED_EDGE('',*,*,#2531,.F.);
#2531 = EDGE_CURVE('',#2532,#2503,#2534,.T.);
#2532 = VERTEX_POINT('',#2533);
#2533 = CARTESIAN_POINT('',(-10.64282989201,12.461152761271,0.));
#2534 = SURFACE_CURVE('',#2535,(#2539,#2546),.PCURVE_S1.);
#2535 = LINE('',#2536,#2537);
#2536 = CARTESIAN_POINT('',(-10.64282989201,12.461152761271,0.));
#2537 = VECTOR('',#2538,1.);
#2538 = DIRECTION('',(-0.64944804833,0.7604059656,0.));
#2539 = PCURVE('',#45,#2540);
#2540 = DEFINITIONAL_REPRESENTATION('',(#2541),#2545);
#2541 = LINE('',#2542,#2543);
#2542 = CARTESIAN_POINT('',(-10.64282989201,12.461152761271));
#2543 = VECTOR('',#2544,1.);
#2544 = DIRECTION('',(-0.64944804833,0.7604059656));
#2545 = ( GEOMETRIC_REPRESENTATION_CONTEXT(2) 
PARAMETRIC_REPRESENTATION_CONTEXT() REPRESENTATION_CONTEXT('2D SPACE',''
  ) );
#2546 = PCURVE('',#2547,#2552);
#2547 = PLANE('',#2548);
#2548 = AXIS2_PLACEMENT_3D('',#2549,#2550,#2551);
#2549 = CARTESIAN_POINT('',(-10.64282989201,12.461152761271,0.));
#2550 = DIRECTION('',(-0.7604059656,-0.64944804833,0.));
#2551 = DIRECTION('',(-0.64944804833,0.7604059656,0.));
#2552 = DEFINITIONAL_REPRESENTATION('',(#2553),#2557);
#2553 = LINE('',#2554,#2555);
#2554 = CARTESIAN_POINT('',(0.,0.));
#2555 = VECTOR('',#2556,1.);
#2556 = DIRECTION('',(1.,0.));
#2557 = ( GEOMETRIC_REPRESENTATION_CONTEXT(2) 
PARAMETRIC_REPRESENTATION_CONTEXT() REPRESENTATION_CONTEXT('2D SPACE',''
  ) );
#2558 = ORIENTED_EDGE('',*,*,#2559,.F.);
#2559 = EDGE_CURVE('',#2560,#2532,#2562,.T.);
#2560 = VERTEX_POINT('',#2561);
#2561 = CARTESIAN_POINT('',(-11.28041060918,11.887072504964,0.));
#2562 = SURFACE_CURVE('',#2563,(#2567,#2574),.PCURVE_S1.);
#2563 = LINE('',#2564,#2565);
#2564 = CARTESIAN_POINT('',(-11.28041060918,11.887072504964,0.));
#2565 = VECTOR('',#2566,1.);
#2566 = DIRECTION('',(0.743144825477,0.669130606359,0.));
#2567 = PCURVE('',#45,#2568);
#2568 = DEFINITIONAL_REPRESENTATION('',(#2569),#2573);
#2569 = LINE('',#2570,#2571);
#2570 = CARTESIAN_POINT('',(-11.28041060918,11.887072504964));
#2571 = VECTOR('',#2572,1.);
#2572 = DIRECTION('',(0.743144825477,0.669130606359));
#2573 = ( GEOMETRIC_REPRESENTATION_CONTEXT(2) 
PARAMETRIC_REPRESENTATION_CONTEXT() REPRESENTATION_CONTEXT('2D SPACE',''
  ) );
#2574 = PCURVE('',#2575,#2580);
#2575 = PLANE('',#2576);
#2576 = AXIS2_PLACEMENT_3D('',#2577,#2578,#2579);
#2577 = CARTESIAN_POINT('',(-11.28041060918,11.887072504964,0.));
#2578 = DIRECTION('',(-0.669130606359,0.743144825477,0.));
#2579 = DIRECTION('',(0.743144825477,0.669130606359,0.));
#2580 = DEFINITIONAL_REPRESENTATION('',(#2581),#2585);
#2581 = LINE('',#2582,#2583);
#2582 = CARTESIAN_POINT('',(0.,0.));
#2583 = VECTOR('',#2584,1.);
#2584 = DIRECTION('',(1.,0.));
#2585 = ( GEOMETRIC_REPRESENTATION_CONTEXT(2) 
PARAMETRIC_REPRESENTATION_CONTEXT() REPRESENTATION_CONTEXT('2D SPACE',''
  ) );
#2586 = ORIENTED_EDGE('',*,*,#2587,.F.);
#2587 = EDGE_CURVE('',#2588,#2560,#2590,.T.);
#2588 = VERTEX_POINT('',#2589);
#2589 = CARTESIAN_POINT('',(-12.8033951079,13.491963300828,0.));
#2590 = SURFACE_CURVE('',#2591,(#2595,#2602),.PCURVE_S1.);
#2591 = LINE('',#2592,#2593);
#2592 = CARTESIAN_POINT('',(-14.08373461869,14.841159630911,0.));
#2593 = VECTOR('',#2594,1.);
#2594 = DIRECTION('',(0.688354575694,-0.725374371012,0.));
#2595 = PCURVE('',#45,#2596);
#2596 = DEFINITIONAL_REPRESENTATION('',(#2597),#2601);
#2597 = LINE('',#2598,#2599);
#2598 = CARTESIAN_POINT('',(-14.08373461869,14.841159630911));
#2599 = VECTOR('',#2600,1.);
#2600 = DIRECTION('',(0.688354575694,-0.725374371012));
#2601 = ( GEOMETRIC_REPRESENTATION_CONTEXT(2) 
PARAMETRIC_REPRESENTATION_CONTEXT() REPRESENTATION_CONTEXT('2D SPACE',''
  ) );
#2602 = PCURVE('',#2603,#2608);
#2603 = PLANE('',#2604);
#2604 = AXIS2_PLACEMENT_3D('',#2605,#2606,#2607);
#2605 = CARTESIAN_POINT('',(-14.08373461869,14.841159630911,0.));
#2606 = DIRECTION('',(0.725374371012,0.688354575694,0.));
#2607 = DIRECTION('',(0.688354575694,-0.725374371012,0.));
#2608 = DEFINITIONAL_REPRESENTATION('',(#2609),#2613);
#2609 = LINE('',#2610,#2611);
#2610 = CARTESIAN_POINT('',(0.,0.));
#2611 = VECTOR('',#2612,1.);
#2612 = DIRECTION('',(1.,0.));
#2613 = ( GEOMETRIC_REPRESENTATION_CONTEXT(2) 
PARAMETRIC_REPRESENTATION_CONTEXT() REPRESENTATION_CONTEXT('2D SPACE',''
  ) );
#2614 = ORIENTED_EDGE('',*,*,#2615,.T.);
#2615 = EDGE_CURVE('',#2588,#2616,#2618,.T.);
#2616 = VERTEX_POINT('',#2617);
#2617 = CARTESIAN_POINT('',(-13.49196330082,12.803395107904,0.));
#2618 = SURFACE_CURVE('',#2619,(#2624,#2631),.PCURVE_S1.);
#2619 = CIRCLE('',#2620,18.6);
#2620 = AXIS2_PLACEMENT_3D('',#2621,#2622,#2623);
#2621 = CARTESIAN_POINT('',(0.,0.,0.));
#2622 = DIRECTION('',(0.,0.,1.));
#2623 = DIRECTION('',(1.,0.,0.));
#2624 = PCURVE('',#45,#2625);
#2625 = DEFINITIONAL_REPRESENTATION('',(#2626),#2630);
#2626 = CIRCLE('',#2627,18.6);
#2627 = AXIS2_PLACEMENT_2D('',#2628,#2629);
#2628 = CARTESIAN_POINT('',(5.881462935653E-16,7.592810154714E-16));
#2629 = DIRECTION('',(1.,0.));
#2630 = ( GEOMETRIC_REPRESENTATION_CONTEXT(2) 
PARAMETRIC_REPRESENTATION_CONTEXT() REPRESENTATION_CONTEXT('2D SPACE',''
  ) );
#2631 = PCURVE('',#2632,#2637);
#2632 = CYLINDRICAL_SURFACE('',#2633,18.6);
#2633 = AXIS2_PLACEMENT_3D('',#2634,#2635,#2636);
#2634 = CARTESIAN_POINT('',(0.,0.,0.));
#2635 = DIRECTION('',(-0.,-0.,-1.));
#2636 = DIRECTION('',(1.,0.,0.));
#2637 = DEFINITIONAL_REPRESENTATION('',(#2638),#2642);
#2638 = LINE('',#2639,#2640);
#2639 = CARTESIAN_POINT('',(-0.,0.));
#2640 = VECTOR('',#2641,1.);
#2641 = DIRECTION('',(-1.,0.));
#2642 = ( GEOMETRIC_REPRESENTATION_CONTEXT(2) 
PARAMETRIC_REPRESENTATION_CONTEXT() REPRESENTATION_CONTEXT('2D SPACE',''
  ) );
#2643 = ORIENTED_EDGE('',*,*,#2644,.F.);
#2644 = EDGE_CURVE('',#2645,#2616,#2647,.T.);
#2645 = VERTEX_POINT('',#2646);
#2646 = CARTESIAN_POINT('',(-11.88707250496,11.280410609181,0.));
#2647 = SURFACE_CURVE('',#2648,(#2652,#2659),.PCURVE_S1.);
#2648 = LINE('',#2649,#2650);
#2649 = CARTESIAN_POINT('',(-11.88707250496,11.280410609181,0.));
#2650 = VECTOR('',#2651,1.);
#2651 = DIRECTION('',(-0.725374371012,0.688354575694,0.));
#2652 = PCURVE('',#45,#2653);
#2653 = DEFINITIONAL_REPRESENTATION('',(#2654),#2658);
#2654 = LINE('',#2655,#2656);
#2655 = CARTESIAN_POINT('',(-11.88707250496,11.280410609181));
#2656 = VECTOR('',#2657,1.);
#2657 = DIRECTION('',(-0.725374371012,0.688354575694));
#2658 = ( GEOMETRIC_REPRESENTATION_CONTEXT(2) 
PARAMETRIC_REPRESENTATION_CONTEXT() REPRESENTATION_CONTEXT('2D SPACE',''
  ) );
#2659 = PCURVE('',#2660,#2665);
#2660 = PLANE('',#2661);
#2661 = AXIS2_PLACEMENT_3D('',#2662,#2663,#2664);
#2662 = CARTESIAN_POINT('',(-11.88707250496,11.280410609181,0.));
#2663 = DIRECTION('',(-0.688354575694,-0.725374371012,0.));
#2664 = DIRECTION('',(-0.725374371012,0.688354575694,0.));
#2665 = DEFINITIONAL_REPRESENTATION('',(#2666),#2670);
#2666 = LINE('',#2667,#2668);
#2667 = CARTESIAN_POINT('',(0.,0.));
#2668 = VECTOR('',#2669,1.);
#2669 = DIRECTION('',(1.,0.));
#2670 = ( GEOMETRIC_REPRESENTATION_CONTEXT(2) 
PARAMETRIC_REPRESENTATION_CONTEXT() REPRESENTATION_CONTEXT('2D SPACE',''
  ) );
#2671 = ORIENTED_EDGE('',*,*,#2672,.F.);
#2672 = EDGE_CURVE('',#2673,#2645,#2675,.T.);
#2673 = VERTEX_POINT('',#2674);
#2674 = CARTESIAN_POINT('',(-12.46115276127,10.642829892011,0.));
#2675 = SURFACE_CURVE('',#2676,(#2680,#2687),.PCURVE_S1.);
#2676 = LINE('',#2677,#2678);
#2677 = CARTESIAN_POINT('',(-12.46115276127,10.642829892011,0.));
#2678 = VECTOR('',#2679,1.);
#2679 = DIRECTION('',(0.669130606359,0.743144825477,0.));
#2680 = PCURVE('',#45,#2681);
#2681 = DEFINITIONAL_REPRESENTATION('',(#2682),#2686);
#2682 = LINE('',#2683,#2684);
#2683 = CARTESIAN_POINT('',(-12.46115276127,10.642829892011));
#2684 = VECTOR('',#2685,1.);
#2685 = DIRECTION('',(0.669130606359,0.743144825477));
#2686 = ( GEOMETRIC_REPRESENTATION_CONTEXT(2) 
PARAMETRIC_REPRESENTATION_CONTEXT() REPRESENTATION_CONTEXT('2D SPACE',''
  ) );
#2687 = PCURVE('',#2688,#2693);
#2688 = PLANE('',#2689);
#2689 = AXIS2_PLACEMENT_3D('',#2690,#2691,#2692);
#2690 = CARTESIAN_POINT('',(-12.46115276127,10.642829892011,0.));
#2691 = DIRECTION('',(-0.743144825477,0.669130606359,0.));
#2692 = DIRECTION('',(0.669130606359,0.743144825477,0.));
#2693 = DEFINITIONAL_REPRESENTATION('',(#2694),#2698);
#2694 = LINE('',#2695,#2696);
#2695 = CARTESIAN_POINT('',(0.,0.));
#2696 = VECTOR('',#2697,1.);
#2697 = DIRECTION('',(1.,0.));
#2698 = ( GEOMETRIC_REPRESENTATION_CONTEXT(2) 
PARAMETRIC_REPRESENTATION_CONTEXT() REPRESENTATION_CONTEXT('2D SPACE',''
  ) );
#2699 = ORIENTED_EDGE('',*,*,#2700,.F.);
#2700 = EDGE_CURVE('',#2701,#2673,#2703,.T.);
#2701 = VERTEX_POINT('',#2702);
#2702 = CARTESIAN_POINT('',(-14.14355096016,12.079733698941,0.));
#2703 = SURFACE_CURVE('',#2704,(#2708,#2715),.PCURVE_S1.);
#2704 = LINE('',#2705,#2706);
#2705 = CARTESIAN_POINT('',(-15.55790605617,13.287707068836,0.));
#2706 = VECTOR('',#2707,1.);
#2707 = DIRECTION('',(0.7604059656,-0.64944804833,0.));
#2708 = PCURVE('',#45,#2709);
#2709 = DEFINITIONAL_REPRESENTATION('',(#2710),#2714);
#2710 = LINE('',#2711,#2712);
#2711 = CARTESIAN_POINT('',(-15.55790605617,13.287707068836));
#2712 = VECTOR('',#2713,1.);
#2713 = DIRECTION('',(0.7604059656,-0.64944804833));
#2714 = ( GEOMETRIC_REPRESENTATION_CONTEXT(2) 
PARAMETRIC_REPRESENTATION_CONTEXT() REPRESENTATION_CONTEXT('2D SPACE',''
  ) );
#2715 = PCURVE('',#2716,#2721);
#2716 = PLANE('',#2717);
#2717 = AXIS2_PLACEMENT_3D('',#2718,#2719,#2720);
#2718 = CARTESIAN_POINT('',(-15.55790605617,13.287707068836,0.));
#2719 = DIRECTION('',(0.64944804833,0.7604059656,0.));
#2720 = DIRECTION('',(0.7604059656,-0.64944804833,0.));
#2721 = DEFINITIONAL_REPRESENTATION('',(#2722),#2726);
#2722 = LINE('',#2723,#2724);
#2723 = CARTESIAN_POINT('',(0.,0.));
#2724 = VECTOR('',#2725,1.);
#2725 = DIRECTION('',(1.,0.));
#2726 = ( GEOMETRIC_REPRESENTATION_CONTEXT(2) 
PARAMETRIC_REPRESENTATION_CONTEXT() REPRESENTATION_CONTEXT('2D SPACE',''
  ) );
#2727 = ORIENTED_EDGE('',*,*,#2728,.T.);
#2728 = EDGE_CURVE('',#2701,#2729,#2731,.T.);
#2729 = VERTEX_POINT('',#2730);
#2730 = CARTESIAN_POINT('',(-14.75637212941,11.322962579562,0.));
#2731 = SURFACE_CURVE('',#2732,(#2737,#2744),.PCURVE_S1.);
#2732 = CIRCLE('',#2733,18.6);
#2733 = AXIS2_PLACEMENT_3D('',#2734,#2735,#2736);
#2734 = CARTESIAN_POINT('',(0.,0.,0.));
#2735 = DIRECTION('',(0.,0.,1.));
#2736 = DIRECTION('',(1.,0.,0.));
#2737 = PCURVE('',#45,#2738);
#2738 = DEFINITIONAL_REPRESENTATION('',(#2739),#2743);
#2739 = CIRCLE('',#2740,18.6);
#2740 = AXIS2_PLACEMENT_2D('',#2741,#2742);
#2741 = CARTESIAN_POINT('',(5.881462935653E-16,7.592810154714E-16));
#2742 = DIRECTION('',(1.,0.));
#2743 = ( GEOMETRIC_REPRESENTATION_CONTEXT(2) 
PARAMETRIC_REPRESENTATION_CONTEXT() REPRESENTATION_CONTEXT('2D SPACE',''
  ) );
#2744 = PCURVE('',#2745,#2750);
#2745 = CYLINDRICAL_SURFACE('',#2746,18.6);
#2746 = AXIS2_PLACEMENT_3D('',#2747,#2748,#2749);
#2747 = CARTESIAN_POINT('',(0.,0.,0.));
#2748 = DIRECTION('',(-0.,-0.,-1.));
#2749 = DIRECTION('',(1.,0.,0.));
#2750 = DEFINITIONAL_REPRESENTATION('',(#2751),#2755);
#2751 = LINE('',#2752,#2753);
#2752 = CARTESIAN_POINT('',(-0.,0.));
#2753 = VECTOR('',#2754,1.);
#2754 = DIRECTION('',(-1.,0.));
#2755 = ( GEOMETRIC_REPRESENTATION_CONTEXT(2) 
PARAMETRIC_REPRESENTATION_CONTEXT() REPRESENTATION_CONTEXT('2D SPACE',''
  ) );
#2756 = ORIENTED_EDGE('',*,*,#2757,.F.);
#2757 = EDGE_CURVE('',#2758,#2729,#2760,.T.);
#2758 = VERTEX_POINT('',#2759);
#2759 = CARTESIAN_POINT('',(-13.00107786402,9.97607791788,0.));
#2760 = SURFACE_CURVE('',#2761,(#2765,#2772),.PCURVE_S1.);
#2761 = LINE('',#2762,#2763);
#2762 = CARTESIAN_POINT('',(-13.00107786402,9.97607791788,0.));
#2763 = VECTOR('',#2764,1.);
#2764 = DIRECTION('',(-0.793353340291,0.608761429009,0.));
#2765 = PCURVE('',#45,#2766);
#2766 = DEFINITIONAL_REPRESENTATION('',(#2767),#2771);
#2767 = LINE('',#2768,#2769);
#2768 = CARTESIAN_POINT('',(-13.00107786402,9.97607791788));
#2769 = VECTOR('',#2770,1.);
#2770 = DIRECTION('',(-0.793353340291,0.608761429009));
#2771 = ( GEOMETRIC_REPRESENTATION_CONTEXT(2) 
PARAMETRIC_REPRESENTATION_CONTEXT() REPRESENTATION_CONTEXT('2D SPACE',''
  ) );
#2772 = PCURVE('',#2773,#2778);
#2773 = PLANE('',#2774);
#2774 = AXIS2_PLACEMENT_3D('',#2775,#2776,#2777);
#2775 = CARTESIAN_POINT('',(-13.00107786402,9.97607791788,0.));
#2776 = DIRECTION('',(-0.608761429009,-0.793353340291,0.));
#2777 = DIRECTION('',(-0.793353340291,0.608761429009,0.));
#2778 = DEFINITIONAL_REPRESENTATION('',(#2779),#2783);
#2779 = LINE('',#2780,#2781);
#2780 = CARTESIAN_POINT('',(0.,0.));
#2781 = VECTOR('',#2782,1.);
#2782 = DIRECTION('',(1.,0.));
#2783 = ( GEOMETRIC_REPRESENTATION_CONTEXT(2) 
PARAMETRIC_REPRESENTATION_CONTEXT() REPRESENTATION_CONTEXT('2D SPACE',''
  ) );
#2784 = ORIENTED_EDGE('',*,*,#2785,.F.);
#2785 = EDGE_CURVE('',#2786,#2758,#2788,.T.);
#2786 = VERTEX_POINT('',#2787);
#2787 = CARTESIAN_POINT('',(-13.50536791604,9.281982207606,0.));
#2788 = SURFACE_CURVE('',#2789,(#2793,#2800),.PCURVE_S1.);
#2789 = LINE('',#2790,#2791);
#2790 = CARTESIAN_POINT('',(-13.50536791604,9.281982207606,0.));
#2791 = VECTOR('',#2792,1.);
#2792 = DIRECTION('',(0.587785252292,0.809016994375,0.));
#2793 = PCURVE('',#45,#2794);
#2794 = DEFINITIONAL_REPRESENTATION('',(#2795),#2799);
#2795 = LINE('',#2796,#2797);
#2796 = CARTESIAN_POINT('',(-13.50536791604,9.281982207606));
#2797 = VECTOR('',#2798,1.);
#2798 = DIRECTION('',(0.587785252292,0.809016994375));
#2799 = ( GEOMETRIC_REPRESENTATION_CONTEXT(2) 
PARAMETRIC_REPRESENTATION_CONTEXT() REPRESENTATION_CONTEXT('2D SPACE',''
  ) );
#2800 = PCURVE('',#2801,#2806);
#2801 = PLANE('',#2802);
#2802 = AXIS2_PLACEMENT_3D('',#2803,#2804,#2805);
#2803 = CARTESIAN_POINT('',(-13.50536791604,9.281982207606,0.));
#2804 = DIRECTION('',(-0.809016994375,0.587785252292,0.));
#2805 = DIRECTION('',(0.587785252292,0.809016994375,0.));
#2806 = DEFINITIONAL_REPRESENTATION('',(#2807),#2811);
#2807 = LINE('',#2808,#2809);
#2808 = CARTESIAN_POINT('',(0.,0.));
#2809 = VECTOR('',#2810,1.);
#2810 = DIRECTION('',(1.,0.));
#2811 = ( GEOMETRIC_REPRESENTATION_CONTEXT(2) 
PARAMETRIC_REPRESENTATION_CONTEXT() REPRESENTATION_CONTEXT('2D SPACE',''
  ) );
#2812 = ORIENTED_EDGE('',*,*,#2813,.F.);
#2813 = EDGE_CURVE('',#2814,#2786,#2816,.T.);
#2814 = VERTEX_POINT('',#2815);
#2815 = CARTESIAN_POINT('',(-15.32874710837,10.535156006802,0.));
#2816 = SURFACE_CURVE('',#2817,(#2821,#2828),.PCURVE_S1.);
#2817 = LINE('',#2818,#2819);
#2818 = CARTESIAN_POINT('',(-16.8616218192,11.588671607482,0.));
#2819 = VECTOR('',#2820,1.);
#2820 = DIRECTION('',(0.824126188622,-0.566406236925,0.));
#2821 = PCURVE('',#45,#2822);
#2822 = DEFINITIONAL_REPRESENTATION('',(#2823),#2827);
#2823 = LINE('',#2824,#2825);
#2824 = CARTESIAN_POINT('',(-16.8616218192,11.588671607482));
#2825 = VECTOR('',#2826,1.);
#2826 = DIRECTION('',(0.824126188622,-0.566406236925));
#2827 = ( GEOMETRIC_REPRESENTATION_CONTEXT(2) 
PARAMETRIC_REPRESENTATION_CONTEXT() REPRESENTATION_CONTEXT('2D SPACE',''
  ) );
#2828 = PCURVE('',#2829,#2834);
#2829 = PLANE('',#2830);
#2830 = AXIS2_PLACEMENT_3D('',#2831,#2832,#2833);
#2831 = CARTESIAN_POINT('',(-16.8616218192,11.588671607482,0.));
#2832 = DIRECTION('',(0.566406236925,0.824126188622,0.));
#2833 = DIRECTION('',(0.824126188622,-0.566406236925,0.));
#2834 = DEFINITIONAL_REPRESENTATION('',(#2835),#2839);
#2835 = LINE('',#2836,#2837);
#2836 = CARTESIAN_POINT('',(0.,0.));
#2837 = VECTOR('',#2838,1.);
#2838 = DIRECTION('',(1.,0.));
#2839 = ( GEOMETRIC_REPRESENTATION_CONTEXT(2) 
PARAMETRIC_REPRESENTATION_CONTEXT() REPRESENTATION_CONTEXT('2D SPACE',''
  ) );
#2840 = ORIENTED_EDGE('',*,*,#2841,.T.);
#2841 = EDGE_CURVE('',#2814,#2842,#2844,.T.);
#2842 = VERTEX_POINT('',#2843);
#2843 = CARTESIAN_POINT('',(-15.85910705698,9.718473303717,0.));
#2844 = SURFACE_CURVE('',#2845,(#2850,#2857),.PCURVE_S1.);
#2845 = CIRCLE('',#2846,18.6);
#2846 = AXIS2_PLACEMENT_3D('',#2847,#2848,#2849);
#2847 = CARTESIAN_POINT('',(0.,0.,0.));
#2848 = DIRECTION('',(0.,0.,1.));
#2849 = DIRECTION('',(1.,0.,0.));
#2850 = PCURVE('',#45,#2851);
#2851 = DEFINITIONAL_REPRESENTATION('',(#2852),#2856);
#2852 = CIRCLE('',#2853,18.6);
#2853 = AXIS2_PLACEMENT_2D('',#2854,#2855);
#2854 = CARTESIAN_POINT('',(5.881462935653E-16,7.592810154714E-16));
#2855 = DIRECTION('',(1.,0.));
#2856 = ( GEOMETRIC_REPRESENTATION_CONTEXT(2) 
PARAMETRIC_REPRESENTATION_CONTEXT() REPRESENTATION_CONTEXT('2D SPACE',''
  ) );
#2857 = PCURVE('',#2858,#2863);
#2858 = CYLINDRICAL_SURFACE('',#2859,18.6);
#2859 = AXIS2_PLACEMENT_3D('',#2860,#2861,#2862);
#2860 = CARTESIAN_POINT('',(0.,0.,0.));
#2861 = DIRECTION('',(-0.,-0.,-1.));
#2862 = DIRECTION('',(1.,0.,0.));
#2863 = DEFINITIONAL_REPRESENTATION('',(#2864),#2868);
#2864 = LINE('',#2865,#2866);
#2865 = CARTESIAN_POINT('',(-0.,0.));
#2866 = VECTOR('',#2867,1.);
#2867 = DIRECTION('',(-1.,0.));
#2868 = ( GEOMETRIC_REPRESENTATION_CONTEXT(2) 
PARAMETRIC_REPRESENTATION_CONTEXT() REPRESENTATION_CONTEXT('2D SPACE',''
  ) );
#2869 = ORIENTED_EDGE('',*,*,#2870,.F.);
#2870 = EDGE_CURVE('',#2871,#2842,#2873,.T.);
#2871 = VERTEX_POINT('',#2872);
#2872 = CARTESIAN_POINT('',(-13.97264069335,8.562445229283,0.));
#2873 = SURFACE_CURVE('',#2874,(#2878,#2885),.PCURVE_S1.);
#2874 = LINE('',#2875,#2876);
#2875 = CARTESIAN_POINT('',(-13.97264069335,8.562445229283,0.));
#2876 = VECTOR('',#2877,1.);
#2877 = DIRECTION('',(-0.852640164354,0.522498564716,0.));
#2878 = PCURVE('',#45,#2879);
#2879 = DEFINITIONAL_REPRESENTATION('',(#2880),#2884);
#2880 = LINE('',#2881,#2882);
#2881 = CARTESIAN_POINT('',(-13.97264069335,8.562445229283));
#2882 = VECTOR('',#2883,1.);
#2883 = DIRECTION('',(-0.852640164354,0.522498564716));
#2884 = ( GEOMETRIC_REPRESENTATION_CONTEXT(2) 
PARAMETRIC_REPRESENTATION_CONTEXT() REPRESENTATION_CONTEXT('2D SPACE',''
  ) );
#2885 = PCURVE('',#2886,#2891);
#2886 = PLANE('',#2887);
#2887 = AXIS2_PLACEMENT_3D('',#2888,#2889,#2890);
#2888 = CARTESIAN_POINT('',(-13.97264069335,8.562445229283,0.));
#2889 = DIRECTION('',(-0.522498564716,-0.852640164354,0.));
#2890 = DIRECTION('',(-0.852640164354,0.522498564716,0.));
#2891 = DEFINITIONAL_REPRESENTATION('',(#2892),#2896);
#2892 = LINE('',#2893,#2894);
#2893 = CARTESIAN_POINT('',(0.,0.));
#2894 = VECTOR('',#2895,1.);
#2895 = DIRECTION('',(1.,0.));
#2896 = ( GEOMETRIC_REPRESENTATION_CONTEXT(2) 
PARAMETRIC_REPRESENTATION_CONTEXT() REPRESENTATION_CONTEXT('2D SPACE',''
  ) );
#2897 = ORIENTED_EDGE('',*,*,#2898,.F.);
#2898 = EDGE_CURVE('',#2899,#2871,#2901,.T.);
#2899 = VERTEX_POINT('',#2900);
#2900 = CARTESIAN_POINT('',(-14.40161543374,7.819439183754,0.));
#2901 = SURFACE_CURVE('',#2902,(#2906,#2913),.PCURVE_S1.);
#2902 = LINE('',#2903,#2904);
#2903 = CARTESIAN_POINT('',(-14.40161543374,7.819439183754,0.));
#2904 = VECTOR('',#2905,1.);
#2905 = DIRECTION('',(0.5,0.866025403784,0.));
#2906 = PCURVE('',#45,#2907);
#2907 = DEFINITIONAL_REPRESENTATION('',(#2908),#2912);
#2908 = LINE('',#2909,#2910);
#2909 = CARTESIAN_POINT('',(-14.40161543374,7.819439183754));
#2910 = VECTOR('',#2911,1.);
#2911 = DIRECTION('',(0.5,0.866025403784));
#2912 = ( GEOMETRIC_REPRESENTATION_CONTEXT(2) 
PARAMETRIC_REPRESENTATION_CONTEXT() REPRESENTATION_CONTEXT('2D SPACE',''
  ) );
#2913 = PCURVE('',#2914,#2919);
#2914 = PLANE('',#2915);
#2915 = AXIS2_PLACEMENT_3D('',#2916,#2917,#2918);
#2916 = CARTESIAN_POINT('',(-14.40161543374,7.819439183754,0.));
#2917 = DIRECTION('',(-0.866025403784,0.5,0.));
#2918 = DIRECTION('',(0.5,0.866025403784,0.));
#2919 = DEFINITIONAL_REPRESENTATION('',(#2920),#2924);
#2920 = LINE('',#2921,#2922);
#2921 = CARTESIAN_POINT('',(0.,0.));
#2922 = VECTOR('',#2923,1.);
#2923 = DIRECTION('',(1.,0.));
#2924 = ( GEOMETRIC_REPRESENTATION_CONTEXT(2) 
PARAMETRIC_REPRESENTATION_CONTEXT() REPRESENTATION_CONTEXT('2D SPACE',''
  ) );
#2925 = ORIENTED_EDGE('',*,*,#2926,.F.);
#2926 = EDGE_CURVE('',#2927,#2899,#2929,.T.);
#2927 = VERTEX_POINT('',#2928);
#2928 = CARTESIAN_POINT('',(-16.34599829551,8.875152940828,0.));
#2929 = SURFACE_CURVE('',#2930,(#2934,#2941),.PCURVE_S1.);
#2930 = LINE('',#2931,#2932);
#2931 = CARTESIAN_POINT('',(-17.98059812506,9.762668234912,0.));
#2932 = VECTOR('',#2933,1.);
#2933 = DIRECTION('',(0.878817112662,-0.47715876026,0.));
#2934 = PCURVE('',#45,#2935);
#2935 = DEFINITIONAL_REPRESENTATION('',(#2936),#2940);
#2936 = LINE('',#2937,#2938);
#2937 = CARTESIAN_POINT('',(-17.98059812506,9.762668234912));
#2938 = VECTOR('',#2939,1.);
#2939 = DIRECTION('',(0.878817112662,-0.47715876026));
#2940 = ( GEOMETRIC_REPRESENTATION_CONTEXT(2) 
PARAMETRIC_REPRESENTATION_CONTEXT() REPRESENTATION_CONTEXT('2D SPACE',''
  ) );
#2941 = PCURVE('',#2942,#2947);
#2942 = PLANE('',#2943);
#2943 = AXIS2_PLACEMENT_3D('',#2944,#2945,#2946);
#2944 = CARTESIAN_POINT('',(-17.98059812506,9.762668234912,0.));
#2945 = DIRECTION('',(0.47715876026,0.878817112662,0.));
#2946 = DIRECTION('',(0.878817112662,-0.47715876026,0.));
#2947 = DEFINITIONAL_REPRESENTATION('',(#2948),#2952);
#2948 = LINE('',#2949,#2950);
#2949 = CARTESIAN_POINT('',(0.,0.));
#2950 = VECTOR('',#2951,1.);
#2951 = DIRECTION('',(1.,0.));
#2952 = ( GEOMETRIC_REPRESENTATION_CONTEXT(2) 
PARAMETRIC_REPRESENTATION_CONTEXT() REPRESENTATION_CONTEXT('2D SPACE',''
  ) );
#2953 = ORIENTED_EDGE('',*,*,#2954,.T.);
#2954 = EDGE_CURVE('',#2927,#2955,#2957,.T.);
#2955 = VERTEX_POINT('',#2956);
#2956 = CARTESIAN_POINT('',(-16.7880862889,8.007506400634,0.));
#2957 = SURFACE_CURVE('',#2958,(#2963,#2970),.PCURVE_S1.);
#2958 = CIRCLE('',#2959,18.6);
#2959 = AXIS2_PLACEMENT_3D('',#2960,#2961,#2962);
#2960 = CARTESIAN_POINT('',(0.,0.,0.));
#2961 = DIRECTION('',(0.,0.,1.));
#2962 = DIRECTION('',(1.,0.,0.));
#2963 = PCURVE('',#45,#2964);
#2964 = DEFINITIONAL_REPRESENTATION('',(#2965),#2969);
#2965 = CIRCLE('',#2966,18.6);
#2966 = AXIS2_PLACEMENT_2D('',#2967,#2968);
#2967 = CARTESIAN_POINT('',(5.881462935653E-16,7.592810154714E-16));
#2968 = DIRECTION('',(1.,0.));
#2969 = ( GEOMETRIC_REPRESENTATION_CONTEXT(2) 
PARAMETRIC_REPRESENTATION_CONTEXT() REPRESENTATION_CONTEXT('2D SPACE',''
  ) );
#2970 = PCURVE('',#2971,#2976);
#2971 = CYLINDRICAL_SURFACE('',#2972,18.6);
#2972 = AXIS2_PLACEMENT_3D('',#2973,#2974,#2975);
#2973 = CARTESIAN_POINT('',(0.,0.,0.));
#2974 = DIRECTION('',(-0.,-0.,-1.));
#2975 = DIRECTION('',(1.,0.,0.));
#2976 = DEFINITIONAL_REPRESENTATION('',(#2977),#2981);
#2977 = LINE('',#2978,#2979);
#2978 = CARTESIAN_POINT('',(-0.,0.));
#2979 = VECTOR('',#2980,1.);
#2980 = DIRECTION('',(-1.,0.));
#2981 = ( GEOMETRIC_REPRESENTATION_CONTEXT(2) 
PARAMETRIC_REPRESENTATION_CONTEXT() REPRESENTATION_CONTEXT('2D SPACE',''
  ) );
#2982 = ORIENTED_EDGE('',*,*,#2983,.F.);
#2983 = EDGE_CURVE('',#2984,#2955,#2986,.T.);
#2984 = VERTEX_POINT('',#2985);
#2985 = CARTESIAN_POINT('',(-14.79111634728,7.055000598946,0.));
#2986 = SURFACE_CURVE('',#2987,(#2991,#2998),.PCURVE_S1.);
#2987 = LINE('',#2988,#2989);
#2988 = CARTESIAN_POINT('',(-14.79111634728,7.055000598946,0.));
#2989 = VECTOR('',#2990,1.);
#2990 = DIRECTION('',(-0.90258528435,0.430511096808,0.));
#2991 = PCURVE('',#45,#2992);
#2992 = DEFINITIONAL_REPRESENTATION('',(#2993),#2997);
#2993 = LINE('',#2994,#2995);
#2994 = CARTESIAN_POINT('',(-14.79111634728,7.055000598946));
#2995 = VECTOR('',#2996,1.);
#2996 = DIRECTION('',(-0.90258528435,0.430511096808));
#2997 = ( GEOMETRIC_REPRESENTATION_CONTEXT(2) 
PARAMETRIC_REPRESENTATION_CONTEXT() REPRESENTATION_CONTEXT('2D SPACE',''
  ) );
#2998 = PCURVE('',#2999,#3004);
#2999 = PLANE('',#3000);
#3000 = AXIS2_PLACEMENT_3D('',#3001,#3002,#3003);
#3001 = CARTESIAN_POINT('',(-14.79111634728,7.055000598946,0.));
#3002 = DIRECTION('',(-0.430511096808,-0.90258528435,0.));
#3003 = DIRECTION('',(-0.90258528435,0.430511096808,0.));
#3004 = DEFINITIONAL_REPRESENTATION('',(#3005),#3009);
#3005 = LINE('',#3006,#3007);
#3006 = CARTESIAN_POINT('',(0.,0.));
#3007 = VECTOR('',#3008,1.);
#3008 = DIRECTION('',(1.,0.));
#3009 = ( GEOMETRIC_REPRESENTATION_CONTEXT(2) 
PARAMETRIC_REPRESENTATION_CONTEXT() REPRESENTATION_CONTEXT('2D SPACE',''
  ) );
#3010 = ORIENTED_EDGE('',*,*,#3011,.F.);
#3011 = EDGE_CURVE('',#3012,#2984,#3014,.T.);
#3012 = VERTEX_POINT('',#3013);
#3013 = CARTESIAN_POINT('',(-15.14007583902,6.271224747883,0.));
#3014 = SURFACE_CURVE('',#3015,(#3019,#3026),.PCURVE_S1.);
#3015 = LINE('',#3016,#3017);
#3016 = CARTESIAN_POINT('',(-15.14007583902,6.271224747883,0.));
#3017 = VECTOR('',#3018,1.);
#3018 = DIRECTION('',(0.406736643076,0.913545457643,0.));
#3019 = PCURVE('',#45,#3020);
#3020 = DEFINITIONAL_REPRESENTATION('',(#3021),#3025);
#3021 = LINE('',#3022,#3023);
#3022 = CARTESIAN_POINT('',(-15.14007583902,6.271224747883));
#3023 = VECTOR('',#3024,1.);
#3024 = DIRECTION('',(0.406736643076,0.913545457643));
#3025 = ( GEOMETRIC_REPRESENTATION_CONTEXT(2) 
PARAMETRIC_REPRESENTATION_CONTEXT() REPRESENTATION_CONTEXT('2D SPACE',''
  ) );
#3026 = PCURVE('',#3027,#3032);
#3027 = PLANE('',#3028);
#3028 = AXIS2_PLACEMENT_3D('',#3029,#3030,#3031);
#3029 = CARTESIAN_POINT('',(-15.14007583902,6.271224747883,0.));
#3030 = DIRECTION('',(-0.913545457643,0.406736643076,0.));
#3031 = DIRECTION('',(0.406736643076,0.913545457643,0.));
#3032 = DEFINITIONAL_REPRESENTATION('',(#3033),#3037);
#3033 = LINE('',#3034,#3035);
#3034 = CARTESIAN_POINT('',(0.,0.));
#3035 = VECTOR('',#3036,1.);
#3036 = DIRECTION('',(1.,0.));
#3037 = ( GEOMETRIC_REPRESENTATION_CONTEXT(2) 
PARAMETRIC_REPRESENTATION_CONTEXT() REPRESENTATION_CONTEXT('2D SPACE',''
  ) );
#3038 = ORIENTED_EDGE('',*,*,#3039,.F.);
#3039 = EDGE_CURVE('',#3040,#3012,#3042,.T.);
#3040 = VERTEX_POINT('',#3041);
#3041 = CARTESIAN_POINT('',(-17.18415930471,7.11791184199,0.));
#3042 = SURFACE_CURVE('',#3043,(#3047,#3054),.PCURVE_S1.);
#3043 = LINE('',#3044,#3045);
#3044 = CARTESIAN_POINT('',(-18.90257523518,7.82970302619,0.));
#3045 = VECTOR('',#3046,1.);
#3046 = DIRECTION('',(0.923879532511,-0.382683432365,0.));
#3047 = PCURVE('',#45,#3048);
#3048 = DEFINITIONAL_REPRESENTATION('',(#3049),#3053);
#3049 = LINE('',#3050,#3051);
#3050 = CARTESIAN_POINT('',(-18.90257523518,7.82970302619));
#3051 = VECTOR('',#3052,1.);
#3052 = DIRECTION('',(0.923879532511,-0.382683432365));
#3053 = ( GEOMETRIC_REPRESENTATION_CONTEXT(2) 
PARAMETRIC_REPRESENTATION_CONTEXT() REPRESENTATION_CONTEXT('2D SPACE',''
  ) );
#3054 = PCURVE('',#3055,#3060);
#3055 = PLANE('',#3056);
#3056 = AXIS2_PLACEMENT_3D('',#3057,#3058,#3059);
#3057 = CARTESIAN_POINT('',(-18.90257523518,7.82970302619,0.));
#3058 = DIRECTION('',(0.382683432365,0.923879532511,0.));
#3059 = DIRECTION('',(0.923879532511,-0.382683432365,0.));
#3060 = DEFINITIONAL_REPRESENTATION('',(#3061),#3065);
#3061 = LINE('',#3062,#3063);
#3062 = CARTESIAN_POINT('',(0.,0.));
#3063 = VECTOR('',#3064,1.);
#3064 = DIRECTION('',(1.,0.));
#3065 = ( GEOMETRIC_REPRESENTATION_CONTEXT(2) 
PARAMETRIC_REPRESENTATION_CONTEXT() REPRESENTATION_CONTEXT('2D SPACE',''
  ) );
#3066 = ORIENTED_EDGE('',*,*,#3067,.T.);
#3067 = EDGE_CURVE('',#3040,#3068,#3070,.T.);
#3068 = VERTEX_POINT('',#3069);
#3069 = CARTESIAN_POINT('',(-17.53313173431,6.208807581749,0.));
#3070 = SURFACE_CURVE('',#3071,(#3076,#3083),.PCURVE_S1.);
#3071 = CIRCLE('',#3072,18.6);
#3072 = AXIS2_PLACEMENT_3D('',#3073,#3074,#3075);
#3073 = CARTESIAN_POINT('',(0.,0.,0.));
#3074 = DIRECTION('',(0.,0.,1.));
#3075 = DIRECTION('',(1.,0.,0.));
#3076 = PCURVE('',#45,#3077);
#3077 = DEFINITIONAL_REPRESENTATION('',(#3078),#3082);
#3078 = CIRCLE('',#3079,18.6);
#3079 = AXIS2_PLACEMENT_2D('',#3080,#3081);
#3080 = CARTESIAN_POINT('',(5.881462935653E-16,7.592810154714E-16));
#3081 = DIRECTION('',(1.,0.));
#3082 = ( GEOMETRIC_REPRESENTATION_CONTEXT(2) 
PARAMETRIC_REPRESENTATION_CONTEXT() REPRESENTATION_CONTEXT('2D SPACE',''
  ) );
#3083 = PCURVE('',#3084,#3089);
#3084 = CYLINDRICAL_SURFACE('',#3085,18.6);
#3085 = AXIS2_PLACEMENT_3D('',#3086,#3087,#3088);
#3086 = CARTESIAN_POINT('',(0.,0.,0.));
#3087 = DIRECTION('',(-0.,-0.,-1.));
#3088 = DIRECTION('',(1.,0.,0.));
#3089 = DEFINITIONAL_REPRESENTATION('',(#3090),#3094);
#3090 = LINE('',#3091,#3092);
#3091 = CARTESIAN_POINT('',(-0.,0.));
#3092 = VECTOR('',#3093,1.);
#3093 = DIRECTION('',(-1.,0.));
#3094 = ( GEOMETRIC_REPRESENTATION_CONTEXT(2) 
PARAMETRIC_REPRESENTATION_CONTEXT() REPRESENTATION_CONTEXT('2D SPACE',''
  ) );
#3095 = ORIENTED_EDGE('',*,*,#3096,.F.);
#3096 = EDGE_CURVE('',#3097,#3068,#3099,.T.);
#3097 = VERTEX_POINT('',#3098);
#3098 = CARTESIAN_POINT('',(-15.44753743527,5.470259905693,0.));
#3099 = SURFACE_CURVE('',#3100,(#3104,#3111),.PCURVE_S1.);
#3100 = LINE('',#3101,#3102);
#3101 = CARTESIAN_POINT('',(-15.44753743527,5.470259905693,0.));
#3102 = VECTOR('',#3103,1.);
#3103 = DIRECTION('',(-0.942641491092,0.333806859234,0.));
#3104 = PCURVE('',#45,#3105);
#3105 = DEFINITIONAL_REPRESENTATION('',(#3106),#3110);
#3106 = LINE('',#3107,#3108);
#3107 = CARTESIAN_POINT('',(-15.44753743527,5.470259905693));
#3108 = VECTOR('',#3109,1.);
#3109 = DIRECTION('',(-0.942641491092,0.333806859234));
#3110 = ( GEOMETRIC_REPRESENTATION_CONTEXT(2) 
PARAMETRIC_REPRESENTATION_CONTEXT() REPRESENTATION_CONTEXT('2D SPACE',''
  ) );
#3111 = PCURVE('',#3112,#3117);
#3112 = PLANE('',#3113);
#3113 = AXIS2_PLACEMENT_3D('',#3114,#3115,#3116);
#3114 = CARTESIAN_POINT('',(-15.44753743527,5.470259905693,0.));
#3115 = DIRECTION('',(-0.333806859234,-0.942641491092,0.));
#3116 = DIRECTION('',(-0.942641491092,0.333806859234,0.));
#3117 = DEFINITIONAL_REPRESENTATION('',(#3118),#3122);
#3118 = LINE('',#3119,#3120);
#3119 = CARTESIAN_POINT('',(0.,0.));
#3120 = VECTOR('',#3121,1.);
#3121 = DIRECTION('',(1.,0.));
#3122 = ( GEOMETRIC_REPRESENTATION_CONTEXT(2) 
PARAMETRIC_REPRESENTATION_CONTEXT() REPRESENTATION_CONTEXT('2D SPACE',''
  ) );
#3123 = ORIENTED_EDGE('',*,*,#3124,.F.);
#3124 = EDGE_CURVE('',#3125,#3097,#3127,.T.);
#3125 = VERTEX_POINT('',#3126);
#3126 = CARTESIAN_POINT('',(-15.71265840515,4.654301461336,0.));
#3127 = SURFACE_CURVE('',#3128,(#3132,#3139),.PCURVE_S1.);
#3128 = LINE('',#3129,#3130);
#3129 = CARTESIAN_POINT('',(-15.71265840515,4.654301461336,0.));
#3130 = VECTOR('',#3131,1.);
#3131 = DIRECTION('',(0.309016994375,0.951056516295,0.));
#3132 = PCURVE('',#45,#3133);
#3133 = DEFINITIONAL_REPRESENTATION('',(#3134),#3138);
#3134 = LINE('',#3135,#3136);
#3135 = CARTESIAN_POINT('',(-15.71265840515,4.654301461336));
#3136 = VECTOR('',#3137,1.);
#3137 = DIRECTION('',(0.309016994375,0.951056516295));
#3138 = ( GEOMETRIC_REPRESENTATION_CONTEXT(2) 
PARAMETRIC_REPRESENTATION_CONTEXT() REPRESENTATION_CONTEXT('2D SPACE',''
  ) );
#3139 = PCURVE('',#3140,#3145);
#3140 = PLANE('',#3141);
#3141 = AXIS2_PLACEMENT_3D('',#3142,#3143,#3144);
#3142 = CARTESIAN_POINT('',(-15.71265840515,4.654301461336,0.));
#3143 = DIRECTION('',(-0.951056516295,0.309016994375,0.));
#3144 = DIRECTION('',(0.309016994375,0.951056516295,0.));
#3145 = DEFINITIONAL_REPRESENTATION('',(#3146),#3150);
#3146 = LINE('',#3147,#3148);
#3147 = CARTESIAN_POINT('',(0.,0.));
#3148 = VECTOR('',#3149,1.);
#3149 = DIRECTION('',(1.,0.));
#3150 = ( GEOMETRIC_REPRESENTATION_CONTEXT(2) 
PARAMETRIC_REPRESENTATION_CONTEXT() REPRESENTATION_CONTEXT('2D SPACE',''
  ) );
#3151 = ORIENTED_EDGE('',*,*,#3152,.F.);
#3152 = EDGE_CURVE('',#3153,#3125,#3155,.T.);
#3153 = VERTEX_POINT('',#3154);
#3154 = CARTESIAN_POINT('',(-17.83404706854,5.282685411493,0.));
#3155 = SURFACE_CURVE('',#3156,(#3160,#3167),.PCURVE_S1.);
#3156 = LINE('',#3157,#3158);
#3157 = CARTESIAN_POINT('',(-19.6174517754,5.810953952642,0.));
#3158 = VECTOR('',#3159,1.);
#3159 = DIRECTION('',(0.958819734868,-0.284015344704,0.));
#3160 = PCURVE('',#45,#3161);
#3161 = DEFINITIONAL_REPRESENTATION('',(#3162),#3166);
#3162 = LINE('',#3163,#3164);
#3163 = CARTESIAN_POINT('',(-19.6174517754,5.810953952642));
#3164 = VECTOR('',#3165,1.);
#3165 = DIRECTION('',(0.958819734868,-0.284015344704));
#3166 = ( GEOMETRIC_REPRESENTATION_CONTEXT(2) 
PARAMETRIC_REPRESENTATION_CONTEXT() REPRESENTATION_CONTEXT('2D SPACE',''
  ) );
#3167 = PCURVE('',#3168,#3173);
#3168 = PLANE('',#3169);
#3169 = AXIS2_PLACEMENT_3D('',#3170,#3171,#3172);
#3170 = CARTESIAN_POINT('',(-19.6174517754,5.810953952642,0.));
#3171 = DIRECTION('',(0.284015344704,0.958819734868,0.));
#3172 = DIRECTION('',(0.958819734868,-0.284015344704,0.));
#3173 = DEFINITIONAL_REPRESENTATION('',(#3174),#3178);
#3174 = LINE('',#3175,#3176);
#3175 = CARTESIAN_POINT('',(0.,0.));
#3176 = VECTOR('',#3177,1.);
#3177 = DIRECTION('',(1.,0.));
#3178 = ( GEOMETRIC_REPRESENTATION_CONTEXT(2) 
PARAMETRIC_REPRESENTATION_CONTEXT() REPRESENTATION_CONTEXT('2D SPACE',''
  ) );
#3179 = ORIENTED_EDGE('',*,*,#3180,.T.);
#3180 = EDGE_CURVE('',#3153,#3181,#3183,.T.);
#3181 = VERTEX_POINT('',#3182);
#3182 = CARTESIAN_POINT('',(-18.08608051939,4.34208376772,0.));
#3183 = SURFACE_CURVE('',#3184,(#3189,#3196),.PCURVE_S1.);
#3184 = CIRCLE('',#3185,18.6);
#3185 = AXIS2_PLACEMENT_3D('',#3186,#3187,#3188);
#3186 = CARTESIAN_POINT('',(0.,0.,0.));
#3187 = DIRECTION('',(0.,0.,1.));
#3188 = DIRECTION('',(1.,0.,0.));
#3189 = PCURVE('',#45,#3190);
#3190 = DEFINITIONAL_REPRESENTATION('',(#3191),#3195);
#3191 = CIRCLE('',#3192,18.6);
#3192 = AXIS2_PLACEMENT_2D('',#3193,#3194);
#3193 = CARTESIAN_POINT('',(5.881462935653E-16,7.592810154714E-16));
#3194 = DIRECTION('',(1.,0.));
#3195 = ( GEOMETRIC_REPRESENTATION_CONTEXT(2) 
PARAMETRIC_REPRESENTATION_CONTEXT() REPRESENTATION_CONTEXT('2D SPACE',''
  ) );
#3196 = PCURVE('',#3197,#3202);
#3197 = CYLINDRICAL_SURFACE('',#3198,18.6);
#3198 = AXIS2_PLACEMENT_3D('',#3199,#3200,#3201);
#3199 = CARTESIAN_POINT('',(0.,0.,0.));
#3200 = DIRECTION('',(-0.,-0.,-1.));
#3201 = DIRECTION('',(1.,0.,0.));
#3202 = DEFINITIONAL_REPRESENTATION('',(#3203),#3207);
#3203 = LINE('',#3204,#3205);
#3204 = CARTESIAN_POINT('',(-0.,0.));
#3205 = VECTOR('',#3206,1.);
#3206 = DIRECTION('',(-1.,0.));
#3207 = ( GEOMETRIC_REPRESENTATION_CONTEXT(2) 
PARAMETRIC_REPRESENTATION_CONTEXT() REPRESENTATION_CONTEXT('2D SPACE',''
  ) );
#3208 = ORIENTED_EDGE('',*,*,#3209,.F.);
#3209 = EDGE_CURVE('',#3210,#3181,#3212,.T.);
#3210 = VERTEX_POINT('',#3211);
#3211 = CARTESIAN_POINT('',(-15.93471207051,3.825585900189,0.));
#3212 = SURFACE_CURVE('',#3213,(#3217,#3224),.PCURVE_S1.);
#3213 = LINE('',#3214,#3215);
#3214 = CARTESIAN_POINT('',(-15.93471207051,3.825585900189,0.));
#3215 = VECTOR('',#3216,1.);
#3216 = DIRECTION('',(-0.972369920398,0.233445363856,0.));
#3217 = PCURVE('',#45,#3218);
#3218 = DEFINITIONAL_REPRESENTATION('',(#3219),#3223);
#3219 = LINE('',#3220,#3221);
#3220 = CARTESIAN_POINT('',(-15.93471207051,3.825585900189));
#3221 = VECTOR('',#3222,1.);
#3222 = DIRECTION('',(-0.972369920398,0.233445363856));
#3223 = ( GEOMETRIC_REPRESENTATION_CONTEXT(2) 
PARAMETRIC_REPRESENTATION_CONTEXT() REPRESENTATION_CONTEXT('2D SPACE',''
  ) );
#3224 = PCURVE('',#3225,#3230);
#3225 = PLANE('',#3226);
#3226 = AXIS2_PLACEMENT_3D('',#3227,#3228,#3229);
#3227 = CARTESIAN_POINT('',(-15.93471207051,3.825585900189,0.));
#3228 = DIRECTION('',(-0.233445363856,-0.972369920398,0.));
#3229 = DIRECTION('',(-0.972369920398,0.233445363856,0.));
#3230 = DEFINITIONAL_REPRESENTATION('',(#3231),#3235);
#3231 = LINE('',#3232,#3233);
#3232 = CARTESIAN_POINT('',(0.,0.));
#3233 = VECTOR('',#3234,1.);
#3234 = DIRECTION('',(1.,0.));
#3235 = ( GEOMETRIC_REPRESENTATION_CONTEXT(2) 
PARAMETRIC_REPRESENTATION_CONTEXT() REPRESENTATION_CONTEXT('2D SPACE',''
  ) );
#3236 = ORIENTED_EDGE('',*,*,#3237,.F.);
#3237 = EDGE_CURVE('',#3238,#3210,#3240,.T.);
#3238 = VERTEX_POINT('',#3239);
#3239 = CARTESIAN_POINT('',(-16.1130897977,2.986384674003,0.));
#3240 = SURFACE_CURVE('',#3241,(#3245,#3252),.PCURVE_S1.);
#3241 = LINE('',#3242,#3243);
#3242 = CARTESIAN_POINT('',(-16.1130897977,2.986384674003,0.));
#3243 = VECTOR('',#3244,1.);
#3244 = DIRECTION('',(0.207911690818,0.978147600734,0.));
#3245 = PCURVE('',#45,#3246);
#3246 = DEFINITIONAL_REPRESENTATION('',(#3247),#3251);
#3247 = LINE('',#3248,#3249);
#3248 = CARTESIAN_POINT('',(-16.1130897977,2.986384674003));
#3249 = VECTOR('',#3250,1.);
#3250 = DIRECTION('',(0.207911690818,0.978147600734));
#3251 = ( GEOMETRIC_REPRESENTATION_CONTEXT(2) 
PARAMETRIC_REPRESENTATION_CONTEXT() REPRESENTATION_CONTEXT('2D SPACE',''
  ) );
#3252 = PCURVE('',#3253,#3258);
#3253 = PLANE('',#3254);
#3254 = AXIS2_PLACEMENT_3D('',#3255,#3256,#3257);
#3255 = CARTESIAN_POINT('',(-16.1130897977,2.986384674003,0.));
#3256 = DIRECTION('',(-0.978147600734,0.207911690818,0.));
#3257 = DIRECTION('',(0.207911690818,0.978147600734,0.));
#3258 = DEFINITIONAL_REPRESENTATION('',(#3259),#3263);
#3259 = LINE('',#3260,#3261);
#3260 = CARTESIAN_POINT('',(0.,0.));
#3261 = VECTOR('',#3262,1.);
#3262 = DIRECTION('',(1.,0.));
#3263 = ( GEOMETRIC_REPRESENTATION_CONTEXT(2) 
PARAMETRIC_REPRESENTATION_CONTEXT() REPRESENTATION_CONTEXT('2D SPACE',''
  ) );
#3264 = ORIENTED_EDGE('',*,*,#3265,.F.);
#3265 = EDGE_CURVE('',#3266,#3238,#3268,.T.);
#3266 = VERTEX_POINT('',#3267);
#3267 = CARTESIAN_POINT('',(-18.28854128069,3.389580774154,0.));
#3268 = SURFACE_CURVE('',#3269,(#3273,#3280),.PCURVE_S1.);
#3269 = LINE('',#3270,#3271);
#3270 = CARTESIAN_POINT('',(-20.11739540875,3.728538851569,0.));
#3271 = VECTOR('',#3272,1.);
#3272 = DIRECTION('',(0.983254907564,-0.182235525492,0.));
#3273 = PCURVE('',#45,#3274);
#3274 = DEFINITIONAL_REPRESENTATION('',(#3275),#3279);
#3275 = LINE('',#3276,#3277);
#3276 = CARTESIAN_POINT('',(-20.11739540875,3.728538851569));
#3277 = VECTOR('',#3278,1.);
#3278 = DIRECTION('',(0.983254907564,-0.182235525492));
#3279 = ( GEOMETRIC_REPRESENTATION_CONTEXT(2) 
PARAMETRIC_REPRESENTATION_CONTEXT() REPRESENTATION_CONTEXT('2D SPACE',''
  ) );
#3280 = PCURVE('',#3281,#3286);
#3281 = PLANE('',#3282);
#3282 = AXIS2_PLACEMENT_3D('',#3283,#3284,#3285);
#3283 = CARTESIAN_POINT('',(-20.11739540875,3.728538851569,0.));
#3284 = DIRECTION('',(0.182235525492,0.983254907564,0.));
#3285 = DIRECTION('',(0.983254907564,-0.182235525492,0.));
#3286 = DEFINITIONAL_REPRESENTATION('',(#3287),#3291);
#3287 = LINE('',#3288,#3289);
#3288 = CARTESIAN_POINT('',(0.,0.));
#3289 = VECTOR('',#3290,1.);
#3290 = DIRECTION('',(1.,0.));
#3291 = ( GEOMETRIC_REPRESENTATION_CONTEXT(2) 
PARAMETRIC_REPRESENTATION_CONTEXT() REPRESENTATION_CONTEXT('2D SPACE',''
  ) );
#3292 = ORIENTED_EDGE('',*,*,#3293,.T.);
#3293 = EDGE_CURVE('',#3266,#3294,#3296,.T.);
#3294 = VERTEX_POINT('',#3295);
#3295 = CARTESIAN_POINT('',(-18.44087442155,2.427787175293,0.));
#3296 = SURFACE_CURVE('',#3297,(#3302,#3309),.PCURVE_S1.);
#3297 = CIRCLE('',#3298,18.6);
#3298 = AXIS2_PLACEMENT_3D('',#3299,#3300,#3301);
#3299 = CARTESIAN_POINT('',(0.,0.,0.));
#3300 = DIRECTION('',(0.,0.,1.));
#3301 = DIRECTION('',(1.,0.,0.));
#3302 = PCURVE('',#45,#3303);
#3303 = DEFINITIONAL_REPRESENTATION('',(#3304),#3308);
#3304 = CIRCLE('',#3305,18.6);
#3305 = AXIS2_PLACEMENT_2D('',#3306,#3307);
#3306 = CARTESIAN_POINT('',(5.881462935653E-16,7.592810154714E-16));
#3307 = DIRECTION('',(1.,0.));
#3308 = ( GEOMETRIC_REPRESENTATION_CONTEXT(2) 
PARAMETRIC_REPRESENTATION_CONTEXT() REPRESENTATION_CONTEXT('2D SPACE',''
  ) );
#3309 = PCURVE('',#3310,#3315);
#3310 = CYLINDRICAL_SURFACE('',#3311,18.6);
#3311 = AXIS2_PLACEMENT_3D('',#3312,#3313,#3314);
#3312 = CARTESIAN_POINT('',(0.,0.,0.));
#3313 = DIRECTION('',(-0.,-0.,-1.));
#3314 = DIRECTION('',(1.,0.,0.));
#3315 = DEFINITIONAL_REPRESENTATION('',(#3316),#3320);
#3316 = LINE('',#3317,#3318);
#3317 = CARTESIAN_POINT('',(-0.,0.));
#3318 = VECTOR('',#3319,1.);
#3319 = DIRECTION('',(-1.,0.));
#3320 = ( GEOMETRIC_REPRESENTATION_CONTEXT(2) 
PARAMETRIC_REPRESENTATION_CONTEXT() REPRESENTATION_CONTEXT('2D SPACE',''
  ) );
#3321 = ORIENTED_EDGE('',*,*,#3322,.F.);
#3322 = EDGE_CURVE('',#3323,#3294,#3325,.T.);
#3323 = VERTEX_POINT('',#3324);
#3324 = CARTESIAN_POINT('',(-16.24730266576,2.138997975006,0.));
#3325 = SURFACE_CURVE('',#3326,(#3330,#3337),.PCURVE_S1.);
#3326 = LINE('',#3327,#3328);
#3327 = CARTESIAN_POINT('',(-16.24730266576,2.138997975006,0.));
#3328 = VECTOR('',#3329,1.);
#3329 = DIRECTION('',(-0.991444861374,0.13052619222,0.));
#3330 = PCURVE('',#45,#3331);
#3331 = DEFINITIONAL_REPRESENTATION('',(#3332),#3336);
#3332 = LINE('',#3333,#3334);
#3333 = CARTESIAN_POINT('',(-16.24730266576,2.138997975006));
#3334 = VECTOR('',#3335,1.);
#3335 = DIRECTION('',(-0.991444861374,0.13052619222));
#3336 = ( GEOMETRIC_REPRESENTATION_CONTEXT(2) 
PARAMETRIC_REPRESENTATION_CONTEXT() REPRESENTATION_CONTEXT('2D SPACE',''
  ) );
#3337 = PCURVE('',#3338,#3343);
#3338 = PLANE('',#3339);
#3339 = AXIS2_PLACEMENT_3D('',#3340,#3341,#3342);
#3340 = CARTESIAN_POINT('',(-16.24730266576,2.138997975006,0.));
#3341 = DIRECTION('',(-0.13052619222,-0.991444861374,0.));
#3342 = DIRECTION('',(-0.991444861374,0.13052619222,0.));
#3343 = DEFINITIONAL_REPRESENTATION('',(#3344),#3348);
#3344 = LINE('',#3345,#3346);
#3345 = CARTESIAN_POINT('',(0.,0.));
#3346 = VECTOR('',#3347,1.);
#3347 = DIRECTION('',(1.,0.));
#3348 = ( GEOMETRIC_REPRESENTATION_CONTEXT(2) 
PARAMETRIC_REPRESENTATION_CONTEXT() REPRESENTATION_CONTEXT('2D SPACE',''
  ) );
#3349 = ORIENTED_EDGE('',*,*,#3350,.F.);
#3350 = EDGE_CURVE('',#3351,#3323,#3353,.T.);
#3351 = VERTEX_POINT('',#3352);
#3352 = CARTESIAN_POINT('',(-16.33698280655,1.28574843124,0.));
#3353 = SURFACE_CURVE('',#3354,(#3358,#3365),.PCURVE_S1.);
#3354 = LINE('',#3355,#3356);
#3355 = CARTESIAN_POINT('',(-16.33698280655,1.28574843124,0.));
#3356 = VECTOR('',#3357,1.);
#3357 = DIRECTION('',(0.104528463268,0.994521895368,0.));
#3358 = PCURVE('',#45,#3359);
#3359 = DEFINITIONAL_REPRESENTATION('',(#3360),#3364);
#3360 = LINE('',#3361,#3362);
#3361 = CARTESIAN_POINT('',(-16.33698280655,1.28574843124));
#3362 = VECTOR('',#3363,1.);
#3363 = DIRECTION('',(0.104528463268,0.994521895368));
#3364 = ( GEOMETRIC_REPRESENTATION_CONTEXT(2) 
PARAMETRIC_REPRESENTATION_CONTEXT() REPRESENTATION_CONTEXT('2D SPACE',''
  ) );
#3365 = PCURVE('',#3366,#3371);
#3366 = PLANE('',#3367);
#3367 = AXIS2_PLACEMENT_3D('',#3368,#3369,#3370);
#3368 = CARTESIAN_POINT('',(-16.33698280655,1.28574843124,0.));
#3369 = DIRECTION('',(-0.994521895368,0.104528463268,0.));
#3370 = DIRECTION('',(0.104528463268,0.994521895368,0.));
#3371 = DEFINITIONAL_REPRESENTATION('',(#3372),#3376);
#3372 = LINE('',#3373,#3374);
#3373 = CARTESIAN_POINT('',(0.,0.));
#3374 = VECTOR('',#3375,1.);
#3375 = DIRECTION('',(1.,0.));
#3376 = ( GEOMETRIC_REPRESENTATION_CONTEXT(2) 
PARAMETRIC_REPRESENTATION_CONTEXT() REPRESENTATION_CONTEXT('2D SPACE',''
  ) );
#3377 = ORIENTED_EDGE('',*,*,#3378,.F.);
#3378 = EDGE_CURVE('',#3379,#3351,#3381,.T.);
#3379 = VERTEX_POINT('',#3380);
#3380 = CARTESIAN_POINT('',(-18.54266240743,1.459339180538,0.));
#3381 = SURFACE_CURVE('',#3382,(#3386,#3393),.PCURVE_S1.);
#3382 = LINE('',#3383,#3384);
#3383 = CARTESIAN_POINT('',(-20.39692864818,1.605273098592,0.));
#3384 = VECTOR('',#3385,1.);
#3385 = DIRECTION('',(0.996917333733,-7.845909572785E-02,0.));
#3386 = PCURVE('',#45,#3387);
#3387 = DEFINITIONAL_REPRESENTATION('',(#3388),#3392);
#3388 = LINE('',#3389,#3390);
#3389 = CARTESIAN_POINT('',(-20.39692864818,1.605273098592));
#3390 = VECTOR('',#3391,1.);
#3391 = DIRECTION('',(0.996917333733,-7.845909572785E-02));
#3392 = ( GEOMETRIC_REPRESENTATION_CONTEXT(2) 
PARAMETRIC_REPRESENTATION_CONTEXT() REPRESENTATION_CONTEXT('2D SPACE',''
  ) );
#3393 = PCURVE('',#3394,#3399);
#3394 = PLANE('',#3395);
#3395 = AXIS2_PLACEMENT_3D('',#3396,#3397,#3398);
#3396 = CARTESIAN_POINT('',(-20.39692864818,1.605273098592,0.));
#3397 = DIRECTION('',(7.845909572785E-02,0.996917333733,0.));
#3398 = DIRECTION('',(0.996917333733,-7.845909572785E-02,0.));
#3399 = DEFINITIONAL_REPRESENTATION('',(#3400),#3404);
#3400 = LINE('',#3401,#3402);
#3401 = CARTESIAN_POINT('',(0.,0.));
#3402 = VECTOR('',#3403,1.);
#3403 = DIRECTION('',(1.,0.));
#3404 = ( GEOMETRIC_REPRESENTATION_CONTEXT(2) 
PARAMETRIC_REPRESENTATION_CONTEXT() REPRESENTATION_CONTEXT('2D SPACE',''
  ) );
#3405 = ORIENTED_EDGE('',*,*,#3406,.T.);
#3406 = EDGE_CURVE('',#3379,#3407,#3409,.T.);
#3407 = VERTEX_POINT('',#3408);
#3408 = CARTESIAN_POINT('',(-18.59362624454,0.486891238527,0.));
#3409 = SURFACE_CURVE('',#3410,(#3415,#3422),.PCURVE_S1.);
#3410 = CIRCLE('',#3411,18.6);
#3411 = AXIS2_PLACEMENT_3D('',#3412,#3413,#3414);
#3412 = CARTESIAN_POINT('',(0.,0.,0.));
#3413 = DIRECTION('',(0.,0.,1.));
#3414 = DIRECTION('',(1.,0.,0.));
#3415 = PCURVE('',#45,#3416);
#3416 = DEFINITIONAL_REPRESENTATION('',(#3417),#3421);
#3417 = CIRCLE('',#3418,18.6);
#3418 = AXIS2_PLACEMENT_2D('',#3419,#3420);
#3419 = CARTESIAN_POINT('',(5.881462935653E-16,7.592810154714E-16));
#3420 = DIRECTION('',(1.,0.));
#3421 = ( GEOMETRIC_REPRESENTATION_CONTEXT(2) 
PARAMETRIC_REPRESENTATION_CONTEXT() REPRESENTATION_CONTEXT('2D SPACE',''
  ) );
#3422 = PCURVE('',#3423,#3428);
#3423 = CYLINDRICAL_SURFACE('',#3424,18.6);
#3424 = AXIS2_PLACEMENT_3D('',#3425,#3426,#3427);
#3425 = CARTESIAN_POINT('',(0.,0.,0.));
#3426 = DIRECTION('',(-0.,-0.,-1.));
#3427 = DIRECTION('',(1.,0.,0.));
#3428 = DEFINITIONAL_REPRESENTATION('',(#3429),#3433);
#3429 = LINE('',#3430,#3431);
#3430 = CARTESIAN_POINT('',(-0.,0.));
#3431 = VECTOR('',#3432,1.);
#3432 = DIRECTION('',(-1.,0.));
#3433 = ( GEOMETRIC_REPRESENTATION_CONTEXT(2) 
PARAMETRIC_REPRESENTATION_CONTEXT() REPRESENTATION_CONTEXT('2D SPACE',''
  ) );
#3434 = ORIENTED_EDGE('',*,*,#3435,.F.);
#3435 = EDGE_CURVE('',#3436,#3407,#3438,.T.);
#3436 = VERTEX_POINT('',#3437);
#3437 = CARTESIAN_POINT('',(-16.38188441303,0.428974740395,0.));
#3438 = SURFACE_CURVE('',#3439,(#3443,#3450),.PCURVE_S1.);
#3439 = LINE('',#3440,#3441);
#3440 = CARTESIAN_POINT('',(-16.38188441303,0.428974740395,0.));
#3441 = VECTOR('',#3442,1.);
#3442 = DIRECTION('',(-0.999657324976,2.617694830787E-02,0.));
#3443 = PCURVE('',#45,#3444);
#3444 = DEFINITIONAL_REPRESENTATION('',(#3445),#3449);
#3445 = LINE('',#3446,#3447);
#3446 = CARTESIAN_POINT('',(-16.38188441303,0.428974740395));
#3447 = VECTOR('',#3448,1.);
#3448 = DIRECTION('',(-0.999657324976,2.617694830787E-02));
#3449 = ( GEOMETRIC_REPRESENTATION_CONTEXT(2) 
PARAMETRIC_REPRESENTATION_CONTEXT() REPRESENTATION_CONTEXT('2D SPACE',''
  ) );
#3450 = PCURVE('',#3451,#3456);
#3451 = PLANE('',#3452);
#3452 = AXIS2_PLACEMENT_3D('',#3453,#3454,#3455);
#3453 = CARTESIAN_POINT('',(-16.38188441303,0.428974740395,0.));
#3454 = DIRECTION('',(-2.617694830787E-02,-0.999657324976,0.));
#3455 = DIRECTION('',(-0.999657324976,2.617694830787E-02,0.));
#3456 = DEFINITIONAL_REPRESENTATION('',(#3457),#3461);
#3457 = LINE('',#3458,#3459);
#3458 = CARTESIAN_POINT('',(0.,0.));
#3459 = VECTOR('',#3460,1.);
#3460 = DIRECTION('',(1.,0.));
#3461 = ( GEOMETRIC_REPRESENTATION_CONTEXT(2) 
PARAMETRIC_REPRESENTATION_CONTEXT() REPRESENTATION_CONTEXT('2D SPACE',''
  ) );
#3462 = ORIENTED_EDGE('',*,*,#3463,.F.);
#3463 = EDGE_CURVE('',#3464,#3436,#3466,.T.);
#3464 = VERTEX_POINT('',#3465);
#3465 = CARTESIAN_POINT('',(-16.38188441303,-0.428974740395,0.));
#3466 = SURFACE_CURVE('',#3467,(#3471,#3478),.PCURVE_S1.);
#3467 = LINE('',#3468,#3469);
#3468 = CARTESIAN_POINT('',(-16.38188441303,-0.428974740395,0.));
#3469 = VECTOR('',#3470,1.);
#3470 = DIRECTION('',(1.224646799147E-16,1.,0.));
#3471 = PCURVE('',#45,#3472);
#3472 = DEFINITIONAL_REPRESENTATION('',(#3473),#3477);
#3473 = LINE('',#3474,#3475);
#3474 = CARTESIAN_POINT('',(-16.38188441303,-0.428974740395));
#3475 = VECTOR('',#3476,1.);
#3476 = DIRECTION('',(1.224646799147E-16,1.));
#3477 = ( GEOMETRIC_REPRESENTATION_CONTEXT(2) 
PARAMETRIC_REPRESENTATION_CONTEXT() REPRESENTATION_CONTEXT('2D SPACE',''
  ) );
#3478 = PCURVE('',#3479,#3484);
#3479 = PLANE('',#3480);
#3480 = AXIS2_PLACEMENT_3D('',#3481,#3482,#3483);
#3481 = CARTESIAN_POINT('',(-16.38188441303,-0.428974740395,0.));
#3482 = DIRECTION('',(-1.,1.224646799147E-16,0.));
#3483 = DIRECTION('',(1.224646799147E-16,1.,0.));
#3484 = DEFINITIONAL_REPRESENTATION('',(#3485),#3489);
#3485 = LINE('',#3486,#3487);
#3486 = CARTESIAN_POINT('',(0.,0.));
#3487 = VECTOR('',#3488,1.);
#3488 = DIRECTION('',(1.,0.));
#3489 = ( GEOMETRIC_REPRESENTATION_CONTEXT(2) 
PARAMETRIC_REPRESENTATION_CONTEXT() REPRESENTATION_CONTEXT('2D SPACE',''
  ) );
#3490 = ORIENTED_EDGE('',*,*,#3491,.F.);
#3491 = EDGE_CURVE('',#3492,#3464,#3494,.T.);
#3492 = VERTEX_POINT('',#3493);
#3493 = CARTESIAN_POINT('',(-18.59362624454,-0.486891238527,0.));
#3494 = SURFACE_CURVE('',#3495,(#3499,#3506),.PCURVE_S1.);
#3495 = LINE('',#3496,#3497);
#3496 = CARTESIAN_POINT('',(-20.452988869,-0.535580362379,0.));
#3497 = VECTOR('',#3498,1.);
#3498 = DIRECTION('',(0.999657324976,2.617694830787E-02,0.));
#3499 = PCURVE('',#45,#3500);
#3500 = DEFINITIONAL_REPRESENTATION('',(#3501),#3505);
#3501 = LINE('',#3502,#3503);
#3502 = CARTESIAN_POINT('',(-20.452988869,-0.535580362379));
#3503 = VECTOR('',#3504,1.);
#3504 = DIRECTION('',(0.999657324976,2.617694830787E-02));
#3505 = ( GEOMETRIC_REPRESENTATION_CONTEXT(2) 
PARAMETRIC_REPRESENTATION_CONTEXT() REPRESENTATION_CONTEXT('2D SPACE',''
  ) );
#3506 = PCURVE('',#3507,#3512);
#3507 = PLANE('',#3508);
#3508 = AXIS2_PLACEMENT_3D('',#3509,#3510,#3511);
#3509 = CARTESIAN_POINT('',(-20.452988869,-0.535580362379,0.));
#3510 = DIRECTION('',(-2.617694830787E-02,0.999657324976,0.));
#3511 = DIRECTION('',(0.999657324976,2.617694830787E-02,0.));
#3512 = DEFINITIONAL_REPRESENTATION('',(#3513),#3517);
#3513 = LINE('',#3514,#3515);
#3514 = CARTESIAN_POINT('',(0.,0.));
#3515 = VECTOR('',#3516,1.);
#3516 = DIRECTION('',(1.,0.));
#3517 = ( GEOMETRIC_REPRESENTATION_CONTEXT(2) 
PARAMETRIC_REPRESENTATION_CONTEXT() REPRESENTATION_CONTEXT('2D SPACE',''
  ) );
#3518 = ORIENTED_EDGE('',*,*,#3519,.T.);
#3519 = EDGE_CURVE('',#3492,#3520,#3522,.T.);
#3520 = VERTEX_POINT('',#3521);
#3521 = CARTESIAN_POINT('',(-18.54266240743,-1.459339180538,0.));
#3522 = SURFACE_CURVE('',#3523,(#3528,#3535),.PCURVE_S1.);
#3523 = CIRCLE('',#3524,18.6);
#3524 = AXIS2_PLACEMENT_3D('',#3525,#3526,#3527);
#3525 = CARTESIAN_POINT('',(0.,0.,0.));
#3526 = DIRECTION('',(0.,0.,1.));
#3527 = DIRECTION('',(1.,0.,0.));
#3528 = PCURVE('',#45,#3529);
#3529 = DEFINITIONAL_REPRESENTATION('',(#3530),#3534);
#3530 = CIRCLE('',#3531,18.6);
#3531 = AXIS2_PLACEMENT_2D('',#3532,#3533);
#3532 = CARTESIAN_POINT('',(5.881462935653E-16,7.592810154714E-16));
#3533 = DIRECTION('',(1.,0.));
#3534 = ( GEOMETRIC_REPRESENTATION_CONTEXT(2) 
PARAMETRIC_REPRESENTATION_CONTEXT() REPRESENTATION_CONTEXT('2D SPACE',''
  ) );
#3535 = PCURVE('',#3536,#3541);
#3536 = CYLINDRICAL_SURFACE('',#3537,18.6);
#3537 = AXIS2_PLACEMENT_3D('',#3538,#3539,#3540);
#3538 = CARTESIAN_POINT('',(0.,0.,0.));
#3539 = DIRECTION('',(-0.,-0.,-1.));
#3540 = DIRECTION('',(1.,0.,0.));
#3541 = DEFINITIONAL_REPRESENTATION('',(#3542),#3546);
#3542 = LINE('',#3543,#3544);
#3543 = CARTESIAN_POINT('',(-0.,0.));
#3544 = VECTOR('',#3545,1.);
#3545 = DIRECTION('',(-1.,0.));
#3546 = ( GEOMETRIC_REPRESENTATION_CONTEXT(2) 
PARAMETRIC_REPRESENTATION_CONTEXT() REPRESENTATION_CONTEXT('2D SPACE',''
  ) );
#3547 = ORIENTED_EDGE('',*,*,#3548,.F.);
#3548 = EDGE_CURVE('',#3549,#3520,#3551,.T.);
#3549 = VERTEX_POINT('',#3550);
#3550 = CARTESIAN_POINT('',(-16.33698280655,-1.28574843124,0.));
#3551 = SURFACE_CURVE('',#3552,(#3556,#3563),.PCURVE_S1.);
#3552 = LINE('',#3553,#3554);
#3553 = CARTESIAN_POINT('',(-16.33698280655,-1.28574843124,0.));
#3554 = VECTOR('',#3555,1.);
#3555 = DIRECTION('',(-0.996917333733,-7.845909572784E-02,0.));
#3556 = PCURVE('',#45,#3557);
#3557 = DEFINITIONAL_REPRESENTATION('',(#3558),#3562);
#3558 = LINE('',#3559,#3560);
#3559 = CARTESIAN_POINT('',(-16.33698280655,-1.28574843124));
#3560 = VECTOR('',#3561,1.);
#3561 = DIRECTION('',(-0.996917333733,-7.845909572784E-02));
#3562 = ( GEOMETRIC_REPRESENTATION_CONTEXT(2) 
PARAMETRIC_REPRESENTATION_CONTEXT() REPRESENTATION_CONTEXT('2D SPACE',''
  ) );
#3563 = PCURVE('',#3564,#3569);
#3564 = PLANE('',#3565);
#3565 = AXIS2_PLACEMENT_3D('',#3566,#3567,#3568);
#3566 = CARTESIAN_POINT('',(-16.33698280655,-1.28574843124,0.));
#3567 = DIRECTION('',(7.845909572784E-02,-0.996917333733,0.));
#3568 = DIRECTION('',(-0.996917333733,-7.845909572784E-02,0.));
#3569 = DEFINITIONAL_REPRESENTATION('',(#3570),#3574);
#3570 = LINE('',#3571,#3572);
#3571 = CARTESIAN_POINT('',(0.,0.));
#3572 = VECTOR('',#3573,1.);
#3573 = DIRECTION('',(1.,0.));
#3574 = ( GEOMETRIC_REPRESENTATION_CONTEXT(2) 
PARAMETRIC_REPRESENTATION_CONTEXT() REPRESENTATION_CONTEXT('2D SPACE',''
  ) );
#3575 = ORIENTED_EDGE('',*,*,#3576,.F.);
#3576 = EDGE_CURVE('',#3577,#3549,#3579,.T.);
#3577 = VERTEX_POINT('',#3578);
#3578 = CARTESIAN_POINT('',(-16.24730266576,-2.138997975006,0.));
#3579 = SURFACE_CURVE('',#3580,(#3584,#3591),.PCURVE_S1.);
#3580 = LINE('',#3581,#3582);
#3581 = CARTESIAN_POINT('',(-16.24730266576,-2.138997975006,0.));
#3582 = VECTOR('',#3583,1.);
#3583 = DIRECTION('',(-0.104528463268,0.994521895368,0.));
#3584 = PCURVE('',#45,#3585);
#3585 = DEFINITIONAL_REPRESENTATION('',(#3586),#3590);
#3586 = LINE('',#3587,#3588);
#3587 = CARTESIAN_POINT('',(-16.24730266576,-2.138997975006));
#3588 = VECTOR('',#3589,1.);
#3589 = DIRECTION('',(-0.104528463268,0.994521895368));
#3590 = ( GEOMETRIC_REPRESENTATION_CONTEXT(2) 
PARAMETRIC_REPRESENTATION_CONTEXT() REPRESENTATION_CONTEXT('2D SPACE',''
  ) );
#3591 = PCURVE('',#3592,#3597);
#3592 = PLANE('',#3593);
#3593 = AXIS2_PLACEMENT_3D('',#3594,#3595,#3596);
#3594 = CARTESIAN_POINT('',(-16.24730266576,-2.138997975006,0.));
#3595 = DIRECTION('',(-0.994521895368,-0.104528463268,0.));
#3596 = DIRECTION('',(-0.104528463268,0.994521895368,0.));
#3597 = DEFINITIONAL_REPRESENTATION('',(#3598),#3602);
#3598 = LINE('',#3599,#3600);
#3599 = CARTESIAN_POINT('',(0.,0.));
#3600 = VECTOR('',#3601,1.);
#3601 = DIRECTION('',(1.,0.));
#3602 = ( GEOMETRIC_REPRESENTATION_CONTEXT(2) 
PARAMETRIC_REPRESENTATION_CONTEXT() REPRESENTATION_CONTEXT('2D SPACE',''
  ) );
#3603 = ORIENTED_EDGE('',*,*,#3604,.F.);
#3604 = EDGE_CURVE('',#3605,#3577,#3607,.T.);
#3605 = VERTEX_POINT('',#3606);
#3606 = CARTESIAN_POINT('',(-18.44087442155,-2.427787175293,0.));
#3607 = SURFACE_CURVE('',#3608,(#3612,#3619),.PCURVE_S1.);
#3608 = LINE('',#3609,#3610);
#3609 = CARTESIAN_POINT('',(-20.2849618637,-2.670565892822,0.));
#3610 = VECTOR('',#3611,1.);
#3611 = DIRECTION('',(0.991444861374,0.13052619222,0.));
#3612 = PCURVE('',#45,#3613);
#3613 = DEFINITIONAL_REPRESENTATION('',(#3614),#3618);
#3614 = LINE('',#3615,#3616);
#3615 = CARTESIAN_POINT('',(-20.2849618637,-2.670565892822));
#3616 = VECTOR('',#3617,1.);
#3617 = DIRECTION('',(0.991444861374,0.13052619222));
#3618 = ( GEOMETRIC_REPRESENTATION_CONTEXT(2) 
PARAMETRIC_REPRESENTATION_CONTEXT() REPRESENTATION_CONTEXT('2D SPACE',''
  ) );
#3619 = PCURVE('',#3620,#3625);
#3620 = PLANE('',#3621);
#3621 = AXIS2_PLACEMENT_3D('',#3622,#3623,#3624);
#3622 = CARTESIAN_POINT('',(-20.2849618637,-2.670565892822,0.));
#3623 = DIRECTION('',(-0.13052619222,0.991444861374,0.));
#3624 = DIRECTION('',(0.991444861374,0.13052619222,0.));
#3625 = DEFINITIONAL_REPRESENTATION('',(#3626),#3630);
#3626 = LINE('',#3627,#3628);
#3627 = CARTESIAN_POINT('',(0.,0.));
#3628 = VECTOR('',#3629,1.);
#3629 = DIRECTION('',(1.,0.));
#3630 = ( GEOMETRIC_REPRESENTATION_CONTEXT(2) 
PARAMETRIC_REPRESENTATION_CONTEXT() REPRESENTATION_CONTEXT('2D SPACE',''
  ) );
#3631 = ORIENTED_EDGE('',*,*,#3632,.T.);
#3632 = EDGE_CURVE('',#3605,#3633,#3635,.T.);
#3633 = VERTEX_POINT('',#3634);
#3634 = CARTESIAN_POINT('',(-18.28854128069,-3.389580774154,0.));
#3635 = SURFACE_CURVE('',#3636,(#3641,#3648),.PCURVE_S1.);
#3636 = CIRCLE('',#3637,18.6);
#3637 = AXIS2_PLACEMENT_3D('',#3638,#3639,#3640);
#3638 = CARTESIAN_POINT('',(0.,0.,0.));
#3639 = DIRECTION('',(0.,0.,1.));
#3640 = DIRECTION('',(1.,0.,0.));
#3641 = PCURVE('',#45,#3642);
#3642 = DEFINITIONAL_REPRESENTATION('',(#3643),#3647);
#3643 = CIRCLE('',#3644,18.6);
#3644 = AXIS2_PLACEMENT_2D('',#3645,#3646);
#3645 = CARTESIAN_POINT('',(5.881462935653E-16,7.592810154714E-16));
#3646 = DIRECTION('',(1.,0.));
#3647 = ( GEOMETRIC_REPRESENTATION_CONTEXT(2) 
PARAMETRIC_REPRESENTATION_CONTEXT() REPRESENTATION_CONTEXT('2D SPACE',''
  ) );
#3648 = PCURVE('',#3649,#3654);
#3649 = CYLINDRICAL_SURFACE('',#3650,18.6);
#3650 = AXIS2_PLACEMENT_3D('',#3651,#3652,#3653);
#3651 = CARTESIAN_POINT('',(0.,0.,0.));
#3652 = DIRECTION('',(-0.,-0.,-1.));
#3653 = DIRECTION('',(1.,0.,0.));
#3654 = DEFINITIONAL_REPRESENTATION('',(#3655),#3659);
#3655 = LINE('',#3656,#3657);
#3656 = CARTESIAN_POINT('',(-0.,0.));
#3657 = VECTOR('',#3658,1.);
#3658 = DIRECTION('',(-1.,0.));
#3659 = ( GEOMETRIC_REPRESENTATION_CONTEXT(2) 
PARAMETRIC_REPRESENTATION_CONTEXT() REPRESENTATION_CONTEXT('2D SPACE',''
  ) );
#3660 = ORIENTED_EDGE('',*,*,#3661,.F.);
#3661 = EDGE_CURVE('',#3662,#3633,#3664,.T.);
#3662 = VERTEX_POINT('',#3663);
#3663 = CARTESIAN_POINT('',(-16.1130897977,-2.986384674003,0.));
#3664 = SURFACE_CURVE('',#3665,(#3669,#3676),.PCURVE_S1.);
#3665 = LINE('',#3666,#3667);
#3666 = CARTESIAN_POINT('',(-16.1130897977,-2.986384674003,0.));
#3667 = VECTOR('',#3668,1.);
#3668 = DIRECTION('',(-0.983254907564,-0.182235525492,0.));
#3669 = PCURVE('',#45,#3670);
#3670 = DEFINITIONAL_REPRESENTATION('',(#3671),#3675);
#3671 = LINE('',#3672,#3673);
#3672 = CARTESIAN_POINT('',(-16.1130897977,-2.986384674003));
#3673 = VECTOR('',#3674,1.);
#3674 = DIRECTION('',(-0.983254907564,-0.182235525492));
#3675 = ( GEOMETRIC_REPRESENTATION_CONTEXT(2) 
PARAMETRIC_REPRESENTATION_CONTEXT() REPRESENTATION_CONTEXT('2D SPACE',''
  ) );
#3676 = PCURVE('',#3677,#3682);
#3677 = PLANE('',#3678);
#3678 = AXIS2_PLACEMENT_3D('',#3679,#3680,#3681);
#3679 = CARTESIAN_POINT('',(-16.1130897977,-2.986384674003,0.));
#3680 = DIRECTION('',(0.182235525492,-0.983254907564,0.));
#3681 = DIRECTION('',(-0.983254907564,-0.182235525492,0.));
#3682 = DEFINITIONAL_REPRESENTATION('',(#3683),#3687);
#3683 = LINE('',#3684,#3685);
#3684 = CARTESIAN_POINT('',(0.,0.));
#3685 = VECTOR('',#3686,1.);
#3686 = DIRECTION('',(1.,0.));
#3687 = ( GEOMETRIC_REPRESENTATION_CONTEXT(2) 
PARAMETRIC_REPRESENTATION_CONTEXT() REPRESENTATION_CONTEXT('2D SPACE',''
  ) );
#3688 = ORIENTED_EDGE('',*,*,#3689,.F.);
#3689 = EDGE_CURVE('',#3690,#3662,#3692,.T.);
#3690 = VERTEX_POINT('',#3691);
#3691 = CARTESIAN_POINT('',(-15.93471207051,-3.825585900189,0.));
#3692 = SURFACE_CURVE('',#3693,(#3697,#3704),.PCURVE_S1.);
#3693 = LINE('',#3694,#3695);
#3694 = CARTESIAN_POINT('',(-15.93471207051,-3.825585900189,0.));
#3695 = VECTOR('',#3696,1.);
#3696 = DIRECTION('',(-0.207911690818,0.978147600734,0.));
#3697 = PCURVE('',#45,#3698);
#3698 = DEFINITIONAL_REPRESENTATION('',(#3699),#3703);
#3699 = LINE('',#3700,#3701);
#3700 = CARTESIAN_POINT('',(-15.93471207051,-3.825585900189));
#3701 = VECTOR('',#3702,1.);
#3702 = DIRECTION('',(-0.207911690818,0.978147600734));
#3703 = ( GEOMETRIC_REPRESENTATION_CONTEXT(2) 
PARAMETRIC_REPRESENTATION_CONTEXT() REPRESENTATION_CONTEXT('2D SPACE',''
  ) );
#3704 = PCURVE('',#3705,#3710);
#3705 = PLANE('',#3706);
#3706 = AXIS2_PLACEMENT_3D('',#3707,#3708,#3709);
#3707 = CARTESIAN_POINT('',(-15.93471207051,-3.825585900189,0.));
#3708 = DIRECTION('',(-0.978147600734,-0.207911690818,0.));
#3709 = DIRECTION('',(-0.207911690818,0.978147600734,0.));
#3710 = DEFINITIONAL_REPRESENTATION('',(#3711),#3715);
#3711 = LINE('',#3712,#3713);
#3712 = CARTESIAN_POINT('',(0.,0.));
#3713 = VECTOR('',#3714,1.);
#3714 = DIRECTION('',(1.,0.));
#3715 = ( GEOMETRIC_REPRESENTATION_CONTEXT(2) 
PARAMETRIC_REPRESENTATION_CONTEXT() REPRESENTATION_CONTEXT('2D SPACE',''
  ) );
#3716 = ORIENTED_EDGE('',*,*,#3717,.F.);
#3717 = EDGE_CURVE('',#3718,#3690,#3720,.T.);
#3718 = VERTEX_POINT('',#3719);
#3719 = CARTESIAN_POINT('',(-18.08608051939,-4.342083767721,0.));
#3720 = SURFACE_CURVE('',#3721,(#3725,#3732),.PCURVE_S1.);
#3721 = LINE('',#3722,#3723);
#3722 = CARTESIAN_POINT('',(-19.89468857133,-4.776292144492,0.));
#3723 = VECTOR('',#3724,1.);
#3724 = DIRECTION('',(0.972369920398,0.233445363856,0.));
#3725 = PCURVE('',#45,#3726);
#3726 = DEFINITIONAL_REPRESENTATION('',(#3727),#3731);
#3727 = LINE('',#3728,#3729);
#3728 = CARTESIAN_POINT('',(-19.89468857133,-4.776292144492));
#3729 = VECTOR('',#3730,1.);
#3730 = DIRECTION('',(0.972369920398,0.233445363856));
#3731 = ( GEOMETRIC_REPRESENTATION_CONTEXT(2) 
PARAMETRIC_REPRESENTATION_CONTEXT() REPRESENTATION_CONTEXT('2D SPACE',''
  ) );
#3732 = PCURVE('',#3733,#3738);
#3733 = PLANE('',#3734);
#3734 = AXIS2_PLACEMENT_3D('',#3735,#3736,#3737);
#3735 = CARTESIAN_POINT('',(-19.89468857133,-4.776292144492,0.));
#3736 = DIRECTION('',(-0.233445363856,0.972369920398,0.));
#3737 = DIRECTION('',(0.972369920398,0.233445363856,0.));
#3738 = DEFINITIONAL_REPRESENTATION('',(#3739),#3743);
#3739 = LINE('',#3740,#3741);
#3740 = CARTESIAN_POINT('',(0.,0.));
#3741 = VECTOR('',#3742,1.);
#3742 = DIRECTION('',(1.,0.));
#3743 = ( GEOMETRIC_REPRESENTATION_CONTEXT(2) 
PARAMETRIC_REPRESENTATION_CONTEXT() REPRESENTATION_CONTEXT('2D SPACE',''
  ) );
#3744 = ORIENTED_EDGE('',*,*,#3745,.T.);
#3745 = EDGE_CURVE('',#3718,#3746,#3748,.T.);
#3746 = VERTEX_POINT('',#3747);
#3747 = CARTESIAN_POINT('',(-17.83404706854,-5.282685411492,0.));
#3748 = SURFACE_CURVE('',#3749,(#3754,#3761),.PCURVE_S1.);
#3749 = CIRCLE('',#3750,18.6);
#3750 = AXIS2_PLACEMENT_3D('',#3751,#3752,#3753);
#3751 = CARTESIAN_POINT('',(0.,0.,0.));
#3752 = DIRECTION('',(0.,0.,1.));
#3753 = DIRECTION('',(1.,0.,0.));
#3754 = PCURVE('',#45,#3755);
#3755 = DEFINITIONAL_REPRESENTATION('',(#3756),#3760);
#3756 = CIRCLE('',#3757,18.6);
#3757 = AXIS2_PLACEMENT_2D('',#3758,#3759);
#3758 = CARTESIAN_POINT('',(5.881462935653E-16,7.592810154714E-16));
#3759 = DIRECTION('',(1.,0.));
#3760 = ( GEOMETRIC_REPRESENTATION_CONTEXT(2) 
PARAMETRIC_REPRESENTATION_CONTEXT() REPRESENTATION_CONTEXT('2D SPACE',''
  ) );
#3761 = PCURVE('',#3762,#3767);
#3762 = CYLINDRICAL_SURFACE('',#3763,18.6);
#3763 = AXIS2_PLACEMENT_3D('',#3764,#3765,#3766);
#3764 = CARTESIAN_POINT('',(0.,0.,0.));
#3765 = DIRECTION('',(-0.,-0.,-1.));
#3766 = DIRECTION('',(1.,0.,0.));
#3767 = DEFINITIONAL_REPRESENTATION('',(#3768),#3772);
#3768 = LINE('',#3769,#3770);
#3769 = CARTESIAN_POINT('',(-0.,0.));
#3770 = VECTOR('',#3771,1.);
#3771 = DIRECTION('',(-1.,0.));
#3772 = ( GEOMETRIC_REPRESENTATION_CONTEXT(2) 
PARAMETRIC_REPRESENTATION_CONTEXT() REPRESENTATION_CONTEXT('2D SPACE',''
  ) );
#3773 = ORIENTED_EDGE('',*,*,#3774,.F.);
#3774 = EDGE_CURVE('',#3775,#3746,#3777,.T.);
#3775 = VERTEX_POINT('',#3776);
#3776 = CARTESIAN_POINT('',(-15.71265840515,-4.654301461336,0.));
#3777 = SURFACE_CURVE('',#3778,(#3782,#3789),.PCURVE_S1.);
#3778 = LINE('',#3779,#3780);
#3779 = CARTESIAN_POINT('',(-15.71265840515,-4.654301461336,0.));
#3780 = VECTOR('',#3781,1.);
#3781 = DIRECTION('',(-0.958819734868,-0.284015344704,0.));
#3782 = PCURVE('',#45,#3783);
#3783 = DEFINITIONAL_REPRESENTATION('',(#3784),#3788);
#3784 = LINE('',#3785,#3786);
#3785 = CARTESIAN_POINT('',(-15.71265840515,-4.654301461336));
#3786 = VECTOR('',#3787,1.);
#3787 = DIRECTION('',(-0.958819734868,-0.284015344704));
#3788 = ( GEOMETRIC_REPRESENTATION_CONTEXT(2) 
PARAMETRIC_REPRESENTATION_CONTEXT() REPRESENTATION_CONTEXT('2D SPACE',''
  ) );
#3789 = PCURVE('',#3790,#3795);
#3790 = PLANE('',#3791);
#3791 = AXIS2_PLACEMENT_3D('',#3792,#3793,#3794);
#3792 = CARTESIAN_POINT('',(-15.71265840515,-4.654301461336,0.));
#3793 = DIRECTION('',(0.284015344704,-0.958819734868,0.));
#3794 = DIRECTION('',(-0.958819734868,-0.284015344704,0.));
#3795 = DEFINITIONAL_REPRESENTATION('',(#3796),#3800);
#3796 = LINE('',#3797,#3798);
#3797 = CARTESIAN_POINT('',(0.,0.));
#3798 = VECTOR('',#3799,1.);
#3799 = DIRECTION('',(1.,0.));
#3800 = ( GEOMETRIC_REPRESENTATION_CONTEXT(2) 
PARAMETRIC_REPRESENTATION_CONTEXT() REPRESENTATION_CONTEXT('2D SPACE',''
  ) );
#3801 = ORIENTED_EDGE('',*,*,#3802,.F.);
#3802 = EDGE_CURVE('',#3803,#3775,#3805,.T.);
#3803 = VERTEX_POINT('',#3804);
#3804 = CARTESIAN_POINT('',(-15.44753743527,-5.470259905693,0.));
#3805 = SURFACE_CURVE('',#3806,(#3810,#3817),.PCURVE_S1.);
#3806 = LINE('',#3807,#3808);
#3807 = CARTESIAN_POINT('',(-15.44753743527,-5.470259905693,0.));
#3808 = VECTOR('',#3809,1.);
#3809 = DIRECTION('',(-0.309016994375,0.951056516295,0.));
#3810 = PCURVE('',#45,#3811);
#3811 = DEFINITIONAL_REPRESENTATION('',(#3812),#3816);
#3812 = LINE('',#3813,#3814);
#3813 = CARTESIAN_POINT('',(-15.44753743527,-5.470259905693));
#3814 = VECTOR('',#3815,1.);
#3815 = DIRECTION('',(-0.309016994375,0.951056516295));
#3816 = ( GEOMETRIC_REPRESENTATION_CONTEXT(2) 
PARAMETRIC_REPRESENTATION_CONTEXT() REPRESENTATION_CONTEXT('2D SPACE',''
  ) );
#3817 = PCURVE('',#3818,#3823);
#3818 = PLANE('',#3819);
#3819 = AXIS2_PLACEMENT_3D('',#3820,#3821,#3822);
#3820 = CARTESIAN_POINT('',(-15.44753743527,-5.470259905693,0.));
#3821 = DIRECTION('',(-0.951056516295,-0.309016994375,0.));
#3822 = DIRECTION('',(-0.309016994375,0.951056516295,0.));
#3823 = DEFINITIONAL_REPRESENTATION('',(#3824),#3828);
#3824 = LINE('',#3825,#3826);
#3825 = CARTESIAN_POINT('',(0.,0.));
#3826 = VECTOR('',#3827,1.);
#3827 = DIRECTION('',(1.,0.));
#3828 = ( GEOMETRIC_REPRESENTATION_CONTEXT(2) 
PARAMETRIC_REPRESENTATION_CONTEXT() REPRESENTATION_CONTEXT('2D SPACE',''
  ) );
#3829 = ORIENTED_EDGE('',*,*,#3830,.F.);
#3830 = EDGE_CURVE('',#3831,#3803,#3833,.T.);
#3831 = VERTEX_POINT('',#3832);
#3832 = CARTESIAN_POINT('',(-17.53313173431,-6.208807581748,0.));
#3833 = SURFACE_CURVE('',#3834,(#3838,#3845),.PCURVE_S1.);
#3834 = LINE('',#3835,#3836);
#3835 = CARTESIAN_POINT('',(-19.28644490774,-6.829688339923,0.));
#3836 = VECTOR('',#3837,1.);
#3837 = DIRECTION('',(0.942641491092,0.333806859234,0.));
#3838 = PCURVE('',#45,#3839);
#3839 = DEFINITIONAL_REPRESENTATION('',(#3840),#3844);
#3840 = LINE('',#3841,#3842);
#3841 = CARTESIAN_POINT('',(-19.28644490774,-6.829688339923));
#3842 = VECTOR('',#3843,1.);
#3843 = DIRECTION('',(0.942641491092,0.333806859234));
#3844 = ( GEOMETRIC_REPRESENTATION_CONTEXT(2) 
PARAMETRIC_REPRESENTATION_CONTEXT() REPRESENTATION_CONTEXT('2D SPACE',''
  ) );
#3845 = PCURVE('',#3846,#3851);
#3846 = PLANE('',#3847);
#3847 = AXIS2_PLACEMENT_3D('',#3848,#3849,#3850);
#3848 = CARTESIAN_POINT('',(-19.28644490774,-6.829688339923,0.));
#3849 = DIRECTION('',(-0.333806859234,0.942641491092,0.));
#3850 = DIRECTION('',(0.942641491092,0.333806859234,0.));
#3851 = DEFINITIONAL_REPRESENTATION('',(#3852),#3856);
#3852 = LINE('',#3853,#3854);
#3853 = CARTESIAN_POINT('',(0.,0.));
#3854 = VECTOR('',#3855,1.);
#3855 = DIRECTION('',(1.,0.));
#3856 = ( GEOMETRIC_REPRESENTATION_CONTEXT(2) 
PARAMETRIC_REPRESENTATION_CONTEXT() REPRESENTATION_CONTEXT('2D SPACE',''
  ) );
#3857 = ORIENTED_EDGE('',*,*,#3858,.T.);
#3858 = EDGE_CURVE('',#3831,#3859,#3861,.T.);
#3859 = VERTEX_POINT('',#3860);
#3860 = CARTESIAN_POINT('',(-17.18415930471,-7.117911841991,0.));
#3861 = SURFACE_CURVE('',#3862,(#3867,#3874),.PCURVE_S1.);
#3862 = CIRCLE('',#3863,18.6);
#3863 = AXIS2_PLACEMENT_3D('',#3864,#3865,#3866);
#3864 = CARTESIAN_POINT('',(0.,0.,0.));
#3865 = DIRECTION('',(0.,0.,1.));
#3866 = DIRECTION('',(1.,0.,0.));
#3867 = PCURVE('',#45,#3868);
#3868 = DEFINITIONAL_REPRESENTATION('',(#3869),#3873);
#3869 = CIRCLE('',#3870,18.6);
#3870 = AXIS2_PLACEMENT_2D('',#3871,#3872);
#3871 = CARTESIAN_POINT('',(5.881462935653E-16,7.592810154714E-16));
#3872 = DIRECTION('',(1.,0.));
#3873 = ( GEOMETRIC_REPRESENTATION_CONTEXT(2) 
PARAMETRIC_REPRESENTATION_CONTEXT() REPRESENTATION_CONTEXT('2D SPACE',''
  ) );
#3874 = PCURVE('',#3875,#3880);
#3875 = CYLINDRICAL_SURFACE('',#3876,18.6);
#3876 = AXIS2_PLACEMENT_3D('',#3877,#3878,#3879);
#3877 = CARTESIAN_POINT('',(0.,0.,0.));
#3878 = DIRECTION('',(-0.,-0.,-1.));
#3879 = DIRECTION('',(1.,0.,0.));
#3880 = DEFINITIONAL_REPRESENTATION('',(#3881),#3885);
#3881 = LINE('',#3882,#3883);
#3882 = CARTESIAN_POINT('',(-0.,0.));
#3883 = VECTOR('',#3884,1.);
#3884 = DIRECTION('',(-1.,0.));
#3885 = ( GEOMETRIC_REPRESENTATION_CONTEXT(2) 
PARAMETRIC_REPRESENTATION_CONTEXT() REPRESENTATION_CONTEXT('2D SPACE',''
  ) );
#3886 = ORIENTED_EDGE('',*,*,#3887,.F.);
#3887 = EDGE_CURVE('',#3888,#3859,#3890,.T.);
#3888 = VERTEX_POINT('',#3889);
#3889 = CARTESIAN_POINT('',(-15.14007583902,-6.271224747883,0.));
#3890 = SURFACE_CURVE('',#3891,(#3895,#3902),.PCURVE_S1.);
#3891 = LINE('',#3892,#3893);
#3892 = CARTESIAN_POINT('',(-15.14007583902,-6.271224747883,0.));
#3893 = VECTOR('',#3894,1.);
#3894 = DIRECTION('',(-0.923879532511,-0.382683432365,0.));
#3895 = PCURVE('',#45,#3896);
#3896 = DEFINITIONAL_REPRESENTATION('',(#3897),#3901);
#3897 = LINE('',#3898,#3899);
#3898 = CARTESIAN_POINT('',(-15.14007583902,-6.271224747883));
#3899 = VECTOR('',#3900,1.);
#3900 = DIRECTION('',(-0.923879532511,-0.382683432365));
#3901 = ( GEOMETRIC_REPRESENTATION_CONTEXT(2) 
PARAMETRIC_REPRESENTATION_CONTEXT() REPRESENTATION_CONTEXT('2D SPACE',''
  ) );
#3902 = PCURVE('',#3903,#3908);
#3903 = PLANE('',#3904);
#3904 = AXIS2_PLACEMENT_3D('',#3905,#3906,#3907);
#3905 = CARTESIAN_POINT('',(-15.14007583902,-6.271224747883,0.));
#3906 = DIRECTION('',(0.382683432365,-0.923879532511,0.));
#3907 = DIRECTION('',(-0.923879532511,-0.382683432365,0.));
#3908 = DEFINITIONAL_REPRESENTATION('',(#3909),#3913);
#3909 = LINE('',#3910,#3911);
#3910 = CARTESIAN_POINT('',(0.,0.));
#3911 = VECTOR('',#3912,1.);
#3912 = DIRECTION('',(1.,0.));
#3913 = ( GEOMETRIC_REPRESENTATION_CONTEXT(2) 
PARAMETRIC_REPRESENTATION_CONTEXT() REPRESENTATION_CONTEXT('2D SPACE',''
  ) );
#3914 = ORIENTED_EDGE('',*,*,#3915,.F.);
#3915 = EDGE_CURVE('',#3916,#3888,#3918,.T.);
#3916 = VERTEX_POINT('',#3917);
#3917 = CARTESIAN_POINT('',(-14.79111634728,-7.055000598946,0.));
#3918 = SURFACE_CURVE('',#3919,(#3923,#3930),.PCURVE_S1.);
#3919 = LINE('',#3920,#3921);
#3920 = CARTESIAN_POINT('',(-14.79111634728,-7.055000598946,0.));
#3921 = VECTOR('',#3922,1.);
#3922 = DIRECTION('',(-0.406736643076,0.913545457643,0.));
#3923 = PCURVE('',#45,#3924);
#3924 = DEFINITIONAL_REPRESENTATION('',(#3925),#3929);
#3925 = LINE('',#3926,#3927);
#3926 = CARTESIAN_POINT('',(-14.79111634728,-7.055000598946));
#3927 = VECTOR('',#3928,1.);
#3928 = DIRECTION('',(-0.406736643076,0.913545457643));
#3929 = ( GEOMETRIC_REPRESENTATION_CONTEXT(2) 
PARAMETRIC_REPRESENTATION_CONTEXT() REPRESENTATION_CONTEXT('2D SPACE',''
  ) );
#3930 = PCURVE('',#3931,#3936);
#3931 = PLANE('',#3932);
#3932 = AXIS2_PLACEMENT_3D('',#3933,#3934,#3935);
#3933 = CARTESIAN_POINT('',(-14.79111634728,-7.055000598946,0.));
#3934 = DIRECTION('',(-0.913545457643,-0.406736643076,0.));
#3935 = DIRECTION('',(-0.406736643076,0.913545457643,0.));
#3936 = DEFINITIONAL_REPRESENTATION('',(#3937),#3941);
#3937 = LINE('',#3938,#3939);
#3938 = CARTESIAN_POINT('',(0.,0.));
#3939 = VECTOR('',#3940,1.);
#3940 = DIRECTION('',(1.,0.));
#3941 = ( GEOMETRIC_REPRESENTATION_CONTEXT(2) 
PARAMETRIC_REPRESENTATION_CONTEXT() REPRESENTATION_CONTEXT('2D SPACE',''
  ) );
#3942 = ORIENTED_EDGE('',*,*,#3943,.F.);
#3943 = EDGE_CURVE('',#3944,#3916,#3946,.T.);
#3944 = VERTEX_POINT('',#3945);
#3945 = CARTESIAN_POINT('',(-16.7880862889,-8.007506400634,0.));
#3946 = SURFACE_CURVE('',#3947,(#3951,#3958),.PCURVE_S1.);
#3947 = LINE('',#3948,#3949);
#3948 = CARTESIAN_POINT('',(-18.46689491779,-8.808257040698,0.));
#3949 = VECTOR('',#3950,1.);
#3950 = DIRECTION('',(0.90258528435,0.430511096808,0.));
#3951 = PCURVE('',#45,#3952);
#3952 = DEFINITIONAL_REPRESENTATION('',(#3953),#3957);
#3953 = LINE('',#3954,#3955);
#3954 = CARTESIAN_POINT('',(-18.46689491779,-8.808257040698));
#3955 = VECTOR('',#3956,1.);
#3956 = DIRECTION('',(0.90258528435,0.430511096808));
#3957 = ( GEOMETRIC_REPRESENTATION_CONTEXT(2) 
PARAMETRIC_REPRESENTATION_CONTEXT() REPRESENTATION_CONTEXT('2D SPACE',''
  ) );
#3958 = PCURVE('',#3959,#3964);
#3959 = PLANE('',#3960);
#3960 = AXIS2_PLACEMENT_3D('',#3961,#3962,#3963);
#3961 = CARTESIAN_POINT('',(-18.46689491779,-8.808257040698,0.));
#3962 = DIRECTION('',(-0.430511096808,0.90258528435,0.));
#3963 = DIRECTION('',(0.90258528435,0.430511096808,0.));
#3964 = DEFINITIONAL_REPRESENTATION('',(#3965),#3969);
#3965 = LINE('',#3966,#3967);
#3966 = CARTESIAN_POINT('',(0.,0.));
#3967 = VECTOR('',#3968,1.);
#3968 = DIRECTION('',(1.,0.));
#3969 = ( GEOMETRIC_REPRESENTATION_CONTEXT(2) 
PARAMETRIC_REPRESENTATION_CONTEXT() REPRESENTATION_CONTEXT('2D SPACE',''
  ) );
#3970 = ORIENTED_EDGE('',*,*,#3971,.T.);
#3971 = EDGE_CURVE('',#3944,#3972,#3974,.T.);
#3972 = VERTEX_POINT('',#3973);
#3973 = CARTESIAN_POINT('',(-16.34599829551,-8.875152940828,0.));
#3974 = SURFACE_CURVE('',#3975,(#3980,#3987),.PCURVE_S1.);
#3975 = CIRCLE('',#3976,18.6);
#3976 = AXIS2_PLACEMENT_3D('',#3977,#3978,#3979);
#3977 = CARTESIAN_POINT('',(0.,0.,0.));
#3978 = DIRECTION('',(0.,0.,1.));
#3979 = DIRECTION('',(1.,0.,0.));
#3980 = PCURVE('',#45,#3981);
#3981 = DEFINITIONAL_REPRESENTATION('',(#3982),#3986);
#3982 = CIRCLE('',#3983,18.6);
#3983 = AXIS2_PLACEMENT_2D('',#3984,#3985);
#3984 = CARTESIAN_POINT('',(5.881462935653E-16,7.592810154714E-16));
#3985 = DIRECTION('',(1.,0.));
#3986 = ( GEOMETRIC_REPRESENTATION_CONTEXT(2) 
PARAMETRIC_REPRESENTATION_CONTEXT() REPRESENTATION_CONTEXT('2D SPACE',''
  ) );
#3987 = PCURVE('',#3988,#3993);
#3988 = CYLINDRICAL_SURFACE('',#3989,18.6);
#3989 = AXIS2_PLACEMENT_3D('',#3990,#3991,#3992);
#3990 = CARTESIAN_POINT('',(0.,0.,0.));
#3991 = DIRECTION('',(-0.,-0.,-1.));
#3992 = DIRECTION('',(1.,0.,0.));
#3993 = DEFINITIONAL_REPRESENTATION('',(#3994),#3998);
#3994 = LINE('',#3995,#3996);
#3995 = CARTESIAN_POINT('',(-0.,0.));
#3996 = VECTOR('',#3997,1.);
#3997 = DIRECTION('',(-1.,0.));
#3998 = ( GEOMETRIC_REPRESENTATION_CONTEXT(2) 
PARAMETRIC_REPRESENTATION_CONTEXT() REPRESENTATION_CONTEXT('2D SPACE',''
  ) );
#3999 = ORIENTED_EDGE('',*,*,#4000,.F.);
#4000 = EDGE_CURVE('',#4001,#3972,#4003,.T.);
#4001 = VERTEX_POINT('',#4002);
#4002 = CARTESIAN_POINT('',(-14.40161543374,-7.819439183754,0.));
#4003 = SURFACE_CURVE('',#4004,(#4008,#4015),.PCURVE_S1.);
#4004 = LINE('',#4005,#4006);
#4005 = CARTESIAN_POINT('',(-14.40161543374,-7.819439183754,0.));
#4006 = VECTOR('',#4007,1.);
#4007 = DIRECTION('',(-0.878817112662,-0.47715876026,0.));
#4008 = PCURVE('',#45,#4009);
#4009 = DEFINITIONAL_REPRESENTATION('',(#4010),#4014);
#4010 = LINE('',#4011,#4012);
#4011 = CARTESIAN_POINT('',(-14.40161543374,-7.819439183754));
#4012 = VECTOR('',#4013,1.);
#4013 = DIRECTION('',(-0.878817112662,-0.47715876026));
#4014 = ( GEOMETRIC_REPRESENTATION_CONTEXT(2) 
PARAMETRIC_REPRESENTATION_CONTEXT() REPRESENTATION_CONTEXT('2D SPACE',''
  ) );
#4015 = PCURVE('',#4016,#4021);
#4016 = PLANE('',#4017);
#4017 = AXIS2_PLACEMENT_3D('',#4018,#4019,#4020);
#4018 = CARTESIAN_POINT('',(-14.40161543374,-7.819439183754,0.));
#4019 = DIRECTION('',(0.47715876026,-0.878817112662,0.));
#4020 = DIRECTION('',(-0.878817112662,-0.47715876026,0.));
#4021 = DEFINITIONAL_REPRESENTATION('',(#4022),#4026);
#4022 = LINE('',#4023,#4024);
#4023 = CARTESIAN_POINT('',(0.,0.));
#4024 = VECTOR('',#4025,1.);
#4025 = DIRECTION('',(1.,0.));
#4026 = ( GEOMETRIC_REPRESENTATION_CONTEXT(2) 
PARAMETRIC_REPRESENTATION_CONTEXT() REPRESENTATION_CONTEXT('2D SPACE',''
  ) );
#4027 = ORIENTED_EDGE('',*,*,#4028,.F.);
#4028 = EDGE_CURVE('',#4029,#4001,#4031,.T.);
#4029 = VERTEX_POINT('',#4030);
#4030 = CARTESIAN_POINT('',(-13.97264069335,-8.562445229283,0.));
#4031 = SURFACE_CURVE('',#4032,(#4036,#4043),.PCURVE_S1.);
#4032 = LINE('',#4033,#4034);
#4033 = CARTESIAN_POINT('',(-13.97264069335,-8.562445229283,0.));
#4034 = VECTOR('',#4035,1.);
#4035 = DIRECTION('',(-0.5,0.866025403784,0.));
#4036 = PCURVE('',#45,#4037);
#4037 = DEFINITIONAL_REPRESENTATION('',(#4038),#4042);
#4038 = LINE('',#4039,#4040);
#4039 = CARTESIAN_POINT('',(-13.97264069335,-8.562445229283));
#4040 = VECTOR('',#4041,1.);
#4041 = DIRECTION('',(-0.5,0.866025403784));
#4042 = ( GEOMETRIC_REPRESENTATION_CONTEXT(2) 
PARAMETRIC_REPRESENTATION_CONTEXT() REPRESENTATION_CONTEXT('2D SPACE',''
  ) );
#4043 = PCURVE('',#4044,#4049);
#4044 = PLANE('',#4045);
#4045 = AXIS2_PLACEMENT_3D('',#4046,#4047,#4048);
#4046 = CARTESIAN_POINT('',(-13.97264069335,-8.562445229283,0.));
#4047 = DIRECTION('',(-0.866025403784,-0.5,0.));
#4048 = DIRECTION('',(-0.5,0.866025403784,0.));
#4049 = DEFINITIONAL_REPRESENTATION('',(#4050),#4054);
#4050 = LINE('',#4051,#4052);
#4051 = CARTESIAN_POINT('',(0.,0.));
#4052 = VECTOR('',#4053,1.);
#4053 = DIRECTION('',(1.,0.));
#4054 = ( GEOMETRIC_REPRESENTATION_CONTEXT(2) 
PARAMETRIC_REPRESENTATION_CONTEXT() REPRESENTATION_CONTEXT('2D SPACE',''
  ) );
#4055 = ORIENTED_EDGE('',*,*,#4056,.F.);
#4056 = EDGE_CURVE('',#4057,#4029,#4059,.T.);
#4057 = VERTEX_POINT('',#4058);
#4058 = CARTESIAN_POINT('',(-15.85910705698,-9.718473303717,0.));
#4059 = SURFACE_CURVE('',#4060,(#4064,#4071),.PCURVE_S1.);
#4060 = LINE('',#4061,#4062);
#4061 = CARTESIAN_POINT('',(-17.44501776268,-10.69032063408,0.));
#4062 = VECTOR('',#4063,1.);
#4063 = DIRECTION('',(0.852640164354,0.522498564716,0.));
#4064 = PCURVE('',#45,#4065);
#4065 = DEFINITIONAL_REPRESENTATION('',(#4066),#4070);
#4066 = LINE('',#4067,#4068);
#4067 = CARTESIAN_POINT('',(-17.44501776268,-10.69032063408));
#4068 = VECTOR('',#4069,1.);
#4069 = DIRECTION('',(0.852640164354,0.522498564716));
#4070 = ( GEOMETRIC_REPRESENTATION_CONTEXT(2) 
PARAMETRIC_REPRESENTATION_CONTEXT() REPRESENTATION_CONTEXT('2D SPACE',''
  ) );
#4071 = PCURVE('',#4072,#4077);
#4072 = PLANE('',#4073);
#4073 = AXIS2_PLACEMENT_3D('',#4074,#4075,#4076);
#4074 = CARTESIAN_POINT('',(-17.44501776268,-10.69032063408,0.));
#4075 = DIRECTION('',(-0.522498564716,0.852640164354,0.));
#4076 = DIRECTION('',(0.852640164354,0.522498564716,0.));
#4077 = DEFINITIONAL_REPRESENTATION('',(#4078),#4082);
#4078 = LINE('',#4079,#4080);
#4079 = CARTESIAN_POINT('',(0.,0.));
#4080 = VECTOR('',#4081,1.);
#4081 = DIRECTION('',(1.,0.));
#4082 = ( GEOMETRIC_REPRESENTATION_CONTEXT(2) 
PARAMETRIC_REPRESENTATION_CONTEXT() REPRESENTATION_CONTEXT('2D SPACE',''
  ) );
#4083 = ORIENTED_EDGE('',*,*,#4084,.T.);
#4084 = EDGE_CURVE('',#4057,#4085,#4087,.T.);
#4085 = VERTEX_POINT('',#4086);
#4086 = CARTESIAN_POINT('',(-15.32874710837,-10.5351560068,0.));
#4087 = SURFACE_CURVE('',#4088,(#4093,#4100),.PCURVE_S1.);
#4088 = CIRCLE('',#4089,18.6);
#4089 = AXIS2_PLACEMENT_3D('',#4090,#4091,#4092);
#4090 = CARTESIAN_POINT('',(0.,0.,0.));
#4091 = DIRECTION('',(0.,0.,1.));
#4092 = DIRECTION('',(1.,0.,0.));
#4093 = PCURVE('',#45,#4094);
#4094 = DEFINITIONAL_REPRESENTATION('',(#4095),#4099);
#4095 = CIRCLE('',#4096,18.6);
#4096 = AXIS2_PLACEMENT_2D('',#4097,#4098);
#4097 = CARTESIAN_POINT('',(5.881462935653E-16,7.592810154714E-16));
#4098 = DIRECTION('',(1.,0.));
#4099 = ( GEOMETRIC_REPRESENTATION_CONTEXT(2) 
PARAMETRIC_REPRESENTATION_CONTEXT() REPRESENTATION_CONTEXT('2D SPACE',''
  ) );
#4100 = PCURVE('',#4101,#4106);
#4101 = CYLINDRICAL_SURFACE('',#4102,18.6);
#4102 = AXIS2_PLACEMENT_3D('',#4103,#4104,#4105);
#4103 = CARTESIAN_POINT('',(0.,0.,0.));
#4104 = DIRECTION('',(-0.,-0.,-1.));
#4105 = DIRECTION('',(1.,0.,0.));
#4106 = DEFINITIONAL_REPRESENTATION('',(#4107),#4111);
#4107 = LINE('',#4108,#4109);
#4108 = CARTESIAN_POINT('',(-0.,0.));
#4109 = VECTOR('',#4110,1.);
#4110 = DIRECTION('',(-1.,0.));
#4111 = ( GEOMETRIC_REPRESENTATION_CONTEXT(2) 
PARAMETRIC_REPRESENTATION_CONTEXT() REPRESENTATION_CONTEXT('2D SPACE',''
  ) );
#4112 = ORIENTED_EDGE('',*,*,#4113,.F.);
#4113 = EDGE_CURVE('',#4114,#4085,#4116,.T.);
#4114 = VERTEX_POINT('',#4115);
#4115 = CARTESIAN_POINT('',(-13.50536791604,-9.281982207606,0.));
#4116 = SURFACE_CURVE('',#4117,(#4121,#4128),.PCURVE_S1.);
#4117 = LINE('',#4118,#4119);
#4118 = CARTESIAN_POINT('',(-13.50536791604,-9.281982207606,0.));
#4119 = VECTOR('',#4120,1.);
#4120 = DIRECTION('',(-0.824126188622,-0.566406236925,0.));
#4121 = PCURVE('',#45,#4122);
#4122 = DEFINITIONAL_REPRESENTATION('',(#4123),#4127);
#4123 = LINE('',#4124,#4125);
#4124 = CARTESIAN_POINT('',(-13.50536791604,-9.281982207606));
#4125 = VECTOR('',#4126,1.);
#4126 = DIRECTION('',(-0.824126188622,-0.566406236925));
#4127 = ( GEOMETRIC_REPRESENTATION_CONTEXT(2) 
PARAMETRIC_REPRESENTATION_CONTEXT() REPRESENTATION_CONTEXT('2D SPACE',''
  ) );
#4128 = PCURVE('',#4129,#4134);
#4129 = PLANE('',#4130);
#4130 = AXIS2_PLACEMENT_3D('',#4131,#4132,#4133);
#4131 = CARTESIAN_POINT('',(-13.50536791604,-9.281982207606,0.));
#4132 = DIRECTION('',(0.566406236925,-0.824126188622,0.));
#4133 = DIRECTION('',(-0.824126188622,-0.566406236925,0.));
#4134 = DEFINITIONAL_REPRESENTATION('',(#4135),#4139);
#4135 = LINE('',#4136,#4137);
#4136 = CARTESIAN_POINT('',(0.,0.));
#4137 = VECTOR('',#4138,1.);
#4138 = DIRECTION('',(1.,0.));
#4139 = ( GEOMETRIC_REPRESENTATION_CONTEXT(2) 
PARAMETRIC_REPRESENTATION_CONTEXT() REPRESENTATION_CONTEXT('2D SPACE',''
  ) );
#4140 = ORIENTED_EDGE('',*,*,#4141,.F.);
#4141 = EDGE_CURVE('',#4142,#4114,#4144,.T.);
#4142 = VERTEX_POINT('',#4143);
#4143 = CARTESIAN_POINT('',(-13.00107786402,-9.97607791788,0.));
#4144 = SURFACE_CURVE('',#4145,(#4149,#4156),.PCURVE_S1.);
#4145 = LINE('',#4146,#4147);
#4146 = CARTESIAN_POINT('',(-13.00107786402,-9.97607791788,0.));
#4147 = VECTOR('',#4148,1.);
#4148 = DIRECTION('',(-0.587785252292,0.809016994375,0.));
#4149 = PCURVE('',#45,#4150);
#4150 = DEFINITIONAL_REPRESENTATION('',(#4151),#4155);
#4151 = LINE('',#4152,#4153);
#4152 = CARTESIAN_POINT('',(-13.00107786402,-9.97607791788));
#4153 = VECTOR('',#4154,1.);
#4154 = DIRECTION('',(-0.587785252292,0.809016994375));
#4155 = ( GEOMETRIC_REPRESENTATION_CONTEXT(2) 
PARAMETRIC_REPRESENTATION_CONTEXT() REPRESENTATION_CONTEXT('2D SPACE',''
  ) );
#4156 = PCURVE('',#4157,#4162);
#4157 = PLANE('',#4158);
#4158 = AXIS2_PLACEMENT_3D('',#4159,#4160,#4161);
#4159 = CARTESIAN_POINT('',(-13.00107786402,-9.97607791788,0.));
#4160 = DIRECTION('',(-0.809016994375,-0.587785252292,0.));
#4161 = DIRECTION('',(-0.587785252292,0.809016994375,0.));
#4162 = DEFINITIONAL_REPRESENTATION('',(#4163),#4167);
#4163 = LINE('',#4164,#4165);
#4164 = CARTESIAN_POINT('',(0.,0.));
#4165 = VECTOR('',#4166,1.);
#4166 = DIRECTION('',(1.,0.));
#4167 = ( GEOMETRIC_REPRESENTATION_CONTEXT(2) 
PARAMETRIC_REPRESENTATION_CONTEXT() REPRESENTATION_CONTEXT('2D SPACE',''
  ) );
#4168 = ORIENTED_EDGE('',*,*,#4169,.F.);
#4169 = EDGE_CURVE('',#4170,#4142,#4172,.T.);
#4170 = VERTEX_POINT('',#4171);
#4171 = CARTESIAN_POINT('',(-14.75637212941,-11.32296257956,0.));
#4172 = SURFACE_CURVE('',#4173,(#4177,#4184),.PCURVE_S1.);
#4173 = LINE('',#4174,#4175);
#4174 = CARTESIAN_POINT('',(-16.23200934235,-12.45525883751,0.));
#4175 = VECTOR('',#4176,1.);
#4176 = DIRECTION('',(0.793353340291,0.608761429009,0.));
#4177 = PCURVE('',#45,#4178);
#4178 = DEFINITIONAL_REPRESENTATION('',(#4179),#4183);
#4179 = LINE('',#4180,#4181);
#4180 = CARTESIAN_POINT('',(-16.23200934235,-12.45525883751));
#4181 = VECTOR('',#4182,1.);
#4182 = DIRECTION('',(0.793353340291,0.608761429009));
#4183 = ( GEOMETRIC_REPRESENTATION_CONTEXT(2) 
PARAMETRIC_REPRESENTATION_CONTEXT() REPRESENTATION_CONTEXT('2D SPACE',''
  ) );
#4184 = PCURVE('',#4185,#4190);
#4185 = PLANE('',#4186);
#4186 = AXIS2_PLACEMENT_3D('',#4187,#4188,#4189);
#4187 = CARTESIAN_POINT('',(-16.23200934235,-12.45525883751,0.));
#4188 = DIRECTION('',(-0.608761429009,0.793353340291,0.));
#4189 = DIRECTION('',(0.793353340291,0.608761429009,0.));
#4190 = DEFINITIONAL_REPRESENTATION('',(#4191),#4195);
#4191 = LINE('',#4192,#4193);
#4192 = CARTESIAN_POINT('',(0.,0.));
#4193 = VECTOR('',#4194,1.);
#4194 = DIRECTION('',(1.,0.));
#4195 = ( GEOMETRIC_REPRESENTATION_CONTEXT(2) 
PARAMETRIC_REPRESENTATION_CONTEXT() REPRESENTATION_CONTEXT('2D SPACE',''
  ) );
#4196 = ORIENTED_EDGE('',*,*,#4197,.T.);
#4197 = EDGE_CURVE('',#4170,#4198,#4200,.T.);
#4198 = VERTEX_POINT('',#4199);
#4199 = CARTESIAN_POINT('',(-14.14355096016,-12.07973369894,0.));
#4200 = SURFACE_CURVE('',#4201,(#4206,#4213),.PCURVE_S1.);
#4201 = CIRCLE('',#4202,18.6);
#4202 = AXIS2_PLACEMENT_3D('',#4203,#4204,#4205);
#4203 = CARTESIAN_POINT('',(0.,0.,0.));
#4204 = DIRECTION('',(0.,0.,1.));
#4205 = DIRECTION('',(1.,0.,0.));
#4206 = PCURVE('',#45,#4207);
#4207 = DEFINITIONAL_REPRESENTATION('',(#4208),#4212);
#4208 = CIRCLE('',#4209,18.6);
#4209 = AXIS2_PLACEMENT_2D('',#4210,#4211);
#4210 = CARTESIAN_POINT('',(5.881462935653E-16,7.592810154714E-16));
#4211 = DIRECTION('',(1.,0.));
#4212 = ( GEOMETRIC_REPRESENTATION_CONTEXT(2) 
PARAMETRIC_REPRESENTATION_CONTEXT() REPRESENTATION_CONTEXT('2D SPACE',''
  ) );
#4213 = PCURVE('',#4214,#4219);
#4214 = CYLINDRICAL_SURFACE('',#4215,18.6);
#4215 = AXIS2_PLACEMENT_3D('',#4216,#4217,#4218);
#4216 = CARTESIAN_POINT('',(0.,0.,0.));
#4217 = DIRECTION('',(-0.,-0.,-1.));
#4218 = DIRECTION('',(1.,0.,0.));
#4219 = DEFINITIONAL_REPRESENTATION('',(#4220),#4224);
#4220 = LINE('',#4221,#4222);
#4221 = CARTESIAN_POINT('',(-0.,0.));
#4222 = VECTOR('',#4223,1.);
#4223 = DIRECTION('',(-1.,0.));
#4224 = ( GEOMETRIC_REPRESENTATION_CONTEXT(2) 
PARAMETRIC_REPRESENTATION_CONTEXT() REPRESENTATION_CONTEXT('2D SPACE',''
  ) );
#4225 = ORIENTED_EDGE('',*,*,#4226,.F.);
#4226 = EDGE_CURVE('',#4227,#4198,#4229,.T.);
#4227 = VERTEX_POINT('',#4228);
#4228 = CARTESIAN_POINT('',(-12.46115276127,-10.64282989201,0.));
#4229 = SURFACE_CURVE('',#4230,(#4234,#4241),.PCURVE_S1.);
#4230 = LINE('',#4231,#4232);
#4231 = CARTESIAN_POINT('',(-12.46115276127,-10.64282989201,0.));
#4232 = VECTOR('',#4233,1.);
#4233 = DIRECTION('',(-0.7604059656,-0.64944804833,0.));
#4234 = PCURVE('',#45,#4235);
#4235 = DEFINITIONAL_REPRESENTATION('',(#4236),#4240);
#4236 = LINE('',#4237,#4238);
#4237 = CARTESIAN_POINT('',(-12.46115276127,-10.64282989201));
#4238 = VECTOR('',#4239,1.);
#4239 = DIRECTION('',(-0.7604059656,-0.64944804833));
#4240 = ( GEOMETRIC_REPRESENTATION_CONTEXT(2) 
PARAMETRIC_REPRESENTATION_CONTEXT() REPRESENTATION_CONTEXT('2D SPACE',''
  ) );
#4241 = PCURVE('',#4242,#4247);
#4242 = PLANE('',#4243);
#4243 = AXIS2_PLACEMENT_3D('',#4244,#4245,#4246);
#4244 = CARTESIAN_POINT('',(-12.46115276127,-10.64282989201,0.));
#4245 = DIRECTION('',(0.64944804833,-0.7604059656,0.));
#4246 = DIRECTION('',(-0.7604059656,-0.64944804833,0.));
#4247 = DEFINITIONAL_REPRESENTATION('',(#4248),#4252);
#4248 = LINE('',#4249,#4250);
#4249 = CARTESIAN_POINT('',(0.,0.));
#4250 = VECTOR('',#4251,1.);
#4251 = DIRECTION('',(1.,0.));
#4252 = ( GEOMETRIC_REPRESENTATION_CONTEXT(2) 
PARAMETRIC_REPRESENTATION_CONTEXT() REPRESENTATION_CONTEXT('2D SPACE',''
  ) );
#4253 = ORIENTED_EDGE('',*,*,#4254,.F.);
#4254 = EDGE_CURVE('',#4255,#4227,#4257,.T.);
#4255 = VERTEX_POINT('',#4256);
#4256 = CARTESIAN_POINT('',(-11.88707250496,-11.28041060918,0.));
#4257 = SURFACE_CURVE('',#4258,(#4262,#4269),.PCURVE_S1.);
#4258 = LINE('',#4259,#4260);
#4259 = CARTESIAN_POINT('',(-11.88707250496,-11.28041060918,0.));
#4260 = VECTOR('',#4261,1.);
#4261 = DIRECTION('',(-0.669130606359,0.743144825477,0.));
#4262 = PCURVE('',#45,#4263);
#4263 = DEFINITIONAL_REPRESENTATION('',(#4264),#4268);
#4264 = LINE('',#4265,#4266);
#4265 = CARTESIAN_POINT('',(-11.88707250496,-11.28041060918));
#4266 = VECTOR('',#4267,1.);
#4267 = DIRECTION('',(-0.669130606359,0.743144825477));
#4268 = ( GEOMETRIC_REPRESENTATION_CONTEXT(2) 
PARAMETRIC_REPRESENTATION_CONTEXT() REPRESENTATION_CONTEXT('2D SPACE',''
  ) );
#4269 = PCURVE('',#4270,#4275);
#4270 = PLANE('',#4271);
#4271 = AXIS2_PLACEMENT_3D('',#4272,#4273,#4274);
#4272 = CARTESIAN_POINT('',(-11.88707250496,-11.28041060918,0.));
#4273 = DIRECTION('',(-0.743144825477,-0.669130606359,0.));
#4274 = DIRECTION('',(-0.669130606359,0.743144825477,0.));
#4275 = DEFINITIONAL_REPRESENTATION('',(#4276),#4280);
#4276 = LINE('',#4277,#4278);
#4277 = CARTESIAN_POINT('',(0.,0.));
#4278 = VECTOR('',#4279,1.);
#4279 = DIRECTION('',(1.,0.));
#4280 = ( GEOMETRIC_REPRESENTATION_CONTEXT(2) 
PARAMETRIC_REPRESENTATION_CONTEXT() REPRESENTATION_CONTEXT('2D SPACE',''
  ) );
#4281 = ORIENTED_EDGE('',*,*,#4282,.F.);
#4282 = EDGE_CURVE('',#4283,#4255,#4285,.T.);
#4283 = VERTEX_POINT('',#4284);
#4284 = CARTESIAN_POINT('',(-13.49196330082,-12.8033951079,0.));
#4285 = SURFACE_CURVE('',#4286,(#4290,#4297),.PCURVE_S1.);
#4286 = LINE('',#4287,#4288);
#4287 = CARTESIAN_POINT('',(-14.84115963091,-14.08373461869,0.));
#4288 = VECTOR('',#4289,1.);
#4289 = DIRECTION('',(0.725374371012,0.688354575694,0.));
#4290 = PCURVE('',#45,#4291);
#4291 = DEFINITIONAL_REPRESENTATION('',(#4292),#4296);
#4292 = LINE('',#4293,#4294);
#4293 = CARTESIAN_POINT('',(-14.84115963091,-14.08373461869));
#4294 = VECTOR('',#4295,1.);
#4295 = DIRECTION('',(0.725374371012,0.688354575694));
#4296 = ( GEOMETRIC_REPRESENTATION_CONTEXT(2) 
PARAMETRIC_REPRESENTATION_CONTEXT() REPRESENTATION_CONTEXT('2D SPACE',''
  ) );
#4297 = PCURVE('',#4298,#4303);
#4298 = PLANE('',#4299);
#4299 = AXIS2_PLACEMENT_3D('',#4300,#4301,#4302);
#4300 = CARTESIAN_POINT('',(-14.84115963091,-14.08373461869,0.));
#4301 = DIRECTION('',(-0.688354575694,0.725374371012,0.));
#4302 = DIRECTION('',(0.725374371012,0.688354575694,0.));
#4303 = DEFINITIONAL_REPRESENTATION('',(#4304),#4308);
#4304 = LINE('',#4305,#4306);
#4305 = CARTESIAN_POINT('',(0.,0.));
#4306 = VECTOR('',#4307,1.);
#4307 = DIRECTION('',(1.,0.));
#4308 = ( GEOMETRIC_REPRESENTATION_CONTEXT(2) 
PARAMETRIC_REPRESENTATION_CONTEXT() REPRESENTATION_CONTEXT('2D SPACE',''
  ) );
#4309 = ORIENTED_EDGE('',*,*,#4310,.T.);
#4310 = EDGE_CURVE('',#4283,#4311,#4313,.T.);
#4311 = VERTEX_POINT('',#4312);
#4312 = CARTESIAN_POINT('',(-12.8033951079,-13.49196330082,0.));
#4313 = SURFACE_CURVE('',#4314,(#4319,#4326),.PCURVE_S1.);
#4314 = CIRCLE('',#4315,18.6);
#4315 = AXIS2_PLACEMENT_3D('',#4316,#4317,#4318);
#4316 = CARTESIAN_POINT('',(0.,0.,0.));
#4317 = DIRECTION('',(0.,0.,1.));
#4318 = DIRECTION('',(1.,0.,0.));
#4319 = PCURVE('',#45,#4320);
#4320 = DEFINITIONAL_REPRESENTATION('',(#4321),#4325);
#4321 = CIRCLE('',#4322,18.6);
#4322 = AXIS2_PLACEMENT_2D('',#4323,#4324);
#4323 = CARTESIAN_POINT('',(5.881462935653E-16,7.592810154714E-16));
#4324 = DIRECTION('',(1.,0.));
#4325 = ( GEOMETRIC_REPRESENTATION_CONTEXT(2) 
PARAMETRIC_REPRESENTATION_CONTEXT() REPRESENTATION_CONTEXT('2D SPACE',''
  ) );
#4326 = PCURVE('',#4327,#4332);
#4327 = CYLINDRICAL_SURFACE('',#4328,18.6);
#4328 = AXIS2_PLACEMENT_3D('',#4329,#4330,#4331);
#4329 = CARTESIAN_POINT('',(0.,0.,0.));
#4330 = DIRECTION('',(-0.,-0.,-1.));
#4331 = DIRECTION('',(1.,0.,0.));
#4332 = DEFINITIONAL_REPRESENTATION('',(#4333),#4337);
#4333 = LINE('',#4334,#4335);
#4334 = CARTESIAN_POINT('',(-0.,0.));
#4335 = VECTOR('',#4336,1.);
#4336 = DIRECTION('',(-1.,0.));
#4337 = ( GEOMETRIC_REPRESENTATION_CONTEXT(2) 
PARAMETRIC_REPRESENTATION_CONTEXT() REPRESENTATION_CONTEXT('2D SPACE',''
  ) );
#4338 = ORIENTED_EDGE('',*,*,#4339,.F.);
#4339 = EDGE_CURVE('',#4340,#4311,#4342,.T.);
#4340 = VERTEX_POINT('',#4341);
#4341 = CARTESIAN_POINT('',(-11.28041060918,-11.88707250496,0.));
#4342 = SURFACE_CURVE('',#4343,(#4347,#4354),.PCURVE_S1.);
#4343 = LINE('',#4344,#4345);
#4344 = CARTESIAN_POINT('',(-11.28041060918,-11.88707250496,0.));
#4345 = VECTOR('',#4346,1.);
#4346 = DIRECTION('',(-0.688354575694,-0.725374371012,0.));
#4347 = PCURVE('',#45,#4348);
#4348 = DEFINITIONAL_REPRESENTATION('',(#4349),#4353);
#4349 = LINE('',#4350,#4351);
#4350 = CARTESIAN_POINT('',(-11.28041060918,-11.88707250496));
#4351 = VECTOR('',#4352,1.);
#4352 = DIRECTION('',(-0.688354575694,-0.725374371012));
#4353 = ( GEOMETRIC_REPRESENTATION_CONTEXT(2) 
PARAMETRIC_REPRESENTATION_CONTEXT() REPRESENTATION_CONTEXT('2D SPACE',''
  ) );
#4354 = PCURVE('',#4355,#4360);
#4355 = PLANE('',#4356);
#4356 = AXIS2_PLACEMENT_3D('',#4357,#4358,#4359);
#4357 = CARTESIAN_POINT('',(-11.28041060918,-11.88707250496,0.));
#4358 = DIRECTION('',(0.725374371012,-0.688354575694,0.));
#4359 = DIRECTION('',(-0.688354575694,-0.725374371012,0.));
#4360 = DEFINITIONAL_REPRESENTATION('',(#4361),#4365);
#4361 = LINE('',#4362,#4363);
#4362 = CARTESIAN_POINT('',(0.,0.));
#4363 = VECTOR('',#4364,1.);
#4364 = DIRECTION('',(1.,0.));
#4365 = ( GEOMETRIC_REPRESENTATION_CONTEXT(2) 
PARAMETRIC_REPRESENTATION_CONTEXT() REPRESENTATION_CONTEXT('2D SPACE',''
  ) );
#4366 = ORIENTED_EDGE('',*,*,#4367,.F.);
#4367 = EDGE_CURVE('',#4368,#4340,#4370,.T.);
#4368 = VERTEX_POINT('',#4369);
#4369 = CARTESIAN_POINT('',(-10.64282989201,-12.46115276127,0.));
#4370 = SURFACE_CURVE('',#4371,(#4375,#4382),.PCURVE_S1.);
#4371 = LINE('',#4372,#4373);
#4372 = CARTESIAN_POINT('',(-10.64282989201,-12.46115276127,0.));
#4373 = VECTOR('',#4374,1.);
#4374 = DIRECTION('',(-0.743144825477,0.669130606359,0.));
#4375 = PCURVE('',#45,#4376);
#4376 = DEFINITIONAL_REPRESENTATION('',(#4377),#4381);
#4377 = LINE('',#4378,#4379);
#4378 = CARTESIAN_POINT('',(-10.64282989201,-12.46115276127));
#4379 = VECTOR('',#4380,1.);
#4380 = DIRECTION('',(-0.743144825477,0.669130606359));
#4381 = ( GEOMETRIC_REPRESENTATION_CONTEXT(2) 
PARAMETRIC_REPRESENTATION_CONTEXT() REPRESENTATION_CONTEXT('2D SPACE',''
  ) );
#4382 = PCURVE('',#4383,#4388);
#4383 = PLANE('',#4384);
#4384 = AXIS2_PLACEMENT_3D('',#4385,#4386,#4387);
#4385 = CARTESIAN_POINT('',(-10.64282989201,-12.46115276127,0.));
#4386 = DIRECTION('',(-0.669130606359,-0.743144825477,0.));
#4387 = DIRECTION('',(-0.743144825477,0.669130606359,0.));
#4388 = DEFINITIONAL_REPRESENTATION('',(#4389),#4393);
#4389 = LINE('',#4390,#4391);
#4390 = CARTESIAN_POINT('',(0.,0.));
#4391 = VECTOR('',#4392,1.);
#4392 = DIRECTION('',(1.,0.));
#4393 = ( GEOMETRIC_REPRESENTATION_CONTEXT(2) 
PARAMETRIC_REPRESENTATION_CONTEXT() REPRESENTATION_CONTEXT('2D SPACE',''
  ) );
#4394 = ORIENTED_EDGE('',*,*,#4395,.F.);
#4395 = EDGE_CURVE('',#4396,#4368,#4398,.T.);
#4396 = VERTEX_POINT('',#4397);
#4397 = CARTESIAN_POINT('',(-12.07973369894,-14.14355096016,0.));
#4398 = SURFACE_CURVE('',#4399,(#4403,#4410),.PCURVE_S1.);
#4399 = LINE('',#4400,#4401);
#4400 = CARTESIAN_POINT('',(-13.28770706883,-15.55790605617,0.));
#4401 = VECTOR('',#4402,1.);
#4402 = DIRECTION('',(0.64944804833,0.7604059656,0.));
#4403 = PCURVE('',#45,#4404);
#4404 = DEFINITIONAL_REPRESENTATION('',(#4405),#4409);
#4405 = LINE('',#4406,#4407);
#4406 = CARTESIAN_POINT('',(-13.28770706883,-15.55790605617));
#4407 = VECTOR('',#4408,1.);
#4408 = DIRECTION('',(0.64944804833,0.7604059656));
#4409 = ( GEOMETRIC_REPRESENTATION_CONTEXT(2) 
PARAMETRIC_REPRESENTATION_CONTEXT() REPRESENTATION_CONTEXT('2D SPACE',''
  ) );
#4410 = PCURVE('',#4411,#4416);
#4411 = PLANE('',#4412);
#4412 = AXIS2_PLACEMENT_3D('',#4413,#4414,#4415);
#4413 = CARTESIAN_POINT('',(-13.28770706883,-15.55790605617,0.));
#4414 = DIRECTION('',(-0.7604059656,0.64944804833,0.));
#4415 = DIRECTION('',(0.64944804833,0.7604059656,0.));
#4416 = DEFINITIONAL_REPRESENTATION('',(#4417),#4421);
#4417 = LINE('',#4418,#4419);
#4418 = CARTESIAN_POINT('',(0.,0.));
#4419 = VECTOR('',#4420,1.);
#4420 = DIRECTION('',(1.,0.));
#4421 = ( GEOMETRIC_REPRESENTATION_CONTEXT(2) 
PARAMETRIC_REPRESENTATION_CONTEXT() REPRESENTATION_CONTEXT('2D SPACE',''
  ) );
#4422 = ORIENTED_EDGE('',*,*,#4423,.T.);
#4423 = EDGE_CURVE('',#4396,#4424,#4426,.T.);
#4424 = VERTEX_POINT('',#4425);
#4425 = CARTESIAN_POINT('',(-11.32296257956,-14.75637212941,0.));
#4426 = SURFACE_CURVE('',#4427,(#4432,#4439),.PCURVE_S1.);
#4427 = CIRCLE('',#4428,18.6);
#4428 = AXIS2_PLACEMENT_3D('',#4429,#4430,#4431);
#4429 = CARTESIAN_POINT('',(0.,0.,0.));
#4430 = DIRECTION('',(0.,0.,1.));
#4431 = DIRECTION('',(1.,0.,0.));
#4432 = PCURVE('',#45,#4433);
#4433 = DEFINITIONAL_REPRESENTATION('',(#4434),#4438);
#4434 = CIRCLE('',#4435,18.6);
#4435 = AXIS2_PLACEMENT_2D('',#4436,#4437);
#4436 = CARTESIAN_POINT('',(5.881462935653E-16,7.592810154714E-16));
#4437 = DIRECTION('',(1.,0.));
#4438 = ( GEOMETRIC_REPRESENTATION_CONTEXT(2) 
PARAMETRIC_REPRESENTATION_CONTEXT() REPRESENTATION_CONTEXT('2D SPACE',''
  ) );
#4439 = PCURVE('',#4440,#4445);
#4440 = CYLINDRICAL_SURFACE('',#4441,18.6);
#4441 = AXIS2_PLACEMENT_3D('',#4442,#4443,#4444);
#4442 = CARTESIAN_POINT('',(0.,0.,0.));
#4443 = DIRECTION('',(-0.,-0.,-1.));
#4444 = DIRECTION('',(1.,0.,0.));
#4445 = DEFINITIONAL_REPRESENTATION('',(#4446),#4450);
#4446 = LINE('',#4447,#4448);
#4447 = CARTESIAN_POINT('',(-0.,0.));
#4448 = VECTOR('',#4449,1.);
#4449 = DIRECTION('',(-1.,0.));
#4450 = ( GEOMETRIC_REPRESENTATION_CONTEXT(2) 
PARAMETRIC_REPRESENTATION_CONTEXT() REPRESENTATION_CONTEXT('2D SPACE',''
  ) );
#4451 = ORIENTED_EDGE('',*,*,#4452,.F.);
#4452 = EDGE_CURVE('',#4453,#4424,#4455,.T.);
#4453 = VERTEX_POINT('',#4454);
#4454 = CARTESIAN_POINT('',(-9.97607791788,-13.00107786402,0.));
#4455 = SURFACE_CURVE('',#4456,(#4460,#4467),.PCURVE_S1.);
#4456 = LINE('',#4457,#4458);
#4457 = CARTESIAN_POINT('',(-9.97607791788,-13.00107786402,0.));
#4458 = VECTOR('',#4459,1.);
#4459 = DIRECTION('',(-0.608761429009,-0.793353340291,0.));
#4460 = PCURVE('',#45,#4461);
#4461 = DEFINITIONAL_REPRESENTATION('',(#4462),#4466);
#4462 = LINE('',#4463,#4464);
#4463 = CARTESIAN_POINT('',(-9.97607791788,-13.00107786402));
#4464 = VECTOR('',#4465,1.);
#4465 = DIRECTION('',(-0.608761429009,-0.793353340291));
#4466 = ( GEOMETRIC_REPRESENTATION_CONTEXT(2) 
PARAMETRIC_REPRESENTATION_CONTEXT() REPRESENTATION_CONTEXT('2D SPACE',''
  ) );
#4467 = PCURVE('',#4468,#4473);
#4468 = PLANE('',#4469);
#4469 = AXIS2_PLACEMENT_3D('',#4470,#4471,#4472);
#4470 = CARTESIAN_POINT('',(-9.97607791788,-13.00107786402,0.));
#4471 = DIRECTION('',(0.793353340291,-0.608761429009,0.));
#4472 = DIRECTION('',(-0.608761429009,-0.793353340291,0.));
#4473 = DEFINITIONAL_REPRESENTATION('',(#4474),#4478);
#4474 = LINE('',#4475,#4476);
#4475 = CARTESIAN_POINT('',(0.,0.));
#4476 = VECTOR('',#4477,1.);
#4477 = DIRECTION('',(1.,0.));
#4478 = ( GEOMETRIC_REPRESENTATION_CONTEXT(2) 
PARAMETRIC_REPRESENTATION_CONTEXT() REPRESENTATION_CONTEXT('2D SPACE',''
  ) );
#4479 = ORIENTED_EDGE('',*,*,#4480,.F.);
#4480 = EDGE_CURVE('',#4481,#4453,#4483,.T.);
#4481 = VERTEX_POINT('',#4482);
#4482 = CARTESIAN_POINT('',(-9.281982207606,-13.50536791604,0.));
#4483 = SURFACE_CURVE('',#4484,(#4488,#4495),.PCURVE_S1.);
#4484 = LINE('',#4485,#4486);
#4485 = CARTESIAN_POINT('',(-9.281982207606,-13.50536791604,0.));
#4486 = VECTOR('',#4487,1.);
#4487 = DIRECTION('',(-0.809016994375,0.587785252292,0.));
#4488 = PCURVE('',#45,#4489);
#4489 = DEFINITIONAL_REPRESENTATION('',(#4490),#4494);
#4490 = LINE('',#4491,#4492);
#4491 = CARTESIAN_POINT('',(-9.281982207606,-13.50536791604));
#4492 = VECTOR('',#4493,1.);
#4493 = DIRECTION('',(-0.809016994375,0.587785252292));
#4494 = ( GEOMETRIC_REPRESENTATION_CONTEXT(2) 
PARAMETRIC_REPRESENTATION_CONTEXT() REPRESENTATION_CONTEXT('2D SPACE',''
  ) );
#4495 = PCURVE('',#4496,#4501);
#4496 = PLANE('',#4497);
#4497 = AXIS2_PLACEMENT_3D('',#4498,#4499,#4500);
#4498 = CARTESIAN_POINT('',(-9.281982207606,-13.50536791604,0.));
#4499 = DIRECTION('',(-0.587785252292,-0.809016994375,0.));
#4500 = DIRECTION('',(-0.809016994375,0.587785252292,0.));
#4501 = DEFINITIONAL_REPRESENTATION('',(#4502),#4506);
#4502 = LINE('',#4503,#4504);
#4503 = CARTESIAN_POINT('',(0.,0.));
#4504 = VECTOR('',#4505,1.);
#4505 = DIRECTION('',(1.,0.));
#4506 = ( GEOMETRIC_REPRESENTATION_CONTEXT(2) 
PARAMETRIC_REPRESENTATION_CONTEXT() REPRESENTATION_CONTEXT('2D SPACE',''
  ) );
#4507 = ORIENTED_EDGE('',*,*,#4508,.F.);
#4508 = EDGE_CURVE('',#4509,#4481,#4511,.T.);
#4509 = VERTEX_POINT('',#4510);
#4510 = CARTESIAN_POINT('',(-10.5351560068,-15.32874710837,0.));
#4511 = SURFACE_CURVE('',#4512,(#4516,#4523),.PCURVE_S1.);
#4512 = LINE('',#4513,#4514);
#4513 = CARTESIAN_POINT('',(-11.58867160748,-16.8616218192,0.));
#4514 = VECTOR('',#4515,1.);
#4515 = DIRECTION('',(0.566406236925,0.824126188622,0.));
#4516 = PCURVE('',#45,#4517);
#4517 = DEFINITIONAL_REPRESENTATION('',(#4518),#4522);
#4518 = LINE('',#4519,#4520);
#4519 = CARTESIAN_POINT('',(-11.58867160748,-16.8616218192));
#4520 = VECTOR('',#4521,1.);
#4521 = DIRECTION('',(0.566406236925,0.824126188622));
#4522 = ( GEOMETRIC_REPRESENTATION_CONTEXT(2) 
PARAMETRIC_REPRESENTATION_CONTEXT() REPRESENTATION_CONTEXT('2D SPACE',''
  ) );
#4523 = PCURVE('',#4524,#4529);
#4524 = PLANE('',#4525);
#4525 = AXIS2_PLACEMENT_3D('',#4526,#4527,#4528);
#4526 = CARTESIAN_POINT('',(-11.58867160748,-16.8616218192,0.));
#4527 = DIRECTION('',(-0.824126188622,0.566406236925,0.));
#4528 = DIRECTION('',(0.566406236925,0.824126188622,0.));
#4529 = DEFINITIONAL_REPRESENTATION('',(#4530),#4534);
#4530 = LINE('',#4531,#4532);
#4531 = CARTESIAN_POINT('',(0.,0.));
#4532 = VECTOR('',#4533,1.);
#4533 = DIRECTION('',(1.,0.));
#4534 = ( GEOMETRIC_REPRESENTATION_CONTEXT(2) 
PARAMETRIC_REPRESENTATION_CONTEXT() REPRESENTATION_CONTEXT('2D SPACE',''
  ) );
#4535 = ORIENTED_EDGE('',*,*,#4536,.T.);
#4536 = EDGE_CURVE('',#4509,#4537,#4539,.T.);
#4537 = VERTEX_POINT('',#4538);
#4538 = CARTESIAN_POINT('',(-9.718473303717,-15.85910705698,0.));
#4539 = SURFACE_CURVE('',#4540,(#4545,#4552),.PCURVE_S1.);
#4540 = CIRCLE('',#4541,18.6);
#4541 = AXIS2_PLACEMENT_3D('',#4542,#4543,#4544);
#4542 = CARTESIAN_POINT('',(0.,0.,0.));
#4543 = DIRECTION('',(0.,0.,1.));
#4544 = DIRECTION('',(1.,0.,0.));
#4545 = PCURVE('',#45,#4546);
#4546 = DEFINITIONAL_REPRESENTATION('',(#4547),#4551);
#4547 = CIRCLE('',#4548,18.6);
#4548 = AXIS2_PLACEMENT_2D('',#4549,#4550);
#4549 = CARTESIAN_POINT('',(5.881462935653E-16,7.592810154714E-16));
#4550 = DIRECTION('',(1.,0.));
#4551 = ( GEOMETRIC_REPRESENTATION_CONTEXT(2) 
PARAMETRIC_REPRESENTATION_CONTEXT() REPRESENTATION_CONTEXT('2D SPACE',''
  ) );
#4552 = PCURVE('',#4553,#4558);
#4553 = CYLINDRICAL_SURFACE('',#4554,18.6);
#4554 = AXIS2_PLACEMENT_3D('',#4555,#4556,#4557);
#4555 = CARTESIAN_POINT('',(0.,0.,0.));
#4556 = DIRECTION('',(-0.,-0.,-1.));
#4557 = DIRECTION('',(1.,0.,0.));
#4558 = DEFINITIONAL_REPRESENTATION('',(#4559),#4563);
#4559 = LINE('',#4560,#4561);
#4560 = CARTESIAN_POINT('',(-0.,0.));
#4561 = VECTOR('',#4562,1.);
#4562 = DIRECTION('',(-1.,0.));
#4563 = ( GEOMETRIC_REPRESENTATION_CONTEXT(2) 
PARAMETRIC_REPRESENTATION_CONTEXT() REPRESENTATION_CONTEXT('2D SPACE',''
  ) );
#4564 = ORIENTED_EDGE('',*,*,#4565,.F.);
#4565 = EDGE_CURVE('',#4566,#4537,#4568,.T.);
#4566 = VERTEX_POINT('',#4567);
#4567 = CARTESIAN_POINT('',(-8.562445229283,-13.97264069335,0.));
#4568 = SURFACE_CURVE('',#4569,(#4573,#4580),.PCURVE_S1.);
#4569 = LINE('',#4570,#4571);
#4570 = CARTESIAN_POINT('',(-8.562445229283,-13.97264069335,0.));
#4571 = VECTOR('',#4572,1.);
#4572 = DIRECTION('',(-0.522498564716,-0.852640164354,0.));
#4573 = PCURVE('',#45,#4574);
#4574 = DEFINITIONAL_REPRESENTATION('',(#4575),#4579);
#4575 = LINE('',#4576,#4577);
#4576 = CARTESIAN_POINT('',(-8.562445229283,-13.97264069335));
#4577 = VECTOR('',#4578,1.);
#4578 = DIRECTION('',(-0.522498564716,-0.852640164354));
#4579 = ( GEOMETRIC_REPRESENTATION_CONTEXT(2) 
PARAMETRIC_REPRESENTATION_CONTEXT() REPRESENTATION_CONTEXT('2D SPACE',''
  ) );
#4580 = PCURVE('',#4581,#4586);
#4581 = PLANE('',#4582);
#4582 = AXIS2_PLACEMENT_3D('',#4583,#4584,#4585);
#4583 = CARTESIAN_POINT('',(-8.562445229283,-13.97264069335,0.));
#4584 = DIRECTION('',(0.852640164354,-0.522498564716,0.));
#4585 = DIRECTION('',(-0.522498564716,-0.852640164354,0.));
#4586 = DEFINITIONAL_REPRESENTATION('',(#4587),#4591);
#4587 = LINE('',#4588,#4589);
#4588 = CARTESIAN_POINT('',(0.,0.));
#4589 = VECTOR('',#4590,1.);
#4590 = DIRECTION('',(1.,0.));
#4591 = ( GEOMETRIC_REPRESENTATION_CONTEXT(2) 
PARAMETRIC_REPRESENTATION_CONTEXT() REPRESENTATION_CONTEXT('2D SPACE',''
  ) );
#4592 = ORIENTED_EDGE('',*,*,#4593,.F.);
#4593 = EDGE_CURVE('',#4594,#4566,#4596,.T.);
#4594 = VERTEX_POINT('',#4595);
#4595 = CARTESIAN_POINT('',(-7.819439183754,-14.40161543374,0.));
#4596 = SURFACE_CURVE('',#4597,(#4601,#4608),.PCURVE_S1.);
#4597 = LINE('',#4598,#4599);
#4598 = CARTESIAN_POINT('',(-7.819439183754,-14.40161543374,0.));
#4599 = VECTOR('',#4600,1.);
#4600 = DIRECTION('',(-0.866025403784,0.5,0.));
#4601 = PCURVE('',#45,#4602);
#4602 = DEFINITIONAL_REPRESENTATION('',(#4603),#4607);
#4603 = LINE('',#4604,#4605);
#4604 = CARTESIAN_POINT('',(-7.819439183754,-14.40161543374));
#4605 = VECTOR('',#4606,1.);
#4606 = DIRECTION('',(-0.866025403784,0.5));
#4607 = ( GEOMETRIC_REPRESENTATION_CONTEXT(2) 
PARAMETRIC_REPRESENTATION_CONTEXT() REPRESENTATION_CONTEXT('2D SPACE',''
  ) );
#4608 = PCURVE('',#4609,#4614);
#4609 = PLANE('',#4610);
#4610 = AXIS2_PLACEMENT_3D('',#4611,#4612,#4613);
#4611 = CARTESIAN_POINT('',(-7.819439183754,-14.40161543374,0.));
#4612 = DIRECTION('',(-0.5,-0.866025403784,0.));
#4613 = DIRECTION('',(-0.866025403784,0.5,0.));
#4614 = DEFINITIONAL_REPRESENTATION('',(#4615),#4619);
#4615 = LINE('',#4616,#4617);
#4616 = CARTESIAN_POINT('',(0.,0.));
#4617 = VECTOR('',#4618,1.);
#4618 = DIRECTION('',(1.,0.));
#4619 = ( GEOMETRIC_REPRESENTATION_CONTEXT(2) 
PARAMETRIC_REPRESENTATION_CONTEXT() REPRESENTATION_CONTEXT('2D SPACE',''
  ) );
#4620 = ORIENTED_EDGE('',*,*,#4621,.F.);
#4621 = EDGE_CURVE('',#4622,#4594,#4624,.T.);
#4622 = VERTEX_POINT('',#4623);
#4623 = CARTESIAN_POINT('',(-8.875152940829,-16.34599829551,0.));
#4624 = SURFACE_CURVE('',#4625,(#4629,#4636),.PCURVE_S1.);
#4625 = LINE('',#4626,#4627);
#4626 = CARTESIAN_POINT('',(-9.762668234912,-17.98059812506,0.));
#4627 = VECTOR('',#4628,1.);
#4628 = DIRECTION('',(0.47715876026,0.878817112662,0.));
#4629 = PCURVE('',#45,#4630);
#4630 = DEFINITIONAL_REPRESENTATION('',(#4631),#4635);
#4631 = LINE('',#4632,#4633);
#4632 = CARTESIAN_POINT('',(-9.762668234912,-17.98059812506));
#4633 = VECTOR('',#4634,1.);
#4634 = DIRECTION('',(0.47715876026,0.878817112662));
#4635 = ( GEOMETRIC_REPRESENTATION_CONTEXT(2) 
PARAMETRIC_REPRESENTATION_CONTEXT() REPRESENTATION_CONTEXT('2D SPACE',''
  ) );
#4636 = PCURVE('',#4637,#4642);
#4637 = PLANE('',#4638);
#4638 = AXIS2_PLACEMENT_3D('',#4639,#4640,#4641);
#4639 = CARTESIAN_POINT('',(-9.762668234912,-17.98059812506,0.));
#4640 = DIRECTION('',(-0.878817112662,0.47715876026,0.));
#4641 = DIRECTION('',(0.47715876026,0.878817112662,0.));
#4642 = DEFINITIONAL_REPRESENTATION('',(#4643),#4647);
#4643 = LINE('',#4644,#4645);
#4644 = CARTESIAN_POINT('',(0.,0.));
#4645 = VECTOR('',#4646,1.);
#4646 = DIRECTION('',(1.,0.));
#4647 = ( GEOMETRIC_REPRESENTATION_CONTEXT(2) 
PARAMETRIC_REPRESENTATION_CONTEXT() REPRESENTATION_CONTEXT('2D SPACE',''
  ) );
#4648 = ORIENTED_EDGE('',*,*,#4649,.T.);
#4649 = EDGE_CURVE('',#4622,#4650,#4652,.T.);
#4650 = VERTEX_POINT('',#4651);
#4651 = CARTESIAN_POINT('',(-8.007506400634,-16.7880862889,0.));
#4652 = SURFACE_CURVE('',#4653,(#4658,#4665),.PCURVE_S1.);
#4653 = CIRCLE('',#4654,18.6);
#4654 = AXIS2_PLACEMENT_3D('',#4655,#4656,#4657);
#4655 = CARTESIAN_POINT('',(0.,0.,0.));
#4656 = DIRECTION('',(0.,0.,1.));
#4657 = DIRECTION('',(1.,0.,0.));
#4658 = PCURVE('',#45,#4659);
#4659 = DEFINITIONAL_REPRESENTATION('',(#4660),#4664);
#4660 = CIRCLE('',#4661,18.6);
#4661 = AXIS2_PLACEMENT_2D('',#4662,#4663);
#4662 = CARTESIAN_POINT('',(5.881462935653E-16,7.592810154714E-16));
#4663 = DIRECTION('',(1.,0.));
#4664 = ( GEOMETRIC_REPRESENTATION_CONTEXT(2) 
PARAMETRIC_REPRESENTATION_CONTEXT() REPRESENTATION_CONTEXT('2D SPACE',''
  ) );
#4665 = PCURVE('',#4666,#4671);
#4666 = CYLINDRICAL_SURFACE('',#4667,18.6);
#4667 = AXIS2_PLACEMENT_3D('',#4668,#4669,#4670);
#4668 = CARTESIAN_POINT('',(0.,0.,0.));
#4669 = DIRECTION('',(-0.,-0.,-1.));
#4670 = DIRECTION('',(1.,0.,0.));
#4671 = DEFINITIONAL_REPRESENTATION('',(#4672),#4676);
#4672 = LINE('',#4673,#4674);
#4673 = CARTESIAN_POINT('',(-0.,0.));
#4674 = VECTOR('',#4675,1.);
#4675 = DIRECTION('',(-1.,0.));
#4676 = ( GEOMETRIC_REPRESENTATION_CONTEXT(2) 
PARAMETRIC_REPRESENTATION_CONTEXT() REPRESENTATION_CONTEXT('2D SPACE',''
  ) );
#4677 = ORIENTED_EDGE('',*,*,#4678,.F.);
#4678 = EDGE_CURVE('',#4679,#4650,#4681,.T.);
#4679 = VERTEX_POINT('',#4680);
#4680 = CARTESIAN_POINT('',(-7.055000598946,-14.79111634728,0.));
#4681 = SURFACE_CURVE('',#4682,(#4686,#4693),.PCURVE_S1.);
#4682 = LINE('',#4683,#4684);
#4683 = CARTESIAN_POINT('',(-7.055000598946,-14.79111634728,0.));
#4684 = VECTOR('',#4685,1.);
#4685 = DIRECTION('',(-0.430511096808,-0.90258528435,0.));
#4686 = PCURVE('',#45,#4687);
#4687 = DEFINITIONAL_REPRESENTATION('',(#4688),#4692);
#4688 = LINE('',#4689,#4690);
#4689 = CARTESIAN_POINT('',(-7.055000598946,-14.79111634728));
#4690 = VECTOR('',#4691,1.);
#4691 = DIRECTION('',(-0.430511096808,-0.90258528435));
#4692 = ( GEOMETRIC_REPRESENTATION_CONTEXT(2) 
PARAMETRIC_REPRESENTATION_CONTEXT() REPRESENTATION_CONTEXT('2D SPACE',''
  ) );
#4693 = PCURVE('',#4694,#4699);
#4694 = PLANE('',#4695);
#4695 = AXIS2_PLACEMENT_3D('',#4696,#4697,#4698);
#4696 = CARTESIAN_POINT('',(-7.055000598946,-14.79111634728,0.));
#4697 = DIRECTION('',(0.90258528435,-0.430511096808,0.));
#4698 = DIRECTION('',(-0.430511096808,-0.90258528435,0.));
#4699 = DEFINITIONAL_REPRESENTATION('',(#4700),#4704);
#4700 = LINE('',#4701,#4702);
#4701 = CARTESIAN_POINT('',(0.,0.));
#4702 = VECTOR('',#4703,1.);
#4703 = DIRECTION('',(1.,0.));
#4704 = ( GEOMETRIC_REPRESENTATION_CONTEXT(2) 
PARAMETRIC_REPRESENTATION_CONTEXT() REPRESENTATION_CONTEXT('2D SPACE',''
  ) );
#4705 = ORIENTED_EDGE('',*,*,#4706,.F.);
#4706 = EDGE_CURVE('',#4707,#4679,#4709,.T.);
#4707 = VERTEX_POINT('',#4708);
#4708 = CARTESIAN_POINT('',(-6.271224747883,-15.14007583902,0.));
#4709 = SURFACE_CURVE('',#4710,(#4714,#4721),.PCURVE_S1.);
#4710 = LINE('',#4711,#4712);
#4711 = CARTESIAN_POINT('',(-6.271224747883,-15.14007583902,0.));
#4712 = VECTOR('',#4713,1.);
#4713 = DIRECTION('',(-0.913545457643,0.406736643076,0.));
#4714 = PCURVE('',#45,#4715);
#4715 = DEFINITIONAL_REPRESENTATION('',(#4716),#4720);
#4716 = LINE('',#4717,#4718);
#4717 = CARTESIAN_POINT('',(-6.271224747883,-15.14007583902));
#4718 = VECTOR('',#4719,1.);
#4719 = DIRECTION('',(-0.913545457643,0.406736643076));
#4720 = ( GEOMETRIC_REPRESENTATION_CONTEXT(2) 
PARAMETRIC_REPRESENTATION_CONTEXT() REPRESENTATION_CONTEXT('2D SPACE',''
  ) );
#4721 = PCURVE('',#4722,#4727);
#4722 = PLANE('',#4723);
#4723 = AXIS2_PLACEMENT_3D('',#4724,#4725,#4726);
#4724 = CARTESIAN_POINT('',(-6.271224747883,-15.14007583902,0.));
#4725 = DIRECTION('',(-0.406736643076,-0.913545457643,0.));
#4726 = DIRECTION('',(-0.913545457643,0.406736643076,0.));
#4727 = DEFINITIONAL_REPRESENTATION('',(#4728),#4732);
#4728 = LINE('',#4729,#4730);
#4729 = CARTESIAN_POINT('',(0.,0.));
#4730 = VECTOR('',#4731,1.);
#4731 = DIRECTION('',(1.,0.));
#4732 = ( GEOMETRIC_REPRESENTATION_CONTEXT(2) 
PARAMETRIC_REPRESENTATION_CONTEXT() REPRESENTATION_CONTEXT('2D SPACE',''
  ) );
#4733 = ORIENTED_EDGE('',*,*,#4734,.F.);
#4734 = EDGE_CURVE('',#4735,#4707,#4737,.T.);
#4735 = VERTEX_POINT('',#4736);
#4736 = CARTESIAN_POINT('',(-7.11791184199,-17.18415930471,0.));
#4737 = SURFACE_CURVE('',#4738,(#4742,#4749),.PCURVE_S1.);
#4738 = LINE('',#4739,#4740);
#4739 = CARTESIAN_POINT('',(-7.82970302619,-18.90257523518,0.));
#4740 = VECTOR('',#4741,1.);
#4741 = DIRECTION('',(0.382683432365,0.923879532511,0.));
#4742 = PCURVE('',#45,#4743);
#4743 = DEFINITIONAL_REPRESENTATION('',(#4744),#4748);
#4744 = LINE('',#4745,#4746);
#4745 = CARTESIAN_POINT('',(-7.82970302619,-18.90257523518));
#4746 = VECTOR('',#4747,1.);
#4747 = DIRECTION('',(0.382683432365,0.923879532511));
#4748 = ( GEOMETRIC_REPRESENTATION_CONTEXT(2) 
PARAMETRIC_REPRESENTATION_CONTEXT() REPRESENTATION_CONTEXT('2D SPACE',''
  ) );
#4749 = PCURVE('',#4750,#4755);
#4750 = PLANE('',#4751);
#4751 = AXIS2_PLACEMENT_3D('',#4752,#4753,#4754);
#4752 = CARTESIAN_POINT('',(-7.82970302619,-18.90257523518,0.));
#4753 = DIRECTION('',(-0.923879532511,0.382683432365,0.));
#4754 = DIRECTION('',(0.382683432365,0.923879532511,0.));
#4755 = DEFINITIONAL_REPRESENTATION('',(#4756),#4760);
#4756 = LINE('',#4757,#4758);
#4757 = CARTESIAN_POINT('',(0.,0.));
#4758 = VECTOR('',#4759,1.);
#4759 = DIRECTION('',(1.,0.));
#4760 = ( GEOMETRIC_REPRESENTATION_CONTEXT(2) 
PARAMETRIC_REPRESENTATION_CONTEXT() REPRESENTATION_CONTEXT('2D SPACE',''
  ) );
#4761 = ORIENTED_EDGE('',*,*,#4762,.T.);
#4762 = EDGE_CURVE('',#4735,#4763,#4765,.T.);
#4763 = VERTEX_POINT('',#4764);
#4764 = CARTESIAN_POINT('',(-6.208807581749,-17.53313173431,0.));
#4765 = SURFACE_CURVE('',#4766,(#4771,#4778),.PCURVE_S1.);
#4766 = CIRCLE('',#4767,18.6);
#4767 = AXIS2_PLACEMENT_3D('',#4768,#4769,#4770);
#4768 = CARTESIAN_POINT('',(0.,0.,0.));
#4769 = DIRECTION('',(0.,0.,1.));
#4770 = DIRECTION('',(1.,0.,0.));
#4771 = PCURVE('',#45,#4772);
#4772 = DEFINITIONAL_REPRESENTATION('',(#4773),#4777);
#4773 = CIRCLE('',#4774,18.6);
#4774 = AXIS2_PLACEMENT_2D('',#4775,#4776);
#4775 = CARTESIAN_POINT('',(5.881462935653E-16,7.592810154714E-16));
#4776 = DIRECTION('',(1.,0.));
#4777 = ( GEOMETRIC_REPRESENTATION_CONTEXT(2) 
PARAMETRIC_REPRESENTATION_CONTEXT() REPRESENTATION_CONTEXT('2D SPACE',''
  ) );
#4778 = PCURVE('',#4779,#4784);
#4779 = CYLINDRICAL_SURFACE('',#4780,18.6);
#4780 = AXIS2_PLACEMENT_3D('',#4781,#4782,#4783);
#4781 = CARTESIAN_POINT('',(0.,0.,0.));
#4782 = DIRECTION('',(-0.,-0.,-1.));
#4783 = DIRECTION('',(1.,0.,0.));
#4784 = DEFINITIONAL_REPRESENTATION('',(#4785),#4789);
#4785 = LINE('',#4786,#4787);
#4786 = CARTESIAN_POINT('',(-0.,0.));
#4787 = VECTOR('',#4788,1.);
#4788 = DIRECTION('',(-1.,0.));
#4789 = ( GEOMETRIC_REPRESENTATION_CONTEXT(2) 
PARAMETRIC_REPRESENTATION_CONTEXT() REPRESENTATION_CONTEXT('2D SPACE',''
  ) );
#4790 = ORIENTED_EDGE('',*,*,#4791,.F.);
#4791 = EDGE_CURVE('',#4792,#4763,#4794,.T.);
#4792 = VERTEX_POINT('',#4793);
#4793 = CARTESIAN_POINT('',(-5.470259905693,-15.44753743527,0.));
#4794 = SURFACE_CURVE('',#4795,(#4799,#4806),.PCURVE_S1.);
#4795 = LINE('',#4796,#4797);
#4796 = CARTESIAN_POINT('',(-5.470259905693,-15.44753743527,0.));
#4797 = VECTOR('',#4798,1.);
#4798 = DIRECTION('',(-0.333806859234,-0.942641491092,0.));
#4799 = PCURVE('',#45,#4800);
#4800 = DEFINITIONAL_REPRESENTATION('',(#4801),#4805);
#4801 = LINE('',#4802,#4803);
#4802 = CARTESIAN_POINT('',(-5.470259905693,-15.44753743527));
#4803 = VECTOR('',#4804,1.);
#4804 = DIRECTION('',(-0.333806859234,-0.942641491092));
#4805 = ( GEOMETRIC_REPRESENTATION_CONTEXT(2) 
PARAMETRIC_REPRESENTATION_CONTEXT() REPRESENTATION_CONTEXT('2D SPACE',''
  ) );
#4806 = PCURVE('',#4807,#4812);
#4807 = PLANE('',#4808);
#4808 = AXIS2_PLACEMENT_3D('',#4809,#4810,#4811);
#4809 = CARTESIAN_POINT('',(-5.470259905693,-15.44753743527,0.));
#4810 = DIRECTION('',(0.942641491092,-0.333806859234,0.));
#4811 = DIRECTION('',(-0.333806859234,-0.942641491092,0.));
#4812 = DEFINITIONAL_REPRESENTATION('',(#4813),#4817);
#4813 = LINE('',#4814,#4815);
#4814 = CARTESIAN_POINT('',(0.,0.));
#4815 = VECTOR('',#4816,1.);
#4816 = DIRECTION('',(1.,0.));
#4817 = ( GEOMETRIC_REPRESENTATION_CONTEXT(2) 
PARAMETRIC_REPRESENTATION_CONTEXT() REPRESENTATION_CONTEXT('2D SPACE',''
  ) );
#4818 = ORIENTED_EDGE('',*,*,#4819,.F.);
#4819 = EDGE_CURVE('',#4820,#4792,#4822,.T.);
#4820 = VERTEX_POINT('',#4821);
#4821 = CARTESIAN_POINT('',(-4.654301461336,-15.71265840515,0.));
#4822 = SURFACE_CURVE('',#4823,(#4827,#4834),.PCURVE_S1.);
#4823 = LINE('',#4824,#4825);
#4824 = CARTESIAN_POINT('',(-4.654301461336,-15.71265840515,0.));
#4825 = VECTOR('',#4826,1.);
#4826 = DIRECTION('',(-0.951056516295,0.309016994375,0.));
#4827 = PCURVE('',#45,#4828);
#4828 = DEFINITIONAL_REPRESENTATION('',(#4829),#4833);
#4829 = LINE('',#4830,#4831);
#4830 = CARTESIAN_POINT('',(-4.654301461336,-15.71265840515));
#4831 = VECTOR('',#4832,1.);
#4832 = DIRECTION('',(-0.951056516295,0.309016994375));
#4833 = ( GEOMETRIC_REPRESENTATION_CONTEXT(2) 
PARAMETRIC_REPRESENTATION_CONTEXT() REPRESENTATION_CONTEXT('2D SPACE',''
  ) );
#4834 = PCURVE('',#4835,#4840);
#4835 = PLANE('',#4836);
#4836 = AXIS2_PLACEMENT_3D('',#4837,#4838,#4839);
#4837 = CARTESIAN_POINT('',(-4.654301461336,-15.71265840515,0.));
#4838 = DIRECTION('',(-0.309016994375,-0.951056516295,0.));
#4839 = DIRECTION('',(-0.951056516295,0.309016994375,0.));
#4840 = DEFINITIONAL_REPRESENTATION('',(#4841),#4845);
#4841 = LINE('',#4842,#4843);
#4842 = CARTESIAN_POINT('',(0.,0.));
#4843 = VECTOR('',#4844,1.);
#4844 = DIRECTION('',(1.,0.));
#4845 = ( GEOMETRIC_REPRESENTATION_CONTEXT(2) 
PARAMETRIC_REPRESENTATION_CONTEXT() REPRESENTATION_CONTEXT('2D SPACE',''
  ) );
#4846 = ORIENTED_EDGE('',*,*,#4847,.F.);
#4847 = EDGE_CURVE('',#4848,#4820,#4850,.T.);
#4848 = VERTEX_POINT('',#4849);
#4849 = CARTESIAN_POINT('',(-5.282685411493,-17.83404706854,0.));
#4850 = SURFACE_CURVE('',#4851,(#4855,#4862),.PCURVE_S1.);
#4851 = LINE('',#4852,#4853);
#4852 = CARTESIAN_POINT('',(-5.810953952642,-19.6174517754,0.));
#4853 = VECTOR('',#4854,1.);
#4854 = DIRECTION('',(0.284015344704,0.958819734868,0.));
#4855 = PCURVE('',#45,#4856);
#4856 = DEFINITIONAL_REPRESENTATION('',(#4857),#4861);
#4857 = LINE('',#4858,#4859);
#4858 = CARTESIAN_POINT('',(-5.810953952642,-19.6174517754));
#4859 = VECTOR('',#4860,1.);
#4860 = DIRECTION('',(0.284015344704,0.958819734868));
#4861 = ( GEOMETRIC_REPRESENTATION_CONTEXT(2) 
PARAMETRIC_REPRESENTATION_CONTEXT() REPRESENTATION_CONTEXT('2D SPACE',''
  ) );
#4862 = PCURVE('',#4863,#4868);
#4863 = PLANE('',#4864);
#4864 = AXIS2_PLACEMENT_3D('',#4865,#4866,#4867);
#4865 = CARTESIAN_POINT('',(-5.810953952642,-19.6174517754,0.));
#4866 = DIRECTION('',(-0.958819734868,0.284015344704,0.));
#4867 = DIRECTION('',(0.284015344704,0.958819734868,0.));
#4868 = DEFINITIONAL_REPRESENTATION('',(#4869),#4873);
#4869 = LINE('',#4870,#4871);
#4870 = CARTESIAN_POINT('',(0.,0.));
#4871 = VECTOR('',#4872,1.);
#4872 = DIRECTION('',(1.,0.));
#4873 = ( GEOMETRIC_REPRESENTATION_CONTEXT(2) 
PARAMETRIC_REPRESENTATION_CONTEXT() REPRESENTATION_CONTEXT('2D SPACE',''
  ) );
#4874 = ORIENTED_EDGE('',*,*,#4875,.T.);
#4875 = EDGE_CURVE('',#4848,#4876,#4878,.T.);
#4876 = VERTEX_POINT('',#4877);
#4877 = CARTESIAN_POINT('',(-4.34208376772,-18.08608051939,0.));
#4878 = SURFACE_CURVE('',#4879,(#4884,#4891),.PCURVE_S1.);
#4879 = CIRCLE('',#4880,18.6);
#4880 = AXIS2_PLACEMENT_3D('',#4881,#4882,#4883);
#4881 = CARTESIAN_POINT('',(0.,0.,0.));
#4882 = DIRECTION('',(0.,0.,1.));
#4883 = DIRECTION('',(1.,0.,0.));
#4884 = PCURVE('',#45,#4885);
#4885 = DEFINITIONAL_REPRESENTATION('',(#4886),#4890);
#4886 = CIRCLE('',#4887,18.6);
#4887 = AXIS2_PLACEMENT_2D('',#4888,#4889);
#4888 = CARTESIAN_POINT('',(5.881462935653E-16,7.592810154714E-16));
#4889 = DIRECTION('',(1.,0.));
#4890 = ( GEOMETRIC_REPRESENTATION_CONTEXT(2) 
PARAMETRIC_REPRESENTATION_CONTEXT() REPRESENTATION_CONTEXT('2D SPACE',''
  ) );
#4891 = PCURVE('',#4892,#4897);
#4892 = CYLINDRICAL_SURFACE('',#4893,18.6);
#4893 = AXIS2_PLACEMENT_3D('',#4894,#4895,#4896);
#4894 = CARTESIAN_POINT('',(0.,0.,0.));
#4895 = DIRECTION('',(-0.,-0.,-1.));
#4896 = DIRECTION('',(1.,0.,0.));
#4897 = DEFINITIONAL_REPRESENTATION('',(#4898),#4902);
#4898 = LINE('',#4899,#4900);
#4899 = CARTESIAN_POINT('',(-0.,0.));
#4900 = VECTOR('',#4901,1.);
#4901 = DIRECTION('',(-1.,0.));
#4902 = ( GEOMETRIC_REPRESENTATION_CONTEXT(2) 
PARAMETRIC_REPRESENTATION_CONTEXT() REPRESENTATION_CONTEXT('2D SPACE',''
  ) );
#4903 = ORIENTED_EDGE('',*,*,#4904,.F.);
#4904 = EDGE_CURVE('',#4905,#4876,#4907,.T.);
#4905 = VERTEX_POINT('',#4906);
#4906 = CARTESIAN_POINT('',(-3.825585900189,-15.93471207051,0.));
#4907 = SURFACE_CURVE('',#4908,(#4912,#4919),.PCURVE_S1.);
#4908 = LINE('',#4909,#4910);
#4909 = CARTESIAN_POINT('',(-3.825585900189,-15.93471207051,0.));
#4910 = VECTOR('',#4911,1.);
#4911 = DIRECTION('',(-0.233445363856,-0.972369920398,0.));
#4912 = PCURVE('',#45,#4913);
#4913 = DEFINITIONAL_REPRESENTATION('',(#4914),#4918);
#4914 = LINE('',#4915,#4916);
#4915 = CARTESIAN_POINT('',(-3.825585900189,-15.93471207051));
#4916 = VECTOR('',#4917,1.);
#4917 = DIRECTION('',(-0.233445363856,-0.972369920398));
#4918 = ( GEOMETRIC_REPRESENTATION_CONTEXT(2) 
PARAMETRIC_REPRESENTATION_CONTEXT() REPRESENTATION_CONTEXT('2D SPACE',''
  ) );
#4919 = PCURVE('',#4920,#4925);
#4920 = PLANE('',#4921);
#4921 = AXIS2_PLACEMENT_3D('',#4922,#4923,#4924);
#4922 = CARTESIAN_POINT('',(-3.825585900189,-15.93471207051,0.));
#4923 = DIRECTION('',(0.972369920398,-0.233445363856,0.));
#4924 = DIRECTION('',(-0.233445363856,-0.972369920398,0.));
#4925 = DEFINITIONAL_REPRESENTATION('',(#4926),#4930);
#4926 = LINE('',#4927,#4928);
#4927 = CARTESIAN_POINT('',(0.,0.));
#4928 = VECTOR('',#4929,1.);
#4929 = DIRECTION('',(1.,0.));
#4930 = ( GEOMETRIC_REPRESENTATION_CONTEXT(2) 
PARAMETRIC_REPRESENTATION_CONTEXT() REPRESENTATION_CONTEXT('2D SPACE',''
  ) );
#4931 = ORIENTED_EDGE('',*,*,#4932,.F.);
#4932 = EDGE_CURVE('',#4933,#4905,#4935,.T.);
#4933 = VERTEX_POINT('',#4934);
#4934 = CARTESIAN_POINT('',(-2.986384674003,-16.1130897977,0.));
#4935 = SURFACE_CURVE('',#4936,(#4940,#4947),.PCURVE_S1.);
#4936 = LINE('',#4937,#4938);
#4937 = CARTESIAN_POINT('',(-2.986384674003,-16.1130897977,0.));
#4938 = VECTOR('',#4939,1.);
#4939 = DIRECTION('',(-0.978147600734,0.207911690818,0.));
#4940 = PCURVE('',#45,#4941);
#4941 = DEFINITIONAL_REPRESENTATION('',(#4942),#4946);
#4942 = LINE('',#4943,#4944);
#4943 = CARTESIAN_POINT('',(-2.986384674003,-16.1130897977));
#4944 = VECTOR('',#4945,1.);
#4945 = DIRECTION('',(-0.978147600734,0.207911690818));
#4946 = ( GEOMETRIC_REPRESENTATION_CONTEXT(2) 
PARAMETRIC_REPRESENTATION_CONTEXT() REPRESENTATION_CONTEXT('2D SPACE',''
  ) );
#4947 = PCURVE('',#4948,#4953);
#4948 = PLANE('',#4949);
#4949 = AXIS2_PLACEMENT_3D('',#4950,#4951,#4952);
#4950 = CARTESIAN_POINT('',(-2.986384674003,-16.1130897977,0.));
#4951 = DIRECTION('',(-0.207911690818,-0.978147600734,0.));
#4952 = DIRECTION('',(-0.978147600734,0.207911690818,0.));
#4953 = DEFINITIONAL_REPRESENTATION('',(#4954),#4958);
#4954 = LINE('',#4955,#4956);
#4955 = CARTESIAN_POINT('',(0.,0.));
#4956 = VECTOR('',#4957,1.);
#4957 = DIRECTION('',(1.,0.));
#4958 = ( GEOMETRIC_REPRESENTATION_CONTEXT(2) 
PARAMETRIC_REPRESENTATION_CONTEXT() REPRESENTATION_CONTEXT('2D SPACE',''
  ) );
#4959 = ORIENTED_EDGE('',*,*,#4960,.F.);
#4960 = EDGE_CURVE('',#4961,#4933,#4963,.T.);
#4961 = VERTEX_POINT('',#4962);
#4962 = CARTESIAN_POINT('',(-3.389580774154,-18.28854128069,0.));
#4963 = SURFACE_CURVE('',#4964,(#4968,#4975),.PCURVE_S1.);
#4964 = LINE('',#4965,#4966);
#4965 = CARTESIAN_POINT('',(-3.728538851569,-20.11739540875,0.));
#4966 = VECTOR('',#4967,1.);
#4967 = DIRECTION('',(0.182235525492,0.983254907564,0.));
#4968 = PCURVE('',#45,#4969);
#4969 = DEFINITIONAL_REPRESENTATION('',(#4970),#4974);
#4970 = LINE('',#4971,#4972);
#4971 = CARTESIAN_POINT('',(-3.728538851569,-20.11739540875));
#4972 = VECTOR('',#4973,1.);
#4973 = DIRECTION('',(0.182235525492,0.983254907564));
#4974 = ( GEOMETRIC_REPRESENTATION_CONTEXT(2) 
PARAMETRIC_REPRESENTATION_CONTEXT() REPRESENTATION_CONTEXT('2D SPACE',''
  ) );
#4975 = PCURVE('',#4976,#4981);
#4976 = PLANE('',#4977);
#4977 = AXIS2_PLACEMENT_3D('',#4978,#4979,#4980);
#4978 = CARTESIAN_POINT('',(-3.728538851569,-20.11739540875,0.));
#4979 = DIRECTION('',(-0.983254907564,0.182235525492,0.));
#4980 = DIRECTION('',(0.182235525492,0.983254907564,0.));
#4981 = DEFINITIONAL_REPRESENTATION('',(#4982),#4986);
#4982 = LINE('',#4983,#4984);
#4983 = CARTESIAN_POINT('',(0.,0.));
#4984 = VECTOR('',#4985,1.);
#4985 = DIRECTION('',(1.,0.));
#4986 = ( GEOMETRIC_REPRESENTATION_CONTEXT(2) 
PARAMETRIC_REPRESENTATION_CONTEXT() REPRESENTATION_CONTEXT('2D SPACE',''
  ) );
#4987 = ORIENTED_EDGE('',*,*,#4988,.T.);
#4988 = EDGE_CURVE('',#4961,#4989,#4991,.T.);
#4989 = VERTEX_POINT('',#4990);
#4990 = CARTESIAN_POINT('',(-2.427787175293,-18.44087442155,0.));
#4991 = SURFACE_CURVE('',#4992,(#4997,#5004),.PCURVE_S1.);
#4992 = CIRCLE('',#4993,18.6);
#4993 = AXIS2_PLACEMENT_3D('',#4994,#4995,#4996);
#4994 = CARTESIAN_POINT('',(0.,0.,0.));
#4995 = DIRECTION('',(0.,0.,1.));
#4996 = DIRECTION('',(1.,0.,0.));
#4997 = PCURVE('',#45,#4998);
#4998 = DEFINITIONAL_REPRESENTATION('',(#4999),#5003);
#4999 = CIRCLE('',#5000,18.6);
#5000 = AXIS2_PLACEMENT_2D('',#5001,#5002);
#5001 = CARTESIAN_POINT('',(5.881462935653E-16,7.592810154714E-16));
#5002 = DIRECTION('',(1.,0.));
#5003 = ( GEOMETRIC_REPRESENTATION_CONTEXT(2) 
PARAMETRIC_REPRESENTATION_CONTEXT() REPRESENTATION_CONTEXT('2D SPACE',''
  ) );
#5004 = PCURVE('',#5005,#5010);
#5005 = CYLINDRICAL_SURFACE('',#5006,18.6);
#5006 = AXIS2_PLACEMENT_3D('',#5007,#5008,#5009);
#5007 = CARTESIAN_POINT('',(0.,0.,0.));
#5008 = DIRECTION('',(-0.,-0.,-1.));
#5009 = DIRECTION('',(1.,0.,0.));
#5010 = DEFINITIONAL_REPRESENTATION('',(#5011),#5015);
#5011 = LINE('',#5012,#5013);
#5012 = CARTESIAN_POINT('',(-0.,0.));
#5013 = VECTOR('',#5014,1.);
#5014 = DIRECTION('',(-1.,0.));
#5015 = ( GEOMETRIC_REPRESENTATION_CONTEXT(2) 
PARAMETRIC_REPRESENTATION_CONTEXT() REPRESENTATION_CONTEXT('2D SPACE',''
  ) );
#5016 = ORIENTED_EDGE('',*,*,#5017,.F.);
#5017 = EDGE_CURVE('',#5018,#4989,#5020,.T.);
#5018 = VERTEX_POINT('',#5019);
#5019 = CARTESIAN_POINT('',(-2.138997975006,-16.24730266576,0.));
#5020 = SURFACE_CURVE('',#5021,(#5025,#5032),.PCURVE_S1.);
#5021 = LINE('',#5022,#5023);
#5022 = CARTESIAN_POINT('',(-2.138997975006,-16.24730266576,0.));
#5023 = VECTOR('',#5024,1.);
#5024 = DIRECTION('',(-0.13052619222,-0.991444861374,0.));
#5025 = PCURVE('',#45,#5026);
#5026 = DEFINITIONAL_REPRESENTATION('',(#5027),#5031);
#5027 = LINE('',#5028,#5029);
#5028 = CARTESIAN_POINT('',(-2.138997975006,-16.24730266576));
#5029 = VECTOR('',#5030,1.);
#5030 = DIRECTION('',(-0.13052619222,-0.991444861374));
#5031 = ( GEOMETRIC_REPRESENTATION_CONTEXT(2) 
PARAMETRIC_REPRESENTATION_CONTEXT() REPRESENTATION_CONTEXT('2D SPACE',''
  ) );
#5032 = PCURVE('',#5033,#5038);
#5033 = PLANE('',#5034);
#5034 = AXIS2_PLACEMENT_3D('',#5035,#5036,#5037);
#5035 = CARTESIAN_POINT('',(-2.138997975006,-16.24730266576,0.));
#5036 = DIRECTION('',(0.991444861374,-0.13052619222,0.));
#5037 = DIRECTION('',(-0.13052619222,-0.991444861374,0.));
#5038 = DEFINITIONAL_REPRESENTATION('',(#5039),#5043);
#5039 = LINE('',#5040,#5041);
#5040 = CARTESIAN_POINT('',(0.,0.));
#5041 = VECTOR('',#5042,1.);
#5042 = DIRECTION('',(1.,0.));
#5043 = ( GEOMETRIC_REPRESENTATION_CONTEXT(2) 
PARAMETRIC_REPRESENTATION_CONTEXT() REPRESENTATION_CONTEXT('2D SPACE',''
  ) );
#5044 = ORIENTED_EDGE('',*,*,#5045,.F.);
#5045 = EDGE_CURVE('',#5046,#5018,#5048,.T.);
#5046 = VERTEX_POINT('',#5047);
#5047 = CARTESIAN_POINT('',(-1.28574843124,-16.33698280655,0.));
#5048 = SURFACE_CURVE('',#5049,(#5053,#5060),.PCURVE_S1.);
#5049 = LINE('',#5050,#5051);
#5050 = CARTESIAN_POINT('',(-1.28574843124,-16.33698280655,0.));
#5051 = VECTOR('',#5052,1.);
#5052 = DIRECTION('',(-0.994521895368,0.104528463268,0.));
#5053 = PCURVE('',#45,#5054);
#5054 = DEFINITIONAL_REPRESENTATION('',(#5055),#5059);
#5055 = LINE('',#5056,#5057);
#5056 = CARTESIAN_POINT('',(-1.28574843124,-16.33698280655));
#5057 = VECTOR('',#5058,1.);
#5058 = DIRECTION('',(-0.994521895368,0.104528463268));
#5059 = ( GEOMETRIC_REPRESENTATION_CONTEXT(2) 
PARAMETRIC_REPRESENTATION_CONTEXT() REPRESENTATION_CONTEXT('2D SPACE',''
  ) );
#5060 = PCURVE('',#5061,#5066);
#5061 = PLANE('',#5062);
#5062 = AXIS2_PLACEMENT_3D('',#5063,#5064,#5065);
#5063 = CARTESIAN_POINT('',(-1.28574843124,-16.33698280655,0.));
#5064 = DIRECTION('',(-0.104528463268,-0.994521895368,0.));
#5065 = DIRECTION('',(-0.994521895368,0.104528463268,0.));
#5066 = DEFINITIONAL_REPRESENTATION('',(#5067),#5071);
#5067 = LINE('',#5068,#5069);
#5068 = CARTESIAN_POINT('',(0.,0.));
#5069 = VECTOR('',#5070,1.);
#5070 = DIRECTION('',(1.,0.));
#5071 = ( GEOMETRIC_REPRESENTATION_CONTEXT(2) 
PARAMETRIC_REPRESENTATION_CONTEXT() REPRESENTATION_CONTEXT('2D SPACE',''
  ) );
#5072 = ORIENTED_EDGE('',*,*,#5073,.F.);
#5073 = EDGE_CURVE('',#5074,#5046,#5076,.T.);
#5074 = VERTEX_POINT('',#5075);
#5075 = CARTESIAN_POINT('',(-1.459339180538,-18.54266240743,0.));
#5076 = SURFACE_CURVE('',#5077,(#5081,#5088),.PCURVE_S1.);
#5077 = LINE('',#5078,#5079);
#5078 = CARTESIAN_POINT('',(-1.605273098592,-20.39692864818,0.));
#5079 = VECTOR('',#5080,1.);
#5080 = DIRECTION('',(7.845909572784E-02,0.996917333733,0.));
#5081 = PCURVE('',#45,#5082);
#5082 = DEFINITIONAL_REPRESENTATION('',(#5083),#5087);
#5083 = LINE('',#5084,#5085);
#5084 = CARTESIAN_POINT('',(-1.605273098592,-20.39692864818));
#5085 = VECTOR('',#5086,1.);
#5086 = DIRECTION('',(7.845909572784E-02,0.996917333733));
#5087 = ( GEOMETRIC_REPRESENTATION_CONTEXT(2) 
PARAMETRIC_REPRESENTATION_CONTEXT() REPRESENTATION_CONTEXT('2D SPACE',''
  ) );
#5088 = PCURVE('',#5089,#5094);
#5089 = PLANE('',#5090);
#5090 = AXIS2_PLACEMENT_3D('',#5091,#5092,#5093);
#5091 = CARTESIAN_POINT('',(-1.605273098592,-20.39692864818,0.));
#5092 = DIRECTION('',(-0.996917333733,7.845909572784E-02,0.));
#5093 = DIRECTION('',(7.845909572784E-02,0.996917333733,0.));
#5094 = DEFINITIONAL_REPRESENTATION('',(#5095),#5099);
#5095 = LINE('',#5096,#5097);
#5096 = CARTESIAN_POINT('',(0.,0.));
#5097 = VECTOR('',#5098,1.);
#5098 = DIRECTION('',(1.,0.));
#5099 = ( GEOMETRIC_REPRESENTATION_CONTEXT(2) 
PARAMETRIC_REPRESENTATION_CONTEXT() REPRESENTATION_CONTEXT('2D SPACE',''
  ) );
#5100 = ORIENTED_EDGE('',*,*,#5101,.T.);
#5101 = EDGE_CURVE('',#5074,#5102,#5104,.T.);
#5102 = VERTEX_POINT('',#5103);
#5103 = CARTESIAN_POINT('',(-0.486891238527,-18.59362624454,0.));
#5104 = SURFACE_CURVE('',#5105,(#5110,#5117),.PCURVE_S1.);
#5105 = CIRCLE('',#5106,18.6);
#5106 = AXIS2_PLACEMENT_3D('',#5107,#5108,#5109);
#5107 = CARTESIAN_POINT('',(0.,0.,0.));
#5108 = DIRECTION('',(0.,0.,1.));
#5109 = DIRECTION('',(1.,0.,0.));
#5110 = PCURVE('',#45,#5111);
#5111 = DEFINITIONAL_REPRESENTATION('',(#5112),#5116);
#5112 = CIRCLE('',#5113,18.6);
#5113 = AXIS2_PLACEMENT_2D('',#5114,#5115);
#5114 = CARTESIAN_POINT('',(5.881462935653E-16,7.592810154714E-16));
#5115 = DIRECTION('',(1.,0.));
#5116 = ( GEOMETRIC_REPRESENTATION_CONTEXT(2) 
PARAMETRIC_REPRESENTATION_CONTEXT() REPRESENTATION_CONTEXT('2D SPACE',''
  ) );
#5117 = PCURVE('',#5118,#5123);
#5118 = CYLINDRICAL_SURFACE('',#5119,18.6);
#5119 = AXIS2_PLACEMENT_3D('',#5120,#5121,#5122);
#5120 = CARTESIAN_POINT('',(0.,0.,0.));
#5121 = DIRECTION('',(-0.,-0.,-1.));
#5122 = DIRECTION('',(1.,0.,0.));
#5123 = DEFINITIONAL_REPRESENTATION('',(#5124),#5128);
#5124 = LINE('',#5125,#5126);
#5125 = CARTESIAN_POINT('',(-0.,0.));
#5126 = VECTOR('',#5127,1.);
#5127 = DIRECTION('',(-1.,0.));
#5128 = ( GEOMETRIC_REPRESENTATION_CONTEXT(2) 
PARAMETRIC_REPRESENTATION_CONTEXT() REPRESENTATION_CONTEXT('2D SPACE',''
  ) );
#5129 = ORIENTED_EDGE('',*,*,#5130,.F.);
#5130 = EDGE_CURVE('',#5131,#5102,#5133,.T.);
#5131 = VERTEX_POINT('',#5132);
#5132 = CARTESIAN_POINT('',(-0.428974740395,-16.38188441303,0.));
#5133 = SURFACE_CURVE('',#5134,(#5138,#5145),.PCURVE_S1.);
#5134 = LINE('',#5135,#5136);
#5135 = CARTESIAN_POINT('',(-0.428974740395,-16.38188441303,0.));
#5136 = VECTOR('',#5137,1.);
#5137 = DIRECTION('',(-2.617694830787E-02,-0.999657324976,0.));
#5138 = PCURVE('',#45,#5139);
#5139 = DEFINITIONAL_REPRESENTATION('',(#5140),#5144);
#5140 = LINE('',#5141,#5142);
#5141 = CARTESIAN_POINT('',(-0.428974740395,-16.38188441303));
#5142 = VECTOR('',#5143,1.);
#5143 = DIRECTION('',(-2.617694830787E-02,-0.999657324976));
#5144 = ( GEOMETRIC_REPRESENTATION_CONTEXT(2) 
PARAMETRIC_REPRESENTATION_CONTEXT() REPRESENTATION_CONTEXT('2D SPACE',''
  ) );
#5145 = PCURVE('',#5146,#5151);
#5146 = PLANE('',#5147);
#5147 = AXIS2_PLACEMENT_3D('',#5148,#5149,#5150);
#5148 = CARTESIAN_POINT('',(-0.428974740395,-16.38188441303,0.));
#5149 = DIRECTION('',(0.999657324976,-2.617694830787E-02,0.));
#5150 = DIRECTION('',(-2.617694830787E-02,-0.999657324976,0.));
#5151 = DEFINITIONAL_REPRESENTATION('',(#5152),#5156);
#5152 = LINE('',#5153,#5154);
#5153 = CARTESIAN_POINT('',(0.,0.));
#5154 = VECTOR('',#5155,1.);
#5155 = DIRECTION('',(1.,0.));
#5156 = ( GEOMETRIC_REPRESENTATION_CONTEXT(2) 
PARAMETRIC_REPRESENTATION_CONTEXT() REPRESENTATION_CONTEXT('2D SPACE',''
  ) );
#5157 = ORIENTED_EDGE('',*,*,#5158,.F.);
#5158 = EDGE_CURVE('',#5159,#5131,#5161,.T.);
#5159 = VERTEX_POINT('',#5160);
#5160 = CARTESIAN_POINT('',(0.428974740395,-16.38188441303,0.));
#5161 = SURFACE_CURVE('',#5162,(#5166,#5173),.PCURVE_S1.);
#5162 = LINE('',#5163,#5164);
#5163 = CARTESIAN_POINT('',(0.428974740395,-16.38188441303,0.));
#5164 = VECTOR('',#5165,1.);
#5165 = DIRECTION('',(-1.,2.22044604925E-16,0.));
#5166 = PCURVE('',#45,#5167);
#5167 = DEFINITIONAL_REPRESENTATION('',(#5168),#5172);
#5168 = LINE('',#5169,#5170);
#5169 = CARTESIAN_POINT('',(0.428974740395,-16.38188441303));
#5170 = VECTOR('',#5171,1.);
#5171 = DIRECTION('',(-1.,2.22044604925E-16));
#5172 = ( GEOMETRIC_REPRESENTATION_CONTEXT(2) 
PARAMETRIC_REPRESENTATION_CONTEXT() REPRESENTATION_CONTEXT('2D SPACE',''
  ) );
#5173 = PCURVE('',#5174,#5179);
#5174 = PLANE('',#5175);
#5175 = AXIS2_PLACEMENT_3D('',#5176,#5177,#5178);
#5176 = CARTESIAN_POINT('',(0.428974740395,-16.38188441303,0.));
#5177 = DIRECTION('',(-2.22044604925E-16,-1.,0.));
#5178 = DIRECTION('',(-1.,2.22044604925E-16,0.));
#5179 = DEFINITIONAL_REPRESENTATION('',(#5180),#5184);
#5180 = LINE('',#5181,#5182);
#5181 = CARTESIAN_POINT('',(0.,0.));
#5182 = VECTOR('',#5183,1.);
#5183 = DIRECTION('',(1.,0.));
#5184 = ( GEOMETRIC_REPRESENTATION_CONTEXT(2) 
PARAMETRIC_REPRESENTATION_CONTEXT() REPRESENTATION_CONTEXT('2D SPACE',''
  ) );
#5185 = ORIENTED_EDGE('',*,*,#5186,.F.);
#5186 = EDGE_CURVE('',#5187,#5159,#5189,.T.);
#5187 = VERTEX_POINT('',#5188);
#5188 = CARTESIAN_POINT('',(0.486891238527,-18.59362624454,0.));
#5189 = SURFACE_CURVE('',#5190,(#5194,#5201),.PCURVE_S1.);
#5190 = LINE('',#5191,#5192);
#5191 = CARTESIAN_POINT('',(0.535580362379,-20.452988869,0.));
#5192 = VECTOR('',#5193,1.);
#5193 = DIRECTION('',(-2.617694830787E-02,0.999657324976,0.));
#5194 = PCURVE('',#45,#5195);
#5195 = DEFINITIONAL_REPRESENTATION('',(#5196),#5200);
#5196 = LINE('',#5197,#5198);
#5197 = CARTESIAN_POINT('',(0.535580362379,-20.452988869));
#5198 = VECTOR('',#5199,1.);
#5199 = DIRECTION('',(-2.617694830787E-02,0.999657324976));
#5200 = ( GEOMETRIC_REPRESENTATION_CONTEXT(2) 
PARAMETRIC_REPRESENTATION_CONTEXT() REPRESENTATION_CONTEXT('2D SPACE',''
  ) );
#5201 = PCURVE('',#5202,#5207);
#5202 = PLANE('',#5203);
#5203 = AXIS2_PLACEMENT_3D('',#5204,#5205,#5206);
#5204 = CARTESIAN_POINT('',(0.535580362379,-20.452988869,0.));
#5205 = DIRECTION('',(-0.999657324976,-2.617694830787E-02,0.));
#5206 = DIRECTION('',(-2.617694830787E-02,0.999657324976,0.));
#5207 = DEFINITIONAL_REPRESENTATION('',(#5208),#5212);
#5208 = LINE('',#5209,#5210);
#5209 = CARTESIAN_POINT('',(0.,0.));
#5210 = VECTOR('',#5211,1.);
#5211 = DIRECTION('',(1.,0.));
#5212 = ( GEOMETRIC_REPRESENTATION_CONTEXT(2) 
PARAMETRIC_REPRESENTATION_CONTEXT() REPRESENTATION_CONTEXT('2D SPACE',''
  ) );
#5213 = ORIENTED_EDGE('',*,*,#5214,.T.);
#5214 = EDGE_CURVE('',#5187,#5215,#5217,.T.);
#5215 = VERTEX_POINT('',#5216);
#5216 = CARTESIAN_POINT('',(1.459339180538,-18.54266240743,0.));
#5217 = SURFACE_CURVE('',#5218,(#5223,#5230),.PCURVE_S1.);
#5218 = CIRCLE('',#5219,18.6);
#5219 = AXIS2_PLACEMENT_3D('',#5220,#5221,#5222);
#5220 = CARTESIAN_POINT('',(0.,0.,0.));
#5221 = DIRECTION('',(0.,0.,1.));
#5222 = DIRECTION('',(1.,0.,0.));
#5223 = PCURVE('',#45,#5224);
#5224 = DEFINITIONAL_REPRESENTATION('',(#5225),#5229);
#5225 = CIRCLE('',#5226,18.6);
#5226 = AXIS2_PLACEMENT_2D('',#5227,#5228);
#5227 = CARTESIAN_POINT('',(5.881462935653E-16,7.592810154714E-16));
#5228 = DIRECTION('',(1.,0.));
#5229 = ( GEOMETRIC_REPRESENTATION_CONTEXT(2) 
PARAMETRIC_REPRESENTATION_CONTEXT() REPRESENTATION_CONTEXT('2D SPACE',''
  ) );
#5230 = PCURVE('',#5231,#5236);
#5231 = CYLINDRICAL_SURFACE('',#5232,18.6);
#5232 = AXIS2_PLACEMENT_3D('',#5233,#5234,#5235);
#5233 = CARTESIAN_POINT('',(0.,0.,0.));
#5234 = DIRECTION('',(-0.,-0.,-1.));
#5235 = DIRECTION('',(1.,0.,0.));
#5236 = DEFINITIONAL_REPRESENTATION('',(#5237),#5241);
#5237 = LINE('',#5238,#5239);
#5238 = CARTESIAN_POINT('',(-0.,0.));
#5239 = VECTOR('',#5240,1.);
#5240 = DIRECTION('',(-1.,0.));
#5241 = ( GEOMETRIC_REPRESENTATION_CONTEXT(2) 
PARAMETRIC_REPRESENTATION_CONTEXT() REPRESENTATION_CONTEXT('2D SPACE',''
  ) );
#5242 = ORIENTED_EDGE('',*,*,#5243,.F.);
#5243 = EDGE_CURVE('',#5244,#5215,#5246,.T.);
#5244 = VERTEX_POINT('',#5245);
#5245 = CARTESIAN_POINT('',(1.28574843124,-16.33698280655,0.));
#5246 = SURFACE_CURVE('',#5247,(#5251,#5258),.PCURVE_S1.);
#5247 = LINE('',#5248,#5249);
#5248 = CARTESIAN_POINT('',(1.28574843124,-16.33698280655,0.));
#5249 = VECTOR('',#5250,1.);
#5250 = DIRECTION('',(7.845909572784E-02,-0.996917333733,0.));
#5251 = PCURVE('',#45,#5252);
#5252 = DEFINITIONAL_REPRESENTATION('',(#5253),#5257);
#5253 = LINE('',#5254,#5255);
#5254 = CARTESIAN_POINT('',(1.28574843124,-16.33698280655));
#5255 = VECTOR('',#5256,1.);
#5256 = DIRECTION('',(7.845909572784E-02,-0.996917333733));
#5257 = ( GEOMETRIC_REPRESENTATION_CONTEXT(2) 
PARAMETRIC_REPRESENTATION_CONTEXT() REPRESENTATION_CONTEXT('2D SPACE',''
  ) );
#5258 = PCURVE('',#5259,#5264);
#5259 = PLANE('',#5260);
#5260 = AXIS2_PLACEMENT_3D('',#5261,#5262,#5263);
#5261 = CARTESIAN_POINT('',(1.28574843124,-16.33698280655,0.));
#5262 = DIRECTION('',(0.996917333733,7.845909572784E-02,0.));
#5263 = DIRECTION('',(7.845909572784E-02,-0.996917333733,0.));
#5264 = DEFINITIONAL_REPRESENTATION('',(#5265),#5269);
#5265 = LINE('',#5266,#5267);
#5266 = CARTESIAN_POINT('',(0.,0.));
#5267 = VECTOR('',#5268,1.);
#5268 = DIRECTION('',(1.,0.));
#5269 = ( GEOMETRIC_REPRESENTATION_CONTEXT(2) 
PARAMETRIC_REPRESENTATION_CONTEXT() REPRESENTATION_CONTEXT('2D SPACE',''
  ) );
#5270 = ORIENTED_EDGE('',*,*,#5271,.F.);
#5271 = EDGE_CURVE('',#5272,#5244,#5274,.T.);
#5272 = VERTEX_POINT('',#5273);
#5273 = CARTESIAN_POINT('',(2.138997975006,-16.24730266576,0.));
#5274 = SURFACE_CURVE('',#5275,(#5279,#5286),.PCURVE_S1.);
#5275 = LINE('',#5276,#5277);
#5276 = CARTESIAN_POINT('',(2.138997975006,-16.24730266576,0.));
#5277 = VECTOR('',#5278,1.);
#5278 = DIRECTION('',(-0.994521895368,-0.104528463268,0.));
#5279 = PCURVE('',#45,#5280);
#5280 = DEFINITIONAL_REPRESENTATION('',(#5281),#5285);
#5281 = LINE('',#5282,#5283);
#5282 = CARTESIAN_POINT('',(2.138997975006,-16.24730266576));
#5283 = VECTOR('',#5284,1.);
#5284 = DIRECTION('',(-0.994521895368,-0.104528463268));
#5285 = ( GEOMETRIC_REPRESENTATION_CONTEXT(2) 
PARAMETRIC_REPRESENTATION_CONTEXT() REPRESENTATION_CONTEXT('2D SPACE',''
  ) );
#5286 = PCURVE('',#5287,#5292);
#5287 = PLANE('',#5288);
#5288 = AXIS2_PLACEMENT_3D('',#5289,#5290,#5291);
#5289 = CARTESIAN_POINT('',(2.138997975006,-16.24730266576,0.));
#5290 = DIRECTION('',(0.104528463268,-0.994521895368,0.));
#5291 = DIRECTION('',(-0.994521895368,-0.104528463268,0.));
#5292 = DEFINITIONAL_REPRESENTATION('',(#5293),#5297);
#5293 = LINE('',#5294,#5295);
#5294 = CARTESIAN_POINT('',(0.,0.));
#5295 = VECTOR('',#5296,1.);
#5296 = DIRECTION('',(1.,0.));
#5297 = ( GEOMETRIC_REPRESENTATION_CONTEXT(2) 
PARAMETRIC_REPRESENTATION_CONTEXT() REPRESENTATION_CONTEXT('2D SPACE',''
  ) );
#5298 = ORIENTED_EDGE('',*,*,#5299,.F.);
#5299 = EDGE_CURVE('',#5300,#5272,#5302,.T.);
#5300 = VERTEX_POINT('',#5301);
#5301 = CARTESIAN_POINT('',(2.427787175293,-18.44087442155,0.));
#5302 = SURFACE_CURVE('',#5303,(#5307,#5314),.PCURVE_S1.);
#5303 = LINE('',#5304,#5305);
#5304 = CARTESIAN_POINT('',(2.670565892822,-20.2849618637,0.));
#5305 = VECTOR('',#5306,1.);
#5306 = DIRECTION('',(-0.13052619222,0.991444861374,0.));
#5307 = PCURVE('',#45,#5308);
#5308 = DEFINITIONAL_REPRESENTATION('',(#5309),#5313);
#5309 = LINE('',#5310,#5311);
#5310 = CARTESIAN_POINT('',(2.670565892822,-20.2849618637));
#5311 = VECTOR('',#5312,1.);
#5312 = DIRECTION('',(-0.13052619222,0.991444861374));
#5313 = ( GEOMETRIC_REPRESENTATION_CONTEXT(2) 
PARAMETRIC_REPRESENTATION_CONTEXT() REPRESENTATION_CONTEXT('2D SPACE',''
  ) );
#5314 = PCURVE('',#5315,#5320);
#5315 = PLANE('',#5316);
#5316 = AXIS2_PLACEMENT_3D('',#5317,#5318,#5319);
#5317 = CARTESIAN_POINT('',(2.670565892822,-20.2849618637,0.));
#5318 = DIRECTION('',(-0.991444861374,-0.13052619222,0.));
#5319 = DIRECTION('',(-0.13052619222,0.991444861374,0.));
#5320 = DEFINITIONAL_REPRESENTATION('',(#5321),#5325);
#5321 = LINE('',#5322,#5323);
#5322 = CARTESIAN_POINT('',(0.,0.));
#5323 = VECTOR('',#5324,1.);
#5324 = DIRECTION('',(1.,-0.));
#5325 = ( GEOMETRIC_REPRESENTATION_CONTEXT(2) 
PARAMETRIC_REPRESENTATION_CONTEXT() REPRESENTATION_CONTEXT('2D SPACE',''
  ) );
#5326 = ORIENTED_EDGE('',*,*,#5327,.T.);
#5327 = EDGE_CURVE('',#5300,#5328,#5330,.T.);
#5328 = VERTEX_POINT('',#5329);
#5329 = CARTESIAN_POINT('',(3.389580774154,-18.28854128069,0.));
#5330 = SURFACE_CURVE('',#5331,(#5336,#5343),.PCURVE_S1.);
#5331 = CIRCLE('',#5332,18.6);
#5332 = AXIS2_PLACEMENT_3D('',#5333,#5334,#5335);
#5333 = CARTESIAN_POINT('',(0.,0.,0.));
#5334 = DIRECTION('',(0.,0.,1.));
#5335 = DIRECTION('',(1.,0.,0.));
#5336 = PCURVE('',#45,#5337);
#5337 = DEFINITIONAL_REPRESENTATION('',(#5338),#5342);
#5338 = CIRCLE('',#5339,18.6);
#5339 = AXIS2_PLACEMENT_2D('',#5340,#5341);
#5340 = CARTESIAN_POINT('',(5.881462935653E-16,7.592810154714E-16));
#5341 = DIRECTION('',(1.,0.));
#5342 = ( GEOMETRIC_REPRESENTATION_CONTEXT(2) 
PARAMETRIC_REPRESENTATION_CONTEXT() REPRESENTATION_CONTEXT('2D SPACE',''
  ) );
#5343 = PCURVE('',#5344,#5349);
#5344 = CYLINDRICAL_SURFACE('',#5345,18.6);
#5345 = AXIS2_PLACEMENT_3D('',#5346,#5347,#5348);
#5346 = CARTESIAN_POINT('',(0.,0.,0.));
#5347 = DIRECTION('',(-0.,-0.,-1.));
#5348 = DIRECTION('',(1.,0.,0.));
#5349 = DEFINITIONAL_REPRESENTATION('',(#5350),#5354);
#5350 = LINE('',#5351,#5352);
#5351 = CARTESIAN_POINT('',(-0.,0.));
#5352 = VECTOR('',#5353,1.);
#5353 = DIRECTION('',(-1.,0.));
#5354 = ( GEOMETRIC_REPRESENTATION_CONTEXT(2) 
PARAMETRIC_REPRESENTATION_CONTEXT() REPRESENTATION_CONTEXT('2D SPACE',''
  ) );
#5355 = ORIENTED_EDGE('',*,*,#5356,.F.);
#5356 = EDGE_CURVE('',#5357,#5328,#5359,.T.);
#5357 = VERTEX_POINT('',#5358);
#5358 = CARTESIAN_POINT('',(2.986384674003,-16.1130897977,0.));
#5359 = SURFACE_CURVE('',#5360,(#5364,#5371),.PCURVE_S1.);
#5360 = LINE('',#5361,#5362);
#5361 = CARTESIAN_POINT('',(2.986384674003,-16.1130897977,0.));
#5362 = VECTOR('',#5363,1.);
#5363 = DIRECTION('',(0.182235525492,-0.983254907564,0.));
#5364 = PCURVE('',#45,#5365);
#5365 = DEFINITIONAL_REPRESENTATION('',(#5366),#5370);
#5366 = LINE('',#5367,#5368);
#5367 = CARTESIAN_POINT('',(2.986384674003,-16.1130897977));
#5368 = VECTOR('',#5369,1.);
#5369 = DIRECTION('',(0.182235525492,-0.983254907564));
#5370 = ( GEOMETRIC_REPRESENTATION_CONTEXT(2) 
PARAMETRIC_REPRESENTATION_CONTEXT() REPRESENTATION_CONTEXT('2D SPACE',''
  ) );
#5371 = PCURVE('',#5372,#5377);
#5372 = PLANE('',#5373);
#5373 = AXIS2_PLACEMENT_3D('',#5374,#5375,#5376);
#5374 = CARTESIAN_POINT('',(2.986384674003,-16.1130897977,0.));
#5375 = DIRECTION('',(0.983254907564,0.182235525492,0.));
#5376 = DIRECTION('',(0.182235525492,-0.983254907564,0.));
#5377 = DEFINITIONAL_REPRESENTATION('',(#5378),#5382);
#5378 = LINE('',#5379,#5380);
#5379 = CARTESIAN_POINT('',(0.,0.));
#5380 = VECTOR('',#5381,1.);
#5381 = DIRECTION('',(1.,0.));
#5382 = ( GEOMETRIC_REPRESENTATION_CONTEXT(2) 
PARAMETRIC_REPRESENTATION_CONTEXT() REPRESENTATION_CONTEXT('2D SPACE',''
  ) );
#5383 = ORIENTED_EDGE('',*,*,#5384,.F.);
#5384 = EDGE_CURVE('',#5385,#5357,#5387,.T.);
#5385 = VERTEX_POINT('',#5386);
#5386 = CARTESIAN_POINT('',(3.825585900189,-15.93471207051,0.));
#5387 = SURFACE_CURVE('',#5388,(#5392,#5399),.PCURVE_S1.);
#5388 = LINE('',#5389,#5390);
#5389 = CARTESIAN_POINT('',(3.825585900189,-15.93471207051,0.));
#5390 = VECTOR('',#5391,1.);
#5391 = DIRECTION('',(-0.978147600734,-0.207911690818,0.));
#5392 = PCURVE('',#45,#5393);
#5393 = DEFINITIONAL_REPRESENTATION('',(#5394),#5398);
#5394 = LINE('',#5395,#5396);
#5395 = CARTESIAN_POINT('',(3.825585900189,-15.93471207051));
#5396 = VECTOR('',#5397,1.);
#5397 = DIRECTION('',(-0.978147600734,-0.207911690818));
#5398 = ( GEOMETRIC_REPRESENTATION_CONTEXT(2) 
PARAMETRIC_REPRESENTATION_CONTEXT() REPRESENTATION_CONTEXT('2D SPACE',''
  ) );
#5399 = PCURVE('',#5400,#5405);
#5400 = PLANE('',#5401);
#5401 = AXIS2_PLACEMENT_3D('',#5402,#5403,#5404);
#5402 = CARTESIAN_POINT('',(3.825585900189,-15.93471207051,0.));
#5403 = DIRECTION('',(0.207911690818,-0.978147600734,0.));
#5404 = DIRECTION('',(-0.978147600734,-0.207911690818,0.));
#5405 = DEFINITIONAL_REPRESENTATION('',(#5406),#5410);
#5406 = LINE('',#5407,#5408);
#5407 = CARTESIAN_POINT('',(0.,0.));
#5408 = VECTOR('',#5409,1.);
#5409 = DIRECTION('',(1.,0.));
#5410 = ( GEOMETRIC_REPRESENTATION_CONTEXT(2) 
PARAMETRIC_REPRESENTATION_CONTEXT() REPRESENTATION_CONTEXT('2D SPACE',''
  ) );
#5411 = ORIENTED_EDGE('',*,*,#5412,.F.);
#5412 = EDGE_CURVE('',#5413,#5385,#5415,.T.);
#5413 = VERTEX_POINT('',#5414);
#5414 = CARTESIAN_POINT('',(4.342083767719,-18.08608051939,0.));
#5415 = SURFACE_CURVE('',#5416,(#5420,#5427),.PCURVE_S1.);
#5416 = LINE('',#5417,#5418);
#5417 = CARTESIAN_POINT('',(4.776292144492,-19.89468857133,0.));
#5418 = VECTOR('',#5419,1.);
#5419 = DIRECTION('',(-0.233445363856,0.972369920398,0.));
#5420 = PCURVE('',#45,#5421);
#5421 = DEFINITIONAL_REPRESENTATION('',(#5422),#5426);
#5422 = LINE('',#5423,#5424);
#5423 = CARTESIAN_POINT('',(4.776292144492,-19.89468857133));
#5424 = VECTOR('',#5425,1.);
#5425 = DIRECTION('',(-0.233445363856,0.972369920398));
#5426 = ( GEOMETRIC_REPRESENTATION_CONTEXT(2) 
PARAMETRIC_REPRESENTATION_CONTEXT() REPRESENTATION_CONTEXT('2D SPACE',''
  ) );
#5427 = PCURVE('',#5428,#5433);
#5428 = PLANE('',#5429);
#5429 = AXIS2_PLACEMENT_3D('',#5430,#5431,#5432);
#5430 = CARTESIAN_POINT('',(4.776292144492,-19.89468857133,0.));
#5431 = DIRECTION('',(-0.972369920398,-0.233445363856,0.));
#5432 = DIRECTION('',(-0.233445363856,0.972369920398,0.));
#5433 = DEFINITIONAL_REPRESENTATION('',(#5434),#5438);
#5434 = LINE('',#5435,#5436);
#5435 = CARTESIAN_POINT('',(0.,0.));
#5436 = VECTOR('',#5437,1.);
#5437 = DIRECTION('',(1.,-0.));
#5438 = ( GEOMETRIC_REPRESENTATION_CONTEXT(2) 
PARAMETRIC_REPRESENTATION_CONTEXT() REPRESENTATION_CONTEXT('2D SPACE',''
  ) );
#5439 = ORIENTED_EDGE('',*,*,#5440,.T.);
#5440 = EDGE_CURVE('',#5413,#5441,#5443,.T.);
#5441 = VERTEX_POINT('',#5442);
#5442 = CARTESIAN_POINT('',(5.282685411492,-17.83404706854,0.));
#5443 = SURFACE_CURVE('',#5444,(#5449,#5456),.PCURVE_S1.);
#5444 = CIRCLE('',#5445,18.6);
#5445 = AXIS2_PLACEMENT_3D('',#5446,#5447,#5448);
#5446 = CARTESIAN_POINT('',(0.,0.,0.));
#5447 = DIRECTION('',(0.,0.,1.));
#5448 = DIRECTION('',(1.,0.,0.));
#5449 = PCURVE('',#45,#5450);
#5450 = DEFINITIONAL_REPRESENTATION('',(#5451),#5455);
#5451 = CIRCLE('',#5452,18.6);
#5452 = AXIS2_PLACEMENT_2D('',#5453,#5454);
#5453 = CARTESIAN_POINT('',(5.881462935653E-16,7.592810154714E-16));
#5454 = DIRECTION('',(1.,0.));
#5455 = ( GEOMETRIC_REPRESENTATION_CONTEXT(2) 
PARAMETRIC_REPRESENTATION_CONTEXT() REPRESENTATION_CONTEXT('2D SPACE',''
  ) );
#5456 = PCURVE('',#5457,#5462);
#5457 = CYLINDRICAL_SURFACE('',#5458,18.6);
#5458 = AXIS2_PLACEMENT_3D('',#5459,#5460,#5461);
#5459 = CARTESIAN_POINT('',(0.,0.,0.));
#5460 = DIRECTION('',(-0.,-0.,-1.));
#5461 = DIRECTION('',(1.,0.,0.));
#5462 = DEFINITIONAL_REPRESENTATION('',(#5463),#5467);
#5463 = LINE('',#5464,#5465);
#5464 = CARTESIAN_POINT('',(-0.,0.));
#5465 = VECTOR('',#5466,1.);
#5466 = DIRECTION('',(-1.,0.));
#5467 = ( GEOMETRIC_REPRESENTATION_CONTEXT(2) 
PARAMETRIC_REPRESENTATION_CONTEXT() REPRESENTATION_CONTEXT('2D SPACE',''
  ) );
#5468 = ORIENTED_EDGE('',*,*,#5469,.F.);
#5469 = EDGE_CURVE('',#5470,#5441,#5472,.T.);
#5470 = VERTEX_POINT('',#5471);
#5471 = CARTESIAN_POINT('',(4.654301461336,-15.71265840515,0.));
#5472 = SURFACE_CURVE('',#5473,(#5477,#5484),.PCURVE_S1.);
#5473 = LINE('',#5474,#5475);
#5474 = CARTESIAN_POINT('',(4.654301461336,-15.71265840515,0.));
#5475 = VECTOR('',#5476,1.);
#5476 = DIRECTION('',(0.284015344704,-0.958819734868,0.));
#5477 = PCURVE('',#45,#5478);
#5478 = DEFINITIONAL_REPRESENTATION('',(#5479),#5483);
#5479 = LINE('',#5480,#5481);
#5480 = CARTESIAN_POINT('',(4.654301461336,-15.71265840515));
#5481 = VECTOR('',#5482,1.);
#5482 = DIRECTION('',(0.284015344704,-0.958819734868));
#5483 = ( GEOMETRIC_REPRESENTATION_CONTEXT(2) 
PARAMETRIC_REPRESENTATION_CONTEXT() REPRESENTATION_CONTEXT('2D SPACE',''
  ) );
#5484 = PCURVE('',#5485,#5490);
#5485 = PLANE('',#5486);
#5486 = AXIS2_PLACEMENT_3D('',#5487,#5488,#5489);
#5487 = CARTESIAN_POINT('',(4.654301461336,-15.71265840515,0.));
#5488 = DIRECTION('',(0.958819734868,0.284015344704,0.));
#5489 = DIRECTION('',(0.284015344704,-0.958819734868,0.));
#5490 = DEFINITIONAL_REPRESENTATION('',(#5491),#5495);
#5491 = LINE('',#5492,#5493);
#5492 = CARTESIAN_POINT('',(0.,0.));
#5493 = VECTOR('',#5494,1.);
#5494 = DIRECTION('',(1.,0.));
#5495 = ( GEOMETRIC_REPRESENTATION_CONTEXT(2) 
PARAMETRIC_REPRESENTATION_CONTEXT() REPRESENTATION_CONTEXT('2D SPACE',''
  ) );
#5496 = ORIENTED_EDGE('',*,*,#5497,.F.);
#5497 = EDGE_CURVE('',#5498,#5470,#5500,.T.);
#5498 = VERTEX_POINT('',#5499);
#5499 = CARTESIAN_POINT('',(5.470259905693,-15.44753743527,0.));
#5500 = SURFACE_CURVE('',#5501,(#5505,#5512),.PCURVE_S1.);
#5501 = LINE('',#5502,#5503);
#5502 = CARTESIAN_POINT('',(5.470259905693,-15.44753743527,0.));
#5503 = VECTOR('',#5504,1.);
#5504 = DIRECTION('',(-0.951056516295,-0.309016994375,0.));
#5505 = PCURVE('',#45,#5506);
#5506 = DEFINITIONAL_REPRESENTATION('',(#5507),#5511);
#5507 = LINE('',#5508,#5509);
#5508 = CARTESIAN_POINT('',(5.470259905693,-15.44753743527));
#5509 = VECTOR('',#5510,1.);
#5510 = DIRECTION('',(-0.951056516295,-0.309016994375));
#5511 = ( GEOMETRIC_REPRESENTATION_CONTEXT(2) 
PARAMETRIC_REPRESENTATION_CONTEXT() REPRESENTATION_CONTEXT('2D SPACE',''
  ) );
#5512 = PCURVE('',#5513,#5518);
#5513 = PLANE('',#5514);
#5514 = AXIS2_PLACEMENT_3D('',#5515,#5516,#5517);
#5515 = CARTESIAN_POINT('',(5.470259905693,-15.44753743527,0.));
#5516 = DIRECTION('',(0.309016994375,-0.951056516295,0.));
#5517 = DIRECTION('',(-0.951056516295,-0.309016994375,0.));
#5518 = DEFINITIONAL_REPRESENTATION('',(#5519),#5523);
#5519 = LINE('',#5520,#5521);
#5520 = CARTESIAN_POINT('',(0.,0.));
#5521 = VECTOR('',#5522,1.);
#5522 = DIRECTION('',(1.,0.));
#5523 = ( GEOMETRIC_REPRESENTATION_CONTEXT(2) 
PARAMETRIC_REPRESENTATION_CONTEXT() REPRESENTATION_CONTEXT('2D SPACE',''
  ) );
#5524 = ORIENTED_EDGE('',*,*,#5525,.F.);
#5525 = EDGE_CURVE('',#5526,#5498,#5528,.T.);
#5526 = VERTEX_POINT('',#5527);
#5527 = CARTESIAN_POINT('',(6.208807581748,-17.53313173431,0.));
#5528 = SURFACE_CURVE('',#5529,(#5533,#5540),.PCURVE_S1.);
#5529 = LINE('',#5530,#5531);
#5530 = CARTESIAN_POINT('',(6.829688339923,-19.28644490774,0.));
#5531 = VECTOR('',#5532,1.);
#5532 = DIRECTION('',(-0.333806859234,0.942641491092,0.));
#5533 = PCURVE('',#45,#5534);
#5534 = DEFINITIONAL_REPRESENTATION('',(#5535),#5539);
#5535 = LINE('',#5536,#5537);
#5536 = CARTESIAN_POINT('',(6.829688339923,-19.28644490774));
#5537 = VECTOR('',#5538,1.);
#5538 = DIRECTION('',(-0.333806859234,0.942641491092));
#5539 = ( GEOMETRIC_REPRESENTATION_CONTEXT(2) 
PARAMETRIC_REPRESENTATION_CONTEXT() REPRESENTATION_CONTEXT('2D SPACE',''
  ) );
#5540 = PCURVE('',#5541,#5546);
#5541 = PLANE('',#5542);
#5542 = AXIS2_PLACEMENT_3D('',#5543,#5544,#5545);
#5543 = CARTESIAN_POINT('',(6.829688339923,-19.28644490774,0.));
#5544 = DIRECTION('',(-0.942641491092,-0.333806859234,0.));
#5545 = DIRECTION('',(-0.333806859234,0.942641491092,0.));
#5546 = DEFINITIONAL_REPRESENTATION('',(#5547),#5551);
#5547 = LINE('',#5548,#5549);
#5548 = CARTESIAN_POINT('',(0.,0.));
#5549 = VECTOR('',#5550,1.);
#5550 = DIRECTION('',(1.,-0.));
#5551 = ( GEOMETRIC_REPRESENTATION_CONTEXT(2) 
PARAMETRIC_REPRESENTATION_CONTEXT() REPRESENTATION_CONTEXT('2D SPACE',''
  ) );
#5552 = ORIENTED_EDGE('',*,*,#5553,.T.);
#5553 = EDGE_CURVE('',#5526,#5554,#5556,.T.);
#5554 = VERTEX_POINT('',#5555);
#5555 = CARTESIAN_POINT('',(7.117911841991,-17.18415930471,0.));
#5556 = SURFACE_CURVE('',#5557,(#5562,#5569),.PCURVE_S1.);
#5557 = CIRCLE('',#5558,18.6);
#5558 = AXIS2_PLACEMENT_3D('',#5559,#5560,#5561);
#5559 = CARTESIAN_POINT('',(0.,0.,0.));
#5560 = DIRECTION('',(0.,0.,1.));
#5561 = DIRECTION('',(1.,0.,0.));
#5562 = PCURVE('',#45,#5563);
#5563 = DEFINITIONAL_REPRESENTATION('',(#5564),#5568);
#5564 = CIRCLE('',#5565,18.6);
#5565 = AXIS2_PLACEMENT_2D('',#5566,#5567);
#5566 = CARTESIAN_POINT('',(5.881462935653E-16,7.592810154714E-16));
#5567 = DIRECTION('',(1.,0.));
#5568 = ( GEOMETRIC_REPRESENTATION_CONTEXT(2) 
PARAMETRIC_REPRESENTATION_CONTEXT() REPRESENTATION_CONTEXT('2D SPACE',''
  ) );
#5569 = PCURVE('',#5570,#5575);
#5570 = CYLINDRICAL_SURFACE('',#5571,18.6);
#5571 = AXIS2_PLACEMENT_3D('',#5572,#5573,#5574);
#5572 = CARTESIAN_POINT('',(0.,0.,0.));
#5573 = DIRECTION('',(-0.,-0.,-1.));
#5574 = DIRECTION('',(1.,0.,0.));
#5575 = DEFINITIONAL_REPRESENTATION('',(#5576),#5580);
#5576 = LINE('',#5577,#5578);
#5577 = CARTESIAN_POINT('',(-0.,0.));
#5578 = VECTOR('',#5579,1.);
#5579 = DIRECTION('',(-1.,0.));
#5580 = ( GEOMETRIC_REPRESENTATION_CONTEXT(2) 
PARAMETRIC_REPRESENTATION_CONTEXT() REPRESENTATION_CONTEXT('2D SPACE',''
  ) );
#5581 = ORIENTED_EDGE('',*,*,#5582,.F.);
#5582 = EDGE_CURVE('',#5583,#5554,#5585,.T.);
#5583 = VERTEX_POINT('',#5584);
#5584 = CARTESIAN_POINT('',(6.271224747883,-15.14007583902,0.));
#5585 = SURFACE_CURVE('',#5586,(#5590,#5597),.PCURVE_S1.);
#5586 = LINE('',#5587,#5588);
#5587 = CARTESIAN_POINT('',(6.271224747883,-15.14007583902,0.));
#5588 = VECTOR('',#5589,1.);
#5589 = DIRECTION('',(0.382683432365,-0.923879532511,0.));
#5590 = PCURVE('',#45,#5591);
#5591 = DEFINITIONAL_REPRESENTATION('',(#5592),#5596);
#5592 = LINE('',#5593,#5594);
#5593 = CARTESIAN_POINT('',(6.271224747883,-15.14007583902));
#5594 = VECTOR('',#5595,1.);
#5595 = DIRECTION('',(0.382683432365,-0.923879532511));
#5596 = ( GEOMETRIC_REPRESENTATION_CONTEXT(2) 
PARAMETRIC_REPRESENTATION_CONTEXT() REPRESENTATION_CONTEXT('2D SPACE',''
  ) );
#5597 = PCURVE('',#5598,#5603);
#5598 = PLANE('',#5599);
#5599 = AXIS2_PLACEMENT_3D('',#5600,#5601,#5602);
#5600 = CARTESIAN_POINT('',(6.271224747883,-15.14007583902,0.));
#5601 = DIRECTION('',(0.923879532511,0.382683432365,0.));
#5602 = DIRECTION('',(0.382683432365,-0.923879532511,0.));
#5603 = DEFINITIONAL_REPRESENTATION('',(#5604),#5608);
#5604 = LINE('',#5605,#5606);
#5605 = CARTESIAN_POINT('',(0.,0.));
#5606 = VECTOR('',#5607,1.);
#5607 = DIRECTION('',(1.,0.));
#5608 = ( GEOMETRIC_REPRESENTATION_CONTEXT(2) 
PARAMETRIC_REPRESENTATION_CONTEXT() REPRESENTATION_CONTEXT('2D SPACE',''
  ) );
#5609 = ORIENTED_EDGE('',*,*,#5610,.F.);
#5610 = EDGE_CURVE('',#5611,#5583,#5613,.T.);
#5611 = VERTEX_POINT('',#5612);
#5612 = CARTESIAN_POINT('',(7.055000598946,-14.79111634728,0.));
#5613 = SURFACE_CURVE('',#5614,(#5618,#5625),.PCURVE_S1.);
#5614 = LINE('',#5615,#5616);
#5615 = CARTESIAN_POINT('',(7.055000598946,-14.79111634728,0.));
#5616 = VECTOR('',#5617,1.);
#5617 = DIRECTION('',(-0.913545457643,-0.406736643076,0.));
#5618 = PCURVE('',#45,#5619);
#5619 = DEFINITIONAL_REPRESENTATION('',(#5620),#5624);
#5620 = LINE('',#5621,#5622);
#5621 = CARTESIAN_POINT('',(7.055000598946,-14.79111634728));
#5622 = VECTOR('',#5623,1.);
#5623 = DIRECTION('',(-0.913545457643,-0.406736643076));
#5624 = ( GEOMETRIC_REPRESENTATION_CONTEXT(2) 
PARAMETRIC_REPRESENTATION_CONTEXT() REPRESENTATION_CONTEXT('2D SPACE',''
  ) );
#5625 = PCURVE('',#5626,#5631);
#5626 = PLANE('',#5627);
#5627 = AXIS2_PLACEMENT_3D('',#5628,#5629,#5630);
#5628 = CARTESIAN_POINT('',(7.055000598946,-14.79111634728,0.));
#5629 = DIRECTION('',(0.406736643076,-0.913545457643,0.));
#5630 = DIRECTION('',(-0.913545457643,-0.406736643076,0.));
#5631 = DEFINITIONAL_REPRESENTATION('',(#5632),#5636);
#5632 = LINE('',#5633,#5634);
#5633 = CARTESIAN_POINT('',(0.,0.));
#5634 = VECTOR('',#5635,1.);
#5635 = DIRECTION('',(1.,0.));
#5636 = ( GEOMETRIC_REPRESENTATION_CONTEXT(2) 
PARAMETRIC_REPRESENTATION_CONTEXT() REPRESENTATION_CONTEXT('2D SPACE',''
  ) );
#5637 = ORIENTED_EDGE('',*,*,#5638,.F.);
#5638 = EDGE_CURVE('',#5639,#5611,#5641,.T.);
#5639 = VERTEX_POINT('',#5640);
#5640 = CARTESIAN_POINT('',(8.007506400634,-16.7880862889,0.));
#5641 = SURFACE_CURVE('',#5642,(#5646,#5653),.PCURVE_S1.);
#5642 = LINE('',#5643,#5644);
#5643 = CARTESIAN_POINT('',(8.808257040698,-18.46689491779,0.));
#5644 = VECTOR('',#5645,1.);
#5645 = DIRECTION('',(-0.430511096808,0.90258528435,0.));
#5646 = PCURVE('',#45,#5647);
#5647 = DEFINITIONAL_REPRESENTATION('',(#5648),#5652);
#5648 = LINE('',#5649,#5650);
#5649 = CARTESIAN_POINT('',(8.808257040698,-18.46689491779));
#5650 = VECTOR('',#5651,1.);
#5651 = DIRECTION('',(-0.430511096808,0.90258528435));
#5652 = ( GEOMETRIC_REPRESENTATION_CONTEXT(2) 
PARAMETRIC_REPRESENTATION_CONTEXT() REPRESENTATION_CONTEXT('2D SPACE',''
  ) );
#5653 = PCURVE('',#5654,#5659);
#5654 = PLANE('',#5655);
#5655 = AXIS2_PLACEMENT_3D('',#5656,#5657,#5658);
#5656 = CARTESIAN_POINT('',(8.808257040698,-18.46689491779,0.));
#5657 = DIRECTION('',(-0.90258528435,-0.430511096808,0.));
#5658 = DIRECTION('',(-0.430511096808,0.90258528435,0.));
#5659 = DEFINITIONAL_REPRESENTATION('',(#5660),#5664);
#5660 = LINE('',#5661,#5662);
#5661 = CARTESIAN_POINT('',(0.,0.));
#5662 = VECTOR('',#5663,1.);
#5663 = DIRECTION('',(1.,-0.));
#5664 = ( GEOMETRIC_REPRESENTATION_CONTEXT(2) 
PARAMETRIC_REPRESENTATION_CONTEXT() REPRESENTATION_CONTEXT('2D SPACE',''
  ) );
#5665 = ORIENTED_EDGE('',*,*,#5666,.T.);
#5666 = EDGE_CURVE('',#5639,#5667,#5669,.T.);
#5667 = VERTEX_POINT('',#5668);
#5668 = CARTESIAN_POINT('',(8.875152940828,-16.34599829551,0.));
#5669 = SURFACE_CURVE('',#5670,(#5675,#5682),.PCURVE_S1.);
#5670 = CIRCLE('',#5671,18.6);
#5671 = AXIS2_PLACEMENT_3D('',#5672,#5673,#5674);
#5672 = CARTESIAN_POINT('',(0.,0.,0.));
#5673 = DIRECTION('',(0.,0.,1.));
#5674 = DIRECTION('',(1.,0.,0.));
#5675 = PCURVE('',#45,#5676);
#5676 = DEFINITIONAL_REPRESENTATION('',(#5677),#5681);
#5677 = CIRCLE('',#5678,18.6);
#5678 = AXIS2_PLACEMENT_2D('',#5679,#5680);
#5679 = CARTESIAN_POINT('',(5.881462935653E-16,7.592810154714E-16));
#5680 = DIRECTION('',(1.,0.));
#5681 = ( GEOMETRIC_REPRESENTATION_CONTEXT(2) 
PARAMETRIC_REPRESENTATION_CONTEXT() REPRESENTATION_CONTEXT('2D SPACE',''
  ) );
#5682 = PCURVE('',#5683,#5688);
#5683 = CYLINDRICAL_SURFACE('',#5684,18.6);
#5684 = AXIS2_PLACEMENT_3D('',#5685,#5686,#5687);
#5685 = CARTESIAN_POINT('',(0.,0.,0.));
#5686 = DIRECTION('',(-0.,-0.,-1.));
#5687 = DIRECTION('',(1.,0.,0.));
#5688 = DEFINITIONAL_REPRESENTATION('',(#5689),#5693);
#5689 = LINE('',#5690,#5691);
#5690 = CARTESIAN_POINT('',(-0.,0.));
#5691 = VECTOR('',#5692,1.);
#5692 = DIRECTION('',(-1.,0.));
#5693 = ( GEOMETRIC_REPRESENTATION_CONTEXT(2) 
PARAMETRIC_REPRESENTATION_CONTEXT() REPRESENTATION_CONTEXT('2D SPACE',''
  ) );
#5694 = ORIENTED_EDGE('',*,*,#5695,.F.);
#5695 = EDGE_CURVE('',#5696,#5667,#5698,.T.);
#5696 = VERTEX_POINT('',#5697);
#5697 = CARTESIAN_POINT('',(7.819439183754,-14.40161543374,0.));
#5698 = SURFACE_CURVE('',#5699,(#5703,#5710),.PCURVE_S1.);
#5699 = LINE('',#5700,#5701);
#5700 = CARTESIAN_POINT('',(7.819439183754,-14.40161543374,0.));
#5701 = VECTOR('',#5702,1.);
#5702 = DIRECTION('',(0.47715876026,-0.878817112662,0.));
#5703 = PCURVE('',#45,#5704);
#5704 = DEFINITIONAL_REPRESENTATION('',(#5705),#5709);
#5705 = LINE('',#5706,#5707);
#5706 = CARTESIAN_POINT('',(7.819439183754,-14.40161543374));
#5707 = VECTOR('',#5708,1.);
#5708 = DIRECTION('',(0.47715876026,-0.878817112662));
#5709 = ( GEOMETRIC_REPRESENTATION_CONTEXT(2) 
PARAMETRIC_REPRESENTATION_CONTEXT() REPRESENTATION_CONTEXT('2D SPACE',''
  ) );
#5710 = PCURVE('',#5711,#5716);
#5711 = PLANE('',#5712);
#5712 = AXIS2_PLACEMENT_3D('',#5713,#5714,#5715);
#5713 = CARTESIAN_POINT('',(7.819439183754,-14.40161543374,0.));
#5714 = DIRECTION('',(0.878817112662,0.47715876026,0.));
#5715 = DIRECTION('',(0.47715876026,-0.878817112662,0.));
#5716 = DEFINITIONAL_REPRESENTATION('',(#5717),#5721);
#5717 = LINE('',#5718,#5719);
#5718 = CARTESIAN_POINT('',(0.,0.));
#5719 = VECTOR('',#5720,1.);
#5720 = DIRECTION('',(1.,0.));
#5721 = ( GEOMETRIC_REPRESENTATION_CONTEXT(2) 
PARAMETRIC_REPRESENTATION_CONTEXT() REPRESENTATION_CONTEXT('2D SPACE',''
  ) );
#5722 = ORIENTED_EDGE('',*,*,#5723,.F.);
#5723 = EDGE_CURVE('',#5724,#5696,#5726,.T.);
#5724 = VERTEX_POINT('',#5725);
#5725 = CARTESIAN_POINT('',(8.562445229283,-13.97264069335,0.));
#5726 = SURFACE_CURVE('',#5727,(#5731,#5738),.PCURVE_S1.);
#5727 = LINE('',#5728,#5729);
#5728 = CARTESIAN_POINT('',(8.562445229283,-13.97264069335,0.));
#5729 = VECTOR('',#5730,1.);
#5730 = DIRECTION('',(-0.866025403784,-0.5,0.));
#5731 = PCURVE('',#45,#5732);
#5732 = DEFINITIONAL_REPRESENTATION('',(#5733),#5737);
#5733 = LINE('',#5734,#5735);
#5734 = CARTESIAN_POINT('',(8.562445229283,-13.97264069335));
#5735 = VECTOR('',#5736,1.);
#5736 = DIRECTION('',(-0.866025403784,-0.5));
#5737 = ( GEOMETRIC_REPRESENTATION_CONTEXT(2) 
PARAMETRIC_REPRESENTATION_CONTEXT() REPRESENTATION_CONTEXT('2D SPACE',''
  ) );
#5738 = PCURVE('',#5739,#5744);
#5739 = PLANE('',#5740);
#5740 = AXIS2_PLACEMENT_3D('',#5741,#5742,#5743);
#5741 = CARTESIAN_POINT('',(8.562445229283,-13.97264069335,0.));
#5742 = DIRECTION('',(0.5,-0.866025403784,0.));
#5743 = DIRECTION('',(-0.866025403784,-0.5,0.));
#5744 = DEFINITIONAL_REPRESENTATION('',(#5745),#5749);
#5745 = LINE('',#5746,#5747);
#5746 = CARTESIAN_POINT('',(0.,0.));
#5747 = VECTOR('',#5748,1.);
#5748 = DIRECTION('',(1.,0.));
#5749 = ( GEOMETRIC_REPRESENTATION_CONTEXT(2) 
PARAMETRIC_REPRESENTATION_CONTEXT() REPRESENTATION_CONTEXT('2D SPACE',''
  ) );
#5750 = ORIENTED_EDGE('',*,*,#5751,.F.);
#5751 = EDGE_CURVE('',#5752,#5724,#5754,.T.);
#5752 = VERTEX_POINT('',#5753);
#5753 = CARTESIAN_POINT('',(9.718473303717,-15.85910705698,0.));
#5754 = SURFACE_CURVE('',#5755,(#5759,#5766),.PCURVE_S1.);
#5755 = LINE('',#5756,#5757);
#5756 = CARTESIAN_POINT('',(10.690320634088,-17.44501776268,0.));
#5757 = VECTOR('',#5758,1.);
#5758 = DIRECTION('',(-0.522498564716,0.852640164354,0.));
#5759 = PCURVE('',#45,#5760);
#5760 = DEFINITIONAL_REPRESENTATION('',(#5761),#5765);
#5761 = LINE('',#5762,#5763);
#5762 = CARTESIAN_POINT('',(10.690320634088,-17.44501776268));
#5763 = VECTOR('',#5764,1.);
#5764 = DIRECTION('',(-0.522498564716,0.852640164354));
#5765 = ( GEOMETRIC_REPRESENTATION_CONTEXT(2) 
PARAMETRIC_REPRESENTATION_CONTEXT() REPRESENTATION_CONTEXT('2D SPACE',''
  ) );
#5766 = PCURVE('',#5767,#5772);
#5767 = PLANE('',#5768);
#5768 = AXIS2_PLACEMENT_3D('',#5769,#5770,#5771);
#5769 = CARTESIAN_POINT('',(10.690320634088,-17.44501776268,0.));
#5770 = DIRECTION('',(-0.852640164354,-0.522498564716,0.));
#5771 = DIRECTION('',(-0.522498564716,0.852640164354,0.));
#5772 = DEFINITIONAL_REPRESENTATION('',(#5773),#5777);
#5773 = LINE('',#5774,#5775);
#5774 = CARTESIAN_POINT('',(0.,0.));
#5775 = VECTOR('',#5776,1.);
#5776 = DIRECTION('',(1.,-0.));
#5777 = ( GEOMETRIC_REPRESENTATION_CONTEXT(2) 
PARAMETRIC_REPRESENTATION_CONTEXT() REPRESENTATION_CONTEXT('2D SPACE',''
  ) );
#5778 = ORIENTED_EDGE('',*,*,#5779,.T.);
#5779 = EDGE_CURVE('',#5752,#5780,#5782,.T.);
#5780 = VERTEX_POINT('',#5781);
#5781 = CARTESIAN_POINT('',(10.535156006802,-15.32874710837,0.));
#5782 = SURFACE_CURVE('',#5783,(#5788,#5795),.PCURVE_S1.);
#5783 = CIRCLE('',#5784,18.6);
#5784 = AXIS2_PLACEMENT_3D('',#5785,#5786,#5787);
#5785 = CARTESIAN_POINT('',(0.,0.,0.));
#5786 = DIRECTION('',(0.,0.,1.));
#5787 = DIRECTION('',(1.,0.,0.));
#5788 = PCURVE('',#45,#5789);
#5789 = DEFINITIONAL_REPRESENTATION('',(#5790),#5794);
#5790 = CIRCLE('',#5791,18.6);
#5791 = AXIS2_PLACEMENT_2D('',#5792,#5793);
#5792 = CARTESIAN_POINT('',(5.881462935653E-16,7.592810154714E-16));
#5793 = DIRECTION('',(1.,0.));
#5794 = ( GEOMETRIC_REPRESENTATION_CONTEXT(2) 
PARAMETRIC_REPRESENTATION_CONTEXT() REPRESENTATION_CONTEXT('2D SPACE',''
  ) );
#5795 = PCURVE('',#5796,#5801);
#5796 = CYLINDRICAL_SURFACE('',#5797,18.6);
#5797 = AXIS2_PLACEMENT_3D('',#5798,#5799,#5800);
#5798 = CARTESIAN_POINT('',(0.,0.,0.));
#5799 = DIRECTION('',(-0.,-0.,-1.));
#5800 = DIRECTION('',(1.,0.,0.));
#5801 = DEFINITIONAL_REPRESENTATION('',(#5802),#5806);
#5802 = LINE('',#5803,#5804);
#5803 = CARTESIAN_POINT('',(-0.,0.));
#5804 = VECTOR('',#5805,1.);
#5805 = DIRECTION('',(-1.,0.));
#5806 = ( GEOMETRIC_REPRESENTATION_CONTEXT(2) 
PARAMETRIC_REPRESENTATION_CONTEXT() REPRESENTATION_CONTEXT('2D SPACE',''
  ) );
#5807 = ORIENTED_EDGE('',*,*,#5808,.F.);
#5808 = EDGE_CURVE('',#5809,#5780,#5811,.T.);
#5809 = VERTEX_POINT('',#5810);
#5810 = CARTESIAN_POINT('',(9.281982207606,-13.50536791604,0.));
#5811 = SURFACE_CURVE('',#5812,(#5816,#5823),.PCURVE_S1.);
#5812 = LINE('',#5813,#5814);
#5813 = CARTESIAN_POINT('',(9.281982207606,-13.50536791604,0.));
#5814 = VECTOR('',#5815,1.);
#5815 = DIRECTION('',(0.566406236925,-0.824126188622,0.));
#5816 = PCURVE('',#45,#5817);
#5817 = DEFINITIONAL_REPRESENTATION('',(#5818),#5822);
#5818 = LINE('',#5819,#5820);
#5819 = CARTESIAN_POINT('',(9.281982207606,-13.50536791604));
#5820 = VECTOR('',#5821,1.);
#5821 = DIRECTION('',(0.566406236925,-0.824126188622));
#5822 = ( GEOMETRIC_REPRESENTATION_CONTEXT(2) 
PARAMETRIC_REPRESENTATION_CONTEXT() REPRESENTATION_CONTEXT('2D SPACE',''
  ) );
#5823 = PCURVE('',#5824,#5829);
#5824 = PLANE('',#5825);
#5825 = AXIS2_PLACEMENT_3D('',#5826,#5827,#5828);
#5826 = CARTESIAN_POINT('',(9.281982207606,-13.50536791604,0.));
#5827 = DIRECTION('',(0.824126188622,0.566406236925,0.));
#5828 = DIRECTION('',(0.566406236925,-0.824126188622,0.));
#5829 = DEFINITIONAL_REPRESENTATION('',(#5830),#5834);
#5830 = LINE('',#5831,#5832);
#5831 = CARTESIAN_POINT('',(0.,0.));
#5832 = VECTOR('',#5833,1.);
#5833 = DIRECTION('',(1.,0.));
#5834 = ( GEOMETRIC_REPRESENTATION_CONTEXT(2) 
PARAMETRIC_REPRESENTATION_CONTEXT() REPRESENTATION_CONTEXT('2D SPACE',''
  ) );
#5835 = ORIENTED_EDGE('',*,*,#5836,.F.);
#5836 = EDGE_CURVE('',#5837,#5809,#5839,.T.);
#5837 = VERTEX_POINT('',#5838);
#5838 = CARTESIAN_POINT('',(9.97607791788,-13.00107786402,0.));
#5839 = SURFACE_CURVE('',#5840,(#5844,#5851),.PCURVE_S1.);
#5840 = LINE('',#5841,#5842);
#5841 = CARTESIAN_POINT('',(9.97607791788,-13.00107786402,0.));
#5842 = VECTOR('',#5843,1.);
#5843 = DIRECTION('',(-0.809016994375,-0.587785252292,0.));
#5844 = PCURVE('',#45,#5845);
#5845 = DEFINITIONAL_REPRESENTATION('',(#5846),#5850);
#5846 = LINE('',#5847,#5848);
#5847 = CARTESIAN_POINT('',(9.97607791788,-13.00107786402));
#5848 = VECTOR('',#5849,1.);
#5849 = DIRECTION('',(-0.809016994375,-0.587785252292));
#5850 = ( GEOMETRIC_REPRESENTATION_CONTEXT(2) 
PARAMETRIC_REPRESENTATION_CONTEXT() REPRESENTATION_CONTEXT('2D SPACE',''
  ) );
#5851 = PCURVE('',#5852,#5857);
#5852 = PLANE('',#5853);
#5853 = AXIS2_PLACEMENT_3D('',#5854,#5855,#5856);
#5854 = CARTESIAN_POINT('',(9.97607791788,-13.00107786402,0.));
#5855 = DIRECTION('',(0.587785252292,-0.809016994375,0.));
#5856 = DIRECTION('',(-0.809016994375,-0.587785252292,0.));
#5857 = DEFINITIONAL_REPRESENTATION('',(#5858),#5862);
#5858 = LINE('',#5859,#5860);
#5859 = CARTESIAN_POINT('',(0.,0.));
#5860 = VECTOR('',#5861,1.);
#5861 = DIRECTION('',(1.,0.));
#5862 = ( GEOMETRIC_REPRESENTATION_CONTEXT(2) 
PARAMETRIC_REPRESENTATION_CONTEXT() REPRESENTATION_CONTEXT('2D SPACE',''
  ) );
#5863 = ORIENTED_EDGE('',*,*,#5864,.F.);
#5864 = EDGE_CURVE('',#5865,#5837,#5867,.T.);
#5865 = VERTEX_POINT('',#5866);
#5866 = CARTESIAN_POINT('',(11.322962579562,-14.75637212941,0.));
#5867 = SURFACE_CURVE('',#5868,(#5872,#5879),.PCURVE_S1.);
#5868 = LINE('',#5869,#5870);
#5869 = CARTESIAN_POINT('',(12.455258837518,-16.23200934235,0.));
#5870 = VECTOR('',#5871,1.);
#5871 = DIRECTION('',(-0.608761429009,0.793353340291,0.));
#5872 = PCURVE('',#45,#5873);
#5873 = DEFINITIONAL_REPRESENTATION('',(#5874),#5878);
#5874 = LINE('',#5875,#5876);
#5875 = CARTESIAN_POINT('',(12.455258837518,-16.23200934235));
#5876 = VECTOR('',#5877,1.);
#5877 = DIRECTION('',(-0.608761429009,0.793353340291));
#5878 = ( GEOMETRIC_REPRESENTATION_CONTEXT(2) 
PARAMETRIC_REPRESENTATION_CONTEXT() REPRESENTATION_CONTEXT('2D SPACE',''
  ) );
#5879 = PCURVE('',#5880,#5885);
#5880 = PLANE('',#5881);
#5881 = AXIS2_PLACEMENT_3D('',#5882,#5883,#5884);
#5882 = CARTESIAN_POINT('',(12.455258837518,-16.23200934235,0.));
#5883 = DIRECTION('',(-0.793353340291,-0.608761429009,0.));
#5884 = DIRECTION('',(-0.608761429009,0.793353340291,0.));
#5885 = DEFINITIONAL_REPRESENTATION('',(#5886),#5890);
#5886 = LINE('',#5887,#5888);
#5887 = CARTESIAN_POINT('',(0.,0.));
#5888 = VECTOR('',#5889,1.);
#5889 = DIRECTION('',(1.,-0.));
#5890 = ( GEOMETRIC_REPRESENTATION_CONTEXT(2) 
PARAMETRIC_REPRESENTATION_CONTEXT() REPRESENTATION_CONTEXT('2D SPACE',''
  ) );
#5891 = ORIENTED_EDGE('',*,*,#5892,.T.);
#5892 = EDGE_CURVE('',#5865,#5893,#5895,.T.);
#5893 = VERTEX_POINT('',#5894);
#5894 = CARTESIAN_POINT('',(12.079733698942,-14.14355096016,0.));
#5895 = SURFACE_CURVE('',#5896,(#5901,#5908),.PCURVE_S1.);
#5896 = CIRCLE('',#5897,18.6);
#5897 = AXIS2_PLACEMENT_3D('',#5898,#5899,#5900);
#5898 = CARTESIAN_POINT('',(0.,0.,0.));
#5899 = DIRECTION('',(0.,0.,1.));
#5900 = DIRECTION('',(1.,0.,0.));
#5901 = PCURVE('',#45,#5902);
#5902 = DEFINITIONAL_REPRESENTATION('',(#5903),#5907);
#5903 = CIRCLE('',#5904,18.6);
#5904 = AXIS2_PLACEMENT_2D('',#5905,#5906);
#5905 = CARTESIAN_POINT('',(5.881462935653E-16,7.592810154714E-16));
#5906 = DIRECTION('',(1.,0.));
#5907 = ( GEOMETRIC_REPRESENTATION_CONTEXT(2) 
PARAMETRIC_REPRESENTATION_CONTEXT() REPRESENTATION_CONTEXT('2D SPACE',''
  ) );
#5908 = PCURVE('',#5909,#5914);
#5909 = CYLINDRICAL_SURFACE('',#5910,18.6);
#5910 = AXIS2_PLACEMENT_3D('',#5911,#5912,#5913);
#5911 = CARTESIAN_POINT('',(0.,0.,0.));
#5912 = DIRECTION('',(-0.,-0.,-1.));
#5913 = DIRECTION('',(1.,0.,0.));
#5914 = DEFINITIONAL_REPRESENTATION('',(#5915),#5919);
#5915 = LINE('',#5916,#5917);
#5916 = CARTESIAN_POINT('',(-0.,0.));
#5917 = VECTOR('',#5918,1.);
#5918 = DIRECTION('',(-1.,0.));
#5919 = ( GEOMETRIC_REPRESENTATION_CONTEXT(2) 
PARAMETRIC_REPRESENTATION_CONTEXT() REPRESENTATION_CONTEXT('2D SPACE',''
  ) );
#5920 = ORIENTED_EDGE('',*,*,#5921,.F.);
#5921 = EDGE_CURVE('',#5922,#5893,#5924,.T.);
#5922 = VERTEX_POINT('',#5923);
#5923 = CARTESIAN_POINT('',(10.642829892011,-12.46115276127,0.));
#5924 = SURFACE_CURVE('',#5925,(#5929,#5936),.PCURVE_S1.);
#5925 = LINE('',#5926,#5927);
#5926 = CARTESIAN_POINT('',(10.642829892011,-12.46115276127,0.));
#5927 = VECTOR('',#5928,1.);
#5928 = DIRECTION('',(0.64944804833,-0.7604059656,0.));
#5929 = PCURVE('',#45,#5930);
#5930 = DEFINITIONAL_REPRESENTATION('',(#5931),#5935);
#5931 = LINE('',#5932,#5933);
#5932 = CARTESIAN_POINT('',(10.642829892011,-12.46115276127));
#5933 = VECTOR('',#5934,1.);
#5934 = DIRECTION('',(0.64944804833,-0.7604059656));
#5935 = ( GEOMETRIC_REPRESENTATION_CONTEXT(2) 
PARAMETRIC_REPRESENTATION_CONTEXT() REPRESENTATION_CONTEXT('2D SPACE',''
  ) );
#5936 = PCURVE('',#5937,#5942);
#5937 = PLANE('',#5938);
#5938 = AXIS2_PLACEMENT_3D('',#5939,#5940,#5941);
#5939 = CARTESIAN_POINT('',(10.642829892011,-12.46115276127,0.));
#5940 = DIRECTION('',(0.7604059656,0.64944804833,0.));
#5941 = DIRECTION('',(0.64944804833,-0.7604059656,0.));
#5942 = DEFINITIONAL_REPRESENTATION('',(#5943),#5947);
#5943 = LINE('',#5944,#5945);
#5944 = CARTESIAN_POINT('',(0.,0.));
#5945 = VECTOR('',#5946,1.);
#5946 = DIRECTION('',(1.,0.));
#5947 = ( GEOMETRIC_REPRESENTATION_CONTEXT(2) 
PARAMETRIC_REPRESENTATION_CONTEXT() REPRESENTATION_CONTEXT('2D SPACE',''
  ) );
#5948 = ORIENTED_EDGE('',*,*,#5949,.F.);
#5949 = EDGE_CURVE('',#5950,#5922,#5952,.T.);
#5950 = VERTEX_POINT('',#5951);
#5951 = CARTESIAN_POINT('',(11.280410609181,-11.88707250496,0.));
#5952 = SURFACE_CURVE('',#5953,(#5957,#5964),.PCURVE_S1.);
#5953 = LINE('',#5954,#5955);
#5954 = CARTESIAN_POINT('',(11.280410609181,-11.88707250496,0.));
#5955 = VECTOR('',#5956,1.);
#5956 = DIRECTION('',(-0.743144825477,-0.669130606359,0.));
#5957 = PCURVE('',#45,#5958);
#5958 = DEFINITIONAL_REPRESENTATION('',(#5959),#5963);
#5959 = LINE('',#5960,#5961);
#5960 = CARTESIAN_POINT('',(11.280410609181,-11.88707250496));
#5961 = VECTOR('',#5962,1.);
#5962 = DIRECTION('',(-0.743144825477,-0.669130606359));
#5963 = ( GEOMETRIC_REPRESENTATION_CONTEXT(2) 
PARAMETRIC_REPRESENTATION_CONTEXT() REPRESENTATION_CONTEXT('2D SPACE',''
  ) );
#5964 = PCURVE('',#5965,#5970);
#5965 = PLANE('',#5966);
#5966 = AXIS2_PLACEMENT_3D('',#5967,#5968,#5969);
#5967 = CARTESIAN_POINT('',(11.280410609181,-11.88707250496,0.));
#5968 = DIRECTION('',(0.669130606359,-0.743144825477,0.));
#5969 = DIRECTION('',(-0.743144825477,-0.669130606359,0.));
#5970 = DEFINITIONAL_REPRESENTATION('',(#5971),#5975);
#5971 = LINE('',#5972,#5973);
#5972 = CARTESIAN_POINT('',(0.,0.));
#5973 = VECTOR('',#5974,1.);
#5974 = DIRECTION('',(1.,0.));
#5975 = ( GEOMETRIC_REPRESENTATION_CONTEXT(2) 
PARAMETRIC_REPRESENTATION_CONTEXT() REPRESENTATION_CONTEXT('2D SPACE',''
  ) );
#5976 = ORIENTED_EDGE('',*,*,#5977,.F.);
#5977 = EDGE_CURVE('',#5978,#5950,#5980,.T.);
#5978 = VERTEX_POINT('',#5979);
#5979 = CARTESIAN_POINT('',(12.803395107904,-13.49196330082,0.));
#5980 = SURFACE_CURVE('',#5981,(#5985,#5992),.PCURVE_S1.);
#5981 = LINE('',#5982,#5983);
#5982 = CARTESIAN_POINT('',(14.083734618694,-14.84115963091,0.));
#5983 = VECTOR('',#5984,1.);
#5984 = DIRECTION('',(-0.688354575694,0.725374371012,0.));
#5985 = PCURVE('',#45,#5986);
#5986 = DEFINITIONAL_REPRESENTATION('',(#5987),#5991);
#5987 = LINE('',#5988,#5989);
#5988 = CARTESIAN_POINT('',(14.083734618694,-14.84115963091));
#5989 = VECTOR('',#5990,1.);
#5990 = DIRECTION('',(-0.688354575694,0.725374371012));
#5991 = ( GEOMETRIC_REPRESENTATION_CONTEXT(2) 
PARAMETRIC_REPRESENTATION_CONTEXT() REPRESENTATION_CONTEXT('2D SPACE',''
  ) );
#5992 = PCURVE('',#5993,#5998);
#5993 = PLANE('',#5994);
#5994 = AXIS2_PLACEMENT_3D('',#5995,#5996,#5997);
#5995 = CARTESIAN_POINT('',(14.083734618694,-14.84115963091,0.));
#5996 = DIRECTION('',(-0.725374371012,-0.688354575694,0.));
#5997 = DIRECTION('',(-0.688354575694,0.725374371012,0.));
#5998 = DEFINITIONAL_REPRESENTATION('',(#5999),#6003);
#5999 = LINE('',#6000,#6001);
#6000 = CARTESIAN_POINT('',(0.,0.));
#6001 = VECTOR('',#6002,1.);
#6002 = DIRECTION('',(1.,-0.));
#6003 = ( GEOMETRIC_REPRESENTATION_CONTEXT(2) 
PARAMETRIC_REPRESENTATION_CONTEXT() REPRESENTATION_CONTEXT('2D SPACE',''
  ) );
#6004 = ORIENTED_EDGE('',*,*,#6005,.T.);
#6005 = EDGE_CURVE('',#5978,#6006,#6008,.T.);
#6006 = VERTEX_POINT('',#6007);
#6007 = CARTESIAN_POINT('',(13.491963300828,-12.8033951079,0.));
#6008 = SURFACE_CURVE('',#6009,(#6014,#6021),.PCURVE_S1.);
#6009 = CIRCLE('',#6010,18.6);
#6010 = AXIS2_PLACEMENT_3D('',#6011,#6012,#6013);
#6011 = CARTESIAN_POINT('',(0.,0.,0.));
#6012 = DIRECTION('',(0.,0.,1.));
#6013 = DIRECTION('',(1.,0.,0.));
#6014 = PCURVE('',#45,#6015);
#6015 = DEFINITIONAL_REPRESENTATION('',(#6016),#6020);
#6016 = CIRCLE('',#6017,18.6);
#6017 = AXIS2_PLACEMENT_2D('',#6018,#6019);
#6018 = CARTESIAN_POINT('',(5.881462935653E-16,7.592810154714E-16));
#6019 = DIRECTION('',(1.,0.));
#6020 = ( GEOMETRIC_REPRESENTATION_CONTEXT(2) 
PARAMETRIC_REPRESENTATION_CONTEXT() REPRESENTATION_CONTEXT('2D SPACE',''
  ) );
#6021 = PCURVE('',#6022,#6027);
#6022 = CYLINDRICAL_SURFACE('',#6023,18.6);
#6023 = AXIS2_PLACEMENT_3D('',#6024,#6025,#6026);
#6024 = CARTESIAN_POINT('',(0.,0.,0.));
#6025 = DIRECTION('',(-0.,-0.,-1.));
#6026 = DIRECTION('',(1.,0.,0.));
#6027 = DEFINITIONAL_REPRESENTATION('',(#6028),#6032);
#6028 = LINE('',#6029,#6030);
#6029 = CARTESIAN_POINT('',(-0.,0.));
#6030 = VECTOR('',#6031,1.);
#6031 = DIRECTION('',(-1.,0.));
#6032 = ( GEOMETRIC_REPRESENTATION_CONTEXT(2) 
PARAMETRIC_REPRESENTATION_CONTEXT() REPRESENTATION_CONTEXT('2D SPACE',''
  ) );
#6033 = ORIENTED_EDGE('',*,*,#6034,.F.);
#6034 = EDGE_CURVE('',#6035,#6006,#6037,.T.);
#6035 = VERTEX_POINT('',#6036);
#6036 = CARTESIAN_POINT('',(11.887072504964,-11.28041060918,0.));
#6037 = SURFACE_CURVE('',#6038,(#6042,#6049),.PCURVE_S1.);
#6038 = LINE('',#6039,#6040);
#6039 = CARTESIAN_POINT('',(11.887072504964,-11.28041060918,0.));
#6040 = VECTOR('',#6041,1.);
#6041 = DIRECTION('',(0.725374371012,-0.688354575694,0.));
#6042 = PCURVE('',#45,#6043);
#6043 = DEFINITIONAL_REPRESENTATION('',(#6044),#6048);
#6044 = LINE('',#6045,#6046);
#6045 = CARTESIAN_POINT('',(11.887072504964,-11.28041060918));
#6046 = VECTOR('',#6047,1.);
#6047 = DIRECTION('',(0.725374371012,-0.688354575694));
#6048 = ( GEOMETRIC_REPRESENTATION_CONTEXT(2) 
PARAMETRIC_REPRESENTATION_CONTEXT() REPRESENTATION_CONTEXT('2D SPACE',''
  ) );
#6049 = PCURVE('',#6050,#6055);
#6050 = PLANE('',#6051);
#6051 = AXIS2_PLACEMENT_3D('',#6052,#6053,#6054);
#6052 = CARTESIAN_POINT('',(11.887072504964,-11.28041060918,0.));
#6053 = DIRECTION('',(0.688354575694,0.725374371012,0.));
#6054 = DIRECTION('',(0.725374371012,-0.688354575694,0.));
#6055 = DEFINITIONAL_REPRESENTATION('',(#6056),#6060);
#6056 = LINE('',#6057,#6058);
#6057 = CARTESIAN_POINT('',(0.,0.));
#6058 = VECTOR('',#6059,1.);
#6059 = DIRECTION('',(1.,0.));
#6060 = ( GEOMETRIC_REPRESENTATION_CONTEXT(2) 
PARAMETRIC_REPRESENTATION_CONTEXT() REPRESENTATION_CONTEXT('2D SPACE',''
  ) );
#6061 = ORIENTED_EDGE('',*,*,#6062,.F.);
#6062 = EDGE_CURVE('',#6063,#6035,#6065,.T.);
#6063 = VERTEX_POINT('',#6064);
#6064 = CARTESIAN_POINT('',(12.461152761271,-10.64282989201,0.));
#6065 = SURFACE_CURVE('',#6066,(#6070,#6077),.PCURVE_S1.);
#6066 = LINE('',#6067,#6068);
#6067 = CARTESIAN_POINT('',(12.461152761271,-10.64282989201,0.));
#6068 = VECTOR('',#6069,1.);
#6069 = DIRECTION('',(-0.669130606359,-0.743144825477,0.));
#6070 = PCURVE('',#45,#6071);
#6071 = DEFINITIONAL_REPRESENTATION('',(#6072),#6076);
#6072 = LINE('',#6073,#6074);
#6073 = CARTESIAN_POINT('',(12.461152761271,-10.64282989201));
#6074 = VECTOR('',#6075,1.);
#6075 = DIRECTION('',(-0.669130606359,-0.743144825477));
#6076 = ( GEOMETRIC_REPRESENTATION_CONTEXT(2) 
PARAMETRIC_REPRESENTATION_CONTEXT() REPRESENTATION_CONTEXT('2D SPACE',''
  ) );
#6077 = PCURVE('',#6078,#6083);
#6078 = PLANE('',#6079);
#6079 = AXIS2_PLACEMENT_3D('',#6080,#6081,#6082);
#6080 = CARTESIAN_POINT('',(12.461152761271,-10.64282989201,0.));
#6081 = DIRECTION('',(0.743144825477,-0.669130606359,0.));
#6082 = DIRECTION('',(-0.669130606359,-0.743144825477,0.));
#6083 = DEFINITIONAL_REPRESENTATION('',(#6084),#6088);
#6084 = LINE('',#6085,#6086);
#6085 = CARTESIAN_POINT('',(0.,0.));
#6086 = VECTOR('',#6087,1.);
#6087 = DIRECTION('',(1.,0.));
#6088 = ( GEOMETRIC_REPRESENTATION_CONTEXT(2) 
PARAMETRIC_REPRESENTATION_CONTEXT() REPRESENTATION_CONTEXT('2D SPACE',''
  ) );
#6089 = ORIENTED_EDGE('',*,*,#6090,.F.);
#6090 = EDGE_CURVE('',#6091,#6063,#6093,.T.);
#6091 = VERTEX_POINT('',#6092);
#6092 = CARTESIAN_POINT('',(14.143550960161,-12.07973369894,0.));
#6093 = SURFACE_CURVE('',#6094,(#6098,#6105),.PCURVE_S1.);
#6094 = LINE('',#6095,#6096);
#6095 = CARTESIAN_POINT('',(15.557906056177,-13.28770706883,0.));
#6096 = VECTOR('',#6097,1.);
#6097 = DIRECTION('',(-0.7604059656,0.64944804833,0.));
#6098 = PCURVE('',#45,#6099);
#6099 = DEFINITIONAL_REPRESENTATION('',(#6100),#6104);
#6100 = LINE('',#6101,#6102);
#6101 = CARTESIAN_POINT('',(15.557906056177,-13.28770706883));
#6102 = VECTOR('',#6103,1.);
#6103 = DIRECTION('',(-0.7604059656,0.64944804833));
#6104 = ( GEOMETRIC_REPRESENTATION_CONTEXT(2) 
PARAMETRIC_REPRESENTATION_CONTEXT() REPRESENTATION_CONTEXT('2D SPACE',''
  ) );
#6105 = PCURVE('',#6106,#6111);
#6106 = PLANE('',#6107);
#6107 = AXIS2_PLACEMENT_3D('',#6108,#6109,#6110);
#6108 = CARTESIAN_POINT('',(15.557906056177,-13.28770706883,0.));
#6109 = DIRECTION('',(-0.64944804833,-0.7604059656,0.));
#6110 = DIRECTION('',(-0.7604059656,0.64944804833,0.));
#6111 = DEFINITIONAL_REPRESENTATION('',(#6112),#6116);
#6112 = LINE('',#6113,#6114);
#6113 = CARTESIAN_POINT('',(0.,0.));
#6114 = VECTOR('',#6115,1.);
#6115 = DIRECTION('',(1.,-0.));
#6116 = ( GEOMETRIC_REPRESENTATION_CONTEXT(2) 
PARAMETRIC_REPRESENTATION_CONTEXT() REPRESENTATION_CONTEXT('2D SPACE',''
  ) );
#6117 = ORIENTED_EDGE('',*,*,#6118,.T.);
#6118 = EDGE_CURVE('',#6091,#6119,#6121,.T.);
#6119 = VERTEX_POINT('',#6120);
#6120 = CARTESIAN_POINT('',(14.756372129417,-11.32296257956,0.));
#6121 = SURFACE_CURVE('',#6122,(#6127,#6134),.PCURVE_S1.);
#6122 = CIRCLE('',#6123,18.6);
#6123 = AXIS2_PLACEMENT_3D('',#6124,#6125,#6126);
#6124 = CARTESIAN_POINT('',(0.,0.,0.));
#6125 = DIRECTION('',(0.,0.,1.));
#6126 = DIRECTION('',(1.,0.,0.));
#6127 = PCURVE('',#45,#6128);
#6128 = DEFINITIONAL_REPRESENTATION('',(#6129),#6133);
#6129 = CIRCLE('',#6130,18.6);
#6130 = AXIS2_PLACEMENT_2D('',#6131,#6132);
#6131 = CARTESIAN_POINT('',(5.881462935653E-16,7.592810154714E-16));
#6132 = DIRECTION('',(1.,0.));
#6133 = ( GEOMETRIC_REPRESENTATION_CONTEXT(2) 
PARAMETRIC_REPRESENTATION_CONTEXT() REPRESENTATION_CONTEXT('2D SPACE',''
  ) );
#6134 = PCURVE('',#6135,#6140);
#6135 = CYLINDRICAL_SURFACE('',#6136,18.6);
#6136 = AXIS2_PLACEMENT_3D('',#6137,#6138,#6139);
#6137 = CARTESIAN_POINT('',(0.,0.,0.));
#6138 = DIRECTION('',(-0.,-0.,-1.));
#6139 = DIRECTION('',(1.,0.,0.));
#6140 = DEFINITIONAL_REPRESENTATION('',(#6141),#6145);
#6141 = LINE('',#6142,#6143);
#6142 = CARTESIAN_POINT('',(-0.,0.));
#6143 = VECTOR('',#6144,1.);
#6144 = DIRECTION('',(-1.,0.));
#6145 = ( GEOMETRIC_REPRESENTATION_CONTEXT(2) 
PARAMETRIC_REPRESENTATION_CONTEXT() REPRESENTATION_CONTEXT('2D SPACE',''
  ) );
#6146 = ORIENTED_EDGE('',*,*,#6147,.F.);
#6147 = EDGE_CURVE('',#6148,#6119,#6150,.T.);
#6148 = VERTEX_POINT('',#6149);
#6149 = CARTESIAN_POINT('',(13.001077864023,-9.97607791788,0.));
#6150 = SURFACE_CURVE('',#6151,(#6155,#6162),.PCURVE_S1.);
#6151 = LINE('',#6152,#6153);
#6152 = CARTESIAN_POINT('',(13.001077864023,-9.97607791788,0.));
#6153 = VECTOR('',#6154,1.);
#6154 = DIRECTION('',(0.793353340291,-0.608761429009,0.));
#6155 = PCURVE('',#45,#6156);
#6156 = DEFINITIONAL_REPRESENTATION('',(#6157),#6161);
#6157 = LINE('',#6158,#6159);
#6158 = CARTESIAN_POINT('',(13.001077864023,-9.97607791788));
#6159 = VECTOR('',#6160,1.);
#6160 = DIRECTION('',(0.793353340291,-0.608761429009));
#6161 = ( GEOMETRIC_REPRESENTATION_CONTEXT(2) 
PARAMETRIC_REPRESENTATION_CONTEXT() REPRESENTATION_CONTEXT('2D SPACE',''
  ) );
#6162 = PCURVE('',#6163,#6168);
#6163 = PLANE('',#6164);
#6164 = AXIS2_PLACEMENT_3D('',#6165,#6166,#6167);
#6165 = CARTESIAN_POINT('',(13.001077864023,-9.97607791788,0.));
#6166 = DIRECTION('',(0.608761429009,0.793353340291,0.));
#6167 = DIRECTION('',(0.793353340291,-0.608761429009,0.));
#6168 = DEFINITIONAL_REPRESENTATION('',(#6169),#6173);
#6169 = LINE('',#6170,#6171);
#6170 = CARTESIAN_POINT('',(0.,0.));
#6171 = VECTOR('',#6172,1.);
#6172 = DIRECTION('',(1.,0.));
#6173 = ( GEOMETRIC_REPRESENTATION_CONTEXT(2) 
PARAMETRIC_REPRESENTATION_CONTEXT() REPRESENTATION_CONTEXT('2D SPACE',''
  ) );
#6174 = ORIENTED_EDGE('',*,*,#6175,.F.);
#6175 = EDGE_CURVE('',#6176,#6148,#6178,.T.);
#6176 = VERTEX_POINT('',#6177);
#6177 = CARTESIAN_POINT('',(13.505367916043,-9.281982207606,0.));
#6178 = SURFACE_CURVE('',#6179,(#6183,#6190),.PCURVE_S1.);
#6179 = LINE('',#6180,#6181);
#6180 = CARTESIAN_POINT('',(13.505367916043,-9.281982207606,0.));
#6181 = VECTOR('',#6182,1.);
#6182 = DIRECTION('',(-0.587785252292,-0.809016994375,0.));
#6183 = PCURVE('',#45,#6184);
#6184 = DEFINITIONAL_REPRESENTATION('',(#6185),#6189);
#6185 = LINE('',#6186,#6187);
#6186 = CARTESIAN_POINT('',(13.505367916043,-9.281982207606));
#6187 = VECTOR('',#6188,1.);
#6188 = DIRECTION('',(-0.587785252292,-0.809016994375));
#6189 = ( GEOMETRIC_REPRESENTATION_CONTEXT(2) 
PARAMETRIC_REPRESENTATION_CONTEXT() REPRESENTATION_CONTEXT('2D SPACE',''
  ) );
#6190 = PCURVE('',#6191,#6196);
#6191 = PLANE('',#6192);
#6192 = AXIS2_PLACEMENT_3D('',#6193,#6194,#6195);
#6193 = CARTESIAN_POINT('',(13.505367916043,-9.281982207606,0.));
#6194 = DIRECTION('',(0.809016994375,-0.587785252292,0.));
#6195 = DIRECTION('',(-0.587785252292,-0.809016994375,0.));
#6196 = DEFINITIONAL_REPRESENTATION('',(#6197),#6201);
#6197 = LINE('',#6198,#6199);
#6198 = CARTESIAN_POINT('',(0.,0.));
#6199 = VECTOR('',#6200,1.);
#6200 = DIRECTION('',(1.,0.));
#6201 = ( GEOMETRIC_REPRESENTATION_CONTEXT(2) 
PARAMETRIC_REPRESENTATION_CONTEXT() REPRESENTATION_CONTEXT('2D SPACE',''
  ) );
#6202 = ORIENTED_EDGE('',*,*,#6203,.F.);
#6203 = EDGE_CURVE('',#6204,#6176,#6206,.T.);
#6204 = VERTEX_POINT('',#6205);
#6205 = CARTESIAN_POINT('',(15.32874710837,-10.5351560068,0.));
#6206 = SURFACE_CURVE('',#6207,(#6211,#6218),.PCURVE_S1.);
#6207 = LINE('',#6208,#6209);
#6208 = CARTESIAN_POINT('',(16.861621819206,-11.58867160748,0.));
#6209 = VECTOR('',#6210,1.);
#6210 = DIRECTION('',(-0.824126188622,0.566406236925,0.));
#6211 = PCURVE('',#45,#6212);
#6212 = DEFINITIONAL_REPRESENTATION('',(#6213),#6217);
#6213 = LINE('',#6214,#6215);
#6214 = CARTESIAN_POINT('',(16.861621819206,-11.58867160748));
#6215 = VECTOR('',#6216,1.);
#6216 = DIRECTION('',(-0.824126188622,0.566406236925));
#6217 = ( GEOMETRIC_REPRESENTATION_CONTEXT(2) 
PARAMETRIC_REPRESENTATION_CONTEXT() REPRESENTATION_CONTEXT('2D SPACE',''
  ) );
#6218 = PCURVE('',#6219,#6224);
#6219 = PLANE('',#6220);
#6220 = AXIS2_PLACEMENT_3D('',#6221,#6222,#6223);
#6221 = CARTESIAN_POINT('',(16.861621819206,-11.58867160748,0.));
#6222 = DIRECTION('',(-0.566406236925,-0.824126188622,0.));
#6223 = DIRECTION('',(-0.824126188622,0.566406236925,0.));
#6224 = DEFINITIONAL_REPRESENTATION('',(#6225),#6229);
#6225 = LINE('',#6226,#6227);
#6226 = CARTESIAN_POINT('',(0.,0.));
#6227 = VECTOR('',#6228,1.);
#6228 = DIRECTION('',(1.,-0.));
#6229 = ( GEOMETRIC_REPRESENTATION_CONTEXT(2) 
PARAMETRIC_REPRESENTATION_CONTEXT() REPRESENTATION_CONTEXT('2D SPACE',''
  ) );
#6230 = ORIENTED_EDGE('',*,*,#6231,.T.);
#6231 = EDGE_CURVE('',#6204,#6232,#6234,.T.);
#6232 = VERTEX_POINT('',#6233);
#6233 = CARTESIAN_POINT('',(15.859107056986,-9.718473303716,0.));
#6234 = SURFACE_CURVE('',#6235,(#6240,#6247),.PCURVE_S1.);
#6235 = CIRCLE('',#6236,18.6);
#6236 = AXIS2_PLACEMENT_3D('',#6237,#6238,#6239);
#6237 = CARTESIAN_POINT('',(0.,0.,0.));
#6238 = DIRECTION('',(0.,0.,1.));
#6239 = DIRECTION('',(1.,0.,0.));
#6240 = PCURVE('',#45,#6241);
#6241 = DEFINITIONAL_REPRESENTATION('',(#6242),#6246);
#6242 = CIRCLE('',#6243,18.6);
#6243 = AXIS2_PLACEMENT_2D('',#6244,#6245);
#6244 = CARTESIAN_POINT('',(5.881462935653E-16,7.592810154714E-16));
#6245 = DIRECTION('',(1.,0.));
#6246 = ( GEOMETRIC_REPRESENTATION_CONTEXT(2) 
PARAMETRIC_REPRESENTATION_CONTEXT() REPRESENTATION_CONTEXT('2D SPACE',''
  ) );
#6247 = PCURVE('',#6248,#6253);
#6248 = CYLINDRICAL_SURFACE('',#6249,18.6);
#6249 = AXIS2_PLACEMENT_3D('',#6250,#6251,#6252);
#6250 = CARTESIAN_POINT('',(0.,0.,0.));
#6251 = DIRECTION('',(-0.,-0.,-1.));
#6252 = DIRECTION('',(1.,0.,0.));
#6253 = DEFINITIONAL_REPRESENTATION('',(#6254),#6258);
#6254 = LINE('',#6255,#6256);
#6255 = CARTESIAN_POINT('',(-0.,0.));
#6256 = VECTOR('',#6257,1.);
#6257 = DIRECTION('',(-1.,0.));
#6258 = ( GEOMETRIC_REPRESENTATION_CONTEXT(2) 
PARAMETRIC_REPRESENTATION_CONTEXT() REPRESENTATION_CONTEXT('2D SPACE',''
  ) );
#6259 = ORIENTED_EDGE('',*,*,#6260,.F.);
#6260 = EDGE_CURVE('',#6261,#6232,#6263,.T.);
#6261 = VERTEX_POINT('',#6262);
#6262 = CARTESIAN_POINT('',(13.972640693353,-8.562445229283,0.));
#6263 = SURFACE_CURVE('',#6264,(#6268,#6275),.PCURVE_S1.);
#6264 = LINE('',#6265,#6266);
#6265 = CARTESIAN_POINT('',(13.972640693353,-8.562445229283,0.));
#6266 = VECTOR('',#6267,1.);
#6267 = DIRECTION('',(0.852640164354,-0.522498564716,0.));
#6268 = PCURVE('',#45,#6269);
#6269 = DEFINITIONAL_REPRESENTATION('',(#6270),#6274);
#6270 = LINE('',#6271,#6272);
#6271 = CARTESIAN_POINT('',(13.972640693353,-8.562445229283));
#6272 = VECTOR('',#6273,1.);
#6273 = DIRECTION('',(0.852640164354,-0.522498564716));
#6274 = ( GEOMETRIC_REPRESENTATION_CONTEXT(2) 
PARAMETRIC_REPRESENTATION_CONTEXT() REPRESENTATION_CONTEXT('2D SPACE',''
  ) );
#6275 = PCURVE('',#6276,#6281);
#6276 = PLANE('',#6277);
#6277 = AXIS2_PLACEMENT_3D('',#6278,#6279,#6280);
#6278 = CARTESIAN_POINT('',(13.972640693353,-8.562445229283,0.));
#6279 = DIRECTION('',(0.522498564716,0.852640164354,0.));
#6280 = DIRECTION('',(0.852640164354,-0.522498564716,0.));
#6281 = DEFINITIONAL_REPRESENTATION('',(#6282),#6286);
#6282 = LINE('',#6283,#6284);
#6283 = CARTESIAN_POINT('',(0.,0.));
#6284 = VECTOR('',#6285,1.);
#6285 = DIRECTION('',(1.,0.));
#6286 = ( GEOMETRIC_REPRESENTATION_CONTEXT(2) 
PARAMETRIC_REPRESENTATION_CONTEXT() REPRESENTATION_CONTEXT('2D SPACE',''
  ) );
#6287 = ORIENTED_EDGE('',*,*,#6288,.F.);
#6288 = EDGE_CURVE('',#6289,#6261,#6291,.T.);
#6289 = VERTEX_POINT('',#6290);
#6290 = CARTESIAN_POINT('',(14.401615433748,-7.819439183754,0.));
#6291 = SURFACE_CURVE('',#6292,(#6296,#6303),.PCURVE_S1.);
#6292 = LINE('',#6293,#6294);
#6293 = CARTESIAN_POINT('',(14.401615433748,-7.819439183754,0.));
#6294 = VECTOR('',#6295,1.);
#6295 = DIRECTION('',(-0.5,-0.866025403784,0.));
#6296 = PCURVE('',#45,#6297);
#6297 = DEFINITIONAL_REPRESENTATION('',(#6298),#6302);
#6298 = LINE('',#6299,#6300);
#6299 = CARTESIAN_POINT('',(14.401615433748,-7.819439183754));
#6300 = VECTOR('',#6301,1.);
#6301 = DIRECTION('',(-0.5,-0.866025403784));
#6302 = ( GEOMETRIC_REPRESENTATION_CONTEXT(2) 
PARAMETRIC_REPRESENTATION_CONTEXT() REPRESENTATION_CONTEXT('2D SPACE',''
  ) );
#6303 = PCURVE('',#6304,#6309);
#6304 = PLANE('',#6305);
#6305 = AXIS2_PLACEMENT_3D('',#6306,#6307,#6308);
#6306 = CARTESIAN_POINT('',(14.401615433748,-7.819439183754,0.));
#6307 = DIRECTION('',(0.866025403784,-0.5,0.));
#6308 = DIRECTION('',(-0.5,-0.866025403784,0.));
#6309 = DEFINITIONAL_REPRESENTATION('',(#6310),#6314);
#6310 = LINE('',#6311,#6312);
#6311 = CARTESIAN_POINT('',(0.,0.));
#6312 = VECTOR('',#6313,1.);
#6313 = DIRECTION('',(1.,0.));
#6314 = ( GEOMETRIC_REPRESENTATION_CONTEXT(2) 
PARAMETRIC_REPRESENTATION_CONTEXT() REPRESENTATION_CONTEXT('2D SPACE',''
  ) );
#6315 = ORIENTED_EDGE('',*,*,#6316,.F.);
#6316 = EDGE_CURVE('',#6317,#6289,#6319,.T.);
#6317 = VERTEX_POINT('',#6318);
#6318 = CARTESIAN_POINT('',(16.345998295513,-8.875152940829,0.));
#6319 = SURFACE_CURVE('',#6320,(#6324,#6331),.PCURVE_S1.);
#6320 = LINE('',#6321,#6322);
#6321 = CARTESIAN_POINT('',(17.980598125064,-9.762668234912,0.));
#6322 = VECTOR('',#6323,1.);
#6323 = DIRECTION('',(-0.878817112662,0.47715876026,0.));
#6324 = PCURVE('',#45,#6325);
#6325 = DEFINITIONAL_REPRESENTATION('',(#6326),#6330);
#6326 = LINE('',#6327,#6328);
#6327 = CARTESIAN_POINT('',(17.980598125064,-9.762668234912));
#6328 = VECTOR('',#6329,1.);
#6329 = DIRECTION('',(-0.878817112662,0.47715876026));
#6330 = ( GEOMETRIC_REPRESENTATION_CONTEXT(2) 
PARAMETRIC_REPRESENTATION_CONTEXT() REPRESENTATION_CONTEXT('2D SPACE',''
  ) );
#6331 = PCURVE('',#6332,#6337);
#6332 = PLANE('',#6333);
#6333 = AXIS2_PLACEMENT_3D('',#6334,#6335,#6336);
#6334 = CARTESIAN_POINT('',(17.980598125064,-9.762668234912,0.));
#6335 = DIRECTION('',(-0.47715876026,-0.878817112662,0.));
#6336 = DIRECTION('',(-0.878817112662,0.47715876026,0.));
#6337 = DEFINITIONAL_REPRESENTATION('',(#6338),#6342);
#6338 = LINE('',#6339,#6340);
#6339 = CARTESIAN_POINT('',(0.,0.));
#6340 = VECTOR('',#6341,1.);
#6341 = DIRECTION('',(1.,-0.));
#6342 = ( GEOMETRIC_REPRESENTATION_CONTEXT(2) 
PARAMETRIC_REPRESENTATION_CONTEXT() REPRESENTATION_CONTEXT('2D SPACE',''
  ) );
#6343 = ORIENTED_EDGE('',*,*,#6344,.T.);
#6344 = EDGE_CURVE('',#6317,#6345,#6347,.T.);
#6345 = VERTEX_POINT('',#6346);
#6346 = CARTESIAN_POINT('',(16.788086288907,-8.007506400634,0.));
#6347 = SURFACE_CURVE('',#6348,(#6353,#6360),.PCURVE_S1.);
#6348 = CIRCLE('',#6349,18.6);
#6349 = AXIS2_PLACEMENT_3D('',#6350,#6351,#6352);
#6350 = CARTESIAN_POINT('',(0.,0.,0.));
#6351 = DIRECTION('',(0.,0.,1.));
#6352 = DIRECTION('',(1.,0.,0.));
#6353 = PCURVE('',#45,#6354);
#6354 = DEFINITIONAL_REPRESENTATION('',(#6355),#6359);
#6355 = CIRCLE('',#6356,18.6);
#6356 = AXIS2_PLACEMENT_2D('',#6357,#6358);
#6357 = CARTESIAN_POINT('',(5.881462935653E-16,7.592810154714E-16));
#6358 = DIRECTION('',(1.,0.));
#6359 = ( GEOMETRIC_REPRESENTATION_CONTEXT(2) 
PARAMETRIC_REPRESENTATION_CONTEXT() REPRESENTATION_CONTEXT('2D SPACE',''
  ) );
#6360 = PCURVE('',#6361,#6366);
#6361 = CYLINDRICAL_SURFACE('',#6362,18.6);
#6362 = AXIS2_PLACEMENT_3D('',#6363,#6364,#6365);
#6363 = CARTESIAN_POINT('',(0.,0.,0.));
#6364 = DIRECTION('',(-0.,-0.,-1.));
#6365 = DIRECTION('',(1.,0.,0.));
#6366 = DEFINITIONAL_REPRESENTATION('',(#6367),#6371);
#6367 = LINE('',#6368,#6369);
#6368 = CARTESIAN_POINT('',(-0.,0.));
#6369 = VECTOR('',#6370,1.);
#6370 = DIRECTION('',(-1.,0.));
#6371 = ( GEOMETRIC_REPRESENTATION_CONTEXT(2) 
PARAMETRIC_REPRESENTATION_CONTEXT() REPRESENTATION_CONTEXT('2D SPACE',''
  ) );
#6372 = ORIENTED_EDGE('',*,*,#6373,.F.);
#6373 = EDGE_CURVE('',#6374,#6345,#6376,.T.);
#6374 = VERTEX_POINT('',#6375);
#6375 = CARTESIAN_POINT('',(14.791116347283,-7.055000598946,0.));
#6376 = SURFACE_CURVE('',#6377,(#6381,#6388),.PCURVE_S1.);
#6377 = LINE('',#6378,#6379);
#6378 = CARTESIAN_POINT('',(14.791116347283,-7.055000598946,0.));
#6379 = VECTOR('',#6380,1.);
#6380 = DIRECTION('',(0.90258528435,-0.430511096808,0.));
#6381 = PCURVE('',#45,#6382);
#6382 = DEFINITIONAL_REPRESENTATION('',(#6383),#6387);
#6383 = LINE('',#6384,#6385);
#6384 = CARTESIAN_POINT('',(14.791116347283,-7.055000598946));
#6385 = VECTOR('',#6386,1.);
#6386 = DIRECTION('',(0.90258528435,-0.430511096808));
#6387 = ( GEOMETRIC_REPRESENTATION_CONTEXT(2) 
PARAMETRIC_REPRESENTATION_CONTEXT() REPRESENTATION_CONTEXT('2D SPACE',''
  ) );
#6388 = PCURVE('',#6389,#6394);
#6389 = PLANE('',#6390);
#6390 = AXIS2_PLACEMENT_3D('',#6391,#6392,#6393);
#6391 = CARTESIAN_POINT('',(14.791116347283,-7.055000598946,0.));
#6392 = DIRECTION('',(0.430511096808,0.90258528435,0.));
#6393 = DIRECTION('',(0.90258528435,-0.430511096808,0.));
#6394 = DEFINITIONAL_REPRESENTATION('',(#6395),#6399);
#6395 = LINE('',#6396,#6397);
#6396 = CARTESIAN_POINT('',(0.,0.));
#6397 = VECTOR('',#6398,1.);
#6398 = DIRECTION('',(1.,0.));
#6399 = ( GEOMETRIC_REPRESENTATION_CONTEXT(2) 
PARAMETRIC_REPRESENTATION_CONTEXT() REPRESENTATION_CONTEXT('2D SPACE',''
  ) );
#6400 = ORIENTED_EDGE('',*,*,#6401,.F.);
#6401 = EDGE_CURVE('',#6402,#6374,#6404,.T.);
#6402 = VERTEX_POINT('',#6403);
#6403 = CARTESIAN_POINT('',(15.140075839029,-6.271224747883,0.));
#6404 = SURFACE_CURVE('',#6405,(#6409,#6416),.PCURVE_S1.);
#6405 = LINE('',#6406,#6407);
#6406 = CARTESIAN_POINT('',(15.140075839029,-6.271224747883,0.));
#6407 = VECTOR('',#6408,1.);
#6408 = DIRECTION('',(-0.406736643076,-0.913545457643,0.));
#6409 = PCURVE('',#45,#6410);
#6410 = DEFINITIONAL_REPRESENTATION('',(#6411),#6415);
#6411 = LINE('',#6412,#6413);
#6412 = CARTESIAN_POINT('',(15.140075839029,-6.271224747883));
#6413 = VECTOR('',#6414,1.);
#6414 = DIRECTION('',(-0.406736643076,-0.913545457643));
#6415 = ( GEOMETRIC_REPRESENTATION_CONTEXT(2) 
PARAMETRIC_REPRESENTATION_CONTEXT() REPRESENTATION_CONTEXT('2D SPACE',''
  ) );
#6416 = PCURVE('',#6417,#6422);
#6417 = PLANE('',#6418);
#6418 = AXIS2_PLACEMENT_3D('',#6419,#6420,#6421);
#6419 = CARTESIAN_POINT('',(15.140075839029,-6.271224747883,0.));
#6420 = DIRECTION('',(0.913545457643,-0.406736643076,0.));
#6421 = DIRECTION('',(-0.406736643076,-0.913545457643,0.));
#6422 = DEFINITIONAL_REPRESENTATION('',(#6423),#6427);
#6423 = LINE('',#6424,#6425);
#6424 = CARTESIAN_POINT('',(0.,0.));
#6425 = VECTOR('',#6426,1.);
#6426 = DIRECTION('',(1.,0.));
#6427 = ( GEOMETRIC_REPRESENTATION_CONTEXT(2) 
PARAMETRIC_REPRESENTATION_CONTEXT() REPRESENTATION_CONTEXT('2D SPACE',''
  ) );
#6428 = ORIENTED_EDGE('',*,*,#6429,.F.);
#6429 = EDGE_CURVE('',#6430,#6402,#6432,.T.);
#6430 = VERTEX_POINT('',#6431);
#6431 = CARTESIAN_POINT('',(17.18415930471,-7.117911841991,0.));
#6432 = SURFACE_CURVE('',#6433,(#6437,#6444),.PCURVE_S1.);
#6433 = LINE('',#6434,#6435);
#6434 = CARTESIAN_POINT('',(18.902575235181,-7.82970302619,0.));
#6435 = VECTOR('',#6436,1.);
#6436 = DIRECTION('',(-0.923879532511,0.382683432365,0.));
#6437 = PCURVE('',#45,#6438);
#6438 = DEFINITIONAL_REPRESENTATION('',(#6439),#6443);
#6439 = LINE('',#6440,#6441);
#6440 = CARTESIAN_POINT('',(18.902575235181,-7.82970302619));
#6441 = VECTOR('',#6442,1.);
#6442 = DIRECTION('',(-0.923879532511,0.382683432365));
#6443 = ( GEOMETRIC_REPRESENTATION_CONTEXT(2) 
PARAMETRIC_REPRESENTATION_CONTEXT() REPRESENTATION_CONTEXT('2D SPACE',''
  ) );
#6444 = PCURVE('',#6445,#6450);
#6445 = PLANE('',#6446);
#6446 = AXIS2_PLACEMENT_3D('',#6447,#6448,#6449);
#6447 = CARTESIAN_POINT('',(18.902575235181,-7.82970302619,0.));
#6448 = DIRECTION('',(-0.382683432365,-0.923879532511,0.));
#6449 = DIRECTION('',(-0.923879532511,0.382683432365,0.));
#6450 = DEFINITIONAL_REPRESENTATION('',(#6451),#6455);
#6451 = LINE('',#6452,#6453);
#6452 = CARTESIAN_POINT('',(0.,0.));
#6453 = VECTOR('',#6454,1.);
#6454 = DIRECTION('',(1.,-0.));
#6455 = ( GEOMETRIC_REPRESENTATION_CONTEXT(2) 
PARAMETRIC_REPRESENTATION_CONTEXT() REPRESENTATION_CONTEXT('2D SPACE',''
  ) );
#6456 = ORIENTED_EDGE('',*,*,#6457,.T.);
#6457 = EDGE_CURVE('',#6430,#6458,#6460,.T.);
#6458 = VERTEX_POINT('',#6459);
#6459 = CARTESIAN_POINT('',(17.533131734315,-6.208807581748,0.));
#6460 = SURFACE_CURVE('',#6461,(#6466,#6473),.PCURVE_S1.);
#6461 = CIRCLE('',#6462,18.6);
#6462 = AXIS2_PLACEMENT_3D('',#6463,#6464,#6465);
#6463 = CARTESIAN_POINT('',(0.,0.,0.));
#6464 = DIRECTION('',(0.,0.,1.));
#6465 = DIRECTION('',(1.,0.,0.));
#6466 = PCURVE('',#45,#6467);
#6467 = DEFINITIONAL_REPRESENTATION('',(#6468),#6472);
#6468 = CIRCLE('',#6469,18.6);
#6469 = AXIS2_PLACEMENT_2D('',#6470,#6471);
#6470 = CARTESIAN_POINT('',(5.881462935653E-16,7.592810154714E-16));
#6471 = DIRECTION('',(1.,0.));
#6472 = ( GEOMETRIC_REPRESENTATION_CONTEXT(2) 
PARAMETRIC_REPRESENTATION_CONTEXT() REPRESENTATION_CONTEXT('2D SPACE',''
  ) );
#6473 = PCURVE('',#6474,#6479);
#6474 = CYLINDRICAL_SURFACE('',#6475,18.6);
#6475 = AXIS2_PLACEMENT_3D('',#6476,#6477,#6478);
#6476 = CARTESIAN_POINT('',(0.,0.,0.));
#6477 = DIRECTION('',(-0.,-0.,-1.));
#6478 = DIRECTION('',(1.,0.,0.));
#6479 = DEFINITIONAL_REPRESENTATION('',(#6480),#6484);
#6480 = LINE('',#6481,#6482);
#6481 = CARTESIAN_POINT('',(-0.,0.));
#6482 = VECTOR('',#6483,1.);
#6483 = DIRECTION('',(-1.,0.));
#6484 = ( GEOMETRIC_REPRESENTATION_CONTEXT(2) 
PARAMETRIC_REPRESENTATION_CONTEXT() REPRESENTATION_CONTEXT('2D SPACE',''
  ) );
#6485 = ORIENTED_EDGE('',*,*,#6486,.F.);
#6486 = EDGE_CURVE('',#6487,#6458,#6489,.T.);
#6487 = VERTEX_POINT('',#6488);
#6488 = CARTESIAN_POINT('',(15.447537435273,-5.470259905693,0.));
#6489 = SURFACE_CURVE('',#6490,(#6494,#6501),.PCURVE_S1.);
#6490 = LINE('',#6491,#6492);
#6491 = CARTESIAN_POINT('',(15.447537435273,-5.470259905693,0.));
#6492 = VECTOR('',#6493,1.);
#6493 = DIRECTION('',(0.942641491092,-0.333806859234,0.));
#6494 = PCURVE('',#45,#6495);
#6495 = DEFINITIONAL_REPRESENTATION('',(#6496),#6500);
#6496 = LINE('',#6497,#6498);
#6497 = CARTESIAN_POINT('',(15.447537435273,-5.470259905693));
#6498 = VECTOR('',#6499,1.);
#6499 = DIRECTION('',(0.942641491092,-0.333806859234));
#6500 = ( GEOMETRIC_REPRESENTATION_CONTEXT(2) 
PARAMETRIC_REPRESENTATION_CONTEXT() REPRESENTATION_CONTEXT('2D SPACE',''
  ) );
#6501 = PCURVE('',#6502,#6507);
#6502 = PLANE('',#6503);
#6503 = AXIS2_PLACEMENT_3D('',#6504,#6505,#6506);
#6504 = CARTESIAN_POINT('',(15.447537435273,-5.470259905693,0.));
#6505 = DIRECTION('',(0.333806859234,0.942641491092,0.));
#6506 = DIRECTION('',(0.942641491092,-0.333806859234,0.));
#6507 = DEFINITIONAL_REPRESENTATION('',(#6508),#6512);
#6508 = LINE('',#6509,#6510);
#6509 = CARTESIAN_POINT('',(0.,0.));
#6510 = VECTOR('',#6511,1.);
#6511 = DIRECTION('',(1.,0.));
#6512 = ( GEOMETRIC_REPRESENTATION_CONTEXT(2) 
PARAMETRIC_REPRESENTATION_CONTEXT() REPRESENTATION_CONTEXT('2D SPACE',''
  ) );
#6513 = ORIENTED_EDGE('',*,*,#6514,.F.);
#6514 = EDGE_CURVE('',#6515,#6487,#6517,.T.);
#6515 = VERTEX_POINT('',#6516);
#6516 = CARTESIAN_POINT('',(15.712658405153,-4.654301461336,0.));
#6517 = SURFACE_CURVE('',#6518,(#6522,#6529),.PCURVE_S1.);
#6518 = LINE('',#6519,#6520);
#6519 = CARTESIAN_POINT('',(15.712658405153,-4.654301461336,0.));
#6520 = VECTOR('',#6521,1.);
#6521 = DIRECTION('',(-0.309016994375,-0.951056516295,0.));
#6522 = PCURVE('',#45,#6523);
#6523 = DEFINITIONAL_REPRESENTATION('',(#6524),#6528);
#6524 = LINE('',#6525,#6526);
#6525 = CARTESIAN_POINT('',(15.712658405153,-4.654301461336));
#6526 = VECTOR('',#6527,1.);
#6527 = DIRECTION('',(-0.309016994375,-0.951056516295));
#6528 = ( GEOMETRIC_REPRESENTATION_CONTEXT(2) 
PARAMETRIC_REPRESENTATION_CONTEXT() REPRESENTATION_CONTEXT('2D SPACE',''
  ) );
#6529 = PCURVE('',#6530,#6535);
#6530 = PLANE('',#6531);
#6531 = AXIS2_PLACEMENT_3D('',#6532,#6533,#6534);
#6532 = CARTESIAN_POINT('',(15.712658405153,-4.654301461336,0.));
#6533 = DIRECTION('',(0.951056516295,-0.309016994375,0.));
#6534 = DIRECTION('',(-0.309016994375,-0.951056516295,0.));
#6535 = DEFINITIONAL_REPRESENTATION('',(#6536),#6540);
#6536 = LINE('',#6537,#6538);
#6537 = CARTESIAN_POINT('',(0.,0.));
#6538 = VECTOR('',#6539,1.);
#6539 = DIRECTION('',(1.,0.));
#6540 = ( GEOMETRIC_REPRESENTATION_CONTEXT(2) 
PARAMETRIC_REPRESENTATION_CONTEXT() REPRESENTATION_CONTEXT('2D SPACE',''
  ) );
#6541 = ORIENTED_EDGE('',*,*,#6542,.F.);
#6542 = EDGE_CURVE('',#6543,#6515,#6545,.T.);
#6543 = VERTEX_POINT('',#6544);
#6544 = CARTESIAN_POINT('',(17.834047068548,-5.282685411493,0.));
#6545 = SURFACE_CURVE('',#6546,(#6550,#6557),.PCURVE_S1.);
#6546 = LINE('',#6547,#6548);
#6547 = CARTESIAN_POINT('',(19.617451775403,-5.810953952642,0.));
#6548 = VECTOR('',#6549,1.);
#6549 = DIRECTION('',(-0.958819734868,0.284015344704,0.));
#6550 = PCURVE('',#45,#6551);
#6551 = DEFINITIONAL_REPRESENTATION('',(#6552),#6556);
#6552 = LINE('',#6553,#6554);
#6553 = CARTESIAN_POINT('',(19.617451775403,-5.810953952642));
#6554 = VECTOR('',#6555,1.);
#6555 = DIRECTION('',(-0.958819734868,0.284015344704));
#6556 = ( GEOMETRIC_REPRESENTATION_CONTEXT(2) 
PARAMETRIC_REPRESENTATION_CONTEXT() REPRESENTATION_CONTEXT('2D SPACE',''
  ) );
#6557 = PCURVE('',#6558,#6563);
#6558 = PLANE('',#6559);
#6559 = AXIS2_PLACEMENT_3D('',#6560,#6561,#6562);
#6560 = CARTESIAN_POINT('',(19.617451775403,-5.810953952642,0.));
#6561 = DIRECTION('',(-0.284015344704,-0.958819734868,0.));
#6562 = DIRECTION('',(-0.958819734868,0.284015344704,0.));
#6563 = DEFINITIONAL_REPRESENTATION('',(#6564),#6568);
#6564 = LINE('',#6565,#6566);
#6565 = CARTESIAN_POINT('',(0.,0.));
#6566 = VECTOR('',#6567,1.);
#6567 = DIRECTION('',(1.,-0.));
#6568 = ( GEOMETRIC_REPRESENTATION_CONTEXT(2) 
PARAMETRIC_REPRESENTATION_CONTEXT() REPRESENTATION_CONTEXT('2D SPACE',''
  ) );
#6569 = ORIENTED_EDGE('',*,*,#6570,.T.);
#6570 = EDGE_CURVE('',#6543,#6571,#6573,.T.);
#6571 = VERTEX_POINT('',#6572);
#6572 = CARTESIAN_POINT('',(18.086080519397,-4.34208376772,0.));
#6573 = SURFACE_CURVE('',#6574,(#6579,#6586),.PCURVE_S1.);
#6574 = CIRCLE('',#6575,18.6);
#6575 = AXIS2_PLACEMENT_3D('',#6576,#6577,#6578);
#6576 = CARTESIAN_POINT('',(0.,0.,0.));
#6577 = DIRECTION('',(0.,0.,1.));
#6578 = DIRECTION('',(1.,0.,0.));
#6579 = PCURVE('',#45,#6580);
#6580 = DEFINITIONAL_REPRESENTATION('',(#6581),#6585);
#6581 = CIRCLE('',#6582,18.6);
#6582 = AXIS2_PLACEMENT_2D('',#6583,#6584);
#6583 = CARTESIAN_POINT('',(5.881462935653E-16,7.592810154714E-16));
#6584 = DIRECTION('',(1.,0.));
#6585 = ( GEOMETRIC_REPRESENTATION_CONTEXT(2) 
PARAMETRIC_REPRESENTATION_CONTEXT() REPRESENTATION_CONTEXT('2D SPACE',''
  ) );
#6586 = PCURVE('',#6587,#6592);
#6587 = CYLINDRICAL_SURFACE('',#6588,18.6);
#6588 = AXIS2_PLACEMENT_3D('',#6589,#6590,#6591);
#6589 = CARTESIAN_POINT('',(0.,0.,0.));
#6590 = DIRECTION('',(-0.,-0.,-1.));
#6591 = DIRECTION('',(1.,0.,0.));
#6592 = DEFINITIONAL_REPRESENTATION('',(#6593),#6597);
#6593 = LINE('',#6594,#6595);
#6594 = CARTESIAN_POINT('',(-0.,0.));
#6595 = VECTOR('',#6596,1.);
#6596 = DIRECTION('',(-1.,0.));
#6597 = ( GEOMETRIC_REPRESENTATION_CONTEXT(2) 
PARAMETRIC_REPRESENTATION_CONTEXT() REPRESENTATION_CONTEXT('2D SPACE',''
  ) );
#6598 = ORIENTED_EDGE('',*,*,#6599,.F.);
#6599 = EDGE_CURVE('',#6600,#6571,#6602,.T.);
#6600 = VERTEX_POINT('',#6601);
#6601 = CARTESIAN_POINT('',(15.934712070517,-3.825585900189,0.));
#6602 = SURFACE_CURVE('',#6603,(#6607,#6614),.PCURVE_S1.);
#6603 = LINE('',#6604,#6605);
#6604 = CARTESIAN_POINT('',(15.934712070517,-3.825585900189,0.));
#6605 = VECTOR('',#6606,1.);
#6606 = DIRECTION('',(0.972369920398,-0.233445363856,0.));
#6607 = PCURVE('',#45,#6608);
#6608 = DEFINITIONAL_REPRESENTATION('',(#6609),#6613);
#6609 = LINE('',#6610,#6611);
#6610 = CARTESIAN_POINT('',(15.934712070517,-3.825585900189));
#6611 = VECTOR('',#6612,1.);
#6612 = DIRECTION('',(0.972369920398,-0.233445363856));
#6613 = ( GEOMETRIC_REPRESENTATION_CONTEXT(2) 
PARAMETRIC_REPRESENTATION_CONTEXT() REPRESENTATION_CONTEXT('2D SPACE',''
  ) );
#6614 = PCURVE('',#6615,#6620);
#6615 = PLANE('',#6616);
#6616 = AXIS2_PLACEMENT_3D('',#6617,#6618,#6619);
#6617 = CARTESIAN_POINT('',(15.934712070517,-3.825585900189,0.));
#6618 = DIRECTION('',(0.233445363856,0.972369920398,0.));
#6619 = DIRECTION('',(0.972369920398,-0.233445363856,0.));
#6620 = DEFINITIONAL_REPRESENTATION('',(#6621),#6625);
#6621 = LINE('',#6622,#6623);
#6622 = CARTESIAN_POINT('',(0.,0.));
#6623 = VECTOR('',#6624,1.);
#6624 = DIRECTION('',(1.,0.));
#6625 = ( GEOMETRIC_REPRESENTATION_CONTEXT(2) 
PARAMETRIC_REPRESENTATION_CONTEXT() REPRESENTATION_CONTEXT('2D SPACE',''
  ) );
#6626 = ORIENTED_EDGE('',*,*,#6627,.F.);
#6627 = EDGE_CURVE('',#6628,#6600,#6630,.T.);
#6628 = VERTEX_POINT('',#6629);
#6629 = CARTESIAN_POINT('',(16.113089797704,-2.986384674003,0.));
#6630 = SURFACE_CURVE('',#6631,(#6635,#6642),.PCURVE_S1.);
#6631 = LINE('',#6632,#6633);
#6632 = CARTESIAN_POINT('',(16.113089797704,-2.986384674003,0.));
#6633 = VECTOR('',#6634,1.);
#6634 = DIRECTION('',(-0.207911690818,-0.978147600734,0.));
#6635 = PCURVE('',#45,#6636);
#6636 = DEFINITIONAL_REPRESENTATION('',(#6637),#6641);
#6637 = LINE('',#6638,#6639);
#6638 = CARTESIAN_POINT('',(16.113089797704,-2.986384674003));
#6639 = VECTOR('',#6640,1.);
#6640 = DIRECTION('',(-0.207911690818,-0.978147600734));
#6641 = ( GEOMETRIC_REPRESENTATION_CONTEXT(2) 
PARAMETRIC_REPRESENTATION_CONTEXT() REPRESENTATION_CONTEXT('2D SPACE',''
  ) );
#6642 = PCURVE('',#6643,#6648);
#6643 = PLANE('',#6644);
#6644 = AXIS2_PLACEMENT_3D('',#6645,#6646,#6647);
#6645 = CARTESIAN_POINT('',(16.113089797704,-2.986384674003,0.));
#6646 = DIRECTION('',(0.978147600734,-0.207911690818,0.));
#6647 = DIRECTION('',(-0.207911690818,-0.978147600734,0.));
#6648 = DEFINITIONAL_REPRESENTATION('',(#6649),#6653);
#6649 = LINE('',#6650,#6651);
#6650 = CARTESIAN_POINT('',(0.,0.));
#6651 = VECTOR('',#6652,1.);
#6652 = DIRECTION('',(1.,0.));
#6653 = ( GEOMETRIC_REPRESENTATION_CONTEXT(2) 
PARAMETRIC_REPRESENTATION_CONTEXT() REPRESENTATION_CONTEXT('2D SPACE',''
  ) );
#6654 = ORIENTED_EDGE('',*,*,#6655,.F.);
#6655 = EDGE_CURVE('',#6656,#6628,#6658,.T.);
#6656 = VERTEX_POINT('',#6657);
#6657 = CARTESIAN_POINT('',(18.28854128069,-3.389580774154,0.));
#6658 = SURFACE_CURVE('',#6659,(#6663,#6670),.PCURVE_S1.);
#6659 = LINE('',#6660,#6661);
#6660 = CARTESIAN_POINT('',(20.117395408759,-3.728538851569,0.));
#6661 = VECTOR('',#6662,1.);
#6662 = DIRECTION('',(-0.983254907564,0.182235525492,0.));
#6663 = PCURVE('',#45,#6664);
#6664 = DEFINITIONAL_REPRESENTATION('',(#6665),#6669);
#6665 = LINE('',#6666,#6667);
#6666 = CARTESIAN_POINT('',(20.117395408759,-3.728538851569));
#6667 = VECTOR('',#6668,1.);
#6668 = DIRECTION('',(-0.983254907564,0.182235525492));
#6669 = ( GEOMETRIC_REPRESENTATION_CONTEXT(2) 
PARAMETRIC_REPRESENTATION_CONTEXT() REPRESENTATION_CONTEXT('2D SPACE',''
  ) );
#6670 = PCURVE('',#6671,#6676);
#6671 = PLANE('',#6672);
#6672 = AXIS2_PLACEMENT_3D('',#6673,#6674,#6675);
#6673 = CARTESIAN_POINT('',(20.117395408759,-3.728538851569,0.));
#6674 = DIRECTION('',(-0.182235525492,-0.983254907564,0.));
#6675 = DIRECTION('',(-0.983254907564,0.182235525492,0.));
#6676 = DEFINITIONAL_REPRESENTATION('',(#6677),#6681);
#6677 = LINE('',#6678,#6679);
#6678 = CARTESIAN_POINT('',(0.,0.));
#6679 = VECTOR('',#6680,1.);
#6680 = DIRECTION('',(1.,-0.));
#6681 = ( GEOMETRIC_REPRESENTATION_CONTEXT(2) 
PARAMETRIC_REPRESENTATION_CONTEXT() REPRESENTATION_CONTEXT('2D SPACE',''
  ) );
#6682 = ORIENTED_EDGE('',*,*,#6683,.T.);
#6683 = EDGE_CURVE('',#6656,#6684,#6686,.T.);
#6684 = VERTEX_POINT('',#6685);
#6685 = CARTESIAN_POINT('',(18.440874421553,-2.427787175293,0.));
#6686 = SURFACE_CURVE('',#6687,(#6692,#6699),.PCURVE_S1.);
#6687 = CIRCLE('',#6688,18.6);
#6688 = AXIS2_PLACEMENT_3D('',#6689,#6690,#6691);
#6689 = CARTESIAN_POINT('',(0.,0.,0.));
#6690 = DIRECTION('',(0.,0.,1.));
#6691 = DIRECTION('',(1.,0.,0.));
#6692 = PCURVE('',#45,#6693);
#6693 = DEFINITIONAL_REPRESENTATION('',(#6694),#6698);
#6694 = CIRCLE('',#6695,18.6);
#6695 = AXIS2_PLACEMENT_2D('',#6696,#6697);
#6696 = CARTESIAN_POINT('',(5.881462935653E-16,7.592810154714E-16));
#6697 = DIRECTION('',(1.,0.));
#6698 = ( GEOMETRIC_REPRESENTATION_CONTEXT(2) 
PARAMETRIC_REPRESENTATION_CONTEXT() REPRESENTATION_CONTEXT('2D SPACE',''
  ) );
#6699 = PCURVE('',#6700,#6705);
#6700 = CYLINDRICAL_SURFACE('',#6701,18.6);
#6701 = AXIS2_PLACEMENT_3D('',#6702,#6703,#6704);
#6702 = CARTESIAN_POINT('',(0.,0.,0.));
#6703 = DIRECTION('',(-0.,-0.,-1.));
#6704 = DIRECTION('',(1.,0.,0.));
#6705 = DEFINITIONAL_REPRESENTATION('',(#6706),#6710);
#6706 = LINE('',#6707,#6708);
#6707 = CARTESIAN_POINT('',(-0.,0.));
#6708 = VECTOR('',#6709,1.);
#6709 = DIRECTION('',(-1.,0.));
#6710 = ( GEOMETRIC_REPRESENTATION_CONTEXT(2) 
PARAMETRIC_REPRESENTATION_CONTEXT() REPRESENTATION_CONTEXT('2D SPACE',''
  ) );
#6711 = ORIENTED_EDGE('',*,*,#6712,.F.);
#6712 = EDGE_CURVE('',#6713,#6684,#6715,.T.);
#6713 = VERTEX_POINT('',#6714);
#6714 = CARTESIAN_POINT('',(16.247302665763,-2.138997975006,0.));
#6715 = SURFACE_CURVE('',#6716,(#6720,#6727),.PCURVE_S1.);
#6716 = LINE('',#6717,#6718);
#6717 = CARTESIAN_POINT('',(16.247302665763,-2.138997975006,0.));
#6718 = VECTOR('',#6719,1.);
#6719 = DIRECTION('',(0.991444861374,-0.13052619222,0.));
#6720 = PCURVE('',#45,#6721);
#6721 = DEFINITIONAL_REPRESENTATION('',(#6722),#6726);
#6722 = LINE('',#6723,#6724);
#6723 = CARTESIAN_POINT('',(16.247302665763,-2.138997975006));
#6724 = VECTOR('',#6725,1.);
#6725 = DIRECTION('',(0.991444861374,-0.13052619222));
#6726 = ( GEOMETRIC_REPRESENTATION_CONTEXT(2) 
PARAMETRIC_REPRESENTATION_CONTEXT() REPRESENTATION_CONTEXT('2D SPACE',''
  ) );
#6727 = PCURVE('',#6728,#6733);
#6728 = PLANE('',#6729);
#6729 = AXIS2_PLACEMENT_3D('',#6730,#6731,#6732);
#6730 = CARTESIAN_POINT('',(16.247302665763,-2.138997975006,0.));
#6731 = DIRECTION('',(0.13052619222,0.991444861374,0.));
#6732 = DIRECTION('',(0.991444861374,-0.13052619222,0.));
#6733 = DEFINITIONAL_REPRESENTATION('',(#6734),#6738);
#6734 = LINE('',#6735,#6736);
#6735 = CARTESIAN_POINT('',(0.,0.));
#6736 = VECTOR('',#6737,1.);
#6737 = DIRECTION('',(1.,0.));
#6738 = ( GEOMETRIC_REPRESENTATION_CONTEXT(2) 
PARAMETRIC_REPRESENTATION_CONTEXT() REPRESENTATION_CONTEXT('2D SPACE',''
  ) );
#6739 = ORIENTED_EDGE('',*,*,#6740,.F.);
#6740 = EDGE_CURVE('',#6741,#6713,#6743,.T.);
#6741 = VERTEX_POINT('',#6742);
#6742 = CARTESIAN_POINT('',(16.336982806552,-1.28574843124,0.));
#6743 = SURFACE_CURVE('',#6744,(#6748,#6755),.PCURVE_S1.);
#6744 = LINE('',#6745,#6746);
#6745 = CARTESIAN_POINT('',(16.336982806552,-1.28574843124,0.));
#6746 = VECTOR('',#6747,1.);
#6747 = DIRECTION('',(-0.104528463268,-0.994521895368,0.));
#6748 = PCURVE('',#45,#6749);
#6749 = DEFINITIONAL_REPRESENTATION('',(#6750),#6754);
#6750 = LINE('',#6751,#6752);
#6751 = CARTESIAN_POINT('',(16.336982806552,-1.28574843124));
#6752 = VECTOR('',#6753,1.);
#6753 = DIRECTION('',(-0.104528463268,-0.994521895368));
#6754 = ( GEOMETRIC_REPRESENTATION_CONTEXT(2) 
PARAMETRIC_REPRESENTATION_CONTEXT() REPRESENTATION_CONTEXT('2D SPACE',''
  ) );
#6755 = PCURVE('',#6756,#6761);
#6756 = PLANE('',#6757);
#6757 = AXIS2_PLACEMENT_3D('',#6758,#6759,#6760);
#6758 = CARTESIAN_POINT('',(16.336982806552,-1.28574843124,0.));
#6759 = DIRECTION('',(0.994521895368,-0.104528463268,0.));
#6760 = DIRECTION('',(-0.104528463268,-0.994521895368,0.));
#6761 = DEFINITIONAL_REPRESENTATION('',(#6762),#6766);
#6762 = LINE('',#6763,#6764);
#6763 = CARTESIAN_POINT('',(0.,0.));
#6764 = VECTOR('',#6765,1.);
#6765 = DIRECTION('',(1.,0.));
#6766 = ( GEOMETRIC_REPRESENTATION_CONTEXT(2) 
PARAMETRIC_REPRESENTATION_CONTEXT() REPRESENTATION_CONTEXT('2D SPACE',''
  ) );
#6767 = ORIENTED_EDGE('',*,*,#6768,.F.);
#6768 = EDGE_CURVE('',#6769,#6741,#6771,.T.);
#6769 = VERTEX_POINT('',#6770);
#6770 = CARTESIAN_POINT('',(18.542662407436,-1.459339180538,0.));
#6771 = SURFACE_CURVE('',#6772,(#6776,#6783),.PCURVE_S1.);
#6772 = LINE('',#6773,#6774);
#6773 = CARTESIAN_POINT('',(20.39692864818,-1.605273098592,0.));
#6774 = VECTOR('',#6775,1.);
#6775 = DIRECTION('',(-0.996917333733,7.845909572784E-02,0.));
#6776 = PCURVE('',#45,#6777);
#6777 = DEFINITIONAL_REPRESENTATION('',(#6778),#6782);
#6778 = LINE('',#6779,#6780);
#6779 = CARTESIAN_POINT('',(20.39692864818,-1.605273098592));
#6780 = VECTOR('',#6781,1.);
#6781 = DIRECTION('',(-0.996917333733,7.845909572784E-02));
#6782 = ( GEOMETRIC_REPRESENTATION_CONTEXT(2) 
PARAMETRIC_REPRESENTATION_CONTEXT() REPRESENTATION_CONTEXT('2D SPACE',''
  ) );
#6783 = PCURVE('',#6784,#6789);
#6784 = PLANE('',#6785);
#6785 = AXIS2_PLACEMENT_3D('',#6786,#6787,#6788);
#6786 = CARTESIAN_POINT('',(20.39692864818,-1.605273098592,0.));
#6787 = DIRECTION('',(-7.845909572784E-02,-0.996917333733,0.));
#6788 = DIRECTION('',(-0.996917333733,7.845909572784E-02,0.));
#6789 = DEFINITIONAL_REPRESENTATION('',(#6790),#6794);
#6790 = LINE('',#6791,#6792);
#6791 = CARTESIAN_POINT('',(0.,0.));
#6792 = VECTOR('',#6793,1.);
#6793 = DIRECTION('',(1.,-0.));
#6794 = ( GEOMETRIC_REPRESENTATION_CONTEXT(2) 
PARAMETRIC_REPRESENTATION_CONTEXT() REPRESENTATION_CONTEXT('2D SPACE',''
  ) );
#6795 = ORIENTED_EDGE('',*,*,#6796,.T.);
#6796 = EDGE_CURVE('',#6769,#6797,#6799,.T.);
#6797 = VERTEX_POINT('',#6798);
#6798 = CARTESIAN_POINT('',(18.593626244545,-0.486891238527,0.));
#6799 = SURFACE_CURVE('',#6800,(#6805,#6812),.PCURVE_S1.);
#6800 = CIRCLE('',#6801,18.6);
#6801 = AXIS2_PLACEMENT_3D('',#6802,#6803,#6804);
#6802 = CARTESIAN_POINT('',(0.,0.,0.));
#6803 = DIRECTION('',(0.,0.,1.));
#6804 = DIRECTION('',(1.,0.,0.));
#6805 = PCURVE('',#45,#6806);
#6806 = DEFINITIONAL_REPRESENTATION('',(#6807),#6811);
#6807 = CIRCLE('',#6808,18.6);
#6808 = AXIS2_PLACEMENT_2D('',#6809,#6810);
#6809 = CARTESIAN_POINT('',(5.881462935653E-16,7.592810154714E-16));
#6810 = DIRECTION('',(1.,0.));
#6811 = ( GEOMETRIC_REPRESENTATION_CONTEXT(2) 
PARAMETRIC_REPRESENTATION_CONTEXT() REPRESENTATION_CONTEXT('2D SPACE',''
  ) );
#6812 = PCURVE('',#6813,#6818);
#6813 = CYLINDRICAL_SURFACE('',#6814,18.6);
#6814 = AXIS2_PLACEMENT_3D('',#6815,#6816,#6817);
#6815 = CARTESIAN_POINT('',(0.,0.,0.));
#6816 = DIRECTION('',(-0.,-0.,-1.));
#6817 = DIRECTION('',(1.,0.,0.));
#6818 = DEFINITIONAL_REPRESENTATION('',(#6819),#6823);
#6819 = LINE('',#6820,#6821);
#6820 = CARTESIAN_POINT('',(-0.,0.));
#6821 = VECTOR('',#6822,1.);
#6822 = DIRECTION('',(-1.,0.));
#6823 = ( GEOMETRIC_REPRESENTATION_CONTEXT(2) 
PARAMETRIC_REPRESENTATION_CONTEXT() REPRESENTATION_CONTEXT('2D SPACE',''
  ) );
#6824 = ORIENTED_EDGE('',*,*,#6825,.F.);
#6825 = EDGE_CURVE('',#6826,#6797,#6828,.T.);
#6826 = VERTEX_POINT('',#6827);
#6827 = CARTESIAN_POINT('',(16.381884413037,-0.428974740395,0.));
#6828 = SURFACE_CURVE('',#6829,(#6833,#6840),.PCURVE_S1.);
#6829 = LINE('',#6830,#6831);
#6830 = CARTESIAN_POINT('',(16.381884413037,-0.428974740395,0.));
#6831 = VECTOR('',#6832,1.);
#6832 = DIRECTION('',(0.999657324976,-2.617694830787E-02,0.));
#6833 = PCURVE('',#45,#6834);
#6834 = DEFINITIONAL_REPRESENTATION('',(#6835),#6839);
#6835 = LINE('',#6836,#6837);
#6836 = CARTESIAN_POINT('',(16.381884413037,-0.428974740395));
#6837 = VECTOR('',#6838,1.);
#6838 = DIRECTION('',(0.999657324976,-2.617694830787E-02));
#6839 = ( GEOMETRIC_REPRESENTATION_CONTEXT(2) 
PARAMETRIC_REPRESENTATION_CONTEXT() REPRESENTATION_CONTEXT('2D SPACE',''
  ) );
#6840 = PCURVE('',#6841,#6846);
#6841 = PLANE('',#6842);
#6842 = AXIS2_PLACEMENT_3D('',#6843,#6844,#6845);
#6843 = CARTESIAN_POINT('',(16.381884413037,-0.428974740395,0.));
#6844 = DIRECTION('',(2.617694830787E-02,0.999657324976,0.));
#6845 = DIRECTION('',(0.999657324976,-2.617694830787E-02,0.));
#6846 = DEFINITIONAL_REPRESENTATION('',(#6847),#6851);
#6847 = LINE('',#6848,#6849);
#6848 = CARTESIAN_POINT('',(0.,0.));
#6849 = VECTOR('',#6850,1.);
#6850 = DIRECTION('',(1.,0.));
#6851 = ( GEOMETRIC_REPRESENTATION_CONTEXT(2) 
PARAMETRIC_REPRESENTATION_CONTEXT() REPRESENTATION_CONTEXT('2D SPACE',''
  ) );
#6852 = ORIENTED_EDGE('',*,*,#6853,.F.);
#6853 = EDGE_CURVE('',#140,#6826,#6854,.T.);
#6854 = SURFACE_CURVE('',#6855,(#6859,#6866),.PCURVE_S1.);
#6855 = LINE('',#6856,#6857);
#6856 = CARTESIAN_POINT('',(16.381884413037,0.428974740395,0.));
#6857 = VECTOR('',#6858,1.);
#6858 = DIRECTION('',(0.,-1.,0.));
#6859 = PCURVE('',#45,#6860);
#6860 = DEFINITIONAL_REPRESENTATION('',(#6861),#6865);
#6861 = LINE('',#6862,#6863);
#6862 = CARTESIAN_POINT('',(16.381884413037,0.428974740395));
#6863 = VECTOR('',#6864,1.);
#6864 = DIRECTION('',(0.,-1.));
#6865 = ( GEOMETRIC_REPRESENTATION_CONTEXT(2) 
PARAMETRIC_REPRESENTATION_CONTEXT() REPRESENTATION_CONTEXT('2D SPACE',''
  ) );
#6866 = PCURVE('',#6867,#6872);
#6867 = PLANE('',#6868);
#6868 = AXIS2_PLACEMENT_3D('',#6869,#6870,#6871);
#6869 = CARTESIAN_POINT('',(16.381884413037,0.428974740395,0.));
#6870 = DIRECTION('',(1.,0.,0.));
#6871 = DIRECTION('',(0.,-1.,0.));
#6872 = DEFINITIONAL_REPRESENTATION('',(#6873),#6877);
#6873 = LINE('',#6874,#6875);
#6874 = CARTESIAN_POINT('',(0.,0.));
#6875 = VECTOR('',#6876,1.);
#6876 = DIRECTION('',(1.,0.));
#6877 = ( GEOMETRIC_REPRESENTATION_CONTEXT(2) 
PARAMETRIC_REPRESENTATION_CONTEXT() REPRESENTATION_CONTEXT('2D SPACE',''
  ) );
#6878 = FACE_BOUND('',#6879,.F.);
#6879 = EDGE_LOOP('',(#6880));
#6880 = ORIENTED_EDGE('',*,*,#6881,.T.);
#6881 = EDGE_CURVE('',#6882,#6882,#6884,.T.);
#6882 = VERTEX_POINT('',#6883);
#6883 = CARTESIAN_POINT('',(-2.6,-6.368163355566E-16,0.));
#6884 = SURFACE_CURVE('',#6885,(#6890,#6901),.PCURVE_S1.);
#6885 = CIRCLE('',#6886,2.6);
#6886 = AXIS2_PLACEMENT_3D('',#6887,#6888,#6889);
#6887 = CARTESIAN_POINT('',(0.,0.,0.));
#6888 = DIRECTION('',(0.,0.,-1.));
#6889 = DIRECTION('',(-1.,0.,0.));
#6890 = PCURVE('',#45,#6891);
#6891 = DEFINITIONAL_REPRESENTATION('',(#6892),#6900);
#6892 = ( BOUNDED_CURVE() B_SPLINE_CURVE(2,(#6893,#6894,#6895,#6896,
#6897,#6898,#6899),.UNSPECIFIED.,.T.,.F.) B_SPLINE_CURVE_WITH_KNOTS((1,2
    ,2,2,2,1),(-2.094395102393,0.,2.094395102393,4.188790204786,
6.28318530718,8.377580409573),.UNSPECIFIED.) CURVE() 
GEOMETRIC_REPRESENTATION_ITEM() RATIONAL_B_SPLINE_CURVE((1.,0.5,1.,0.5,
1.,0.5,1.)) REPRESENTATION_ITEM('') );
#6893 = CARTESIAN_POINT('',(-2.6,7.592810154714E-16));
#6894 = CARTESIAN_POINT('',(-2.6,4.503332099679));
#6895 = CARTESIAN_POINT('',(1.3,2.25166604984));
#6896 = CARTESIAN_POINT('',(5.2,1.396097351028E-15));
#6897 = CARTESIAN_POINT('',(1.3,-2.25166604984));
#6898 = CARTESIAN_POINT('',(-2.6,-4.503332099679));
#6899 = CARTESIAN_POINT('',(-2.6,7.592810154714E-16));
#6900 = ( GEOMETRIC_REPRESENTATION_CONTEXT(2) 
PARAMETRIC_REPRESENTATION_CONTEXT() REPRESENTATION_CONTEXT('2D SPACE',''
  ) );
#6901 = PCURVE('',#6902,#6907);
#6902 = CYLINDRICAL_SURFACE('',#6903,2.6);
#6903 = AXIS2_PLACEMENT_3D('',#6904,#6905,#6906);
#6904 = CARTESIAN_POINT('',(0.,0.,7.));
#6905 = DIRECTION('',(0.,0.,-1.));
#6906 = DIRECTION('',(-1.,0.,0.));
#6907 = DEFINITIONAL_REPRESENTATION('',(#6908),#6912);
#6908 = LINE('',#6909,#6910);
#6909 = CARTESIAN_POINT('',(0.,7.));
#6910 = VECTOR('',#6911,1.);
#6911 = DIRECTION('',(1.,0.));
#6912 = ( GEOMETRIC_REPRESENTATION_CONTEXT(2) 
PARAMETRIC_REPRESENTATION_CONTEXT() REPRESENTATION_CONTEXT('2D SPACE',''
  ) );
#6913 = ADVANCED_FACE('',(#6914),#125,.T.);
#6914 = FACE_BOUND('',#6915,.T.);
#6915 = EDGE_LOOP('',(#6916,#6917,#6940,#6961));
#6916 = ORIENTED_EDGE('',*,*,#163,.F.);
#6917 = ORIENTED_EDGE('',*,*,#6918,.T.);
#6918 = EDGE_CURVE('',#164,#6919,#6921,.T.);
#6919 = VERTEX_POINT('',#6920);
#6920 = CARTESIAN_POINT('',(16.336982806552,1.28574843124,7.));
#6921 = SURFACE_CURVE('',#6922,(#6926,#6933),.PCURVE_S1.);
#6922 = LINE('',#6923,#6924);
#6923 = CARTESIAN_POINT('',(16.336982806552,1.28574843124,0.));
#6924 = VECTOR('',#6925,1.);
#6925 = DIRECTION('',(0.,0.,1.));
#6926 = PCURVE('',#125,#6927);
#6927 = DEFINITIONAL_REPRESENTATION('',(#6928),#6932);
#6928 = LINE('',#6929,#6930);
#6929 = CARTESIAN_POINT('',(0.,0.));
#6930 = VECTOR('',#6931,1.);
#6931 = DIRECTION('',(0.,-1.));
#6932 = ( GEOMETRIC_REPRESENTATION_CONTEXT(2) 
PARAMETRIC_REPRESENTATION_CONTEXT() REPRESENTATION_CONTEXT('2D SPACE',''
  ) );
#6933 = PCURVE('',#202,#6934);
#6934 = DEFINITIONAL_REPRESENTATION('',(#6935),#6939);
#6935 = LINE('',#6936,#6937);
#6936 = CARTESIAN_POINT('',(0.857949480791,0.));
#6937 = VECTOR('',#6938,1.);
#6938 = DIRECTION('',(0.,-1.));
#6939 = ( GEOMETRIC_REPRESENTATION_CONTEXT(2) 
PARAMETRIC_REPRESENTATION_CONTEXT() REPRESENTATION_CONTEXT('2D SPACE',''
  ) );
#6940 = ORIENTED_EDGE('',*,*,#6941,.T.);
#6941 = EDGE_CURVE('',#6919,#84,#6942,.T.);
#6942 = SURFACE_CURVE('',#6943,(#6947,#6954),.PCURVE_S1.);
#6943 = LINE('',#6944,#6945);
#6944 = CARTESIAN_POINT('',(16.336982806552,1.28574843124,7.));
#6945 = VECTOR('',#6946,1.);
#6946 = DIRECTION('',(0.996917333733,7.845909572784E-02,0.));
#6947 = PCURVE('',#125,#6948);
#6948 = DEFINITIONAL_REPRESENTATION('',(#6949),#6953);
#6949 = LINE('',#6950,#6951);
#6950 = CARTESIAN_POINT('',(0.,-7.));
#6951 = VECTOR('',#6952,1.);
#6952 = DIRECTION('',(1.,0.));
#6953 = ( GEOMETRIC_REPRESENTATION_CONTEXT(2) 
PARAMETRIC_REPRESENTATION_CONTEXT() REPRESENTATION_CONTEXT('2D SPACE',''
  ) );
#6954 = PCURVE('',#100,#6955);
#6955 = DEFINITIONAL_REPRESENTATION('',(#6956),#6960);
#6956 = LINE('',#6957,#6958);
#6957 = CARTESIAN_POINT('',(16.336982806552,1.28574843124));
#6958 = VECTOR('',#6959,1.);
#6959 = DIRECTION('',(0.996917333733,7.845909572784E-02));
#6960 = ( GEOMETRIC_REPRESENTATION_CONTEXT(2) 
PARAMETRIC_REPRESENTATION_CONTEXT() REPRESENTATION_CONTEXT('2D SPACE',''
  ) );
#6961 = ORIENTED_EDGE('',*,*,#112,.T.);
#6962 = ADVANCED_FACE('',(#6963,#12498),#100,.T.);
#6963 = FACE_BOUND('',#6964,.T.);
#6964 = EDGE_LOOP('',(#6965,#6988,#6989,#6990,#7013,#7036,#7060,#7083,
    #7106,#7129,#7153,#7176,#7199,#7222,#7246,#7269,#7292,#7315,#7339,
    #7362,#7385,#7408,#7432,#7455,#7478,#7501,#7525,#7548,#7571,#7594,
    #7618,#7641,#7664,#7687,#7711,#7734,#7757,#7780,#7804,#7827,#7850,
    #7873,#7897,#7920,#7943,#7966,#7990,#8013,#8036,#8059,#8083,#8106,
    #8129,#8152,#8176,#8199,#8222,#8245,#8269,#8292,#8315,#8338,#8362,
    #8385,#8408,#8431,#8455,#8478,#8501,#8524,#8548,#8571,#8594,#8617,
    #8641,#8664,#8687,#8710,#8734,#8757,#8780,#8803,#8827,#8850,#8873,
    #8896,#8920,#8943,#8966,#8989,#9013,#9036,#9059,#9082,#9106,#9129,
    #9152,#9175,#9199,#9222,#9245,#9268,#9292,#9315,#9338,#9361,#9385,
    #9408,#9431,#9454,#9478,#9501,#9524,#9547,#9571,#9594,#9617,#9640,
    #9664,#9687,#9710,#9733,#9757,#9780,#9803,#9826,#9850,#9873,#9896,
    #9919,#9943,#9966,#9989,#10012,#10036,#10059,#10082,#10105,#10129,
    #10152,#10175,#10198,#10222,#10245,#10268,#10291,#10315,#10338,
    #10361,#10384,#10408,#10431,#10454,#10477,#10501,#10524,#10547,
    #10570,#10594,#10617,#10640,#10663,#10687,#10710,#10733,#10756,
    #10780,#10803,#10826,#10849,#10873,#10896,#10919,#10942,#10966,
    #10989,#11012,#11035,#11059,#11082,#11105,#11128,#11152,#11175,
    #11198,#11221,#11245,#11268,#11291,#11314,#11338,#11361,#11384,
    #11407,#11431,#11454,#11477,#11500,#11524,#11547,#11570,#11593,
    #11617,#11640,#11663,#11686,#11710,#11733,#11756,#11779,#11803,
    #11826,#11849,#11872,#11896,#11919,#11942,#11965,#11989,#12012,
    #12035,#12058,#12082,#12105,#12128,#12151,#12175,#12198,#12221,
    #12244,#12268,#12291,#12314,#12337,#12361,#12384,#12407,#12430,
    #12454,#12477));
#6965 = ORIENTED_EDGE('',*,*,#6966,.F.);
#6966 = EDGE_CURVE('',#58,#6967,#6969,.T.);
#6967 = VERTEX_POINT('',#6968);
#6968 = CARTESIAN_POINT('',(16.381884413037,0.428974740395,7.));
#6969 = SURFACE_CURVE('',#6970,(#6974,#6981),.PCURVE_S1.);
#6970 = LINE('',#6971,#6972);
#6971 = CARTESIAN_POINT('',(20.452988869,0.535580362379,7.));
#6972 = VECTOR('',#6973,1.);
#6973 = DIRECTION('',(-0.999657324976,-2.617694830787E-02,0.));
#6974 = PCURVE('',#100,#6975);
#6975 = DEFINITIONAL_REPRESENTATION('',(#6976),#6980);
#6976 = LINE('',#6977,#6978);
#6977 = CARTESIAN_POINT('',(20.452988869,0.535580362379));
#6978 = VECTOR('',#6979,1.);
#6979 = DIRECTION('',(-0.999657324976,-2.617694830787E-02));
#6980 = ( GEOMETRIC_REPRESENTATION_CONTEXT(2) 
PARAMETRIC_REPRESENTATION_CONTEXT() REPRESENTATION_CONTEXT('2D SPACE',''
  ) );
#6981 = PCURVE('',#72,#6982);
#6982 = DEFINITIONAL_REPRESENTATION('',(#6983),#6987);
#6983 = LINE('',#6984,#6985);
#6984 = CARTESIAN_POINT('',(0.,-7.));
#6985 = VECTOR('',#6986,1.);
#6986 = DIRECTION('',(1.,-0.));
#6987 = ( GEOMETRIC_REPRESENTATION_CONTEXT(2) 
PARAMETRIC_REPRESENTATION_CONTEXT() REPRESENTATION_CONTEXT('2D SPACE',''
  ) );
#6988 = ORIENTED_EDGE('',*,*,#83,.T.);
#6989 = ORIENTED_EDGE('',*,*,#6941,.F.);
#6990 = ORIENTED_EDGE('',*,*,#6991,.F.);
#6991 = EDGE_CURVE('',#6992,#6919,#6994,.T.);
#6992 = VERTEX_POINT('',#6993);
#6993 = CARTESIAN_POINT('',(16.247302665763,2.138997975006,7.));
#6994 = SURFACE_CURVE('',#6995,(#6999,#7006),.PCURVE_S1.);
#6995 = LINE('',#6996,#6997);
#6996 = CARTESIAN_POINT('',(16.247302665763,2.138997975006,7.));
#6997 = VECTOR('',#6998,1.);
#6998 = DIRECTION('',(0.104528463268,-0.994521895368,0.));
#6999 = PCURVE('',#100,#7000);
#7000 = DEFINITIONAL_REPRESENTATION('',(#7001),#7005);
#7001 = LINE('',#7002,#7003);
#7002 = CARTESIAN_POINT('',(16.247302665763,2.138997975006));
#7003 = VECTOR('',#7004,1.);
#7004 = DIRECTION('',(0.104528463268,-0.994521895368));
#7005 = ( GEOMETRIC_REPRESENTATION_CONTEXT(2) 
PARAMETRIC_REPRESENTATION_CONTEXT() REPRESENTATION_CONTEXT('2D SPACE',''
  ) );
#7006 = PCURVE('',#202,#7007);
#7007 = DEFINITIONAL_REPRESENTATION('',(#7008),#7012);
#7008 = LINE('',#7009,#7010);
#7009 = CARTESIAN_POINT('',(0.,-7.));
#7010 = VECTOR('',#7011,1.);
#7011 = DIRECTION('',(1.,0.));
#7012 = ( GEOMETRIC_REPRESENTATION_CONTEXT(2) 
PARAMETRIC_REPRESENTATION_CONTEXT() REPRESENTATION_CONTEXT('2D SPACE',''
  ) );
#7013 = ORIENTED_EDGE('',*,*,#7014,.F.);
#7014 = EDGE_CURVE('',#7015,#6992,#7017,.T.);
#7015 = VERTEX_POINT('',#7016);
#7016 = CARTESIAN_POINT('',(18.440874421553,2.427787175293,7.));
#7017 = SURFACE_CURVE('',#7018,(#7022,#7029),.PCURVE_S1.);
#7018 = LINE('',#7019,#7020);
#7019 = CARTESIAN_POINT('',(20.284961863708,2.670565892822,7.));
#7020 = VECTOR('',#7021,1.);
#7021 = DIRECTION('',(-0.991444861374,-0.13052619222,0.));
#7022 = PCURVE('',#100,#7023);
#7023 = DEFINITIONAL_REPRESENTATION('',(#7024),#7028);
#7024 = LINE('',#7025,#7026);
#7025 = CARTESIAN_POINT('',(20.284961863708,2.670565892822));
#7026 = VECTOR('',#7027,1.);
#7027 = DIRECTION('',(-0.991444861374,-0.13052619222));
#7028 = ( GEOMETRIC_REPRESENTATION_CONTEXT(2) 
PARAMETRIC_REPRESENTATION_CONTEXT() REPRESENTATION_CONTEXT('2D SPACE',''
  ) );
#7029 = PCURVE('',#230,#7030);
#7030 = DEFINITIONAL_REPRESENTATION('',(#7031),#7035);
#7031 = LINE('',#7032,#7033);
#7032 = CARTESIAN_POINT('',(0.,-7.));
#7033 = VECTOR('',#7034,1.);
#7034 = DIRECTION('',(1.,-0.));
#7035 = ( GEOMETRIC_REPRESENTATION_CONTEXT(2) 
PARAMETRIC_REPRESENTATION_CONTEXT() REPRESENTATION_CONTEXT('2D SPACE',''
  ) );
#7036 = ORIENTED_EDGE('',*,*,#7037,.T.);
#7037 = EDGE_CURVE('',#7015,#7038,#7040,.T.);
#7038 = VERTEX_POINT('',#7039);
#7039 = CARTESIAN_POINT('',(18.28854128069,3.389580774154,7.));
#7040 = SURFACE_CURVE('',#7041,(#7046,#7053),.PCURVE_S1.);
#7041 = CIRCLE('',#7042,18.6);
#7042 = AXIS2_PLACEMENT_3D('',#7043,#7044,#7045);
#7043 = CARTESIAN_POINT('',(0.,0.,7.));
#7044 = DIRECTION('',(0.,0.,1.));
#7045 = DIRECTION('',(1.,0.,0.));
#7046 = PCURVE('',#100,#7047);
#7047 = DEFINITIONAL_REPRESENTATION('',(#7048),#7052);
#7048 = CIRCLE('',#7049,18.6);
#7049 = AXIS2_PLACEMENT_2D('',#7050,#7051);
#7050 = CARTESIAN_POINT('',(5.881462935653E-16,7.592810154714E-16));
#7051 = DIRECTION('',(1.,0.));
#7052 = ( GEOMETRIC_REPRESENTATION_CONTEXT(2) 
PARAMETRIC_REPRESENTATION_CONTEXT() REPRESENTATION_CONTEXT('2D SPACE',''
  ) );
#7053 = PCURVE('',#259,#7054);
#7054 = DEFINITIONAL_REPRESENTATION('',(#7055),#7059);
#7055 = LINE('',#7056,#7057);
#7056 = CARTESIAN_POINT('',(-0.,-7.));
#7057 = VECTOR('',#7058,1.);
#7058 = DIRECTION('',(-1.,0.));
#7059 = ( GEOMETRIC_REPRESENTATION_CONTEXT(2) 
PARAMETRIC_REPRESENTATION_CONTEXT() REPRESENTATION_CONTEXT('2D SPACE',''
  ) );
#7060 = ORIENTED_EDGE('',*,*,#7061,.F.);
#7061 = EDGE_CURVE('',#7062,#7038,#7064,.T.);
#7062 = VERTEX_POINT('',#7063);
#7063 = CARTESIAN_POINT('',(16.113089797704,2.986384674003,7.));
#7064 = SURFACE_CURVE('',#7065,(#7069,#7076),.PCURVE_S1.);
#7065 = LINE('',#7066,#7067);
#7066 = CARTESIAN_POINT('',(16.113089797704,2.986384674003,7.));
#7067 = VECTOR('',#7068,1.);
#7068 = DIRECTION('',(0.983254907564,0.182235525492,0.));
#7069 = PCURVE('',#100,#7070);
#7070 = DEFINITIONAL_REPRESENTATION('',(#7071),#7075);
#7071 = LINE('',#7072,#7073);
#7072 = CARTESIAN_POINT('',(16.113089797704,2.986384674003));
#7073 = VECTOR('',#7074,1.);
#7074 = DIRECTION('',(0.983254907564,0.182235525492));
#7075 = ( GEOMETRIC_REPRESENTATION_CONTEXT(2) 
PARAMETRIC_REPRESENTATION_CONTEXT() REPRESENTATION_CONTEXT('2D SPACE',''
  ) );
#7076 = PCURVE('',#287,#7077);
#7077 = DEFINITIONAL_REPRESENTATION('',(#7078),#7082);
#7078 = LINE('',#7079,#7080);
#7079 = CARTESIAN_POINT('',(0.,-7.));
#7080 = VECTOR('',#7081,1.);
#7081 = DIRECTION('',(1.,0.));
#7082 = ( GEOMETRIC_REPRESENTATION_CONTEXT(2) 
PARAMETRIC_REPRESENTATION_CONTEXT() REPRESENTATION_CONTEXT('2D SPACE',''
  ) );
#7083 = ORIENTED_EDGE('',*,*,#7084,.F.);
#7084 = EDGE_CURVE('',#7085,#7062,#7087,.T.);
#7085 = VERTEX_POINT('',#7086);
#7086 = CARTESIAN_POINT('',(15.934712070517,3.825585900189,7.));
#7087 = SURFACE_CURVE('',#7088,(#7092,#7099),.PCURVE_S1.);
#7088 = LINE('',#7089,#7090);
#7089 = CARTESIAN_POINT('',(15.934712070517,3.825585900189,7.));
#7090 = VECTOR('',#7091,1.);
#7091 = DIRECTION('',(0.207911690818,-0.978147600734,0.));
#7092 = PCURVE('',#100,#7093);
#7093 = DEFINITIONAL_REPRESENTATION('',(#7094),#7098);
#7094 = LINE('',#7095,#7096);
#7095 = CARTESIAN_POINT('',(15.934712070517,3.825585900189));
#7096 = VECTOR('',#7097,1.);
#7097 = DIRECTION('',(0.207911690818,-0.978147600734));
#7098 = ( GEOMETRIC_REPRESENTATION_CONTEXT(2) 
PARAMETRIC_REPRESENTATION_CONTEXT() REPRESENTATION_CONTEXT('2D SPACE',''
  ) );
#7099 = PCURVE('',#315,#7100);
#7100 = DEFINITIONAL_REPRESENTATION('',(#7101),#7105);
#7101 = LINE('',#7102,#7103);
#7102 = CARTESIAN_POINT('',(0.,-7.));
#7103 = VECTOR('',#7104,1.);
#7104 = DIRECTION('',(1.,0.));
#7105 = ( GEOMETRIC_REPRESENTATION_CONTEXT(2) 
PARAMETRIC_REPRESENTATION_CONTEXT() REPRESENTATION_CONTEXT('2D SPACE',''
  ) );
#7106 = ORIENTED_EDGE('',*,*,#7107,.F.);
#7107 = EDGE_CURVE('',#7108,#7085,#7110,.T.);
#7108 = VERTEX_POINT('',#7109);
#7109 = CARTESIAN_POINT('',(18.086080519397,4.34208376772,7.));
#7110 = SURFACE_CURVE('',#7111,(#7115,#7122),.PCURVE_S1.);
#7111 = LINE('',#7112,#7113);
#7112 = CARTESIAN_POINT('',(19.894688571336,4.776292144492,7.));
#7113 = VECTOR('',#7114,1.);
#7114 = DIRECTION('',(-0.972369920398,-0.233445363856,0.));
#7115 = PCURVE('',#100,#7116);
#7116 = DEFINITIONAL_REPRESENTATION('',(#7117),#7121);
#7117 = LINE('',#7118,#7119);
#7118 = CARTESIAN_POINT('',(19.894688571336,4.776292144492));
#7119 = VECTOR('',#7120,1.);
#7120 = DIRECTION('',(-0.972369920398,-0.233445363856));
#7121 = ( GEOMETRIC_REPRESENTATION_CONTEXT(2) 
PARAMETRIC_REPRESENTATION_CONTEXT() REPRESENTATION_CONTEXT('2D SPACE',''
  ) );
#7122 = PCURVE('',#343,#7123);
#7123 = DEFINITIONAL_REPRESENTATION('',(#7124),#7128);
#7124 = LINE('',#7125,#7126);
#7125 = CARTESIAN_POINT('',(0.,-7.));
#7126 = VECTOR('',#7127,1.);
#7127 = DIRECTION('',(1.,-0.));
#7128 = ( GEOMETRIC_REPRESENTATION_CONTEXT(2) 
PARAMETRIC_REPRESENTATION_CONTEXT() REPRESENTATION_CONTEXT('2D SPACE',''
  ) );
#7129 = ORIENTED_EDGE('',*,*,#7130,.T.);
#7130 = EDGE_CURVE('',#7108,#7131,#7133,.T.);
#7131 = VERTEX_POINT('',#7132);
#7132 = CARTESIAN_POINT('',(17.834047068548,5.282685411493,7.));
#7133 = SURFACE_CURVE('',#7134,(#7139,#7146),.PCURVE_S1.);
#7134 = CIRCLE('',#7135,18.6);
#7135 = AXIS2_PLACEMENT_3D('',#7136,#7137,#7138);
#7136 = CARTESIAN_POINT('',(0.,0.,7.));
#7137 = DIRECTION('',(0.,0.,1.));
#7138 = DIRECTION('',(1.,0.,0.));
#7139 = PCURVE('',#100,#7140);
#7140 = DEFINITIONAL_REPRESENTATION('',(#7141),#7145);
#7141 = CIRCLE('',#7142,18.6);
#7142 = AXIS2_PLACEMENT_2D('',#7143,#7144);
#7143 = CARTESIAN_POINT('',(5.881462935653E-16,7.592810154714E-16));
#7144 = DIRECTION('',(1.,0.));
#7145 = ( GEOMETRIC_REPRESENTATION_CONTEXT(2) 
PARAMETRIC_REPRESENTATION_CONTEXT() REPRESENTATION_CONTEXT('2D SPACE',''
  ) );
#7146 = PCURVE('',#372,#7147);
#7147 = DEFINITIONAL_REPRESENTATION('',(#7148),#7152);
#7148 = LINE('',#7149,#7150);
#7149 = CARTESIAN_POINT('',(-0.,-7.));
#7150 = VECTOR('',#7151,1.);
#7151 = DIRECTION('',(-1.,0.));
#7152 = ( GEOMETRIC_REPRESENTATION_CONTEXT(2) 
PARAMETRIC_REPRESENTATION_CONTEXT() REPRESENTATION_CONTEXT('2D SPACE',''
  ) );
#7153 = ORIENTED_EDGE('',*,*,#7154,.F.);
#7154 = EDGE_CURVE('',#7155,#7131,#7157,.T.);
#7155 = VERTEX_POINT('',#7156);
#7156 = CARTESIAN_POINT('',(15.712658405153,4.654301461336,7.));
#7157 = SURFACE_CURVE('',#7158,(#7162,#7169),.PCURVE_S1.);
#7158 = LINE('',#7159,#7160);
#7159 = CARTESIAN_POINT('',(15.712658405153,4.654301461336,7.));
#7160 = VECTOR('',#7161,1.);
#7161 = DIRECTION('',(0.958819734868,0.284015344704,0.));
#7162 = PCURVE('',#100,#7163);
#7163 = DEFINITIONAL_REPRESENTATION('',(#7164),#7168);
#7164 = LINE('',#7165,#7166);
#7165 = CARTESIAN_POINT('',(15.712658405153,4.654301461336));
#7166 = VECTOR('',#7167,1.);
#7167 = DIRECTION('',(0.958819734868,0.284015344704));
#7168 = ( GEOMETRIC_REPRESENTATION_CONTEXT(2) 
PARAMETRIC_REPRESENTATION_CONTEXT() REPRESENTATION_CONTEXT('2D SPACE',''
  ) );
#7169 = PCURVE('',#400,#7170);
#7170 = DEFINITIONAL_REPRESENTATION('',(#7171),#7175);
#7171 = LINE('',#7172,#7173);
#7172 = CARTESIAN_POINT('',(0.,-7.));
#7173 = VECTOR('',#7174,1.);
#7174 = DIRECTION('',(1.,0.));
#7175 = ( GEOMETRIC_REPRESENTATION_CONTEXT(2) 
PARAMETRIC_REPRESENTATION_CONTEXT() REPRESENTATION_CONTEXT('2D SPACE',''
  ) );
#7176 = ORIENTED_EDGE('',*,*,#7177,.F.);
#7177 = EDGE_CURVE('',#7178,#7155,#7180,.T.);
#7178 = VERTEX_POINT('',#7179);
#7179 = CARTESIAN_POINT('',(15.447537435273,5.470259905693,7.));
#7180 = SURFACE_CURVE('',#7181,(#7185,#7192),.PCURVE_S1.);
#7181 = LINE('',#7182,#7183);
#7182 = CARTESIAN_POINT('',(15.447537435273,5.470259905693,7.));
#7183 = VECTOR('',#7184,1.);
#7184 = DIRECTION('',(0.309016994375,-0.951056516295,0.));
#7185 = PCURVE('',#100,#7186);
#7186 = DEFINITIONAL_REPRESENTATION('',(#7187),#7191);
#7187 = LINE('',#7188,#7189);
#7188 = CARTESIAN_POINT('',(15.447537435273,5.470259905693));
#7189 = VECTOR('',#7190,1.);
#7190 = DIRECTION('',(0.309016994375,-0.951056516295));
#7191 = ( GEOMETRIC_REPRESENTATION_CONTEXT(2) 
PARAMETRIC_REPRESENTATION_CONTEXT() REPRESENTATION_CONTEXT('2D SPACE',''
  ) );
#7192 = PCURVE('',#428,#7193);
#7193 = DEFINITIONAL_REPRESENTATION('',(#7194),#7198);
#7194 = LINE('',#7195,#7196);
#7195 = CARTESIAN_POINT('',(0.,-7.));
#7196 = VECTOR('',#7197,1.);
#7197 = DIRECTION('',(1.,0.));
#7198 = ( GEOMETRIC_REPRESENTATION_CONTEXT(2) 
PARAMETRIC_REPRESENTATION_CONTEXT() REPRESENTATION_CONTEXT('2D SPACE',''
  ) );
#7199 = ORIENTED_EDGE('',*,*,#7200,.F.);
#7200 = EDGE_CURVE('',#7201,#7178,#7203,.T.);
#7201 = VERTEX_POINT('',#7202);
#7202 = CARTESIAN_POINT('',(17.533131734315,6.208807581748,7.));
#7203 = SURFACE_CURVE('',#7204,(#7208,#7215),.PCURVE_S1.);
#7204 = LINE('',#7205,#7206);
#7205 = CARTESIAN_POINT('',(19.286444907746,6.829688339923,7.));
#7206 = VECTOR('',#7207,1.);
#7207 = DIRECTION('',(-0.942641491092,-0.333806859234,0.));
#7208 = PCURVE('',#100,#7209);
#7209 = DEFINITIONAL_REPRESENTATION('',(#7210),#7214);
#7210 = LINE('',#7211,#7212);
#7211 = CARTESIAN_POINT('',(19.286444907746,6.829688339923));
#7212 = VECTOR('',#7213,1.);
#7213 = DIRECTION('',(-0.942641491092,-0.333806859234));
#7214 = ( GEOMETRIC_REPRESENTATION_CONTEXT(2) 
PARAMETRIC_REPRESENTATION_CONTEXT() REPRESENTATION_CONTEXT('2D SPACE',''
  ) );
#7215 = PCURVE('',#456,#7216);
#7216 = DEFINITIONAL_REPRESENTATION('',(#7217),#7221);
#7217 = LINE('',#7218,#7219);
#7218 = CARTESIAN_POINT('',(0.,-7.));
#7219 = VECTOR('',#7220,1.);
#7220 = DIRECTION('',(1.,-0.));
#7221 = ( GEOMETRIC_REPRESENTATION_CONTEXT(2) 
PARAMETRIC_REPRESENTATION_CONTEXT() REPRESENTATION_CONTEXT('2D SPACE',''
  ) );
#7222 = ORIENTED_EDGE('',*,*,#7223,.T.);
#7223 = EDGE_CURVE('',#7201,#7224,#7226,.T.);
#7224 = VERTEX_POINT('',#7225);
#7225 = CARTESIAN_POINT('',(17.18415930471,7.117911841991,7.));
#7226 = SURFACE_CURVE('',#7227,(#7232,#7239),.PCURVE_S1.);
#7227 = CIRCLE('',#7228,18.6);
#7228 = AXIS2_PLACEMENT_3D('',#7229,#7230,#7231);
#7229 = CARTESIAN_POINT('',(0.,0.,7.));
#7230 = DIRECTION('',(0.,0.,1.));
#7231 = DIRECTION('',(1.,0.,0.));
#7232 = PCURVE('',#100,#7233);
#7233 = DEFINITIONAL_REPRESENTATION('',(#7234),#7238);
#7234 = CIRCLE('',#7235,18.6);
#7235 = AXIS2_PLACEMENT_2D('',#7236,#7237);
#7236 = CARTESIAN_POINT('',(5.881462935653E-16,7.592810154714E-16));
#7237 = DIRECTION('',(1.,0.));
#7238 = ( GEOMETRIC_REPRESENTATION_CONTEXT(2) 
PARAMETRIC_REPRESENTATION_CONTEXT() REPRESENTATION_CONTEXT('2D SPACE',''
  ) );
#7239 = PCURVE('',#485,#7240);
#7240 = DEFINITIONAL_REPRESENTATION('',(#7241),#7245);
#7241 = LINE('',#7242,#7243);
#7242 = CARTESIAN_POINT('',(-0.,-7.));
#7243 = VECTOR('',#7244,1.);
#7244 = DIRECTION('',(-1.,0.));
#7245 = ( GEOMETRIC_REPRESENTATION_CONTEXT(2) 
PARAMETRIC_REPRESENTATION_CONTEXT() REPRESENTATION_CONTEXT('2D SPACE',''
  ) );
#7246 = ORIENTED_EDGE('',*,*,#7247,.F.);
#7247 = EDGE_CURVE('',#7248,#7224,#7250,.T.);
#7248 = VERTEX_POINT('',#7249);
#7249 = CARTESIAN_POINT('',(15.140075839029,6.271224747883,7.));
#7250 = SURFACE_CURVE('',#7251,(#7255,#7262),.PCURVE_S1.);
#7251 = LINE('',#7252,#7253);
#7252 = CARTESIAN_POINT('',(15.140075839029,6.271224747883,7.));
#7253 = VECTOR('',#7254,1.);
#7254 = DIRECTION('',(0.923879532511,0.382683432365,0.));
#7255 = PCURVE('',#100,#7256);
#7256 = DEFINITIONAL_REPRESENTATION('',(#7257),#7261);
#7257 = LINE('',#7258,#7259);
#7258 = CARTESIAN_POINT('',(15.140075839029,6.271224747883));
#7259 = VECTOR('',#7260,1.);
#7260 = DIRECTION('',(0.923879532511,0.382683432365));
#7261 = ( GEOMETRIC_REPRESENTATION_CONTEXT(2) 
PARAMETRIC_REPRESENTATION_CONTEXT() REPRESENTATION_CONTEXT('2D SPACE',''
  ) );
#7262 = PCURVE('',#513,#7263);
#7263 = DEFINITIONAL_REPRESENTATION('',(#7264),#7268);
#7264 = LINE('',#7265,#7266);
#7265 = CARTESIAN_POINT('',(0.,-7.));
#7266 = VECTOR('',#7267,1.);
#7267 = DIRECTION('',(1.,0.));
#7268 = ( GEOMETRIC_REPRESENTATION_CONTEXT(2) 
PARAMETRIC_REPRESENTATION_CONTEXT() REPRESENTATION_CONTEXT('2D SPACE',''
  ) );
#7269 = ORIENTED_EDGE('',*,*,#7270,.F.);
#7270 = EDGE_CURVE('',#7271,#7248,#7273,.T.);
#7271 = VERTEX_POINT('',#7272);
#7272 = CARTESIAN_POINT('',(14.791116347283,7.055000598946,7.));
#7273 = SURFACE_CURVE('',#7274,(#7278,#7285),.PCURVE_S1.);
#7274 = LINE('',#7275,#7276);
#7275 = CARTESIAN_POINT('',(14.791116347283,7.055000598946,7.));
#7276 = VECTOR('',#7277,1.);
#7277 = DIRECTION('',(0.406736643076,-0.913545457643,0.));
#7278 = PCURVE('',#100,#7279);
#7279 = DEFINITIONAL_REPRESENTATION('',(#7280),#7284);
#7280 = LINE('',#7281,#7282);
#7281 = CARTESIAN_POINT('',(14.791116347283,7.055000598946));
#7282 = VECTOR('',#7283,1.);
#7283 = DIRECTION('',(0.406736643076,-0.913545457643));
#7284 = ( GEOMETRIC_REPRESENTATION_CONTEXT(2) 
PARAMETRIC_REPRESENTATION_CONTEXT() REPRESENTATION_CONTEXT('2D SPACE',''
  ) );
#7285 = PCURVE('',#541,#7286);
#7286 = DEFINITIONAL_REPRESENTATION('',(#7287),#7291);
#7287 = LINE('',#7288,#7289);
#7288 = CARTESIAN_POINT('',(0.,-7.));
#7289 = VECTOR('',#7290,1.);
#7290 = DIRECTION('',(1.,0.));
#7291 = ( GEOMETRIC_REPRESENTATION_CONTEXT(2) 
PARAMETRIC_REPRESENTATION_CONTEXT() REPRESENTATION_CONTEXT('2D SPACE',''
  ) );
#7292 = ORIENTED_EDGE('',*,*,#7293,.F.);
#7293 = EDGE_CURVE('',#7294,#7271,#7296,.T.);
#7294 = VERTEX_POINT('',#7295);
#7295 = CARTESIAN_POINT('',(16.788086288908,8.007506400634,7.));
#7296 = SURFACE_CURVE('',#7297,(#7301,#7308),.PCURVE_S1.);
#7297 = LINE('',#7298,#7299);
#7298 = CARTESIAN_POINT('',(18.466894917798,8.808257040698,7.));
#7299 = VECTOR('',#7300,1.);
#7300 = DIRECTION('',(-0.90258528435,-0.430511096808,0.));
#7301 = PCURVE('',#100,#7302);
#7302 = DEFINITIONAL_REPRESENTATION('',(#7303),#7307);
#7303 = LINE('',#7304,#7305);
#7304 = CARTESIAN_POINT('',(18.466894917798,8.808257040698));
#7305 = VECTOR('',#7306,1.);
#7306 = DIRECTION('',(-0.90258528435,-0.430511096808));
#7307 = ( GEOMETRIC_REPRESENTATION_CONTEXT(2) 
PARAMETRIC_REPRESENTATION_CONTEXT() REPRESENTATION_CONTEXT('2D SPACE',''
  ) );
#7308 = PCURVE('',#569,#7309);
#7309 = DEFINITIONAL_REPRESENTATION('',(#7310),#7314);
#7310 = LINE('',#7311,#7312);
#7311 = CARTESIAN_POINT('',(0.,-7.));
#7312 = VECTOR('',#7313,1.);
#7313 = DIRECTION('',(1.,-0.));
#7314 = ( GEOMETRIC_REPRESENTATION_CONTEXT(2) 
PARAMETRIC_REPRESENTATION_CONTEXT() REPRESENTATION_CONTEXT('2D SPACE',''
  ) );
#7315 = ORIENTED_EDGE('',*,*,#7316,.T.);
#7316 = EDGE_CURVE('',#7294,#7317,#7319,.T.);
#7317 = VERTEX_POINT('',#7318);
#7318 = CARTESIAN_POINT('',(16.345998295513,8.875152940828,7.));
#7319 = SURFACE_CURVE('',#7320,(#7325,#7332),.PCURVE_S1.);
#7320 = CIRCLE('',#7321,18.6);
#7321 = AXIS2_PLACEMENT_3D('',#7322,#7323,#7324);
#7322 = CARTESIAN_POINT('',(0.,0.,7.));
#7323 = DIRECTION('',(0.,0.,1.));
#7324 = DIRECTION('',(1.,0.,0.));
#7325 = PCURVE('',#100,#7326);
#7326 = DEFINITIONAL_REPRESENTATION('',(#7327),#7331);
#7327 = CIRCLE('',#7328,18.6);
#7328 = AXIS2_PLACEMENT_2D('',#7329,#7330);
#7329 = CARTESIAN_POINT('',(5.881462935653E-16,7.592810154714E-16));
#7330 = DIRECTION('',(1.,0.));
#7331 = ( GEOMETRIC_REPRESENTATION_CONTEXT(2) 
PARAMETRIC_REPRESENTATION_CONTEXT() REPRESENTATION_CONTEXT('2D SPACE',''
  ) );
#7332 = PCURVE('',#598,#7333);
#7333 = DEFINITIONAL_REPRESENTATION('',(#7334),#7338);
#7334 = LINE('',#7335,#7336);
#7335 = CARTESIAN_POINT('',(-0.,-7.));
#7336 = VECTOR('',#7337,1.);
#7337 = DIRECTION('',(-1.,0.));
#7338 = ( GEOMETRIC_REPRESENTATION_CONTEXT(2) 
PARAMETRIC_REPRESENTATION_CONTEXT() REPRESENTATION_CONTEXT('2D SPACE',''
  ) );
#7339 = ORIENTED_EDGE('',*,*,#7340,.F.);
#7340 = EDGE_CURVE('',#7341,#7317,#7343,.T.);
#7341 = VERTEX_POINT('',#7342);
#7342 = CARTESIAN_POINT('',(14.401615433748,7.819439183754,7.));
#7343 = SURFACE_CURVE('',#7344,(#7348,#7355),.PCURVE_S1.);
#7344 = LINE('',#7345,#7346);
#7345 = CARTESIAN_POINT('',(14.401615433748,7.819439183754,7.));
#7346 = VECTOR('',#7347,1.);
#7347 = DIRECTION('',(0.878817112662,0.47715876026,0.));
#7348 = PCURVE('',#100,#7349);
#7349 = DEFINITIONAL_REPRESENTATION('',(#7350),#7354);
#7350 = LINE('',#7351,#7352);
#7351 = CARTESIAN_POINT('',(14.401615433748,7.819439183754));
#7352 = VECTOR('',#7353,1.);
#7353 = DIRECTION('',(0.878817112662,0.47715876026));
#7354 = ( GEOMETRIC_REPRESENTATION_CONTEXT(2) 
PARAMETRIC_REPRESENTATION_CONTEXT() REPRESENTATION_CONTEXT('2D SPACE',''
  ) );
#7355 = PCURVE('',#626,#7356);
#7356 = DEFINITIONAL_REPRESENTATION('',(#7357),#7361);
#7357 = LINE('',#7358,#7359);
#7358 = CARTESIAN_POINT('',(0.,-7.));
#7359 = VECTOR('',#7360,1.);
#7360 = DIRECTION('',(1.,0.));
#7361 = ( GEOMETRIC_REPRESENTATION_CONTEXT(2) 
PARAMETRIC_REPRESENTATION_CONTEXT() REPRESENTATION_CONTEXT('2D SPACE',''
  ) );
#7362 = ORIENTED_EDGE('',*,*,#7363,.F.);
#7363 = EDGE_CURVE('',#7364,#7341,#7366,.T.);
#7364 = VERTEX_POINT('',#7365);
#7365 = CARTESIAN_POINT('',(13.972640693353,8.562445229283,7.));
#7366 = SURFACE_CURVE('',#7367,(#7371,#7378),.PCURVE_S1.);
#7367 = LINE('',#7368,#7369);
#7368 = CARTESIAN_POINT('',(13.972640693353,8.562445229283,7.));
#7369 = VECTOR('',#7370,1.);
#7370 = DIRECTION('',(0.5,-0.866025403784,0.));
#7371 = PCURVE('',#100,#7372);
#7372 = DEFINITIONAL_REPRESENTATION('',(#7373),#7377);
#7373 = LINE('',#7374,#7375);
#7374 = CARTESIAN_POINT('',(13.972640693353,8.562445229283));
#7375 = VECTOR('',#7376,1.);
#7376 = DIRECTION('',(0.5,-0.866025403784));
#7377 = ( GEOMETRIC_REPRESENTATION_CONTEXT(2) 
PARAMETRIC_REPRESENTATION_CONTEXT() REPRESENTATION_CONTEXT('2D SPACE',''
  ) );
#7378 = PCURVE('',#654,#7379);
#7379 = DEFINITIONAL_REPRESENTATION('',(#7380),#7384);
#7380 = LINE('',#7381,#7382);
#7381 = CARTESIAN_POINT('',(0.,-7.));
#7382 = VECTOR('',#7383,1.);
#7383 = DIRECTION('',(1.,0.));
#7384 = ( GEOMETRIC_REPRESENTATION_CONTEXT(2) 
PARAMETRIC_REPRESENTATION_CONTEXT() REPRESENTATION_CONTEXT('2D SPACE',''
  ) );
#7385 = ORIENTED_EDGE('',*,*,#7386,.F.);
#7386 = EDGE_CURVE('',#7387,#7364,#7389,.T.);
#7387 = VERTEX_POINT('',#7388);
#7388 = CARTESIAN_POINT('',(15.859107056986,9.718473303716,7.));
#7389 = SURFACE_CURVE('',#7390,(#7394,#7401),.PCURVE_S1.);
#7390 = LINE('',#7391,#7392);
#7391 = CARTESIAN_POINT('',(17.445017762685,10.690320634088,7.));
#7392 = VECTOR('',#7393,1.);
#7393 = DIRECTION('',(-0.852640164354,-0.522498564716,0.));
#7394 = PCURVE('',#100,#7395);
#7395 = DEFINITIONAL_REPRESENTATION('',(#7396),#7400);
#7396 = LINE('',#7397,#7398);
#7397 = CARTESIAN_POINT('',(17.445017762685,10.690320634088));
#7398 = VECTOR('',#7399,1.);
#7399 = DIRECTION('',(-0.852640164354,-0.522498564716));
#7400 = ( GEOMETRIC_REPRESENTATION_CONTEXT(2) 
PARAMETRIC_REPRESENTATION_CONTEXT() REPRESENTATION_CONTEXT('2D SPACE',''
  ) );
#7401 = PCURVE('',#682,#7402);
#7402 = DEFINITIONAL_REPRESENTATION('',(#7403),#7407);
#7403 = LINE('',#7404,#7405);
#7404 = CARTESIAN_POINT('',(0.,-7.));
#7405 = VECTOR('',#7406,1.);
#7406 = DIRECTION('',(1.,-0.));
#7407 = ( GEOMETRIC_REPRESENTATION_CONTEXT(2) 
PARAMETRIC_REPRESENTATION_CONTEXT() REPRESENTATION_CONTEXT('2D SPACE',''
  ) );
#7408 = ORIENTED_EDGE('',*,*,#7409,.T.);
#7409 = EDGE_CURVE('',#7387,#7410,#7412,.T.);
#7410 = VERTEX_POINT('',#7411);
#7411 = CARTESIAN_POINT('',(15.328747108369,10.535156006802,7.));
#7412 = SURFACE_CURVE('',#7413,(#7418,#7425),.PCURVE_S1.);
#7413 = CIRCLE('',#7414,18.6);
#7414 = AXIS2_PLACEMENT_3D('',#7415,#7416,#7417);
#7415 = CARTESIAN_POINT('',(0.,0.,7.));
#7416 = DIRECTION('',(0.,0.,1.));
#7417 = DIRECTION('',(1.,0.,0.));
#7418 = PCURVE('',#100,#7419);
#7419 = DEFINITIONAL_REPRESENTATION('',(#7420),#7424);
#7420 = CIRCLE('',#7421,18.6);
#7421 = AXIS2_PLACEMENT_2D('',#7422,#7423);
#7422 = CARTESIAN_POINT('',(5.881462935653E-16,7.592810154714E-16));
#7423 = DIRECTION('',(1.,0.));
#7424 = ( GEOMETRIC_REPRESENTATION_CONTEXT(2) 
PARAMETRIC_REPRESENTATION_CONTEXT() REPRESENTATION_CONTEXT('2D SPACE',''
  ) );
#7425 = PCURVE('',#711,#7426);
#7426 = DEFINITIONAL_REPRESENTATION('',(#7427),#7431);
#7427 = LINE('',#7428,#7429);
#7428 = CARTESIAN_POINT('',(-0.,-7.));
#7429 = VECTOR('',#7430,1.);
#7430 = DIRECTION('',(-1.,0.));
#7431 = ( GEOMETRIC_REPRESENTATION_CONTEXT(2) 
PARAMETRIC_REPRESENTATION_CONTEXT() REPRESENTATION_CONTEXT('2D SPACE',''
  ) );
#7432 = ORIENTED_EDGE('',*,*,#7433,.F.);
#7433 = EDGE_CURVE('',#7434,#7410,#7436,.T.);
#7434 = VERTEX_POINT('',#7435);
#7435 = CARTESIAN_POINT('',(13.505367916043,9.281982207606,7.));
#7436 = SURFACE_CURVE('',#7437,(#7441,#7448),.PCURVE_S1.);
#7437 = LINE('',#7438,#7439);
#7438 = CARTESIAN_POINT('',(13.505367916043,9.281982207606,7.));
#7439 = VECTOR('',#7440,1.);
#7440 = DIRECTION('',(0.824126188622,0.566406236925,0.));
#7441 = PCURVE('',#100,#7442);
#7442 = DEFINITIONAL_REPRESENTATION('',(#7443),#7447);
#7443 = LINE('',#7444,#7445);
#7444 = CARTESIAN_POINT('',(13.505367916043,9.281982207606));
#7445 = VECTOR('',#7446,1.);
#7446 = DIRECTION('',(0.824126188622,0.566406236925));
#7447 = ( GEOMETRIC_REPRESENTATION_CONTEXT(2) 
PARAMETRIC_REPRESENTATION_CONTEXT() REPRESENTATION_CONTEXT('2D SPACE',''
  ) );
#7448 = PCURVE('',#739,#7449);
#7449 = DEFINITIONAL_REPRESENTATION('',(#7450),#7454);
#7450 = LINE('',#7451,#7452);
#7451 = CARTESIAN_POINT('',(0.,-7.));
#7452 = VECTOR('',#7453,1.);
#7453 = DIRECTION('',(1.,0.));
#7454 = ( GEOMETRIC_REPRESENTATION_CONTEXT(2) 
PARAMETRIC_REPRESENTATION_CONTEXT() REPRESENTATION_CONTEXT('2D SPACE',''
  ) );
#7455 = ORIENTED_EDGE('',*,*,#7456,.F.);
#7456 = EDGE_CURVE('',#7457,#7434,#7459,.T.);
#7457 = VERTEX_POINT('',#7458);
#7458 = CARTESIAN_POINT('',(13.001077864023,9.97607791788,7.));
#7459 = SURFACE_CURVE('',#7460,(#7464,#7471),.PCURVE_S1.);
#7460 = LINE('',#7461,#7462);
#7461 = CARTESIAN_POINT('',(13.001077864023,9.97607791788,7.));
#7462 = VECTOR('',#7463,1.);
#7463 = DIRECTION('',(0.587785252292,-0.809016994375,0.));
#7464 = PCURVE('',#100,#7465);
#7465 = DEFINITIONAL_REPRESENTATION('',(#7466),#7470);
#7466 = LINE('',#7467,#7468);
#7467 = CARTESIAN_POINT('',(13.001077864023,9.97607791788));
#7468 = VECTOR('',#7469,1.);
#7469 = DIRECTION('',(0.587785252292,-0.809016994375));
#7470 = ( GEOMETRIC_REPRESENTATION_CONTEXT(2) 
PARAMETRIC_REPRESENTATION_CONTEXT() REPRESENTATION_CONTEXT('2D SPACE',''
  ) );
#7471 = PCURVE('',#767,#7472);
#7472 = DEFINITIONAL_REPRESENTATION('',(#7473),#7477);
#7473 = LINE('',#7474,#7475);
#7474 = CARTESIAN_POINT('',(0.,-7.));
#7475 = VECTOR('',#7476,1.);
#7476 = DIRECTION('',(1.,0.));
#7477 = ( GEOMETRIC_REPRESENTATION_CONTEXT(2) 
PARAMETRIC_REPRESENTATION_CONTEXT() REPRESENTATION_CONTEXT('2D SPACE',''
  ) );
#7478 = ORIENTED_EDGE('',*,*,#7479,.F.);
#7479 = EDGE_CURVE('',#7480,#7457,#7482,.T.);
#7480 = VERTEX_POINT('',#7481);
#7481 = CARTESIAN_POINT('',(14.756372129417,11.322962579563,7.));
#7482 = SURFACE_CURVE('',#7483,(#7487,#7494),.PCURVE_S1.);
#7483 = LINE('',#7484,#7485);
#7484 = CARTESIAN_POINT('',(16.232009342359,12.455258837518,7.));
#7485 = VECTOR('',#7486,1.);
#7486 = DIRECTION('',(-0.793353340291,-0.608761429009,0.));
#7487 = PCURVE('',#100,#7488);
#7488 = DEFINITIONAL_REPRESENTATION('',(#7489),#7493);
#7489 = LINE('',#7490,#7491);
#7490 = CARTESIAN_POINT('',(16.232009342359,12.455258837518));
#7491 = VECTOR('',#7492,1.);
#7492 = DIRECTION('',(-0.793353340291,-0.608761429009));
#7493 = ( GEOMETRIC_REPRESENTATION_CONTEXT(2) 
PARAMETRIC_REPRESENTATION_CONTEXT() REPRESENTATION_CONTEXT('2D SPACE',''
  ) );
#7494 = PCURVE('',#795,#7495);
#7495 = DEFINITIONAL_REPRESENTATION('',(#7496),#7500);
#7496 = LINE('',#7497,#7498);
#7497 = CARTESIAN_POINT('',(0.,-7.));
#7498 = VECTOR('',#7499,1.);
#7499 = DIRECTION('',(1.,-0.));
#7500 = ( GEOMETRIC_REPRESENTATION_CONTEXT(2) 
PARAMETRIC_REPRESENTATION_CONTEXT() REPRESENTATION_CONTEXT('2D SPACE',''
  ) );
#7501 = ORIENTED_EDGE('',*,*,#7502,.T.);
#7502 = EDGE_CURVE('',#7480,#7503,#7505,.T.);
#7503 = VERTEX_POINT('',#7504);
#7504 = CARTESIAN_POINT('',(14.14355096016,12.079733698942,7.));
#7505 = SURFACE_CURVE('',#7506,(#7511,#7518),.PCURVE_S1.);
#7506 = CIRCLE('',#7507,18.6);
#7507 = AXIS2_PLACEMENT_3D('',#7508,#7509,#7510);
#7508 = CARTESIAN_POINT('',(0.,0.,7.));
#7509 = DIRECTION('',(0.,0.,1.));
#7510 = DIRECTION('',(1.,0.,0.));
#7511 = PCURVE('',#100,#7512);
#7512 = DEFINITIONAL_REPRESENTATION('',(#7513),#7517);
#7513 = CIRCLE('',#7514,18.6);
#7514 = AXIS2_PLACEMENT_2D('',#7515,#7516);
#7515 = CARTESIAN_POINT('',(5.881462935653E-16,7.592810154714E-16));
#7516 = DIRECTION('',(1.,0.));
#7517 = ( GEOMETRIC_REPRESENTATION_CONTEXT(2) 
PARAMETRIC_REPRESENTATION_CONTEXT() REPRESENTATION_CONTEXT('2D SPACE',''
  ) );
#7518 = PCURVE('',#824,#7519);
#7519 = DEFINITIONAL_REPRESENTATION('',(#7520),#7524);
#7520 = LINE('',#7521,#7522);
#7521 = CARTESIAN_POINT('',(-0.,-7.));
#7522 = VECTOR('',#7523,1.);
#7523 = DIRECTION('',(-1.,0.));
#7524 = ( GEOMETRIC_REPRESENTATION_CONTEXT(2) 
PARAMETRIC_REPRESENTATION_CONTEXT() REPRESENTATION_CONTEXT('2D SPACE',''
  ) );
#7525 = ORIENTED_EDGE('',*,*,#7526,.F.);
#7526 = EDGE_CURVE('',#7527,#7503,#7529,.T.);
#7527 = VERTEX_POINT('',#7528);
#7528 = CARTESIAN_POINT('',(12.461152761271,10.642829892011,7.));
#7529 = SURFACE_CURVE('',#7530,(#7534,#7541),.PCURVE_S1.);
#7530 = LINE('',#7531,#7532);
#7531 = CARTESIAN_POINT('',(12.461152761271,10.642829892011,7.));
#7532 = VECTOR('',#7533,1.);
#7533 = DIRECTION('',(0.7604059656,0.64944804833,0.));
#7534 = PCURVE('',#100,#7535);
#7535 = DEFINITIONAL_REPRESENTATION('',(#7536),#7540);
#7536 = LINE('',#7537,#7538);
#7537 = CARTESIAN_POINT('',(12.461152761271,10.642829892011));
#7538 = VECTOR('',#7539,1.);
#7539 = DIRECTION('',(0.7604059656,0.64944804833));
#7540 = ( GEOMETRIC_REPRESENTATION_CONTEXT(2) 
PARAMETRIC_REPRESENTATION_CONTEXT() REPRESENTATION_CONTEXT('2D SPACE',''
  ) );
#7541 = PCURVE('',#852,#7542);
#7542 = DEFINITIONAL_REPRESENTATION('',(#7543),#7547);
#7543 = LINE('',#7544,#7545);
#7544 = CARTESIAN_POINT('',(0.,-7.));
#7545 = VECTOR('',#7546,1.);
#7546 = DIRECTION('',(1.,0.));
#7547 = ( GEOMETRIC_REPRESENTATION_CONTEXT(2) 
PARAMETRIC_REPRESENTATION_CONTEXT() REPRESENTATION_CONTEXT('2D SPACE',''
  ) );
#7548 = ORIENTED_EDGE('',*,*,#7549,.F.);
#7549 = EDGE_CURVE('',#7550,#7527,#7552,.T.);
#7550 = VERTEX_POINT('',#7551);
#7551 = CARTESIAN_POINT('',(11.887072504964,11.280410609181,7.));
#7552 = SURFACE_CURVE('',#7553,(#7557,#7564),.PCURVE_S1.);
#7553 = LINE('',#7554,#7555);
#7554 = CARTESIAN_POINT('',(11.887072504964,11.280410609181,7.));
#7555 = VECTOR('',#7556,1.);
#7556 = DIRECTION('',(0.669130606359,-0.743144825477,0.));
#7557 = PCURVE('',#100,#7558);
#7558 = DEFINITIONAL_REPRESENTATION('',(#7559),#7563);
#7559 = LINE('',#7560,#7561);
#7560 = CARTESIAN_POINT('',(11.887072504964,11.280410609181));
#7561 = VECTOR('',#7562,1.);
#7562 = DIRECTION('',(0.669130606359,-0.743144825477));
#7563 = ( GEOMETRIC_REPRESENTATION_CONTEXT(2) 
PARAMETRIC_REPRESENTATION_CONTEXT() REPRESENTATION_CONTEXT('2D SPACE',''
  ) );
#7564 = PCURVE('',#880,#7565);
#7565 = DEFINITIONAL_REPRESENTATION('',(#7566),#7570);
#7566 = LINE('',#7567,#7568);
#7567 = CARTESIAN_POINT('',(0.,-7.));
#7568 = VECTOR('',#7569,1.);
#7569 = DIRECTION('',(1.,0.));
#7570 = ( GEOMETRIC_REPRESENTATION_CONTEXT(2) 
PARAMETRIC_REPRESENTATION_CONTEXT() REPRESENTATION_CONTEXT('2D SPACE',''
  ) );
#7571 = ORIENTED_EDGE('',*,*,#7572,.F.);
#7572 = EDGE_CURVE('',#7573,#7550,#7575,.T.);
#7573 = VERTEX_POINT('',#7574);
#7574 = CARTESIAN_POINT('',(13.491963300828,12.803395107904,7.));
#7575 = SURFACE_CURVE('',#7576,(#7580,#7587),.PCURVE_S1.);
#7576 = LINE('',#7577,#7578);
#7577 = CARTESIAN_POINT('',(14.841159630911,14.083734618694,7.));
#7578 = VECTOR('',#7579,1.);
#7579 = DIRECTION('',(-0.725374371012,-0.688354575694,0.));
#7580 = PCURVE('',#100,#7581);
#7581 = DEFINITIONAL_REPRESENTATION('',(#7582),#7586);
#7582 = LINE('',#7583,#7584);
#7583 = CARTESIAN_POINT('',(14.841159630911,14.083734618694));
#7584 = VECTOR('',#7585,1.);
#7585 = DIRECTION('',(-0.725374371012,-0.688354575694));
#7586 = ( GEOMETRIC_REPRESENTATION_CONTEXT(2) 
PARAMETRIC_REPRESENTATION_CONTEXT() REPRESENTATION_CONTEXT('2D SPACE',''
  ) );
#7587 = PCURVE('',#908,#7588);
#7588 = DEFINITIONAL_REPRESENTATION('',(#7589),#7593);
#7589 = LINE('',#7590,#7591);
#7590 = CARTESIAN_POINT('',(0.,-7.));
#7591 = VECTOR('',#7592,1.);
#7592 = DIRECTION('',(1.,-0.));
#7593 = ( GEOMETRIC_REPRESENTATION_CONTEXT(2) 
PARAMETRIC_REPRESENTATION_CONTEXT() REPRESENTATION_CONTEXT('2D SPACE',''
  ) );
#7594 = ORIENTED_EDGE('',*,*,#7595,.T.);
#7595 = EDGE_CURVE('',#7573,#7596,#7598,.T.);
#7596 = VERTEX_POINT('',#7597);
#7597 = CARTESIAN_POINT('',(12.803395107904,13.491963300828,7.));
#7598 = SURFACE_CURVE('',#7599,(#7604,#7611),.PCURVE_S1.);
#7599 = CIRCLE('',#7600,18.6);
#7600 = AXIS2_PLACEMENT_3D('',#7601,#7602,#7603);
#7601 = CARTESIAN_POINT('',(0.,0.,7.));
#7602 = DIRECTION('',(0.,0.,1.));
#7603 = DIRECTION('',(1.,0.,0.));
#7604 = PCURVE('',#100,#7605);
#7605 = DEFINITIONAL_REPRESENTATION('',(#7606),#7610);
#7606 = CIRCLE('',#7607,18.6);
#7607 = AXIS2_PLACEMENT_2D('',#7608,#7609);
#7608 = CARTESIAN_POINT('',(5.881462935653E-16,7.592810154714E-16));
#7609 = DIRECTION('',(1.,0.));
#7610 = ( GEOMETRIC_REPRESENTATION_CONTEXT(2) 
PARAMETRIC_REPRESENTATION_CONTEXT() REPRESENTATION_CONTEXT('2D SPACE',''
  ) );
#7611 = PCURVE('',#937,#7612);
#7612 = DEFINITIONAL_REPRESENTATION('',(#7613),#7617);
#7613 = LINE('',#7614,#7615);
#7614 = CARTESIAN_POINT('',(-0.,-7.));
#7615 = VECTOR('',#7616,1.);
#7616 = DIRECTION('',(-1.,0.));
#7617 = ( GEOMETRIC_REPRESENTATION_CONTEXT(2) 
PARAMETRIC_REPRESENTATION_CONTEXT() REPRESENTATION_CONTEXT('2D SPACE',''
  ) );
#7618 = ORIENTED_EDGE('',*,*,#7619,.F.);
#7619 = EDGE_CURVE('',#7620,#7596,#7622,.T.);
#7620 = VERTEX_POINT('',#7621);
#7621 = CARTESIAN_POINT('',(11.280410609181,11.887072504964,7.));
#7622 = SURFACE_CURVE('',#7623,(#7627,#7634),.PCURVE_S1.);
#7623 = LINE('',#7624,#7625);
#7624 = CARTESIAN_POINT('',(11.280410609181,11.887072504964,7.));
#7625 = VECTOR('',#7626,1.);
#7626 = DIRECTION('',(0.688354575694,0.725374371012,0.));
#7627 = PCURVE('',#100,#7628);
#7628 = DEFINITIONAL_REPRESENTATION('',(#7629),#7633);
#7629 = LINE('',#7630,#7631);
#7630 = CARTESIAN_POINT('',(11.280410609181,11.887072504964));
#7631 = VECTOR('',#7632,1.);
#7632 = DIRECTION('',(0.688354575694,0.725374371012));
#7633 = ( GEOMETRIC_REPRESENTATION_CONTEXT(2) 
PARAMETRIC_REPRESENTATION_CONTEXT() REPRESENTATION_CONTEXT('2D SPACE',''
  ) );
#7634 = PCURVE('',#965,#7635);
#7635 = DEFINITIONAL_REPRESENTATION('',(#7636),#7640);
#7636 = LINE('',#7637,#7638);
#7637 = CARTESIAN_POINT('',(0.,-7.));
#7638 = VECTOR('',#7639,1.);
#7639 = DIRECTION('',(1.,0.));
#7640 = ( GEOMETRIC_REPRESENTATION_CONTEXT(2) 
PARAMETRIC_REPRESENTATION_CONTEXT() REPRESENTATION_CONTEXT('2D SPACE',''
  ) );
#7641 = ORIENTED_EDGE('',*,*,#7642,.F.);
#7642 = EDGE_CURVE('',#7643,#7620,#7645,.T.);
#7643 = VERTEX_POINT('',#7644);
#7644 = CARTESIAN_POINT('',(10.642829892011,12.461152761271,7.));
#7645 = SURFACE_CURVE('',#7646,(#7650,#7657),.PCURVE_S1.);
#7646 = LINE('',#7647,#7648);
#7647 = CARTESIAN_POINT('',(10.642829892011,12.461152761271,7.));
#7648 = VECTOR('',#7649,1.);
#7649 = DIRECTION('',(0.743144825477,-0.669130606359,0.));
#7650 = PCURVE('',#100,#7651);
#7651 = DEFINITIONAL_REPRESENTATION('',(#7652),#7656);
#7652 = LINE('',#7653,#7654);
#7653 = CARTESIAN_POINT('',(10.642829892011,12.461152761271));
#7654 = VECTOR('',#7655,1.);
#7655 = DIRECTION('',(0.743144825477,-0.669130606359));
#7656 = ( GEOMETRIC_REPRESENTATION_CONTEXT(2) 
PARAMETRIC_REPRESENTATION_CONTEXT() REPRESENTATION_CONTEXT('2D SPACE',''
  ) );
#7657 = PCURVE('',#993,#7658);
#7658 = DEFINITIONAL_REPRESENTATION('',(#7659),#7663);
#7659 = LINE('',#7660,#7661);
#7660 = CARTESIAN_POINT('',(0.,-7.));
#7661 = VECTOR('',#7662,1.);
#7662 = DIRECTION('',(1.,0.));
#7663 = ( GEOMETRIC_REPRESENTATION_CONTEXT(2) 
PARAMETRIC_REPRESENTATION_CONTEXT() REPRESENTATION_CONTEXT('2D SPACE',''
  ) );
#7664 = ORIENTED_EDGE('',*,*,#7665,.F.);
#7665 = EDGE_CURVE('',#7666,#7643,#7668,.T.);
#7666 = VERTEX_POINT('',#7667);
#7667 = CARTESIAN_POINT('',(12.079733698941,14.143550960161,7.));
#7668 = SURFACE_CURVE('',#7669,(#7673,#7680),.PCURVE_S1.);
#7669 = LINE('',#7670,#7671);
#7670 = CARTESIAN_POINT('',(13.287707068836,15.557906056177,7.));
#7671 = VECTOR('',#7672,1.);
#7672 = DIRECTION('',(-0.64944804833,-0.7604059656,0.));
#7673 = PCURVE('',#100,#7674);
#7674 = DEFINITIONAL_REPRESENTATION('',(#7675),#7679);
#7675 = LINE('',#7676,#7677);
#7676 = CARTESIAN_POINT('',(13.287707068836,15.557906056177));
#7677 = VECTOR('',#7678,1.);
#7678 = DIRECTION('',(-0.64944804833,-0.7604059656));
#7679 = ( GEOMETRIC_REPRESENTATION_CONTEXT(2) 
PARAMETRIC_REPRESENTATION_CONTEXT() REPRESENTATION_CONTEXT('2D SPACE',''
  ) );
#7680 = PCURVE('',#1021,#7681);
#7681 = DEFINITIONAL_REPRESENTATION('',(#7682),#7686);
#7682 = LINE('',#7683,#7684);
#7683 = CARTESIAN_POINT('',(0.,-7.));
#7684 = VECTOR('',#7685,1.);
#7685 = DIRECTION('',(1.,-0.));
#7686 = ( GEOMETRIC_REPRESENTATION_CONTEXT(2) 
PARAMETRIC_REPRESENTATION_CONTEXT() REPRESENTATION_CONTEXT('2D SPACE',''
  ) );
#7687 = ORIENTED_EDGE('',*,*,#7688,.T.);
#7688 = EDGE_CURVE('',#7666,#7689,#7691,.T.);
#7689 = VERTEX_POINT('',#7690);
#7690 = CARTESIAN_POINT('',(11.322962579562,14.756372129417,7.));
#7691 = SURFACE_CURVE('',#7692,(#7697,#7704),.PCURVE_S1.);
#7692 = CIRCLE('',#7693,18.6);
#7693 = AXIS2_PLACEMENT_3D('',#7694,#7695,#7696);
#7694 = CARTESIAN_POINT('',(0.,0.,7.));
#7695 = DIRECTION('',(0.,0.,1.));
#7696 = DIRECTION('',(1.,0.,0.));
#7697 = PCURVE('',#100,#7698);
#7698 = DEFINITIONAL_REPRESENTATION('',(#7699),#7703);
#7699 = CIRCLE('',#7700,18.6);
#7700 = AXIS2_PLACEMENT_2D('',#7701,#7702);
#7701 = CARTESIAN_POINT('',(5.881462935653E-16,7.592810154714E-16));
#7702 = DIRECTION('',(1.,0.));
#7703 = ( GEOMETRIC_REPRESENTATION_CONTEXT(2) 
PARAMETRIC_REPRESENTATION_CONTEXT() REPRESENTATION_CONTEXT('2D SPACE',''
  ) );
#7704 = PCURVE('',#1050,#7705);
#7705 = DEFINITIONAL_REPRESENTATION('',(#7706),#7710);
#7706 = LINE('',#7707,#7708);
#7707 = CARTESIAN_POINT('',(-0.,-7.));
#7708 = VECTOR('',#7709,1.);
#7709 = DIRECTION('',(-1.,0.));
#7710 = ( GEOMETRIC_REPRESENTATION_CONTEXT(2) 
PARAMETRIC_REPRESENTATION_CONTEXT() REPRESENTATION_CONTEXT('2D SPACE',''
  ) );
#7711 = ORIENTED_EDGE('',*,*,#7712,.F.);
#7712 = EDGE_CURVE('',#7713,#7689,#7715,.T.);
#7713 = VERTEX_POINT('',#7714);
#7714 = CARTESIAN_POINT('',(9.97607791788,13.001077864023,7.));
#7715 = SURFACE_CURVE('',#7716,(#7720,#7727),.PCURVE_S1.);
#7716 = LINE('',#7717,#7718);
#7717 = CARTESIAN_POINT('',(9.97607791788,13.001077864023,7.));
#7718 = VECTOR('',#7719,1.);
#7719 = DIRECTION('',(0.608761429009,0.793353340291,0.));
#7720 = PCURVE('',#100,#7721);
#7721 = DEFINITIONAL_REPRESENTATION('',(#7722),#7726);
#7722 = LINE('',#7723,#7724);
#7723 = CARTESIAN_POINT('',(9.97607791788,13.001077864023));
#7724 = VECTOR('',#7725,1.);
#7725 = DIRECTION('',(0.608761429009,0.793353340291));
#7726 = ( GEOMETRIC_REPRESENTATION_CONTEXT(2) 
PARAMETRIC_REPRESENTATION_CONTEXT() REPRESENTATION_CONTEXT('2D SPACE',''
  ) );
#7727 = PCURVE('',#1078,#7728);
#7728 = DEFINITIONAL_REPRESENTATION('',(#7729),#7733);
#7729 = LINE('',#7730,#7731);
#7730 = CARTESIAN_POINT('',(0.,-7.));
#7731 = VECTOR('',#7732,1.);
#7732 = DIRECTION('',(1.,0.));
#7733 = ( GEOMETRIC_REPRESENTATION_CONTEXT(2) 
PARAMETRIC_REPRESENTATION_CONTEXT() REPRESENTATION_CONTEXT('2D SPACE',''
  ) );
#7734 = ORIENTED_EDGE('',*,*,#7735,.F.);
#7735 = EDGE_CURVE('',#7736,#7713,#7738,.T.);
#7736 = VERTEX_POINT('',#7737);
#7737 = CARTESIAN_POINT('',(9.281982207606,13.505367916043,7.));
#7738 = SURFACE_CURVE('',#7739,(#7743,#7750),.PCURVE_S1.);
#7739 = LINE('',#7740,#7741);
#7740 = CARTESIAN_POINT('',(9.281982207606,13.505367916043,7.));
#7741 = VECTOR('',#7742,1.);
#7742 = DIRECTION('',(0.809016994375,-0.587785252292,0.));
#7743 = PCURVE('',#100,#7744);
#7744 = DEFINITIONAL_REPRESENTATION('',(#7745),#7749);
#7745 = LINE('',#7746,#7747);
#7746 = CARTESIAN_POINT('',(9.281982207606,13.505367916043));
#7747 = VECTOR('',#7748,1.);
#7748 = DIRECTION('',(0.809016994375,-0.587785252292));
#7749 = ( GEOMETRIC_REPRESENTATION_CONTEXT(2) 
PARAMETRIC_REPRESENTATION_CONTEXT() REPRESENTATION_CONTEXT('2D SPACE',''
  ) );
#7750 = PCURVE('',#1106,#7751);
#7751 = DEFINITIONAL_REPRESENTATION('',(#7752),#7756);
#7752 = LINE('',#7753,#7754);
#7753 = CARTESIAN_POINT('',(0.,-7.));
#7754 = VECTOR('',#7755,1.);
#7755 = DIRECTION('',(1.,0.));
#7756 = ( GEOMETRIC_REPRESENTATION_CONTEXT(2) 
PARAMETRIC_REPRESENTATION_CONTEXT() REPRESENTATION_CONTEXT('2D SPACE',''
  ) );
#7757 = ORIENTED_EDGE('',*,*,#7758,.F.);
#7758 = EDGE_CURVE('',#7759,#7736,#7761,.T.);
#7759 = VERTEX_POINT('',#7760);
#7760 = CARTESIAN_POINT('',(10.535156006802,15.32874710837,7.));
#7761 = SURFACE_CURVE('',#7762,(#7766,#7773),.PCURVE_S1.);
#7762 = LINE('',#7763,#7764);
#7763 = CARTESIAN_POINT('',(11.588671607482,16.861621819206,7.));
#7764 = VECTOR('',#7765,1.);
#7765 = DIRECTION('',(-0.566406236925,-0.824126188622,0.));
#7766 = PCURVE('',#100,#7767);
#7767 = DEFINITIONAL_REPRESENTATION('',(#7768),#7772);
#7768 = LINE('',#7769,#7770);
#7769 = CARTESIAN_POINT('',(11.588671607482,16.861621819206));
#7770 = VECTOR('',#7771,1.);
#7771 = DIRECTION('',(-0.566406236925,-0.824126188622));
#7772 = ( GEOMETRIC_REPRESENTATION_CONTEXT(2) 
PARAMETRIC_REPRESENTATION_CONTEXT() REPRESENTATION_CONTEXT('2D SPACE',''
  ) );
#7773 = PCURVE('',#1134,#7774);
#7774 = DEFINITIONAL_REPRESENTATION('',(#7775),#7779);
#7775 = LINE('',#7776,#7777);
#7776 = CARTESIAN_POINT('',(0.,-7.));
#7777 = VECTOR('',#7778,1.);
#7778 = DIRECTION('',(1.,-0.));
#7779 = ( GEOMETRIC_REPRESENTATION_CONTEXT(2) 
PARAMETRIC_REPRESENTATION_CONTEXT() REPRESENTATION_CONTEXT('2D SPACE',''
  ) );
#7780 = ORIENTED_EDGE('',*,*,#7781,.T.);
#7781 = EDGE_CURVE('',#7759,#7782,#7784,.T.);
#7782 = VERTEX_POINT('',#7783);
#7783 = CARTESIAN_POINT('',(9.718473303717,15.859107056986,7.));
#7784 = SURFACE_CURVE('',#7785,(#7790,#7797),.PCURVE_S1.);
#7785 = CIRCLE('',#7786,18.6);
#7786 = AXIS2_PLACEMENT_3D('',#7787,#7788,#7789);
#7787 = CARTESIAN_POINT('',(0.,0.,7.));
#7788 = DIRECTION('',(0.,0.,1.));
#7789 = DIRECTION('',(1.,0.,0.));
#7790 = PCURVE('',#100,#7791);
#7791 = DEFINITIONAL_REPRESENTATION('',(#7792),#7796);
#7792 = CIRCLE('',#7793,18.6);
#7793 = AXIS2_PLACEMENT_2D('',#7794,#7795);
#7794 = CARTESIAN_POINT('',(5.881462935653E-16,7.592810154714E-16));
#7795 = DIRECTION('',(1.,0.));
#7796 = ( GEOMETRIC_REPRESENTATION_CONTEXT(2) 
PARAMETRIC_REPRESENTATION_CONTEXT() REPRESENTATION_CONTEXT('2D SPACE',''
  ) );
#7797 = PCURVE('',#1163,#7798);
#7798 = DEFINITIONAL_REPRESENTATION('',(#7799),#7803);
#7799 = LINE('',#7800,#7801);
#7800 = CARTESIAN_POINT('',(-0.,-7.));
#7801 = VECTOR('',#7802,1.);
#7802 = DIRECTION('',(-1.,0.));
#7803 = ( GEOMETRIC_REPRESENTATION_CONTEXT(2) 
PARAMETRIC_REPRESENTATION_CONTEXT() REPRESENTATION_CONTEXT('2D SPACE',''
  ) );
#7804 = ORIENTED_EDGE('',*,*,#7805,.F.);
#7805 = EDGE_CURVE('',#7806,#7782,#7808,.T.);
#7806 = VERTEX_POINT('',#7807);
#7807 = CARTESIAN_POINT('',(8.562445229283,13.972640693353,7.));
#7808 = SURFACE_CURVE('',#7809,(#7813,#7820),.PCURVE_S1.);
#7809 = LINE('',#7810,#7811);
#7810 = CARTESIAN_POINT('',(8.562445229283,13.972640693353,7.));
#7811 = VECTOR('',#7812,1.);
#7812 = DIRECTION('',(0.522498564716,0.852640164354,0.));
#7813 = PCURVE('',#100,#7814);
#7814 = DEFINITIONAL_REPRESENTATION('',(#7815),#7819);
#7815 = LINE('',#7816,#7817);
#7816 = CARTESIAN_POINT('',(8.562445229283,13.972640693353));
#7817 = VECTOR('',#7818,1.);
#7818 = DIRECTION('',(0.522498564716,0.852640164354));
#7819 = ( GEOMETRIC_REPRESENTATION_CONTEXT(2) 
PARAMETRIC_REPRESENTATION_CONTEXT() REPRESENTATION_CONTEXT('2D SPACE',''
  ) );
#7820 = PCURVE('',#1191,#7821);
#7821 = DEFINITIONAL_REPRESENTATION('',(#7822),#7826);
#7822 = LINE('',#7823,#7824);
#7823 = CARTESIAN_POINT('',(0.,-7.));
#7824 = VECTOR('',#7825,1.);
#7825 = DIRECTION('',(1.,0.));
#7826 = ( GEOMETRIC_REPRESENTATION_CONTEXT(2) 
PARAMETRIC_REPRESENTATION_CONTEXT() REPRESENTATION_CONTEXT('2D SPACE',''
  ) );
#7827 = ORIENTED_EDGE('',*,*,#7828,.F.);
#7828 = EDGE_CURVE('',#7829,#7806,#7831,.T.);
#7829 = VERTEX_POINT('',#7830);
#7830 = CARTESIAN_POINT('',(7.819439183754,14.401615433748,7.));
#7831 = SURFACE_CURVE('',#7832,(#7836,#7843),.PCURVE_S1.);
#7832 = LINE('',#7833,#7834);
#7833 = CARTESIAN_POINT('',(7.819439183754,14.401615433748,7.));
#7834 = VECTOR('',#7835,1.);
#7835 = DIRECTION('',(0.866025403784,-0.5,0.));
#7836 = PCURVE('',#100,#7837);
#7837 = DEFINITIONAL_REPRESENTATION('',(#7838),#7842);
#7838 = LINE('',#7839,#7840);
#7839 = CARTESIAN_POINT('',(7.819439183754,14.401615433748));
#7840 = VECTOR('',#7841,1.);
#7841 = DIRECTION('',(0.866025403784,-0.5));
#7842 = ( GEOMETRIC_REPRESENTATION_CONTEXT(2) 
PARAMETRIC_REPRESENTATION_CONTEXT() REPRESENTATION_CONTEXT('2D SPACE',''
  ) );
#7843 = PCURVE('',#1219,#7844);
#7844 = DEFINITIONAL_REPRESENTATION('',(#7845),#7849);
#7845 = LINE('',#7846,#7847);
#7846 = CARTESIAN_POINT('',(0.,-7.));
#7847 = VECTOR('',#7848,1.);
#7848 = DIRECTION('',(1.,0.));
#7849 = ( GEOMETRIC_REPRESENTATION_CONTEXT(2) 
PARAMETRIC_REPRESENTATION_CONTEXT() REPRESENTATION_CONTEXT('2D SPACE',''
  ) );
#7850 = ORIENTED_EDGE('',*,*,#7851,.F.);
#7851 = EDGE_CURVE('',#7852,#7829,#7854,.T.);
#7852 = VERTEX_POINT('',#7853);
#7853 = CARTESIAN_POINT('',(8.875152940829,16.345998295513,7.));
#7854 = SURFACE_CURVE('',#7855,(#7859,#7866),.PCURVE_S1.);
#7855 = LINE('',#7856,#7857);
#7856 = CARTESIAN_POINT('',(9.762668234912,17.980598125064,7.));
#7857 = VECTOR('',#7858,1.);
#7858 = DIRECTION('',(-0.47715876026,-0.878817112662,0.));
#7859 = PCURVE('',#100,#7860);
#7860 = DEFINITIONAL_REPRESENTATION('',(#7861),#7865);
#7861 = LINE('',#7862,#7863);
#7862 = CARTESIAN_POINT('',(9.762668234912,17.980598125064));
#7863 = VECTOR('',#7864,1.);
#7864 = DIRECTION('',(-0.47715876026,-0.878817112662));
#7865 = ( GEOMETRIC_REPRESENTATION_CONTEXT(2) 
PARAMETRIC_REPRESENTATION_CONTEXT() REPRESENTATION_CONTEXT('2D SPACE',''
  ) );
#7866 = PCURVE('',#1247,#7867);
#7867 = DEFINITIONAL_REPRESENTATION('',(#7868),#7872);
#7868 = LINE('',#7869,#7870);
#7869 = CARTESIAN_POINT('',(0.,-7.));
#7870 = VECTOR('',#7871,1.);
#7871 = DIRECTION('',(1.,-0.));
#7872 = ( GEOMETRIC_REPRESENTATION_CONTEXT(2) 
PARAMETRIC_REPRESENTATION_CONTEXT() REPRESENTATION_CONTEXT('2D SPACE',''
  ) );
#7873 = ORIENTED_EDGE('',*,*,#7874,.T.);
#7874 = EDGE_CURVE('',#7852,#7875,#7877,.T.);
#7875 = VERTEX_POINT('',#7876);
#7876 = CARTESIAN_POINT('',(8.007506400634,16.788086288908,7.));
#7877 = SURFACE_CURVE('',#7878,(#7883,#7890),.PCURVE_S1.);
#7878 = CIRCLE('',#7879,18.6);
#7879 = AXIS2_PLACEMENT_3D('',#7880,#7881,#7882);
#7880 = CARTESIAN_POINT('',(0.,0.,7.));
#7881 = DIRECTION('',(0.,0.,1.));
#7882 = DIRECTION('',(1.,0.,0.));
#7883 = PCURVE('',#100,#7884);
#7884 = DEFINITIONAL_REPRESENTATION('',(#7885),#7889);
#7885 = CIRCLE('',#7886,18.6);
#7886 = AXIS2_PLACEMENT_2D('',#7887,#7888);
#7887 = CARTESIAN_POINT('',(5.881462935653E-16,7.592810154714E-16));
#7888 = DIRECTION('',(1.,0.));
#7889 = ( GEOMETRIC_REPRESENTATION_CONTEXT(2) 
PARAMETRIC_REPRESENTATION_CONTEXT() REPRESENTATION_CONTEXT('2D SPACE',''
  ) );
#7890 = PCURVE('',#1276,#7891);
#7891 = DEFINITIONAL_REPRESENTATION('',(#7892),#7896);
#7892 = LINE('',#7893,#7894);
#7893 = CARTESIAN_POINT('',(-0.,-7.));
#7894 = VECTOR('',#7895,1.);
#7895 = DIRECTION('',(-1.,0.));
#7896 = ( GEOMETRIC_REPRESENTATION_CONTEXT(2) 
PARAMETRIC_REPRESENTATION_CONTEXT() REPRESENTATION_CONTEXT('2D SPACE',''
  ) );
#7897 = ORIENTED_EDGE('',*,*,#7898,.F.);
#7898 = EDGE_CURVE('',#7899,#7875,#7901,.T.);
#7899 = VERTEX_POINT('',#7900);
#7900 = CARTESIAN_POINT('',(7.055000598946,14.791116347283,7.));
#7901 = SURFACE_CURVE('',#7902,(#7906,#7913),.PCURVE_S1.);
#7902 = LINE('',#7903,#7904);
#7903 = CARTESIAN_POINT('',(7.055000598946,14.791116347283,7.));
#7904 = VECTOR('',#7905,1.);
#7905 = DIRECTION('',(0.430511096808,0.90258528435,0.));
#7906 = PCURVE('',#100,#7907);
#7907 = DEFINITIONAL_REPRESENTATION('',(#7908),#7912);
#7908 = LINE('',#7909,#7910);
#7909 = CARTESIAN_POINT('',(7.055000598946,14.791116347283));
#7910 = VECTOR('',#7911,1.);
#7911 = DIRECTION('',(0.430511096808,0.90258528435));
#7912 = ( GEOMETRIC_REPRESENTATION_CONTEXT(2) 
PARAMETRIC_REPRESENTATION_CONTEXT() REPRESENTATION_CONTEXT('2D SPACE',''
  ) );
#7913 = PCURVE('',#1304,#7914);
#7914 = DEFINITIONAL_REPRESENTATION('',(#7915),#7919);
#7915 = LINE('',#7916,#7917);
#7916 = CARTESIAN_POINT('',(0.,-7.));
#7917 = VECTOR('',#7918,1.);
#7918 = DIRECTION('',(1.,0.));
#7919 = ( GEOMETRIC_REPRESENTATION_CONTEXT(2) 
PARAMETRIC_REPRESENTATION_CONTEXT() REPRESENTATION_CONTEXT('2D SPACE',''
  ) );
#7920 = ORIENTED_EDGE('',*,*,#7921,.F.);
#7921 = EDGE_CURVE('',#7922,#7899,#7924,.T.);
#7922 = VERTEX_POINT('',#7923);
#7923 = CARTESIAN_POINT('',(6.271224747883,15.140075839029,7.));
#7924 = SURFACE_CURVE('',#7925,(#7929,#7936),.PCURVE_S1.);
#7925 = LINE('',#7926,#7927);
#7926 = CARTESIAN_POINT('',(6.271224747883,15.140075839029,7.));
#7927 = VECTOR('',#7928,1.);
#7928 = DIRECTION('',(0.913545457643,-0.406736643076,0.));
#7929 = PCURVE('',#100,#7930);
#7930 = DEFINITIONAL_REPRESENTATION('',(#7931),#7935);
#7931 = LINE('',#7932,#7933);
#7932 = CARTESIAN_POINT('',(6.271224747883,15.140075839029));
#7933 = VECTOR('',#7934,1.);
#7934 = DIRECTION('',(0.913545457643,-0.406736643076));
#7935 = ( GEOMETRIC_REPRESENTATION_CONTEXT(2) 
PARAMETRIC_REPRESENTATION_CONTEXT() REPRESENTATION_CONTEXT('2D SPACE',''
  ) );
#7936 = PCURVE('',#1332,#7937);
#7937 = DEFINITIONAL_REPRESENTATION('',(#7938),#7942);
#7938 = LINE('',#7939,#7940);
#7939 = CARTESIAN_POINT('',(0.,-7.));
#7940 = VECTOR('',#7941,1.);
#7941 = DIRECTION('',(1.,0.));
#7942 = ( GEOMETRIC_REPRESENTATION_CONTEXT(2) 
PARAMETRIC_REPRESENTATION_CONTEXT() REPRESENTATION_CONTEXT('2D SPACE',''
  ) );
#7943 = ORIENTED_EDGE('',*,*,#7944,.F.);
#7944 = EDGE_CURVE('',#7945,#7922,#7947,.T.);
#7945 = VERTEX_POINT('',#7946);
#7946 = CARTESIAN_POINT('',(7.11791184199,17.18415930471,7.));
#7947 = SURFACE_CURVE('',#7948,(#7952,#7959),.PCURVE_S1.);
#7948 = LINE('',#7949,#7950);
#7949 = CARTESIAN_POINT('',(7.82970302619,18.902575235181,7.));
#7950 = VECTOR('',#7951,1.);
#7951 = DIRECTION('',(-0.382683432365,-0.923879532511,0.));
#7952 = PCURVE('',#100,#7953);
#7953 = DEFINITIONAL_REPRESENTATION('',(#7954),#7958);
#7954 = LINE('',#7955,#7956);
#7955 = CARTESIAN_POINT('',(7.82970302619,18.902575235181));
#7956 = VECTOR('',#7957,1.);
#7957 = DIRECTION('',(-0.382683432365,-0.923879532511));
#7958 = ( GEOMETRIC_REPRESENTATION_CONTEXT(2) 
PARAMETRIC_REPRESENTATION_CONTEXT() REPRESENTATION_CONTEXT('2D SPACE',''
  ) );
#7959 = PCURVE('',#1360,#7960);
#7960 = DEFINITIONAL_REPRESENTATION('',(#7961),#7965);
#7961 = LINE('',#7962,#7963);
#7962 = CARTESIAN_POINT('',(0.,-7.));
#7963 = VECTOR('',#7964,1.);
#7964 = DIRECTION('',(1.,-0.));
#7965 = ( GEOMETRIC_REPRESENTATION_CONTEXT(2) 
PARAMETRIC_REPRESENTATION_CONTEXT() REPRESENTATION_CONTEXT('2D SPACE',''
  ) );
#7966 = ORIENTED_EDGE('',*,*,#7967,.T.);
#7967 = EDGE_CURVE('',#7945,#7968,#7970,.T.);
#7968 = VERTEX_POINT('',#7969);
#7969 = CARTESIAN_POINT('',(6.208807581749,17.533131734314,7.));
#7970 = SURFACE_CURVE('',#7971,(#7976,#7983),.PCURVE_S1.);
#7971 = CIRCLE('',#7972,18.6);
#7972 = AXIS2_PLACEMENT_3D('',#7973,#7974,#7975);
#7973 = CARTESIAN_POINT('',(0.,0.,7.));
#7974 = DIRECTION('',(0.,0.,1.));
#7975 = DIRECTION('',(1.,0.,0.));
#7976 = PCURVE('',#100,#7977);
#7977 = DEFINITIONAL_REPRESENTATION('',(#7978),#7982);
#7978 = CIRCLE('',#7979,18.6);
#7979 = AXIS2_PLACEMENT_2D('',#7980,#7981);
#7980 = CARTESIAN_POINT('',(5.881462935653E-16,7.592810154714E-16));
#7981 = DIRECTION('',(1.,0.));
#7982 = ( GEOMETRIC_REPRESENTATION_CONTEXT(2) 
PARAMETRIC_REPRESENTATION_CONTEXT() REPRESENTATION_CONTEXT('2D SPACE',''
  ) );
#7983 = PCURVE('',#1389,#7984);
#7984 = DEFINITIONAL_REPRESENTATION('',(#7985),#7989);
#7985 = LINE('',#7986,#7987);
#7986 = CARTESIAN_POINT('',(-0.,-7.));
#7987 = VECTOR('',#7988,1.);
#7988 = DIRECTION('',(-1.,0.));
#7989 = ( GEOMETRIC_REPRESENTATION_CONTEXT(2) 
PARAMETRIC_REPRESENTATION_CONTEXT() REPRESENTATION_CONTEXT('2D SPACE',''
  ) );
#7990 = ORIENTED_EDGE('',*,*,#7991,.F.);
#7991 = EDGE_CURVE('',#7992,#7968,#7994,.T.);
#7992 = VERTEX_POINT('',#7993);
#7993 = CARTESIAN_POINT('',(5.470259905693,15.447537435273,7.));
#7994 = SURFACE_CURVE('',#7995,(#7999,#8006),.PCURVE_S1.);
#7995 = LINE('',#7996,#7997);
#7996 = CARTESIAN_POINT('',(5.470259905693,15.447537435273,7.));
#7997 = VECTOR('',#7998,1.);
#7998 = DIRECTION('',(0.333806859234,0.942641491092,0.));
#7999 = PCURVE('',#100,#8000);
#8000 = DEFINITIONAL_REPRESENTATION('',(#8001),#8005);
#8001 = LINE('',#8002,#8003);
#8002 = CARTESIAN_POINT('',(5.470259905693,15.447537435273));
#8003 = VECTOR('',#8004,1.);
#8004 = DIRECTION('',(0.333806859234,0.942641491092));
#8005 = ( GEOMETRIC_REPRESENTATION_CONTEXT(2) 
PARAMETRIC_REPRESENTATION_CONTEXT() REPRESENTATION_CONTEXT('2D SPACE',''
  ) );
#8006 = PCURVE('',#1417,#8007);
#8007 = DEFINITIONAL_REPRESENTATION('',(#8008),#8012);
#8008 = LINE('',#8009,#8010);
#8009 = CARTESIAN_POINT('',(0.,-7.));
#8010 = VECTOR('',#8011,1.);
#8011 = DIRECTION('',(1.,0.));
#8012 = ( GEOMETRIC_REPRESENTATION_CONTEXT(2) 
PARAMETRIC_REPRESENTATION_CONTEXT() REPRESENTATION_CONTEXT('2D SPACE',''
  ) );
#8013 = ORIENTED_EDGE('',*,*,#8014,.F.);
#8014 = EDGE_CURVE('',#8015,#7992,#8017,.T.);
#8015 = VERTEX_POINT('',#8016);
#8016 = CARTESIAN_POINT('',(4.654301461336,15.712658405153,7.));
#8017 = SURFACE_CURVE('',#8018,(#8022,#8029),.PCURVE_S1.);
#8018 = LINE('',#8019,#8020);
#8019 = CARTESIAN_POINT('',(4.654301461336,15.712658405153,7.));
#8020 = VECTOR('',#8021,1.);
#8021 = DIRECTION('',(0.951056516295,-0.309016994375,0.));
#8022 = PCURVE('',#100,#8023);
#8023 = DEFINITIONAL_REPRESENTATION('',(#8024),#8028);
#8024 = LINE('',#8025,#8026);
#8025 = CARTESIAN_POINT('',(4.654301461336,15.712658405153));
#8026 = VECTOR('',#8027,1.);
#8027 = DIRECTION('',(0.951056516295,-0.309016994375));
#8028 = ( GEOMETRIC_REPRESENTATION_CONTEXT(2) 
PARAMETRIC_REPRESENTATION_CONTEXT() REPRESENTATION_CONTEXT('2D SPACE',''
  ) );
#8029 = PCURVE('',#1445,#8030);
#8030 = DEFINITIONAL_REPRESENTATION('',(#8031),#8035);
#8031 = LINE('',#8032,#8033);
#8032 = CARTESIAN_POINT('',(0.,-7.));
#8033 = VECTOR('',#8034,1.);
#8034 = DIRECTION('',(1.,0.));
#8035 = ( GEOMETRIC_REPRESENTATION_CONTEXT(2) 
PARAMETRIC_REPRESENTATION_CONTEXT() REPRESENTATION_CONTEXT('2D SPACE',''
  ) );
#8036 = ORIENTED_EDGE('',*,*,#8037,.F.);
#8037 = EDGE_CURVE('',#8038,#8015,#8040,.T.);
#8038 = VERTEX_POINT('',#8039);
#8039 = CARTESIAN_POINT('',(5.282685411493,17.834047068548,7.));
#8040 = SURFACE_CURVE('',#8041,(#8045,#8052),.PCURVE_S1.);
#8041 = LINE('',#8042,#8043);
#8042 = CARTESIAN_POINT('',(5.810953952642,19.617451775403,7.));
#8043 = VECTOR('',#8044,1.);
#8044 = DIRECTION('',(-0.284015344704,-0.958819734868,0.));
#8045 = PCURVE('',#100,#8046);
#8046 = DEFINITIONAL_REPRESENTATION('',(#8047),#8051);
#8047 = LINE('',#8048,#8049);
#8048 = CARTESIAN_POINT('',(5.810953952642,19.617451775403));
#8049 = VECTOR('',#8050,1.);
#8050 = DIRECTION('',(-0.284015344704,-0.958819734868));
#8051 = ( GEOMETRIC_REPRESENTATION_CONTEXT(2) 
PARAMETRIC_REPRESENTATION_CONTEXT() REPRESENTATION_CONTEXT('2D SPACE',''
  ) );
#8052 = PCURVE('',#1473,#8053);
#8053 = DEFINITIONAL_REPRESENTATION('',(#8054),#8058);
#8054 = LINE('',#8055,#8056);
#8055 = CARTESIAN_POINT('',(0.,-7.));
#8056 = VECTOR('',#8057,1.);
#8057 = DIRECTION('',(1.,-0.));
#8058 = ( GEOMETRIC_REPRESENTATION_CONTEXT(2) 
PARAMETRIC_REPRESENTATION_CONTEXT() REPRESENTATION_CONTEXT('2D SPACE',''
  ) );
#8059 = ORIENTED_EDGE('',*,*,#8060,.T.);
#8060 = EDGE_CURVE('',#8038,#8061,#8063,.T.);
#8061 = VERTEX_POINT('',#8062);
#8062 = CARTESIAN_POINT('',(4.34208376772,18.086080519397,7.));
#8063 = SURFACE_CURVE('',#8064,(#8069,#8076),.PCURVE_S1.);
#8064 = CIRCLE('',#8065,18.6);
#8065 = AXIS2_PLACEMENT_3D('',#8066,#8067,#8068);
#8066 = CARTESIAN_POINT('',(0.,0.,7.));
#8067 = DIRECTION('',(0.,0.,1.));
#8068 = DIRECTION('',(1.,0.,0.));
#8069 = PCURVE('',#100,#8070);
#8070 = DEFINITIONAL_REPRESENTATION('',(#8071),#8075);
#8071 = CIRCLE('',#8072,18.6);
#8072 = AXIS2_PLACEMENT_2D('',#8073,#8074);
#8073 = CARTESIAN_POINT('',(5.881462935653E-16,7.592810154714E-16));
#8074 = DIRECTION('',(1.,0.));
#8075 = ( GEOMETRIC_REPRESENTATION_CONTEXT(2) 
PARAMETRIC_REPRESENTATION_CONTEXT() REPRESENTATION_CONTEXT('2D SPACE',''
  ) );
#8076 = PCURVE('',#1502,#8077);
#8077 = DEFINITIONAL_REPRESENTATION('',(#8078),#8082);
#8078 = LINE('',#8079,#8080);
#8079 = CARTESIAN_POINT('',(-0.,-7.));
#8080 = VECTOR('',#8081,1.);
#8081 = DIRECTION('',(-1.,0.));
#8082 = ( GEOMETRIC_REPRESENTATION_CONTEXT(2) 
PARAMETRIC_REPRESENTATION_CONTEXT() REPRESENTATION_CONTEXT('2D SPACE',''
  ) );
#8083 = ORIENTED_EDGE('',*,*,#8084,.F.);
#8084 = EDGE_CURVE('',#8085,#8061,#8087,.T.);
#8085 = VERTEX_POINT('',#8086);
#8086 = CARTESIAN_POINT('',(3.825585900189,15.934712070517,7.));
#8087 = SURFACE_CURVE('',#8088,(#8092,#8099),.PCURVE_S1.);
#8088 = LINE('',#8089,#8090);
#8089 = CARTESIAN_POINT('',(3.825585900189,15.934712070517,7.));
#8090 = VECTOR('',#8091,1.);
#8091 = DIRECTION('',(0.233445363856,0.972369920398,0.));
#8092 = PCURVE('',#100,#8093);
#8093 = DEFINITIONAL_REPRESENTATION('',(#8094),#8098);
#8094 = LINE('',#8095,#8096);
#8095 = CARTESIAN_POINT('',(3.825585900189,15.934712070517));
#8096 = VECTOR('',#8097,1.);
#8097 = DIRECTION('',(0.233445363856,0.972369920398));
#8098 = ( GEOMETRIC_REPRESENTATION_CONTEXT(2) 
PARAMETRIC_REPRESENTATION_CONTEXT() REPRESENTATION_CONTEXT('2D SPACE',''
  ) );
#8099 = PCURVE('',#1530,#8100);
#8100 = DEFINITIONAL_REPRESENTATION('',(#8101),#8105);
#8101 = LINE('',#8102,#8103);
#8102 = CARTESIAN_POINT('',(0.,-7.));
#8103 = VECTOR('',#8104,1.);
#8104 = DIRECTION('',(1.,0.));
#8105 = ( GEOMETRIC_REPRESENTATION_CONTEXT(2) 
PARAMETRIC_REPRESENTATION_CONTEXT() REPRESENTATION_CONTEXT('2D SPACE',''
  ) );
#8106 = ORIENTED_EDGE('',*,*,#8107,.F.);
#8107 = EDGE_CURVE('',#8108,#8085,#8110,.T.);
#8108 = VERTEX_POINT('',#8109);
#8109 = CARTESIAN_POINT('',(2.986384674003,16.113089797704,7.));
#8110 = SURFACE_CURVE('',#8111,(#8115,#8122),.PCURVE_S1.);
#8111 = LINE('',#8112,#8113);
#8112 = CARTESIAN_POINT('',(2.986384674003,16.113089797704,7.));
#8113 = VECTOR('',#8114,1.);
#8114 = DIRECTION('',(0.978147600734,-0.207911690818,0.));
#8115 = PCURVE('',#100,#8116);
#8116 = DEFINITIONAL_REPRESENTATION('',(#8117),#8121);
#8117 = LINE('',#8118,#8119);
#8118 = CARTESIAN_POINT('',(2.986384674003,16.113089797704));
#8119 = VECTOR('',#8120,1.);
#8120 = DIRECTION('',(0.978147600734,-0.207911690818));
#8121 = ( GEOMETRIC_REPRESENTATION_CONTEXT(2) 
PARAMETRIC_REPRESENTATION_CONTEXT() REPRESENTATION_CONTEXT('2D SPACE',''
  ) );
#8122 = PCURVE('',#1558,#8123);
#8123 = DEFINITIONAL_REPRESENTATION('',(#8124),#8128);
#8124 = LINE('',#8125,#8126);
#8125 = CARTESIAN_POINT('',(0.,-7.));
#8126 = VECTOR('',#8127,1.);
#8127 = DIRECTION('',(1.,0.));
#8128 = ( GEOMETRIC_REPRESENTATION_CONTEXT(2) 
PARAMETRIC_REPRESENTATION_CONTEXT() REPRESENTATION_CONTEXT('2D SPACE',''
  ) );
#8129 = ORIENTED_EDGE('',*,*,#8130,.F.);
#8130 = EDGE_CURVE('',#8131,#8108,#8133,.T.);
#8131 = VERTEX_POINT('',#8132);
#8132 = CARTESIAN_POINT('',(3.389580774154,18.28854128069,7.));
#8133 = SURFACE_CURVE('',#8134,(#8138,#8145),.PCURVE_S1.);
#8134 = LINE('',#8135,#8136);
#8135 = CARTESIAN_POINT('',(3.728538851569,20.117395408759,7.));
#8136 = VECTOR('',#8137,1.);
#8137 = DIRECTION('',(-0.182235525492,-0.983254907564,0.));
#8138 = PCURVE('',#100,#8139);
#8139 = DEFINITIONAL_REPRESENTATION('',(#8140),#8144);
#8140 = LINE('',#8141,#8142);
#8141 = CARTESIAN_POINT('',(3.728538851569,20.117395408759));
#8142 = VECTOR('',#8143,1.);
#8143 = DIRECTION('',(-0.182235525492,-0.983254907564));
#8144 = ( GEOMETRIC_REPRESENTATION_CONTEXT(2) 
PARAMETRIC_REPRESENTATION_CONTEXT() REPRESENTATION_CONTEXT('2D SPACE',''
  ) );
#8145 = PCURVE('',#1586,#8146);
#8146 = DEFINITIONAL_REPRESENTATION('',(#8147),#8151);
#8147 = LINE('',#8148,#8149);
#8148 = CARTESIAN_POINT('',(0.,-7.));
#8149 = VECTOR('',#8150,1.);
#8150 = DIRECTION('',(1.,-0.));
#8151 = ( GEOMETRIC_REPRESENTATION_CONTEXT(2) 
PARAMETRIC_REPRESENTATION_CONTEXT() REPRESENTATION_CONTEXT('2D SPACE',''
  ) );
#8152 = ORIENTED_EDGE('',*,*,#8153,.T.);
#8153 = EDGE_CURVE('',#8131,#8154,#8156,.T.);
#8154 = VERTEX_POINT('',#8155);
#8155 = CARTESIAN_POINT('',(2.427787175293,18.440874421553,7.));
#8156 = SURFACE_CURVE('',#8157,(#8162,#8169),.PCURVE_S1.);
#8157 = CIRCLE('',#8158,18.6);
#8158 = AXIS2_PLACEMENT_3D('',#8159,#8160,#8161);
#8159 = CARTESIAN_POINT('',(0.,0.,7.));
#8160 = DIRECTION('',(0.,0.,1.));
#8161 = DIRECTION('',(1.,0.,0.));
#8162 = PCURVE('',#100,#8163);
#8163 = DEFINITIONAL_REPRESENTATION('',(#8164),#8168);
#8164 = CIRCLE('',#8165,18.6);
#8165 = AXIS2_PLACEMENT_2D('',#8166,#8167);
#8166 = CARTESIAN_POINT('',(5.881462935653E-16,7.592810154714E-16));
#8167 = DIRECTION('',(1.,0.));
#8168 = ( GEOMETRIC_REPRESENTATION_CONTEXT(2) 
PARAMETRIC_REPRESENTATION_CONTEXT() REPRESENTATION_CONTEXT('2D SPACE',''
  ) );
#8169 = PCURVE('',#1615,#8170);
#8170 = DEFINITIONAL_REPRESENTATION('',(#8171),#8175);
#8171 = LINE('',#8172,#8173);
#8172 = CARTESIAN_POINT('',(-0.,-7.));
#8173 = VECTOR('',#8174,1.);
#8174 = DIRECTION('',(-1.,0.));
#8175 = ( GEOMETRIC_REPRESENTATION_CONTEXT(2) 
PARAMETRIC_REPRESENTATION_CONTEXT() REPRESENTATION_CONTEXT('2D SPACE',''
  ) );
#8176 = ORIENTED_EDGE('',*,*,#8177,.F.);
#8177 = EDGE_CURVE('',#8178,#8154,#8180,.T.);
#8178 = VERTEX_POINT('',#8179);
#8179 = CARTESIAN_POINT('',(2.138997975006,16.247302665763,7.));
#8180 = SURFACE_CURVE('',#8181,(#8185,#8192),.PCURVE_S1.);
#8181 = LINE('',#8182,#8183);
#8182 = CARTESIAN_POINT('',(2.138997975006,16.247302665763,7.));
#8183 = VECTOR('',#8184,1.);
#8184 = DIRECTION('',(0.13052619222,0.991444861374,0.));
#8185 = PCURVE('',#100,#8186);
#8186 = DEFINITIONAL_REPRESENTATION('',(#8187),#8191);
#8187 = LINE('',#8188,#8189);
#8188 = CARTESIAN_POINT('',(2.138997975006,16.247302665763));
#8189 = VECTOR('',#8190,1.);
#8190 = DIRECTION('',(0.13052619222,0.991444861374));
#8191 = ( GEOMETRIC_REPRESENTATION_CONTEXT(2) 
PARAMETRIC_REPRESENTATION_CONTEXT() REPRESENTATION_CONTEXT('2D SPACE',''
  ) );
#8192 = PCURVE('',#1643,#8193);
#8193 = DEFINITIONAL_REPRESENTATION('',(#8194),#8198);
#8194 = LINE('',#8195,#8196);
#8195 = CARTESIAN_POINT('',(0.,-7.));
#8196 = VECTOR('',#8197,1.);
#8197 = DIRECTION('',(1.,0.));
#8198 = ( GEOMETRIC_REPRESENTATION_CONTEXT(2) 
PARAMETRIC_REPRESENTATION_CONTEXT() REPRESENTATION_CONTEXT('2D SPACE',''
  ) );
#8199 = ORIENTED_EDGE('',*,*,#8200,.F.);
#8200 = EDGE_CURVE('',#8201,#8178,#8203,.T.);
#8201 = VERTEX_POINT('',#8202);
#8202 = CARTESIAN_POINT('',(1.28574843124,16.336982806552,7.));
#8203 = SURFACE_CURVE('',#8204,(#8208,#8215),.PCURVE_S1.);
#8204 = LINE('',#8205,#8206);
#8205 = CARTESIAN_POINT('',(1.28574843124,16.336982806552,7.));
#8206 = VECTOR('',#8207,1.);
#8207 = DIRECTION('',(0.994521895368,-0.104528463268,0.));
#8208 = PCURVE('',#100,#8209);
#8209 = DEFINITIONAL_REPRESENTATION('',(#8210),#8214);
#8210 = LINE('',#8211,#8212);
#8211 = CARTESIAN_POINT('',(1.28574843124,16.336982806552));
#8212 = VECTOR('',#8213,1.);
#8213 = DIRECTION('',(0.994521895368,-0.104528463268));
#8214 = ( GEOMETRIC_REPRESENTATION_CONTEXT(2) 
PARAMETRIC_REPRESENTATION_CONTEXT() REPRESENTATION_CONTEXT('2D SPACE',''
  ) );
#8215 = PCURVE('',#1671,#8216);
#8216 = DEFINITIONAL_REPRESENTATION('',(#8217),#8221);
#8217 = LINE('',#8218,#8219);
#8218 = CARTESIAN_POINT('',(0.,-7.));
#8219 = VECTOR('',#8220,1.);
#8220 = DIRECTION('',(1.,0.));
#8221 = ( GEOMETRIC_REPRESENTATION_CONTEXT(2) 
PARAMETRIC_REPRESENTATION_CONTEXT() REPRESENTATION_CONTEXT('2D SPACE',''
  ) );
#8222 = ORIENTED_EDGE('',*,*,#8223,.F.);
#8223 = EDGE_CURVE('',#8224,#8201,#8226,.T.);
#8224 = VERTEX_POINT('',#8225);
#8225 = CARTESIAN_POINT('',(1.459339180538,18.542662407436,7.));
#8226 = SURFACE_CURVE('',#8227,(#8231,#8238),.PCURVE_S1.);
#8227 = LINE('',#8228,#8229);
#8228 = CARTESIAN_POINT('',(1.605273098592,20.39692864818,7.));
#8229 = VECTOR('',#8230,1.);
#8230 = DIRECTION('',(-7.845909572784E-02,-0.996917333733,0.));
#8231 = PCURVE('',#100,#8232);
#8232 = DEFINITIONAL_REPRESENTATION('',(#8233),#8237);
#8233 = LINE('',#8234,#8235);
#8234 = CARTESIAN_POINT('',(1.605273098592,20.39692864818));
#8235 = VECTOR('',#8236,1.);
#8236 = DIRECTION('',(-7.845909572784E-02,-0.996917333733));
#8237 = ( GEOMETRIC_REPRESENTATION_CONTEXT(2) 
PARAMETRIC_REPRESENTATION_CONTEXT() REPRESENTATION_CONTEXT('2D SPACE',''
  ) );
#8238 = PCURVE('',#1699,#8239);
#8239 = DEFINITIONAL_REPRESENTATION('',(#8240),#8244);
#8240 = LINE('',#8241,#8242);
#8241 = CARTESIAN_POINT('',(0.,-7.));
#8242 = VECTOR('',#8243,1.);
#8243 = DIRECTION('',(1.,-0.));
#8244 = ( GEOMETRIC_REPRESENTATION_CONTEXT(2) 
PARAMETRIC_REPRESENTATION_CONTEXT() REPRESENTATION_CONTEXT('2D SPACE',''
  ) );
#8245 = ORIENTED_EDGE('',*,*,#8246,.T.);
#8246 = EDGE_CURVE('',#8224,#8247,#8249,.T.);
#8247 = VERTEX_POINT('',#8248);
#8248 = CARTESIAN_POINT('',(0.486891238527,18.593626244545,7.));
#8249 = SURFACE_CURVE('',#8250,(#8255,#8262),.PCURVE_S1.);
#8250 = CIRCLE('',#8251,18.6);
#8251 = AXIS2_PLACEMENT_3D('',#8252,#8253,#8254);
#8252 = CARTESIAN_POINT('',(0.,0.,7.));
#8253 = DIRECTION('',(0.,0.,1.));
#8254 = DIRECTION('',(1.,0.,0.));
#8255 = PCURVE('',#100,#8256);
#8256 = DEFINITIONAL_REPRESENTATION('',(#8257),#8261);
#8257 = CIRCLE('',#8258,18.6);
#8258 = AXIS2_PLACEMENT_2D('',#8259,#8260);
#8259 = CARTESIAN_POINT('',(5.881462935653E-16,7.592810154714E-16));
#8260 = DIRECTION('',(1.,0.));
#8261 = ( GEOMETRIC_REPRESENTATION_CONTEXT(2) 
PARAMETRIC_REPRESENTATION_CONTEXT() REPRESENTATION_CONTEXT('2D SPACE',''
  ) );
#8262 = PCURVE('',#1728,#8263);
#8263 = DEFINITIONAL_REPRESENTATION('',(#8264),#8268);
#8264 = LINE('',#8265,#8266);
#8265 = CARTESIAN_POINT('',(-0.,-7.));
#8266 = VECTOR('',#8267,1.);
#8267 = DIRECTION('',(-1.,0.));
#8268 = ( GEOMETRIC_REPRESENTATION_CONTEXT(2) 
PARAMETRIC_REPRESENTATION_CONTEXT() REPRESENTATION_CONTEXT('2D SPACE',''
  ) );
#8269 = ORIENTED_EDGE('',*,*,#8270,.F.);
#8270 = EDGE_CURVE('',#8271,#8247,#8273,.T.);
#8271 = VERTEX_POINT('',#8272);
#8272 = CARTESIAN_POINT('',(0.428974740395,16.381884413037,7.));
#8273 = SURFACE_CURVE('',#8274,(#8278,#8285),.PCURVE_S1.);
#8274 = LINE('',#8275,#8276);
#8275 = CARTESIAN_POINT('',(0.428974740395,16.381884413037,7.));
#8276 = VECTOR('',#8277,1.);
#8277 = DIRECTION('',(2.617694830787E-02,0.999657324976,0.));
#8278 = PCURVE('',#100,#8279);
#8279 = DEFINITIONAL_REPRESENTATION('',(#8280),#8284);
#8280 = LINE('',#8281,#8282);
#8281 = CARTESIAN_POINT('',(0.428974740395,16.381884413037));
#8282 = VECTOR('',#8283,1.);
#8283 = DIRECTION('',(2.617694830787E-02,0.999657324976));
#8284 = ( GEOMETRIC_REPRESENTATION_CONTEXT(2) 
PARAMETRIC_REPRESENTATION_CONTEXT() REPRESENTATION_CONTEXT('2D SPACE',''
  ) );
#8285 = PCURVE('',#1756,#8286);
#8286 = DEFINITIONAL_REPRESENTATION('',(#8287),#8291);
#8287 = LINE('',#8288,#8289);
#8288 = CARTESIAN_POINT('',(0.,-7.));
#8289 = VECTOR('',#8290,1.);
#8290 = DIRECTION('',(1.,0.));
#8291 = ( GEOMETRIC_REPRESENTATION_CONTEXT(2) 
PARAMETRIC_REPRESENTATION_CONTEXT() REPRESENTATION_CONTEXT('2D SPACE',''
  ) );
#8292 = ORIENTED_EDGE('',*,*,#8293,.F.);
#8293 = EDGE_CURVE('',#8294,#8271,#8296,.T.);
#8294 = VERTEX_POINT('',#8295);
#8295 = CARTESIAN_POINT('',(-0.428974740395,16.381884413037,7.));
#8296 = SURFACE_CURVE('',#8297,(#8301,#8308),.PCURVE_S1.);
#8297 = LINE('',#8298,#8299);
#8298 = CARTESIAN_POINT('',(-0.428974740395,16.381884413037,7.));
#8299 = VECTOR('',#8300,1.);
#8300 = DIRECTION('',(1.,-1.110223024625E-16,0.));
#8301 = PCURVE('',#100,#8302);
#8302 = DEFINITIONAL_REPRESENTATION('',(#8303),#8307);
#8303 = LINE('',#8304,#8305);
#8304 = CARTESIAN_POINT('',(-0.428974740395,16.381884413037));
#8305 = VECTOR('',#8306,1.);
#8306 = DIRECTION('',(1.,-1.110223024625E-16));
#8307 = ( GEOMETRIC_REPRESENTATION_CONTEXT(2) 
PARAMETRIC_REPRESENTATION_CONTEXT() REPRESENTATION_CONTEXT('2D SPACE',''
  ) );
#8308 = PCURVE('',#1784,#8309);
#8309 = DEFINITIONAL_REPRESENTATION('',(#8310),#8314);
#8310 = LINE('',#8311,#8312);
#8311 = CARTESIAN_POINT('',(0.,-7.));
#8312 = VECTOR('',#8313,1.);
#8313 = DIRECTION('',(1.,0.));
#8314 = ( GEOMETRIC_REPRESENTATION_CONTEXT(2) 
PARAMETRIC_REPRESENTATION_CONTEXT() REPRESENTATION_CONTEXT('2D SPACE',''
  ) );
#8315 = ORIENTED_EDGE('',*,*,#8316,.F.);
#8316 = EDGE_CURVE('',#8317,#8294,#8319,.T.);
#8317 = VERTEX_POINT('',#8318);
#8318 = CARTESIAN_POINT('',(-0.486891238527,18.593626244545,7.));
#8319 = SURFACE_CURVE('',#8320,(#8324,#8331),.PCURVE_S1.);
#8320 = LINE('',#8321,#8322);
#8321 = CARTESIAN_POINT('',(-0.535580362379,20.452988869,7.));
#8322 = VECTOR('',#8323,1.);
#8323 = DIRECTION('',(2.617694830787E-02,-0.999657324976,0.));
#8324 = PCURVE('',#100,#8325);
#8325 = DEFINITIONAL_REPRESENTATION('',(#8326),#8330);
#8326 = LINE('',#8327,#8328);
#8327 = CARTESIAN_POINT('',(-0.535580362379,20.452988869));
#8328 = VECTOR('',#8329,1.);
#8329 = DIRECTION('',(2.617694830787E-02,-0.999657324976));
#8330 = ( GEOMETRIC_REPRESENTATION_CONTEXT(2) 
PARAMETRIC_REPRESENTATION_CONTEXT() REPRESENTATION_CONTEXT('2D SPACE',''
  ) );
#8331 = PCURVE('',#1812,#8332);
#8332 = DEFINITIONAL_REPRESENTATION('',(#8333),#8337);
#8333 = LINE('',#8334,#8335);
#8334 = CARTESIAN_POINT('',(0.,-7.));
#8335 = VECTOR('',#8336,1.);
#8336 = DIRECTION('',(1.,0.));
#8337 = ( GEOMETRIC_REPRESENTATION_CONTEXT(2) 
PARAMETRIC_REPRESENTATION_CONTEXT() REPRESENTATION_CONTEXT('2D SPACE',''
  ) );
#8338 = ORIENTED_EDGE('',*,*,#8339,.T.);
#8339 = EDGE_CURVE('',#8317,#8340,#8342,.T.);
#8340 = VERTEX_POINT('',#8341);
#8341 = CARTESIAN_POINT('',(-1.459339180538,18.542662407436,7.));
#8342 = SURFACE_CURVE('',#8343,(#8348,#8355),.PCURVE_S1.);
#8343 = CIRCLE('',#8344,18.6);
#8344 = AXIS2_PLACEMENT_3D('',#8345,#8346,#8347);
#8345 = CARTESIAN_POINT('',(0.,0.,7.));
#8346 = DIRECTION('',(0.,0.,1.));
#8347 = DIRECTION('',(1.,0.,0.));
#8348 = PCURVE('',#100,#8349);
#8349 = DEFINITIONAL_REPRESENTATION('',(#8350),#8354);
#8350 = CIRCLE('',#8351,18.6);
#8351 = AXIS2_PLACEMENT_2D('',#8352,#8353);
#8352 = CARTESIAN_POINT('',(5.881462935653E-16,7.592810154714E-16));
#8353 = DIRECTION('',(1.,0.));
#8354 = ( GEOMETRIC_REPRESENTATION_CONTEXT(2) 
PARAMETRIC_REPRESENTATION_CONTEXT() REPRESENTATION_CONTEXT('2D SPACE',''
  ) );
#8355 = PCURVE('',#1841,#8356);
#8356 = DEFINITIONAL_REPRESENTATION('',(#8357),#8361);
#8357 = LINE('',#8358,#8359);
#8358 = CARTESIAN_POINT('',(-0.,-7.));
#8359 = VECTOR('',#8360,1.);
#8360 = DIRECTION('',(-1.,0.));
#8361 = ( GEOMETRIC_REPRESENTATION_CONTEXT(2) 
PARAMETRIC_REPRESENTATION_CONTEXT() REPRESENTATION_CONTEXT('2D SPACE',''
  ) );
#8362 = ORIENTED_EDGE('',*,*,#8363,.F.);
#8363 = EDGE_CURVE('',#8364,#8340,#8366,.T.);
#8364 = VERTEX_POINT('',#8365);
#8365 = CARTESIAN_POINT('',(-1.28574843124,16.336982806552,7.));
#8366 = SURFACE_CURVE('',#8367,(#8371,#8378),.PCURVE_S1.);
#8367 = LINE('',#8368,#8369);
#8368 = CARTESIAN_POINT('',(-1.28574843124,16.336982806552,7.));
#8369 = VECTOR('',#8370,1.);
#8370 = DIRECTION('',(-7.845909572785E-02,0.996917333733,0.));
#8371 = PCURVE('',#100,#8372);
#8372 = DEFINITIONAL_REPRESENTATION('',(#8373),#8377);
#8373 = LINE('',#8374,#8375);
#8374 = CARTESIAN_POINT('',(-1.28574843124,16.336982806552));
#8375 = VECTOR('',#8376,1.);
#8376 = DIRECTION('',(-7.845909572785E-02,0.996917333733));
#8377 = ( GEOMETRIC_REPRESENTATION_CONTEXT(2) 
PARAMETRIC_REPRESENTATION_CONTEXT() REPRESENTATION_CONTEXT('2D SPACE',''
  ) );
#8378 = PCURVE('',#1869,#8379);
#8379 = DEFINITIONAL_REPRESENTATION('',(#8380),#8384);
#8380 = LINE('',#8381,#8382);
#8381 = CARTESIAN_POINT('',(0.,-7.));
#8382 = VECTOR('',#8383,1.);
#8383 = DIRECTION('',(1.,0.));
#8384 = ( GEOMETRIC_REPRESENTATION_CONTEXT(2) 
PARAMETRIC_REPRESENTATION_CONTEXT() REPRESENTATION_CONTEXT('2D SPACE',''
  ) );
#8385 = ORIENTED_EDGE('',*,*,#8386,.F.);
#8386 = EDGE_CURVE('',#8387,#8364,#8389,.T.);
#8387 = VERTEX_POINT('',#8388);
#8388 = CARTESIAN_POINT('',(-2.138997975006,16.247302665763,7.));
#8389 = SURFACE_CURVE('',#8390,(#8394,#8401),.PCURVE_S1.);
#8390 = LINE('',#8391,#8392);
#8391 = CARTESIAN_POINT('',(-2.138997975006,16.247302665763,7.));
#8392 = VECTOR('',#8393,1.);
#8393 = DIRECTION('',(0.994521895368,0.104528463268,0.));
#8394 = PCURVE('',#100,#8395);
#8395 = DEFINITIONAL_REPRESENTATION('',(#8396),#8400);
#8396 = LINE('',#8397,#8398);
#8397 = CARTESIAN_POINT('',(-2.138997975006,16.247302665763));
#8398 = VECTOR('',#8399,1.);
#8399 = DIRECTION('',(0.994521895368,0.104528463268));
#8400 = ( GEOMETRIC_REPRESENTATION_CONTEXT(2) 
PARAMETRIC_REPRESENTATION_CONTEXT() REPRESENTATION_CONTEXT('2D SPACE',''
  ) );
#8401 = PCURVE('',#1897,#8402);
#8402 = DEFINITIONAL_REPRESENTATION('',(#8403),#8407);
#8403 = LINE('',#8404,#8405);
#8404 = CARTESIAN_POINT('',(0.,-7.));
#8405 = VECTOR('',#8406,1.);
#8406 = DIRECTION('',(1.,0.));
#8407 = ( GEOMETRIC_REPRESENTATION_CONTEXT(2) 
PARAMETRIC_REPRESENTATION_CONTEXT() REPRESENTATION_CONTEXT('2D SPACE',''
  ) );
#8408 = ORIENTED_EDGE('',*,*,#8409,.F.);
#8409 = EDGE_CURVE('',#8410,#8387,#8412,.T.);
#8410 = VERTEX_POINT('',#8411);
#8411 = CARTESIAN_POINT('',(-2.427787175293,18.440874421553,7.));
#8412 = SURFACE_CURVE('',#8413,(#8417,#8424),.PCURVE_S1.);
#8413 = LINE('',#8414,#8415);
#8414 = CARTESIAN_POINT('',(-2.670565892822,20.284961863708,7.));
#8415 = VECTOR('',#8416,1.);
#8416 = DIRECTION('',(0.13052619222,-0.991444861374,0.));
#8417 = PCURVE('',#100,#8418);
#8418 = DEFINITIONAL_REPRESENTATION('',(#8419),#8423);
#8419 = LINE('',#8420,#8421);
#8420 = CARTESIAN_POINT('',(-2.670565892822,20.284961863708));
#8421 = VECTOR('',#8422,1.);
#8422 = DIRECTION('',(0.13052619222,-0.991444861374));
#8423 = ( GEOMETRIC_REPRESENTATION_CONTEXT(2) 
PARAMETRIC_REPRESENTATION_CONTEXT() REPRESENTATION_CONTEXT('2D SPACE',''
  ) );
#8424 = PCURVE('',#1925,#8425);
#8425 = DEFINITIONAL_REPRESENTATION('',(#8426),#8430);
#8426 = LINE('',#8427,#8428);
#8427 = CARTESIAN_POINT('',(0.,-7.));
#8428 = VECTOR('',#8429,1.);
#8429 = DIRECTION('',(1.,0.));
#8430 = ( GEOMETRIC_REPRESENTATION_CONTEXT(2) 
PARAMETRIC_REPRESENTATION_CONTEXT() REPRESENTATION_CONTEXT('2D SPACE',''
  ) );
#8431 = ORIENTED_EDGE('',*,*,#8432,.T.);
#8432 = EDGE_CURVE('',#8410,#8433,#8435,.T.);
#8433 = VERTEX_POINT('',#8434);
#8434 = CARTESIAN_POINT('',(-3.389580774154,18.28854128069,7.));
#8435 = SURFACE_CURVE('',#8436,(#8441,#8448),.PCURVE_S1.);
#8436 = CIRCLE('',#8437,18.6);
#8437 = AXIS2_PLACEMENT_3D('',#8438,#8439,#8440);
#8438 = CARTESIAN_POINT('',(0.,0.,7.));
#8439 = DIRECTION('',(0.,0.,1.));
#8440 = DIRECTION('',(1.,0.,0.));
#8441 = PCURVE('',#100,#8442);
#8442 = DEFINITIONAL_REPRESENTATION('',(#8443),#8447);
#8443 = CIRCLE('',#8444,18.6);
#8444 = AXIS2_PLACEMENT_2D('',#8445,#8446);
#8445 = CARTESIAN_POINT('',(5.881462935653E-16,7.592810154714E-16));
#8446 = DIRECTION('',(1.,0.));
#8447 = ( GEOMETRIC_REPRESENTATION_CONTEXT(2) 
PARAMETRIC_REPRESENTATION_CONTEXT() REPRESENTATION_CONTEXT('2D SPACE',''
  ) );
#8448 = PCURVE('',#1954,#8449);
#8449 = DEFINITIONAL_REPRESENTATION('',(#8450),#8454);
#8450 = LINE('',#8451,#8452);
#8451 = CARTESIAN_POINT('',(-0.,-7.));
#8452 = VECTOR('',#8453,1.);
#8453 = DIRECTION('',(-1.,0.));
#8454 = ( GEOMETRIC_REPRESENTATION_CONTEXT(2) 
PARAMETRIC_REPRESENTATION_CONTEXT() REPRESENTATION_CONTEXT('2D SPACE',''
  ) );
#8455 = ORIENTED_EDGE('',*,*,#8456,.F.);
#8456 = EDGE_CURVE('',#8457,#8433,#8459,.T.);
#8457 = VERTEX_POINT('',#8458);
#8458 = CARTESIAN_POINT('',(-2.986384674003,16.113089797704,7.));
#8459 = SURFACE_CURVE('',#8460,(#8464,#8471),.PCURVE_S1.);
#8460 = LINE('',#8461,#8462);
#8461 = CARTESIAN_POINT('',(-2.986384674003,16.113089797704,7.));
#8462 = VECTOR('',#8463,1.);
#8463 = DIRECTION('',(-0.182235525492,0.983254907564,0.));
#8464 = PCURVE('',#100,#8465);
#8465 = DEFINITIONAL_REPRESENTATION('',(#8466),#8470);
#8466 = LINE('',#8467,#8468);
#8467 = CARTESIAN_POINT('',(-2.986384674003,16.113089797704));
#8468 = VECTOR('',#8469,1.);
#8469 = DIRECTION('',(-0.182235525492,0.983254907564));
#8470 = ( GEOMETRIC_REPRESENTATION_CONTEXT(2) 
PARAMETRIC_REPRESENTATION_CONTEXT() REPRESENTATION_CONTEXT('2D SPACE',''
  ) );
#8471 = PCURVE('',#1982,#8472);
#8472 = DEFINITIONAL_REPRESENTATION('',(#8473),#8477);
#8473 = LINE('',#8474,#8475);
#8474 = CARTESIAN_POINT('',(0.,-7.));
#8475 = VECTOR('',#8476,1.);
#8476 = DIRECTION('',(1.,0.));
#8477 = ( GEOMETRIC_REPRESENTATION_CONTEXT(2) 
PARAMETRIC_REPRESENTATION_CONTEXT() REPRESENTATION_CONTEXT('2D SPACE',''
  ) );
#8478 = ORIENTED_EDGE('',*,*,#8479,.F.);
#8479 = EDGE_CURVE('',#8480,#8457,#8482,.T.);
#8480 = VERTEX_POINT('',#8481);
#8481 = CARTESIAN_POINT('',(-3.825585900189,15.934712070517,7.));
#8482 = SURFACE_CURVE('',#8483,(#8487,#8494),.PCURVE_S1.);
#8483 = LINE('',#8484,#8485);
#8484 = CARTESIAN_POINT('',(-3.825585900189,15.934712070517,7.));
#8485 = VECTOR('',#8486,1.);
#8486 = DIRECTION('',(0.978147600734,0.207911690818,0.));
#8487 = PCURVE('',#100,#8488);
#8488 = DEFINITIONAL_REPRESENTATION('',(#8489),#8493);
#8489 = LINE('',#8490,#8491);
#8490 = CARTESIAN_POINT('',(-3.825585900189,15.934712070517));
#8491 = VECTOR('',#8492,1.);
#8492 = DIRECTION('',(0.978147600734,0.207911690818));
#8493 = ( GEOMETRIC_REPRESENTATION_CONTEXT(2) 
PARAMETRIC_REPRESENTATION_CONTEXT() REPRESENTATION_CONTEXT('2D SPACE',''
  ) );
#8494 = PCURVE('',#2010,#8495);
#8495 = DEFINITIONAL_REPRESENTATION('',(#8496),#8500);
#8496 = LINE('',#8497,#8498);
#8497 = CARTESIAN_POINT('',(0.,-7.));
#8498 = VECTOR('',#8499,1.);
#8499 = DIRECTION('',(1.,0.));
#8500 = ( GEOMETRIC_REPRESENTATION_CONTEXT(2) 
PARAMETRIC_REPRESENTATION_CONTEXT() REPRESENTATION_CONTEXT('2D SPACE',''
  ) );
#8501 = ORIENTED_EDGE('',*,*,#8502,.F.);
#8502 = EDGE_CURVE('',#8503,#8480,#8505,.T.);
#8503 = VERTEX_POINT('',#8504);
#8504 = CARTESIAN_POINT('',(-4.342083767721,18.086080519397,7.));
#8505 = SURFACE_CURVE('',#8506,(#8510,#8517),.PCURVE_S1.);
#8506 = LINE('',#8507,#8508);
#8507 = CARTESIAN_POINT('',(-4.776292144492,19.894688571336,7.));
#8508 = VECTOR('',#8509,1.);
#8509 = DIRECTION('',(0.233445363856,-0.972369920398,0.));
#8510 = PCURVE('',#100,#8511);
#8511 = DEFINITIONAL_REPRESENTATION('',(#8512),#8516);
#8512 = LINE('',#8513,#8514);
#8513 = CARTESIAN_POINT('',(-4.776292144492,19.894688571336));
#8514 = VECTOR('',#8515,1.);
#8515 = DIRECTION('',(0.233445363856,-0.972369920398));
#8516 = ( GEOMETRIC_REPRESENTATION_CONTEXT(2) 
PARAMETRIC_REPRESENTATION_CONTEXT() REPRESENTATION_CONTEXT('2D SPACE',''
  ) );
#8517 = PCURVE('',#2038,#8518);
#8518 = DEFINITIONAL_REPRESENTATION('',(#8519),#8523);
#8519 = LINE('',#8520,#8521);
#8520 = CARTESIAN_POINT('',(0.,-7.));
#8521 = VECTOR('',#8522,1.);
#8522 = DIRECTION('',(1.,0.));
#8523 = ( GEOMETRIC_REPRESENTATION_CONTEXT(2) 
PARAMETRIC_REPRESENTATION_CONTEXT() REPRESENTATION_CONTEXT('2D SPACE',''
  ) );
#8524 = ORIENTED_EDGE('',*,*,#8525,.T.);
#8525 = EDGE_CURVE('',#8503,#8526,#8528,.T.);
#8526 = VERTEX_POINT('',#8527);
#8527 = CARTESIAN_POINT('',(-5.282685411492,17.834047068549,7.));
#8528 = SURFACE_CURVE('',#8529,(#8534,#8541),.PCURVE_S1.);
#8529 = CIRCLE('',#8530,18.6);
#8530 = AXIS2_PLACEMENT_3D('',#8531,#8532,#8533);
#8531 = CARTESIAN_POINT('',(0.,0.,7.));
#8532 = DIRECTION('',(0.,0.,1.));
#8533 = DIRECTION('',(1.,0.,0.));
#8534 = PCURVE('',#100,#8535);
#8535 = DEFINITIONAL_REPRESENTATION('',(#8536),#8540);
#8536 = CIRCLE('',#8537,18.6);
#8537 = AXIS2_PLACEMENT_2D('',#8538,#8539);
#8538 = CARTESIAN_POINT('',(5.881462935653E-16,7.592810154714E-16));
#8539 = DIRECTION('',(1.,0.));
#8540 = ( GEOMETRIC_REPRESENTATION_CONTEXT(2) 
PARAMETRIC_REPRESENTATION_CONTEXT() REPRESENTATION_CONTEXT('2D SPACE',''
  ) );
#8541 = PCURVE('',#2067,#8542);
#8542 = DEFINITIONAL_REPRESENTATION('',(#8543),#8547);
#8543 = LINE('',#8544,#8545);
#8544 = CARTESIAN_POINT('',(-0.,-7.));
#8545 = VECTOR('',#8546,1.);
#8546 = DIRECTION('',(-1.,0.));
#8547 = ( GEOMETRIC_REPRESENTATION_CONTEXT(2) 
PARAMETRIC_REPRESENTATION_CONTEXT() REPRESENTATION_CONTEXT('2D SPACE',''
  ) );
#8548 = ORIENTED_EDGE('',*,*,#8549,.F.);
#8549 = EDGE_CURVE('',#8550,#8526,#8552,.T.);
#8550 = VERTEX_POINT('',#8551);
#8551 = CARTESIAN_POINT('',(-4.654301461336,15.712658405153,7.));
#8552 = SURFACE_CURVE('',#8553,(#8557,#8564),.PCURVE_S1.);
#8553 = LINE('',#8554,#8555);
#8554 = CARTESIAN_POINT('',(-4.654301461336,15.712658405153,7.));
#8555 = VECTOR('',#8556,1.);
#8556 = DIRECTION('',(-0.284015344704,0.958819734868,0.));
#8557 = PCURVE('',#100,#8558);
#8558 = DEFINITIONAL_REPRESENTATION('',(#8559),#8563);
#8559 = LINE('',#8560,#8561);
#8560 = CARTESIAN_POINT('',(-4.654301461336,15.712658405153));
#8561 = VECTOR('',#8562,1.);
#8562 = DIRECTION('',(-0.284015344704,0.958819734868));
#8563 = ( GEOMETRIC_REPRESENTATION_CONTEXT(2) 
PARAMETRIC_REPRESENTATION_CONTEXT() REPRESENTATION_CONTEXT('2D SPACE',''
  ) );
#8564 = PCURVE('',#2095,#8565);
#8565 = DEFINITIONAL_REPRESENTATION('',(#8566),#8570);
#8566 = LINE('',#8567,#8568);
#8567 = CARTESIAN_POINT('',(0.,-7.));
#8568 = VECTOR('',#8569,1.);
#8569 = DIRECTION('',(1.,0.));
#8570 = ( GEOMETRIC_REPRESENTATION_CONTEXT(2) 
PARAMETRIC_REPRESENTATION_CONTEXT() REPRESENTATION_CONTEXT('2D SPACE',''
  ) );
#8571 = ORIENTED_EDGE('',*,*,#8572,.F.);
#8572 = EDGE_CURVE('',#8573,#8550,#8575,.T.);
#8573 = VERTEX_POINT('',#8574);
#8574 = CARTESIAN_POINT('',(-5.470259905693,15.447537435273,7.));
#8575 = SURFACE_CURVE('',#8576,(#8580,#8587),.PCURVE_S1.);
#8576 = LINE('',#8577,#8578);
#8577 = CARTESIAN_POINT('',(-5.470259905693,15.447537435273,7.));
#8578 = VECTOR('',#8579,1.);
#8579 = DIRECTION('',(0.951056516295,0.309016994375,0.));
#8580 = PCURVE('',#100,#8581);
#8581 = DEFINITIONAL_REPRESENTATION('',(#8582),#8586);
#8582 = LINE('',#8583,#8584);
#8583 = CARTESIAN_POINT('',(-5.470259905693,15.447537435273));
#8584 = VECTOR('',#8585,1.);
#8585 = DIRECTION('',(0.951056516295,0.309016994375));
#8586 = ( GEOMETRIC_REPRESENTATION_CONTEXT(2) 
PARAMETRIC_REPRESENTATION_CONTEXT() REPRESENTATION_CONTEXT('2D SPACE',''
  ) );
#8587 = PCURVE('',#2123,#8588);
#8588 = DEFINITIONAL_REPRESENTATION('',(#8589),#8593);
#8589 = LINE('',#8590,#8591);
#8590 = CARTESIAN_POINT('',(0.,-7.));
#8591 = VECTOR('',#8592,1.);
#8592 = DIRECTION('',(1.,0.));
#8593 = ( GEOMETRIC_REPRESENTATION_CONTEXT(2) 
PARAMETRIC_REPRESENTATION_CONTEXT() REPRESENTATION_CONTEXT('2D SPACE',''
  ) );
#8594 = ORIENTED_EDGE('',*,*,#8595,.F.);
#8595 = EDGE_CURVE('',#8596,#8573,#8598,.T.);
#8596 = VERTEX_POINT('',#8597);
#8597 = CARTESIAN_POINT('',(-6.208807581748,17.533131734315,7.));
#8598 = SURFACE_CURVE('',#8599,(#8603,#8610),.PCURVE_S1.);
#8599 = LINE('',#8600,#8601);
#8600 = CARTESIAN_POINT('',(-6.829688339923,19.286444907746,7.));
#8601 = VECTOR('',#8602,1.);
#8602 = DIRECTION('',(0.333806859234,-0.942641491092,0.));
#8603 = PCURVE('',#100,#8604);
#8604 = DEFINITIONAL_REPRESENTATION('',(#8605),#8609);
#8605 = LINE('',#8606,#8607);
#8606 = CARTESIAN_POINT('',(-6.829688339923,19.286444907746));
#8607 = VECTOR('',#8608,1.);
#8608 = DIRECTION('',(0.333806859234,-0.942641491092));
#8609 = ( GEOMETRIC_REPRESENTATION_CONTEXT(2) 
PARAMETRIC_REPRESENTATION_CONTEXT() REPRESENTATION_CONTEXT('2D SPACE',''
  ) );
#8610 = PCURVE('',#2151,#8611);
#8611 = DEFINITIONAL_REPRESENTATION('',(#8612),#8616);
#8612 = LINE('',#8613,#8614);
#8613 = CARTESIAN_POINT('',(0.,-7.));
#8614 = VECTOR('',#8615,1.);
#8615 = DIRECTION('',(1.,0.));
#8616 = ( GEOMETRIC_REPRESENTATION_CONTEXT(2) 
PARAMETRIC_REPRESENTATION_CONTEXT() REPRESENTATION_CONTEXT('2D SPACE',''
  ) );
#8617 = ORIENTED_EDGE('',*,*,#8618,.T.);
#8618 = EDGE_CURVE('',#8596,#8619,#8621,.T.);
#8619 = VERTEX_POINT('',#8620);
#8620 = CARTESIAN_POINT('',(-7.117911841991,17.18415930471,7.));
#8621 = SURFACE_CURVE('',#8622,(#8627,#8634),.PCURVE_S1.);
#8622 = CIRCLE('',#8623,18.6);
#8623 = AXIS2_PLACEMENT_3D('',#8624,#8625,#8626);
#8624 = CARTESIAN_POINT('',(0.,0.,7.));
#8625 = DIRECTION('',(0.,0.,1.));
#8626 = DIRECTION('',(1.,0.,0.));
#8627 = PCURVE('',#100,#8628);
#8628 = DEFINITIONAL_REPRESENTATION('',(#8629),#8633);
#8629 = CIRCLE('',#8630,18.6);
#8630 = AXIS2_PLACEMENT_2D('',#8631,#8632);
#8631 = CARTESIAN_POINT('',(5.881462935653E-16,7.592810154714E-16));
#8632 = DIRECTION('',(1.,0.));
#8633 = ( GEOMETRIC_REPRESENTATION_CONTEXT(2) 
PARAMETRIC_REPRESENTATION_CONTEXT() REPRESENTATION_CONTEXT('2D SPACE',''
  ) );
#8634 = PCURVE('',#2180,#8635);
#8635 = DEFINITIONAL_REPRESENTATION('',(#8636),#8640);
#8636 = LINE('',#8637,#8638);
#8637 = CARTESIAN_POINT('',(-0.,-7.));
#8638 = VECTOR('',#8639,1.);
#8639 = DIRECTION('',(-1.,0.));
#8640 = ( GEOMETRIC_REPRESENTATION_CONTEXT(2) 
PARAMETRIC_REPRESENTATION_CONTEXT() REPRESENTATION_CONTEXT('2D SPACE',''
  ) );
#8641 = ORIENTED_EDGE('',*,*,#8642,.F.);
#8642 = EDGE_CURVE('',#8643,#8619,#8645,.T.);
#8643 = VERTEX_POINT('',#8644);
#8644 = CARTESIAN_POINT('',(-6.271224747883,15.140075839029,7.));
#8645 = SURFACE_CURVE('',#8646,(#8650,#8657),.PCURVE_S1.);
#8646 = LINE('',#8647,#8648);
#8647 = CARTESIAN_POINT('',(-6.271224747883,15.140075839029,7.));
#8648 = VECTOR('',#8649,1.);
#8649 = DIRECTION('',(-0.382683432365,0.923879532511,0.));
#8650 = PCURVE('',#100,#8651);
#8651 = DEFINITIONAL_REPRESENTATION('',(#8652),#8656);
#8652 = LINE('',#8653,#8654);
#8653 = CARTESIAN_POINT('',(-6.271224747883,15.140075839029));
#8654 = VECTOR('',#8655,1.);
#8655 = DIRECTION('',(-0.382683432365,0.923879532511));
#8656 = ( GEOMETRIC_REPRESENTATION_CONTEXT(2) 
PARAMETRIC_REPRESENTATION_CONTEXT() REPRESENTATION_CONTEXT('2D SPACE',''
  ) );
#8657 = PCURVE('',#2208,#8658);
#8658 = DEFINITIONAL_REPRESENTATION('',(#8659),#8663);
#8659 = LINE('',#8660,#8661);
#8660 = CARTESIAN_POINT('',(0.,-7.));
#8661 = VECTOR('',#8662,1.);
#8662 = DIRECTION('',(1.,0.));
#8663 = ( GEOMETRIC_REPRESENTATION_CONTEXT(2) 
PARAMETRIC_REPRESENTATION_CONTEXT() REPRESENTATION_CONTEXT('2D SPACE',''
  ) );
#8664 = ORIENTED_EDGE('',*,*,#8665,.F.);
#8665 = EDGE_CURVE('',#8666,#8643,#8668,.T.);
#8666 = VERTEX_POINT('',#8667);
#8667 = CARTESIAN_POINT('',(-7.055000598946,14.791116347283,7.));
#8668 = SURFACE_CURVE('',#8669,(#8673,#8680),.PCURVE_S1.);
#8669 = LINE('',#8670,#8671);
#8670 = CARTESIAN_POINT('',(-7.055000598946,14.791116347283,7.));
#8671 = VECTOR('',#8672,1.);
#8672 = DIRECTION('',(0.913545457643,0.406736643076,0.));
#8673 = PCURVE('',#100,#8674);
#8674 = DEFINITIONAL_REPRESENTATION('',(#8675),#8679);
#8675 = LINE('',#8676,#8677);
#8676 = CARTESIAN_POINT('',(-7.055000598946,14.791116347283));
#8677 = VECTOR('',#8678,1.);
#8678 = DIRECTION('',(0.913545457643,0.406736643076));
#8679 = ( GEOMETRIC_REPRESENTATION_CONTEXT(2) 
PARAMETRIC_REPRESENTATION_CONTEXT() REPRESENTATION_CONTEXT('2D SPACE',''
  ) );
#8680 = PCURVE('',#2236,#8681);
#8681 = DEFINITIONAL_REPRESENTATION('',(#8682),#8686);
#8682 = LINE('',#8683,#8684);
#8683 = CARTESIAN_POINT('',(0.,-7.));
#8684 = VECTOR('',#8685,1.);
#8685 = DIRECTION('',(1.,0.));
#8686 = ( GEOMETRIC_REPRESENTATION_CONTEXT(2) 
PARAMETRIC_REPRESENTATION_CONTEXT() REPRESENTATION_CONTEXT('2D SPACE',''
  ) );
#8687 = ORIENTED_EDGE('',*,*,#8688,.F.);
#8688 = EDGE_CURVE('',#8689,#8666,#8691,.T.);
#8689 = VERTEX_POINT('',#8690);
#8690 = CARTESIAN_POINT('',(-8.007506400634,16.788086288907,7.));
#8691 = SURFACE_CURVE('',#8692,(#8696,#8703),.PCURVE_S1.);
#8692 = LINE('',#8693,#8694);
#8693 = CARTESIAN_POINT('',(-8.808257040698,18.466894917798,7.));
#8694 = VECTOR('',#8695,1.);
#8695 = DIRECTION('',(0.430511096808,-0.90258528435,0.));
#8696 = PCURVE('',#100,#8697);
#8697 = DEFINITIONAL_REPRESENTATION('',(#8698),#8702);
#8698 = LINE('',#8699,#8700);
#8699 = CARTESIAN_POINT('',(-8.808257040698,18.466894917798));
#8700 = VECTOR('',#8701,1.);
#8701 = DIRECTION('',(0.430511096808,-0.90258528435));
#8702 = ( GEOMETRIC_REPRESENTATION_CONTEXT(2) 
PARAMETRIC_REPRESENTATION_CONTEXT() REPRESENTATION_CONTEXT('2D SPACE',''
  ) );
#8703 = PCURVE('',#2264,#8704);
#8704 = DEFINITIONAL_REPRESENTATION('',(#8705),#8709);
#8705 = LINE('',#8706,#8707);
#8706 = CARTESIAN_POINT('',(0.,-7.));
#8707 = VECTOR('',#8708,1.);
#8708 = DIRECTION('',(1.,0.));
#8709 = ( GEOMETRIC_REPRESENTATION_CONTEXT(2) 
PARAMETRIC_REPRESENTATION_CONTEXT() REPRESENTATION_CONTEXT('2D SPACE',''
  ) );
#8710 = ORIENTED_EDGE('',*,*,#8711,.T.);
#8711 = EDGE_CURVE('',#8689,#8712,#8714,.T.);
#8712 = VERTEX_POINT('',#8713);
#8713 = CARTESIAN_POINT('',(-8.875152940828,16.345998295513,7.));
#8714 = SURFACE_CURVE('',#8715,(#8720,#8727),.PCURVE_S1.);
#8715 = CIRCLE('',#8716,18.6);
#8716 = AXIS2_PLACEMENT_3D('',#8717,#8718,#8719);
#8717 = CARTESIAN_POINT('',(0.,0.,7.));
#8718 = DIRECTION('',(0.,0.,1.));
#8719 = DIRECTION('',(1.,0.,0.));
#8720 = PCURVE('',#100,#8721);
#8721 = DEFINITIONAL_REPRESENTATION('',(#8722),#8726);
#8722 = CIRCLE('',#8723,18.6);
#8723 = AXIS2_PLACEMENT_2D('',#8724,#8725);
#8724 = CARTESIAN_POINT('',(5.881462935653E-16,7.592810154714E-16));
#8725 = DIRECTION('',(1.,0.));
#8726 = ( GEOMETRIC_REPRESENTATION_CONTEXT(2) 
PARAMETRIC_REPRESENTATION_CONTEXT() REPRESENTATION_CONTEXT('2D SPACE',''
  ) );
#8727 = PCURVE('',#2293,#8728);
#8728 = DEFINITIONAL_REPRESENTATION('',(#8729),#8733);
#8729 = LINE('',#8730,#8731);
#8730 = CARTESIAN_POINT('',(-0.,-7.));
#8731 = VECTOR('',#8732,1.);
#8732 = DIRECTION('',(-1.,0.));
#8733 = ( GEOMETRIC_REPRESENTATION_CONTEXT(2) 
PARAMETRIC_REPRESENTATION_CONTEXT() REPRESENTATION_CONTEXT('2D SPACE',''
  ) );
#8734 = ORIENTED_EDGE('',*,*,#8735,.F.);
#8735 = EDGE_CURVE('',#8736,#8712,#8738,.T.);
#8736 = VERTEX_POINT('',#8737);
#8737 = CARTESIAN_POINT('',(-7.819439183754,14.401615433748,7.));
#8738 = SURFACE_CURVE('',#8739,(#8743,#8750),.PCURVE_S1.);
#8739 = LINE('',#8740,#8741);
#8740 = CARTESIAN_POINT('',(-7.819439183754,14.401615433748,7.));
#8741 = VECTOR('',#8742,1.);
#8742 = DIRECTION('',(-0.47715876026,0.878817112662,0.));
#8743 = PCURVE('',#100,#8744);
#8744 = DEFINITIONAL_REPRESENTATION('',(#8745),#8749);
#8745 = LINE('',#8746,#8747);
#8746 = CARTESIAN_POINT('',(-7.819439183754,14.401615433748));
#8747 = VECTOR('',#8748,1.);
#8748 = DIRECTION('',(-0.47715876026,0.878817112662));
#8749 = ( GEOMETRIC_REPRESENTATION_CONTEXT(2) 
PARAMETRIC_REPRESENTATION_CONTEXT() REPRESENTATION_CONTEXT('2D SPACE',''
  ) );
#8750 = PCURVE('',#2321,#8751);
#8751 = DEFINITIONAL_REPRESENTATION('',(#8752),#8756);
#8752 = LINE('',#8753,#8754);
#8753 = CARTESIAN_POINT('',(0.,-7.));
#8754 = VECTOR('',#8755,1.);
#8755 = DIRECTION('',(1.,0.));
#8756 = ( GEOMETRIC_REPRESENTATION_CONTEXT(2) 
PARAMETRIC_REPRESENTATION_CONTEXT() REPRESENTATION_CONTEXT('2D SPACE',''
  ) );
#8757 = ORIENTED_EDGE('',*,*,#8758,.F.);
#8758 = EDGE_CURVE('',#8759,#8736,#8761,.T.);
#8759 = VERTEX_POINT('',#8760);
#8760 = CARTESIAN_POINT('',(-8.562445229283,13.972640693353,7.));
#8761 = SURFACE_CURVE('',#8762,(#8766,#8773),.PCURVE_S1.);
#8762 = LINE('',#8763,#8764);
#8763 = CARTESIAN_POINT('',(-8.562445229283,13.972640693353,7.));
#8764 = VECTOR('',#8765,1.);
#8765 = DIRECTION('',(0.866025403784,0.5,0.));
#8766 = PCURVE('',#100,#8767);
#8767 = DEFINITIONAL_REPRESENTATION('',(#8768),#8772);
#8768 = LINE('',#8769,#8770);
#8769 = CARTESIAN_POINT('',(-8.562445229283,13.972640693353));
#8770 = VECTOR('',#8771,1.);
#8771 = DIRECTION('',(0.866025403784,0.5));
#8772 = ( GEOMETRIC_REPRESENTATION_CONTEXT(2) 
PARAMETRIC_REPRESENTATION_CONTEXT() REPRESENTATION_CONTEXT('2D SPACE',''
  ) );
#8773 = PCURVE('',#2349,#8774);
#8774 = DEFINITIONAL_REPRESENTATION('',(#8775),#8779);
#8775 = LINE('',#8776,#8777);
#8776 = CARTESIAN_POINT('',(0.,-7.));
#8777 = VECTOR('',#8778,1.);
#8778 = DIRECTION('',(1.,0.));
#8779 = ( GEOMETRIC_REPRESENTATION_CONTEXT(2) 
PARAMETRIC_REPRESENTATION_CONTEXT() REPRESENTATION_CONTEXT('2D SPACE',''
  ) );
#8780 = ORIENTED_EDGE('',*,*,#8781,.F.);
#8781 = EDGE_CURVE('',#8782,#8759,#8784,.T.);
#8782 = VERTEX_POINT('',#8783);
#8783 = CARTESIAN_POINT('',(-9.718473303717,15.859107056986,7.));
#8784 = SURFACE_CURVE('',#8785,(#8789,#8796),.PCURVE_S1.);
#8785 = LINE('',#8786,#8787);
#8786 = CARTESIAN_POINT('',(-10.69032063408,17.445017762685,7.));
#8787 = VECTOR('',#8788,1.);
#8788 = DIRECTION('',(0.522498564716,-0.852640164354,0.));
#8789 = PCURVE('',#100,#8790);
#8790 = DEFINITIONAL_REPRESENTATION('',(#8791),#8795);
#8791 = LINE('',#8792,#8793);
#8792 = CARTESIAN_POINT('',(-10.69032063408,17.445017762685));
#8793 = VECTOR('',#8794,1.);
#8794 = DIRECTION('',(0.522498564716,-0.852640164354));
#8795 = ( GEOMETRIC_REPRESENTATION_CONTEXT(2) 
PARAMETRIC_REPRESENTATION_CONTEXT() REPRESENTATION_CONTEXT('2D SPACE',''
  ) );
#8796 = PCURVE('',#2377,#8797);
#8797 = DEFINITIONAL_REPRESENTATION('',(#8798),#8802);
#8798 = LINE('',#8799,#8800);
#8799 = CARTESIAN_POINT('',(0.,-7.));
#8800 = VECTOR('',#8801,1.);
#8801 = DIRECTION('',(1.,0.));
#8802 = ( GEOMETRIC_REPRESENTATION_CONTEXT(2) 
PARAMETRIC_REPRESENTATION_CONTEXT() REPRESENTATION_CONTEXT('2D SPACE',''
  ) );
#8803 = ORIENTED_EDGE('',*,*,#8804,.T.);
#8804 = EDGE_CURVE('',#8782,#8805,#8807,.T.);
#8805 = VERTEX_POINT('',#8806);
#8806 = CARTESIAN_POINT('',(-10.5351560068,15.32874710837,7.));
#8807 = SURFACE_CURVE('',#8808,(#8813,#8820),.PCURVE_S1.);
#8808 = CIRCLE('',#8809,18.6);
#8809 = AXIS2_PLACEMENT_3D('',#8810,#8811,#8812);
#8810 = CARTESIAN_POINT('',(0.,0.,7.));
#8811 = DIRECTION('',(0.,0.,1.));
#8812 = DIRECTION('',(1.,0.,0.));
#8813 = PCURVE('',#100,#8814);
#8814 = DEFINITIONAL_REPRESENTATION('',(#8815),#8819);
#8815 = CIRCLE('',#8816,18.6);
#8816 = AXIS2_PLACEMENT_2D('',#8817,#8818);
#8817 = CARTESIAN_POINT('',(5.881462935653E-16,7.592810154714E-16));
#8818 = DIRECTION('',(1.,0.));
#8819 = ( GEOMETRIC_REPRESENTATION_CONTEXT(2) 
PARAMETRIC_REPRESENTATION_CONTEXT() REPRESENTATION_CONTEXT('2D SPACE',''
  ) );
#8820 = PCURVE('',#2406,#8821);
#8821 = DEFINITIONAL_REPRESENTATION('',(#8822),#8826);
#8822 = LINE('',#8823,#8824);
#8823 = CARTESIAN_POINT('',(-0.,-7.));
#8824 = VECTOR('',#8825,1.);
#8825 = DIRECTION('',(-1.,0.));
#8826 = ( GEOMETRIC_REPRESENTATION_CONTEXT(2) 
PARAMETRIC_REPRESENTATION_CONTEXT() REPRESENTATION_CONTEXT('2D SPACE',''
  ) );
#8827 = ORIENTED_EDGE('',*,*,#8828,.F.);
#8828 = EDGE_CURVE('',#8829,#8805,#8831,.T.);
#8829 = VERTEX_POINT('',#8830);
#8830 = CARTESIAN_POINT('',(-9.281982207606,13.505367916043,7.));
#8831 = SURFACE_CURVE('',#8832,(#8836,#8843),.PCURVE_S1.);
#8832 = LINE('',#8833,#8834);
#8833 = CARTESIAN_POINT('',(-9.281982207606,13.505367916043,7.));
#8834 = VECTOR('',#8835,1.);
#8835 = DIRECTION('',(-0.566406236925,0.824126188622,0.));
#8836 = PCURVE('',#100,#8837);
#8837 = DEFINITIONAL_REPRESENTATION('',(#8838),#8842);
#8838 = LINE('',#8839,#8840);
#8839 = CARTESIAN_POINT('',(-9.281982207606,13.505367916043));
#8840 = VECTOR('',#8841,1.);
#8841 = DIRECTION('',(-0.566406236925,0.824126188622));
#8842 = ( GEOMETRIC_REPRESENTATION_CONTEXT(2) 
PARAMETRIC_REPRESENTATION_CONTEXT() REPRESENTATION_CONTEXT('2D SPACE',''
  ) );
#8843 = PCURVE('',#2434,#8844);
#8844 = DEFINITIONAL_REPRESENTATION('',(#8845),#8849);
#8845 = LINE('',#8846,#8847);
#8846 = CARTESIAN_POINT('',(0.,-7.));
#8847 = VECTOR('',#8848,1.);
#8848 = DIRECTION('',(1.,0.));
#8849 = ( GEOMETRIC_REPRESENTATION_CONTEXT(2) 
PARAMETRIC_REPRESENTATION_CONTEXT() REPRESENTATION_CONTEXT('2D SPACE',''
  ) );
#8850 = ORIENTED_EDGE('',*,*,#8851,.F.);
#8851 = EDGE_CURVE('',#8852,#8829,#8854,.T.);
#8852 = VERTEX_POINT('',#8853);
#8853 = CARTESIAN_POINT('',(-9.97607791788,13.001077864023,7.));
#8854 = SURFACE_CURVE('',#8855,(#8859,#8866),.PCURVE_S1.);
#8855 = LINE('',#8856,#8857);
#8856 = CARTESIAN_POINT('',(-9.97607791788,13.001077864023,7.));
#8857 = VECTOR('',#8858,1.);
#8858 = DIRECTION('',(0.809016994375,0.587785252292,0.));
#8859 = PCURVE('',#100,#8860);
#8860 = DEFINITIONAL_REPRESENTATION('',(#8861),#8865);
#8861 = LINE('',#8862,#8863);
#8862 = CARTESIAN_POINT('',(-9.97607791788,13.001077864023));
#8863 = VECTOR('',#8864,1.);
#8864 = DIRECTION('',(0.809016994375,0.587785252292));
#8865 = ( GEOMETRIC_REPRESENTATION_CONTEXT(2) 
PARAMETRIC_REPRESENTATION_CONTEXT() REPRESENTATION_CONTEXT('2D SPACE',''
  ) );
#8866 = PCURVE('',#2462,#8867);
#8867 = DEFINITIONAL_REPRESENTATION('',(#8868),#8872);
#8868 = LINE('',#8869,#8870);
#8869 = CARTESIAN_POINT('',(0.,-7.));
#8870 = VECTOR('',#8871,1.);
#8871 = DIRECTION('',(1.,0.));
#8872 = ( GEOMETRIC_REPRESENTATION_CONTEXT(2) 
PARAMETRIC_REPRESENTATION_CONTEXT() REPRESENTATION_CONTEXT('2D SPACE',''
  ) );
#8873 = ORIENTED_EDGE('',*,*,#8874,.F.);
#8874 = EDGE_CURVE('',#8875,#8852,#8877,.T.);
#8875 = VERTEX_POINT('',#8876);
#8876 = CARTESIAN_POINT('',(-11.32296257956,14.756372129417,7.));
#8877 = SURFACE_CURVE('',#8878,(#8882,#8889),.PCURVE_S1.);
#8878 = LINE('',#8879,#8880);
#8879 = CARTESIAN_POINT('',(-12.45525883751,16.232009342359,7.));
#8880 = VECTOR('',#8881,1.);
#8881 = DIRECTION('',(0.608761429009,-0.793353340291,0.));
#8882 = PCURVE('',#100,#8883);
#8883 = DEFINITIONAL_REPRESENTATION('',(#8884),#8888);
#8884 = LINE('',#8885,#8886);
#8885 = CARTESIAN_POINT('',(-12.45525883751,16.232009342359));
#8886 = VECTOR('',#8887,1.);
#8887 = DIRECTION('',(0.608761429009,-0.793353340291));
#8888 = ( GEOMETRIC_REPRESENTATION_CONTEXT(2) 
PARAMETRIC_REPRESENTATION_CONTEXT() REPRESENTATION_CONTEXT('2D SPACE',''
  ) );
#8889 = PCURVE('',#2490,#8890);
#8890 = DEFINITIONAL_REPRESENTATION('',(#8891),#8895);
#8891 = LINE('',#8892,#8893);
#8892 = CARTESIAN_POINT('',(0.,-7.));
#8893 = VECTOR('',#8894,1.);
#8894 = DIRECTION('',(1.,0.));
#8895 = ( GEOMETRIC_REPRESENTATION_CONTEXT(2) 
PARAMETRIC_REPRESENTATION_CONTEXT() REPRESENTATION_CONTEXT('2D SPACE',''
  ) );
#8896 = ORIENTED_EDGE('',*,*,#8897,.T.);
#8897 = EDGE_CURVE('',#8875,#8898,#8900,.T.);
#8898 = VERTEX_POINT('',#8899);
#8899 = CARTESIAN_POINT('',(-12.07973369894,14.14355096016,7.));
#8900 = SURFACE_CURVE('',#8901,(#8906,#8913),.PCURVE_S1.);
#8901 = CIRCLE('',#8902,18.6);
#8902 = AXIS2_PLACEMENT_3D('',#8903,#8904,#8905);
#8903 = CARTESIAN_POINT('',(0.,0.,7.));
#8904 = DIRECTION('',(0.,0.,1.));
#8905 = DIRECTION('',(1.,0.,0.));
#8906 = PCURVE('',#100,#8907);
#8907 = DEFINITIONAL_REPRESENTATION('',(#8908),#8912);
#8908 = CIRCLE('',#8909,18.6);
#8909 = AXIS2_PLACEMENT_2D('',#8910,#8911);
#8910 = CARTESIAN_POINT('',(5.881462935653E-16,7.592810154714E-16));
#8911 = DIRECTION('',(1.,0.));
#8912 = ( GEOMETRIC_REPRESENTATION_CONTEXT(2) 
PARAMETRIC_REPRESENTATION_CONTEXT() REPRESENTATION_CONTEXT('2D SPACE',''
  ) );
#8913 = PCURVE('',#2519,#8914);
#8914 = DEFINITIONAL_REPRESENTATION('',(#8915),#8919);
#8915 = LINE('',#8916,#8917);
#8916 = CARTESIAN_POINT('',(-0.,-7.));
#8917 = VECTOR('',#8918,1.);
#8918 = DIRECTION('',(-1.,0.));
#8919 = ( GEOMETRIC_REPRESENTATION_CONTEXT(2) 
PARAMETRIC_REPRESENTATION_CONTEXT() REPRESENTATION_CONTEXT('2D SPACE',''
  ) );
#8920 = ORIENTED_EDGE('',*,*,#8921,.F.);
#8921 = EDGE_CURVE('',#8922,#8898,#8924,.T.);
#8922 = VERTEX_POINT('',#8923);
#8923 = CARTESIAN_POINT('',(-10.64282989201,12.461152761271,7.));
#8924 = SURFACE_CURVE('',#8925,(#8929,#8936),.PCURVE_S1.);
#8925 = LINE('',#8926,#8927);
#8926 = CARTESIAN_POINT('',(-10.64282989201,12.461152761271,7.));
#8927 = VECTOR('',#8928,1.);
#8928 = DIRECTION('',(-0.64944804833,0.7604059656,0.));
#8929 = PCURVE('',#100,#8930);
#8930 = DEFINITIONAL_REPRESENTATION('',(#8931),#8935);
#8931 = LINE('',#8932,#8933);
#8932 = CARTESIAN_POINT('',(-10.64282989201,12.461152761271));
#8933 = VECTOR('',#8934,1.);
#8934 = DIRECTION('',(-0.64944804833,0.7604059656));
#8935 = ( GEOMETRIC_REPRESENTATION_CONTEXT(2) 
PARAMETRIC_REPRESENTATION_CONTEXT() REPRESENTATION_CONTEXT('2D SPACE',''
  ) );
#8936 = PCURVE('',#2547,#8937);
#8937 = DEFINITIONAL_REPRESENTATION('',(#8938),#8942);
#8938 = LINE('',#8939,#8940);
#8939 = CARTESIAN_POINT('',(0.,-7.));
#8940 = VECTOR('',#8941,1.);
#8941 = DIRECTION('',(1.,0.));
#8942 = ( GEOMETRIC_REPRESENTATION_CONTEXT(2) 
PARAMETRIC_REPRESENTATION_CONTEXT() REPRESENTATION_CONTEXT('2D SPACE',''
  ) );
#8943 = ORIENTED_EDGE('',*,*,#8944,.F.);
#8944 = EDGE_CURVE('',#8945,#8922,#8947,.T.);
#8945 = VERTEX_POINT('',#8946);
#8946 = CARTESIAN_POINT('',(-11.28041060918,11.887072504964,7.));
#8947 = SURFACE_CURVE('',#8948,(#8952,#8959),.PCURVE_S1.);
#8948 = LINE('',#8949,#8950);
#8949 = CARTESIAN_POINT('',(-11.28041060918,11.887072504964,7.));
#8950 = VECTOR('',#8951,1.);
#8951 = DIRECTION('',(0.743144825477,0.669130606359,0.));
#8952 = PCURVE('',#100,#8953);
#8953 = DEFINITIONAL_REPRESENTATION('',(#8954),#8958);
#8954 = LINE('',#8955,#8956);
#8955 = CARTESIAN_POINT('',(-11.28041060918,11.887072504964));
#8956 = VECTOR('',#8957,1.);
#8957 = DIRECTION('',(0.743144825477,0.669130606359));
#8958 = ( GEOMETRIC_REPRESENTATION_CONTEXT(2) 
PARAMETRIC_REPRESENTATION_CONTEXT() REPRESENTATION_CONTEXT('2D SPACE',''
  ) );
#8959 = PCURVE('',#2575,#8960);
#8960 = DEFINITIONAL_REPRESENTATION('',(#8961),#8965);
#8961 = LINE('',#8962,#8963);
#8962 = CARTESIAN_POINT('',(0.,-7.));
#8963 = VECTOR('',#8964,1.);
#8964 = DIRECTION('',(1.,0.));
#8965 = ( GEOMETRIC_REPRESENTATION_CONTEXT(2) 
PARAMETRIC_REPRESENTATION_CONTEXT() REPRESENTATION_CONTEXT('2D SPACE',''
  ) );
#8966 = ORIENTED_EDGE('',*,*,#8967,.F.);
#8967 = EDGE_CURVE('',#8968,#8945,#8970,.T.);
#8968 = VERTEX_POINT('',#8969);
#8969 = CARTESIAN_POINT('',(-12.8033951079,13.491963300828,7.));
#8970 = SURFACE_CURVE('',#8971,(#8975,#8982),.PCURVE_S1.);
#8971 = LINE('',#8972,#8973);
#8972 = CARTESIAN_POINT('',(-14.08373461869,14.841159630911,7.));
#8973 = VECTOR('',#8974,1.);
#8974 = DIRECTION('',(0.688354575694,-0.725374371012,0.));
#8975 = PCURVE('',#100,#8976);
#8976 = DEFINITIONAL_REPRESENTATION('',(#8977),#8981);
#8977 = LINE('',#8978,#8979);
#8978 = CARTESIAN_POINT('',(-14.08373461869,14.841159630911));
#8979 = VECTOR('',#8980,1.);
#8980 = DIRECTION('',(0.688354575694,-0.725374371012));
#8981 = ( GEOMETRIC_REPRESENTATION_CONTEXT(2) 
PARAMETRIC_REPRESENTATION_CONTEXT() REPRESENTATION_CONTEXT('2D SPACE',''
  ) );
#8982 = PCURVE('',#2603,#8983);
#8983 = DEFINITIONAL_REPRESENTATION('',(#8984),#8988);
#8984 = LINE('',#8985,#8986);
#8985 = CARTESIAN_POINT('',(0.,-7.));
#8986 = VECTOR('',#8987,1.);
#8987 = DIRECTION('',(1.,0.));
#8988 = ( GEOMETRIC_REPRESENTATION_CONTEXT(2) 
PARAMETRIC_REPRESENTATION_CONTEXT() REPRESENTATION_CONTEXT('2D SPACE',''
  ) );
#8989 = ORIENTED_EDGE('',*,*,#8990,.T.);
#8990 = EDGE_CURVE('',#8968,#8991,#8993,.T.);
#8991 = VERTEX_POINT('',#8992);
#8992 = CARTESIAN_POINT('',(-13.49196330082,12.803395107904,7.));
#8993 = SURFACE_CURVE('',#8994,(#8999,#9006),.PCURVE_S1.);
#8994 = CIRCLE('',#8995,18.6);
#8995 = AXIS2_PLACEMENT_3D('',#8996,#8997,#8998);
#8996 = CARTESIAN_POINT('',(0.,0.,7.));
#8997 = DIRECTION('',(0.,0.,1.));
#8998 = DIRECTION('',(1.,0.,0.));
#8999 = PCURVE('',#100,#9000);
#9000 = DEFINITIONAL_REPRESENTATION('',(#9001),#9005);
#9001 = CIRCLE('',#9002,18.6);
#9002 = AXIS2_PLACEMENT_2D('',#9003,#9004);
#9003 = CARTESIAN_POINT('',(5.881462935653E-16,7.592810154714E-16));
#9004 = DIRECTION('',(1.,0.));
#9005 = ( GEOMETRIC_REPRESENTATION_CONTEXT(2) 
PARAMETRIC_REPRESENTATION_CONTEXT() REPRESENTATION_CONTEXT('2D SPACE',''
  ) );
#9006 = PCURVE('',#2632,#9007);
#9007 = DEFINITIONAL_REPRESENTATION('',(#9008),#9012);
#9008 = LINE('',#9009,#9010);
#9009 = CARTESIAN_POINT('',(-0.,-7.));
#9010 = VECTOR('',#9011,1.);
#9011 = DIRECTION('',(-1.,0.));
#9012 = ( GEOMETRIC_REPRESENTATION_CONTEXT(2) 
PARAMETRIC_REPRESENTATION_CONTEXT() REPRESENTATION_CONTEXT('2D SPACE',''
  ) );
#9013 = ORIENTED_EDGE('',*,*,#9014,.F.);
#9014 = EDGE_CURVE('',#9015,#8991,#9017,.T.);
#9015 = VERTEX_POINT('',#9016);
#9016 = CARTESIAN_POINT('',(-11.88707250496,11.280410609181,7.));
#9017 = SURFACE_CURVE('',#9018,(#9022,#9029),.PCURVE_S1.);
#9018 = LINE('',#9019,#9020);
#9019 = CARTESIAN_POINT('',(-11.88707250496,11.280410609181,7.));
#9020 = VECTOR('',#9021,1.);
#9021 = DIRECTION('',(-0.725374371012,0.688354575694,0.));
#9022 = PCURVE('',#100,#9023);
#9023 = DEFINITIONAL_REPRESENTATION('',(#9024),#9028);
#9024 = LINE('',#9025,#9026);
#9025 = CARTESIAN_POINT('',(-11.88707250496,11.280410609181));
#9026 = VECTOR('',#9027,1.);
#9027 = DIRECTION('',(-0.725374371012,0.688354575694));
#9028 = ( GEOMETRIC_REPRESENTATION_CONTEXT(2) 
PARAMETRIC_REPRESENTATION_CONTEXT() REPRESENTATION_CONTEXT('2D SPACE',''
  ) );
#9029 = PCURVE('',#2660,#9030);
#9030 = DEFINITIONAL_REPRESENTATION('',(#9031),#9035);
#9031 = LINE('',#9032,#9033);
#9032 = CARTESIAN_POINT('',(0.,-7.));
#9033 = VECTOR('',#9034,1.);
#9034 = DIRECTION('',(1.,0.));
#9035 = ( GEOMETRIC_REPRESENTATION_CONTEXT(2) 
PARAMETRIC_REPRESENTATION_CONTEXT() REPRESENTATION_CONTEXT('2D SPACE',''
  ) );
#9036 = ORIENTED_EDGE('',*,*,#9037,.F.);
#9037 = EDGE_CURVE('',#9038,#9015,#9040,.T.);
#9038 = VERTEX_POINT('',#9039);
#9039 = CARTESIAN_POINT('',(-12.46115276127,10.642829892011,7.));
#9040 = SURFACE_CURVE('',#9041,(#9045,#9052),.PCURVE_S1.);
#9041 = LINE('',#9042,#9043);
#9042 = CARTESIAN_POINT('',(-12.46115276127,10.642829892011,7.));
#9043 = VECTOR('',#9044,1.);
#9044 = DIRECTION('',(0.669130606359,0.743144825477,0.));
#9045 = PCURVE('',#100,#9046);
#9046 = DEFINITIONAL_REPRESENTATION('',(#9047),#9051);
#9047 = LINE('',#9048,#9049);
#9048 = CARTESIAN_POINT('',(-12.46115276127,10.642829892011));
#9049 = VECTOR('',#9050,1.);
#9050 = DIRECTION('',(0.669130606359,0.743144825477));
#9051 = ( GEOMETRIC_REPRESENTATION_CONTEXT(2) 
PARAMETRIC_REPRESENTATION_CONTEXT() REPRESENTATION_CONTEXT('2D SPACE',''
  ) );
#9052 = PCURVE('',#2688,#9053);
#9053 = DEFINITIONAL_REPRESENTATION('',(#9054),#9058);
#9054 = LINE('',#9055,#9056);
#9055 = CARTESIAN_POINT('',(0.,-7.));
#9056 = VECTOR('',#9057,1.);
#9057 = DIRECTION('',(1.,0.));
#9058 = ( GEOMETRIC_REPRESENTATION_CONTEXT(2) 
PARAMETRIC_REPRESENTATION_CONTEXT() REPRESENTATION_CONTEXT('2D SPACE',''
  ) );
#9059 = ORIENTED_EDGE('',*,*,#9060,.F.);
#9060 = EDGE_CURVE('',#9061,#9038,#9063,.T.);
#9061 = VERTEX_POINT('',#9062);
#9062 = CARTESIAN_POINT('',(-14.14355096016,12.079733698941,7.));
#9063 = SURFACE_CURVE('',#9064,(#9068,#9075),.PCURVE_S1.);
#9064 = LINE('',#9065,#9066);
#9065 = CARTESIAN_POINT('',(-15.55790605617,13.287707068836,7.));
#9066 = VECTOR('',#9067,1.);
#9067 = DIRECTION('',(0.7604059656,-0.64944804833,0.));
#9068 = PCURVE('',#100,#9069);
#9069 = DEFINITIONAL_REPRESENTATION('',(#9070),#9074);
#9070 = LINE('',#9071,#9072);
#9071 = CARTESIAN_POINT('',(-15.55790605617,13.287707068836));
#9072 = VECTOR('',#9073,1.);
#9073 = DIRECTION('',(0.7604059656,-0.64944804833));
#9074 = ( GEOMETRIC_REPRESENTATION_CONTEXT(2) 
PARAMETRIC_REPRESENTATION_CONTEXT() REPRESENTATION_CONTEXT('2D SPACE',''
  ) );
#9075 = PCURVE('',#2716,#9076);
#9076 = DEFINITIONAL_REPRESENTATION('',(#9077),#9081);
#9077 = LINE('',#9078,#9079);
#9078 = CARTESIAN_POINT('',(0.,-7.));
#9079 = VECTOR('',#9080,1.);
#9080 = DIRECTION('',(1.,0.));
#9081 = ( GEOMETRIC_REPRESENTATION_CONTEXT(2) 
PARAMETRIC_REPRESENTATION_CONTEXT() REPRESENTATION_CONTEXT('2D SPACE',''
  ) );
#9082 = ORIENTED_EDGE('',*,*,#9083,.T.);
#9083 = EDGE_CURVE('',#9061,#9084,#9086,.T.);
#9084 = VERTEX_POINT('',#9085);
#9085 = CARTESIAN_POINT('',(-14.75637212941,11.322962579562,7.));
#9086 = SURFACE_CURVE('',#9087,(#9092,#9099),.PCURVE_S1.);
#9087 = CIRCLE('',#9088,18.6);
#9088 = AXIS2_PLACEMENT_3D('',#9089,#9090,#9091);
#9089 = CARTESIAN_POINT('',(0.,0.,7.));
#9090 = DIRECTION('',(0.,0.,1.));
#9091 = DIRECTION('',(1.,0.,0.));
#9092 = PCURVE('',#100,#9093);
#9093 = DEFINITIONAL_REPRESENTATION('',(#9094),#9098);
#9094 = CIRCLE('',#9095,18.6);
#9095 = AXIS2_PLACEMENT_2D('',#9096,#9097);
#9096 = CARTESIAN_POINT('',(5.881462935653E-16,7.592810154714E-16));
#9097 = DIRECTION('',(1.,0.));
#9098 = ( GEOMETRIC_REPRESENTATION_CONTEXT(2) 
PARAMETRIC_REPRESENTATION_CONTEXT() REPRESENTATION_CONTEXT('2D SPACE',''
  ) );
#9099 = PCURVE('',#2745,#9100);
#9100 = DEFINITIONAL_REPRESENTATION('',(#9101),#9105);
#9101 = LINE('',#9102,#9103);
#9102 = CARTESIAN_POINT('',(-0.,-7.));
#9103 = VECTOR('',#9104,1.);
#9104 = DIRECTION('',(-1.,0.));
#9105 = ( GEOMETRIC_REPRESENTATION_CONTEXT(2) 
PARAMETRIC_REPRESENTATION_CONTEXT() REPRESENTATION_CONTEXT('2D SPACE',''
  ) );
#9106 = ORIENTED_EDGE('',*,*,#9107,.F.);
#9107 = EDGE_CURVE('',#9108,#9084,#9110,.T.);
#9108 = VERTEX_POINT('',#9109);
#9109 = CARTESIAN_POINT('',(-13.00107786402,9.97607791788,7.));
#9110 = SURFACE_CURVE('',#9111,(#9115,#9122),.PCURVE_S1.);
#9111 = LINE('',#9112,#9113);
#9112 = CARTESIAN_POINT('',(-13.00107786402,9.97607791788,7.));
#9113 = VECTOR('',#9114,1.);
#9114 = DIRECTION('',(-0.793353340291,0.608761429009,0.));
#9115 = PCURVE('',#100,#9116);
#9116 = DEFINITIONAL_REPRESENTATION('',(#9117),#9121);
#9117 = LINE('',#9118,#9119);
#9118 = CARTESIAN_POINT('',(-13.00107786402,9.97607791788));
#9119 = VECTOR('',#9120,1.);
#9120 = DIRECTION('',(-0.793353340291,0.608761429009));
#9121 = ( GEOMETRIC_REPRESENTATION_CONTEXT(2) 
PARAMETRIC_REPRESENTATION_CONTEXT() REPRESENTATION_CONTEXT('2D SPACE',''
  ) );
#9122 = PCURVE('',#2773,#9123);
#9123 = DEFINITIONAL_REPRESENTATION('',(#9124),#9128);
#9124 = LINE('',#9125,#9126);
#9125 = CARTESIAN_POINT('',(0.,-7.));
#9126 = VECTOR('',#9127,1.);
#9127 = DIRECTION('',(1.,0.));
#9128 = ( GEOMETRIC_REPRESENTATION_CONTEXT(2) 
PARAMETRIC_REPRESENTATION_CONTEXT() REPRESENTATION_CONTEXT('2D SPACE',''
  ) );
#9129 = ORIENTED_EDGE('',*,*,#9130,.F.);
#9130 = EDGE_CURVE('',#9131,#9108,#9133,.T.);
#9131 = VERTEX_POINT('',#9132);
#9132 = CARTESIAN_POINT('',(-13.50536791604,9.281982207606,7.));
#9133 = SURFACE_CURVE('',#9134,(#9138,#9145),.PCURVE_S1.);
#9134 = LINE('',#9135,#9136);
#9135 = CARTESIAN_POINT('',(-13.50536791604,9.281982207606,7.));
#9136 = VECTOR('',#9137,1.);
#9137 = DIRECTION('',(0.587785252292,0.809016994375,0.));
#9138 = PCURVE('',#100,#9139);
#9139 = DEFINITIONAL_REPRESENTATION('',(#9140),#9144);
#9140 = LINE('',#9141,#9142);
#9141 = CARTESIAN_POINT('',(-13.50536791604,9.281982207606));
#9142 = VECTOR('',#9143,1.);
#9143 = DIRECTION('',(0.587785252292,0.809016994375));
#9144 = ( GEOMETRIC_REPRESENTATION_CONTEXT(2) 
PARAMETRIC_REPRESENTATION_CONTEXT() REPRESENTATION_CONTEXT('2D SPACE',''
  ) );
#9145 = PCURVE('',#2801,#9146);
#9146 = DEFINITIONAL_REPRESENTATION('',(#9147),#9151);
#9147 = LINE('',#9148,#9149);
#9148 = CARTESIAN_POINT('',(0.,-7.));
#9149 = VECTOR('',#9150,1.);
#9150 = DIRECTION('',(1.,0.));
#9151 = ( GEOMETRIC_REPRESENTATION_CONTEXT(2) 
PARAMETRIC_REPRESENTATION_CONTEXT() REPRESENTATION_CONTEXT('2D SPACE',''
  ) );
#9152 = ORIENTED_EDGE('',*,*,#9153,.F.);
#9153 = EDGE_CURVE('',#9154,#9131,#9156,.T.);
#9154 = VERTEX_POINT('',#9155);
#9155 = CARTESIAN_POINT('',(-15.32874710837,10.535156006802,7.));
#9156 = SURFACE_CURVE('',#9157,(#9161,#9168),.PCURVE_S1.);
#9157 = LINE('',#9158,#9159);
#9158 = CARTESIAN_POINT('',(-16.8616218192,11.588671607482,7.));
#9159 = VECTOR('',#9160,1.);
#9160 = DIRECTION('',(0.824126188622,-0.566406236925,0.));
#9161 = PCURVE('',#100,#9162);
#9162 = DEFINITIONAL_REPRESENTATION('',(#9163),#9167);
#9163 = LINE('',#9164,#9165);
#9164 = CARTESIAN_POINT('',(-16.8616218192,11.588671607482));
#9165 = VECTOR('',#9166,1.);
#9166 = DIRECTION('',(0.824126188622,-0.566406236925));
#9167 = ( GEOMETRIC_REPRESENTATION_CONTEXT(2) 
PARAMETRIC_REPRESENTATION_CONTEXT() REPRESENTATION_CONTEXT('2D SPACE',''
  ) );
#9168 = PCURVE('',#2829,#9169);
#9169 = DEFINITIONAL_REPRESENTATION('',(#9170),#9174);
#9170 = LINE('',#9171,#9172);
#9171 = CARTESIAN_POINT('',(0.,-7.));
#9172 = VECTOR('',#9173,1.);
#9173 = DIRECTION('',(1.,0.));
#9174 = ( GEOMETRIC_REPRESENTATION_CONTEXT(2) 
PARAMETRIC_REPRESENTATION_CONTEXT() REPRESENTATION_CONTEXT('2D SPACE',''
  ) );
#9175 = ORIENTED_EDGE('',*,*,#9176,.T.);
#9176 = EDGE_CURVE('',#9154,#9177,#9179,.T.);
#9177 = VERTEX_POINT('',#9178);
#9178 = CARTESIAN_POINT('',(-15.85910705698,9.718473303717,7.));
#9179 = SURFACE_CURVE('',#9180,(#9185,#9192),.PCURVE_S1.);
#9180 = CIRCLE('',#9181,18.6);
#9181 = AXIS2_PLACEMENT_3D('',#9182,#9183,#9184);
#9182 = CARTESIAN_POINT('',(0.,0.,7.));
#9183 = DIRECTION('',(0.,0.,1.));
#9184 = DIRECTION('',(1.,0.,0.));
#9185 = PCURVE('',#100,#9186);
#9186 = DEFINITIONAL_REPRESENTATION('',(#9187),#9191);
#9187 = CIRCLE('',#9188,18.6);
#9188 = AXIS2_PLACEMENT_2D('',#9189,#9190);
#9189 = CARTESIAN_POINT('',(5.881462935653E-16,7.592810154714E-16));
#9190 = DIRECTION('',(1.,0.));
#9191 = ( GEOMETRIC_REPRESENTATION_CONTEXT(2) 
PARAMETRIC_REPRESENTATION_CONTEXT() REPRESENTATION_CONTEXT('2D SPACE',''
  ) );
#9192 = PCURVE('',#2858,#9193);
#9193 = DEFINITIONAL_REPRESENTATION('',(#9194),#9198);
#9194 = LINE('',#9195,#9196);
#9195 = CARTESIAN_POINT('',(-0.,-7.));
#9196 = VECTOR('',#9197,1.);
#9197 = DIRECTION('',(-1.,0.));
#9198 = ( GEOMETRIC_REPRESENTATION_CONTEXT(2) 
PARAMETRIC_REPRESENTATION_CONTEXT() REPRESENTATION_CONTEXT('2D SPACE',''
  ) );
#9199 = ORIENTED_EDGE('',*,*,#9200,.F.);
#9200 = EDGE_CURVE('',#9201,#9177,#9203,.T.);
#9201 = VERTEX_POINT('',#9202);
#9202 = CARTESIAN_POINT('',(-13.97264069335,8.562445229283,7.));
#9203 = SURFACE_CURVE('',#9204,(#9208,#9215),.PCURVE_S1.);
#9204 = LINE('',#9205,#9206);
#9205 = CARTESIAN_POINT('',(-13.97264069335,8.562445229283,7.));
#9206 = VECTOR('',#9207,1.);
#9207 = DIRECTION('',(-0.852640164354,0.522498564716,0.));
#9208 = PCURVE('',#100,#9209);
#9209 = DEFINITIONAL_REPRESENTATION('',(#9210),#9214);
#9210 = LINE('',#9211,#9212);
#9211 = CARTESIAN_POINT('',(-13.97264069335,8.562445229283));
#9212 = VECTOR('',#9213,1.);
#9213 = DIRECTION('',(-0.852640164354,0.522498564716));
#9214 = ( GEOMETRIC_REPRESENTATION_CONTEXT(2) 
PARAMETRIC_REPRESENTATION_CONTEXT() REPRESENTATION_CONTEXT('2D SPACE',''
  ) );
#9215 = PCURVE('',#2886,#9216);
#9216 = DEFINITIONAL_REPRESENTATION('',(#9217),#9221);
#9217 = LINE('',#9218,#9219);
#9218 = CARTESIAN_POINT('',(0.,-7.));
#9219 = VECTOR('',#9220,1.);
#9220 = DIRECTION('',(1.,0.));
#9221 = ( GEOMETRIC_REPRESENTATION_CONTEXT(2) 
PARAMETRIC_REPRESENTATION_CONTEXT() REPRESENTATION_CONTEXT('2D SPACE',''
  ) );
#9222 = ORIENTED_EDGE('',*,*,#9223,.F.);
#9223 = EDGE_CURVE('',#9224,#9201,#9226,.T.);
#9224 = VERTEX_POINT('',#9225);
#9225 = CARTESIAN_POINT('',(-14.40161543374,7.819439183754,7.));
#9226 = SURFACE_CURVE('',#9227,(#9231,#9238),.PCURVE_S1.);
#9227 = LINE('',#9228,#9229);
#9228 = CARTESIAN_POINT('',(-14.40161543374,7.819439183754,7.));
#9229 = VECTOR('',#9230,1.);
#9230 = DIRECTION('',(0.5,0.866025403784,0.));
#9231 = PCURVE('',#100,#9232);
#9232 = DEFINITIONAL_REPRESENTATION('',(#9233),#9237);
#9233 = LINE('',#9234,#9235);
#9234 = CARTESIAN_POINT('',(-14.40161543374,7.819439183754));
#9235 = VECTOR('',#9236,1.);
#9236 = DIRECTION('',(0.5,0.866025403784));
#9237 = ( GEOMETRIC_REPRESENTATION_CONTEXT(2) 
PARAMETRIC_REPRESENTATION_CONTEXT() REPRESENTATION_CONTEXT('2D SPACE',''
  ) );
#9238 = PCURVE('',#2914,#9239);
#9239 = DEFINITIONAL_REPRESENTATION('',(#9240),#9244);
#9240 = LINE('',#9241,#9242);
#9241 = CARTESIAN_POINT('',(0.,-7.));
#9242 = VECTOR('',#9243,1.);
#9243 = DIRECTION('',(1.,0.));
#9244 = ( GEOMETRIC_REPRESENTATION_CONTEXT(2) 
PARAMETRIC_REPRESENTATION_CONTEXT() REPRESENTATION_CONTEXT('2D SPACE',''
  ) );
#9245 = ORIENTED_EDGE('',*,*,#9246,.F.);
#9246 = EDGE_CURVE('',#9247,#9224,#9249,.T.);
#9247 = VERTEX_POINT('',#9248);
#9248 = CARTESIAN_POINT('',(-16.34599829551,8.875152940828,7.));
#9249 = SURFACE_CURVE('',#9250,(#9254,#9261),.PCURVE_S1.);
#9250 = LINE('',#9251,#9252);
#9251 = CARTESIAN_POINT('',(-17.98059812506,9.762668234912,7.));
#9252 = VECTOR('',#9253,1.);
#9253 = DIRECTION('',(0.878817112662,-0.47715876026,0.));
#9254 = PCURVE('',#100,#9255);
#9255 = DEFINITIONAL_REPRESENTATION('',(#9256),#9260);
#9256 = LINE('',#9257,#9258);
#9257 = CARTESIAN_POINT('',(-17.98059812506,9.762668234912));
#9258 = VECTOR('',#9259,1.);
#9259 = DIRECTION('',(0.878817112662,-0.47715876026));
#9260 = ( GEOMETRIC_REPRESENTATION_CONTEXT(2) 
PARAMETRIC_REPRESENTATION_CONTEXT() REPRESENTATION_CONTEXT('2D SPACE',''
  ) );
#9261 = PCURVE('',#2942,#9262);
#9262 = DEFINITIONAL_REPRESENTATION('',(#9263),#9267);
#9263 = LINE('',#9264,#9265);
#9264 = CARTESIAN_POINT('',(0.,-7.));
#9265 = VECTOR('',#9266,1.);
#9266 = DIRECTION('',(1.,0.));
#9267 = ( GEOMETRIC_REPRESENTATION_CONTEXT(2) 
PARAMETRIC_REPRESENTATION_CONTEXT() REPRESENTATION_CONTEXT('2D SPACE',''
  ) );
#9268 = ORIENTED_EDGE('',*,*,#9269,.T.);
#9269 = EDGE_CURVE('',#9247,#9270,#9272,.T.);
#9270 = VERTEX_POINT('',#9271);
#9271 = CARTESIAN_POINT('',(-16.7880862889,8.007506400634,7.));
#9272 = SURFACE_CURVE('',#9273,(#9278,#9285),.PCURVE_S1.);
#9273 = CIRCLE('',#9274,18.6);
#9274 = AXIS2_PLACEMENT_3D('',#9275,#9276,#9277);
#9275 = CARTESIAN_POINT('',(0.,0.,7.));
#9276 = DIRECTION('',(0.,0.,1.));
#9277 = DIRECTION('',(1.,0.,0.));
#9278 = PCURVE('',#100,#9279);
#9279 = DEFINITIONAL_REPRESENTATION('',(#9280),#9284);
#9280 = CIRCLE('',#9281,18.6);
#9281 = AXIS2_PLACEMENT_2D('',#9282,#9283);
#9282 = CARTESIAN_POINT('',(5.881462935653E-16,7.592810154714E-16));
#9283 = DIRECTION('',(1.,0.));
#9284 = ( GEOMETRIC_REPRESENTATION_CONTEXT(2) 
PARAMETRIC_REPRESENTATION_CONTEXT() REPRESENTATION_CONTEXT('2D SPACE',''
  ) );
#9285 = PCURVE('',#2971,#9286);
#9286 = DEFINITIONAL_REPRESENTATION('',(#9287),#9291);
#9287 = LINE('',#9288,#9289);
#9288 = CARTESIAN_POINT('',(-0.,-7.));
#9289 = VECTOR('',#9290,1.);
#9290 = DIRECTION('',(-1.,0.));
#9291 = ( GEOMETRIC_REPRESENTATION_CONTEXT(2) 
PARAMETRIC_REPRESENTATION_CONTEXT() REPRESENTATION_CONTEXT('2D SPACE',''
  ) );
#9292 = ORIENTED_EDGE('',*,*,#9293,.F.);
#9293 = EDGE_CURVE('',#9294,#9270,#9296,.T.);
#9294 = VERTEX_POINT('',#9295);
#9295 = CARTESIAN_POINT('',(-14.79111634728,7.055000598946,7.));
#9296 = SURFACE_CURVE('',#9297,(#9301,#9308),.PCURVE_S1.);
#9297 = LINE('',#9298,#9299);
#9298 = CARTESIAN_POINT('',(-14.79111634728,7.055000598946,7.));
#9299 = VECTOR('',#9300,1.);
#9300 = DIRECTION('',(-0.90258528435,0.430511096808,0.));
#9301 = PCURVE('',#100,#9302);
#9302 = DEFINITIONAL_REPRESENTATION('',(#9303),#9307);
#9303 = LINE('',#9304,#9305);
#9304 = CARTESIAN_POINT('',(-14.79111634728,7.055000598946));
#9305 = VECTOR('',#9306,1.);
#9306 = DIRECTION('',(-0.90258528435,0.430511096808));
#9307 = ( GEOMETRIC_REPRESENTATION_CONTEXT(2) 
PARAMETRIC_REPRESENTATION_CONTEXT() REPRESENTATION_CONTEXT('2D SPACE',''
  ) );
#9308 = PCURVE('',#2999,#9309);
#9309 = DEFINITIONAL_REPRESENTATION('',(#9310),#9314);
#9310 = LINE('',#9311,#9312);
#9311 = CARTESIAN_POINT('',(0.,-7.));
#9312 = VECTOR('',#9313,1.);
#9313 = DIRECTION('',(1.,0.));
#9314 = ( GEOMETRIC_REPRESENTATION_CONTEXT(2) 
PARAMETRIC_REPRESENTATION_CONTEXT() REPRESENTATION_CONTEXT('2D SPACE',''
  ) );
#9315 = ORIENTED_EDGE('',*,*,#9316,.F.);
#9316 = EDGE_CURVE('',#9317,#9294,#9319,.T.);
#9317 = VERTEX_POINT('',#9318);
#9318 = CARTESIAN_POINT('',(-15.14007583902,6.271224747883,7.));
#9319 = SURFACE_CURVE('',#9320,(#9324,#9331),.PCURVE_S1.);
#9320 = LINE('',#9321,#9322);
#9321 = CARTESIAN_POINT('',(-15.14007583902,6.271224747883,7.));
#9322 = VECTOR('',#9323,1.);
#9323 = DIRECTION('',(0.406736643076,0.913545457643,0.));
#9324 = PCURVE('',#100,#9325);
#9325 = DEFINITIONAL_REPRESENTATION('',(#9326),#9330);
#9326 = LINE('',#9327,#9328);
#9327 = CARTESIAN_POINT('',(-15.14007583902,6.271224747883));
#9328 = VECTOR('',#9329,1.);
#9329 = DIRECTION('',(0.406736643076,0.913545457643));
#9330 = ( GEOMETRIC_REPRESENTATION_CONTEXT(2) 
PARAMETRIC_REPRESENTATION_CONTEXT() REPRESENTATION_CONTEXT('2D SPACE',''
  ) );
#9331 = PCURVE('',#3027,#9332);
#9332 = DEFINITIONAL_REPRESENTATION('',(#9333),#9337);
#9333 = LINE('',#9334,#9335);
#9334 = CARTESIAN_POINT('',(0.,-7.));
#9335 = VECTOR('',#9336,1.);
#9336 = DIRECTION('',(1.,0.));
#9337 = ( GEOMETRIC_REPRESENTATION_CONTEXT(2) 
PARAMETRIC_REPRESENTATION_CONTEXT() REPRESENTATION_CONTEXT('2D SPACE',''
  ) );
#9338 = ORIENTED_EDGE('',*,*,#9339,.F.);
#9339 = EDGE_CURVE('',#9340,#9317,#9342,.T.);
#9340 = VERTEX_POINT('',#9341);
#9341 = CARTESIAN_POINT('',(-17.18415930471,7.11791184199,7.));
#9342 = SURFACE_CURVE('',#9343,(#9347,#9354),.PCURVE_S1.);
#9343 = LINE('',#9344,#9345);
#9344 = CARTESIAN_POINT('',(-18.90257523518,7.82970302619,7.));
#9345 = VECTOR('',#9346,1.);
#9346 = DIRECTION('',(0.923879532511,-0.382683432365,0.));
#9347 = PCURVE('',#100,#9348);
#9348 = DEFINITIONAL_REPRESENTATION('',(#9349),#9353);
#9349 = LINE('',#9350,#9351);
#9350 = CARTESIAN_POINT('',(-18.90257523518,7.82970302619));
#9351 = VECTOR('',#9352,1.);
#9352 = DIRECTION('',(0.923879532511,-0.382683432365));
#9353 = ( GEOMETRIC_REPRESENTATION_CONTEXT(2) 
PARAMETRIC_REPRESENTATION_CONTEXT() REPRESENTATION_CONTEXT('2D SPACE',''
  ) );
#9354 = PCURVE('',#3055,#9355);
#9355 = DEFINITIONAL_REPRESENTATION('',(#9356),#9360);
#9356 = LINE('',#9357,#9358);
#9357 = CARTESIAN_POINT('',(0.,-7.));
#9358 = VECTOR('',#9359,1.);
#9359 = DIRECTION('',(1.,0.));
#9360 = ( GEOMETRIC_REPRESENTATION_CONTEXT(2) 
PARAMETRIC_REPRESENTATION_CONTEXT() REPRESENTATION_CONTEXT('2D SPACE',''
  ) );
#9361 = ORIENTED_EDGE('',*,*,#9362,.T.);
#9362 = EDGE_CURVE('',#9340,#9363,#9365,.T.);
#9363 = VERTEX_POINT('',#9364);
#9364 = CARTESIAN_POINT('',(-17.53313173431,6.208807581749,7.));
#9365 = SURFACE_CURVE('',#9366,(#9371,#9378),.PCURVE_S1.);
#9366 = CIRCLE('',#9367,18.6);
#9367 = AXIS2_PLACEMENT_3D('',#9368,#9369,#9370);
#9368 = CARTESIAN_POINT('',(0.,0.,7.));
#9369 = DIRECTION('',(0.,0.,1.));
#9370 = DIRECTION('',(1.,0.,0.));
#9371 = PCURVE('',#100,#9372);
#9372 = DEFINITIONAL_REPRESENTATION('',(#9373),#9377);
#9373 = CIRCLE('',#9374,18.6);
#9374 = AXIS2_PLACEMENT_2D('',#9375,#9376);
#9375 = CARTESIAN_POINT('',(5.881462935653E-16,7.592810154714E-16));
#9376 = DIRECTION('',(1.,0.));
#9377 = ( GEOMETRIC_REPRESENTATION_CONTEXT(2) 
PARAMETRIC_REPRESENTATION_CONTEXT() REPRESENTATION_CONTEXT('2D SPACE',''
  ) );
#9378 = PCURVE('',#3084,#9379);
#9379 = DEFINITIONAL_REPRESENTATION('',(#9380),#9384);
#9380 = LINE('',#9381,#9382);
#9381 = CARTESIAN_POINT('',(-0.,-7.));
#9382 = VECTOR('',#9383,1.);
#9383 = DIRECTION('',(-1.,0.));
#9384 = ( GEOMETRIC_REPRESENTATION_CONTEXT(2) 
PARAMETRIC_REPRESENTATION_CONTEXT() REPRESENTATION_CONTEXT('2D SPACE',''
  ) );
#9385 = ORIENTED_EDGE('',*,*,#9386,.F.);
#9386 = EDGE_CURVE('',#9387,#9363,#9389,.T.);
#9387 = VERTEX_POINT('',#9388);
#9388 = CARTESIAN_POINT('',(-15.44753743527,5.470259905693,7.));
#9389 = SURFACE_CURVE('',#9390,(#9394,#9401),.PCURVE_S1.);
#9390 = LINE('',#9391,#9392);
#9391 = CARTESIAN_POINT('',(-15.44753743527,5.470259905693,7.));
#9392 = VECTOR('',#9393,1.);
#9393 = DIRECTION('',(-0.942641491092,0.333806859234,0.));
#9394 = PCURVE('',#100,#9395);
#9395 = DEFINITIONAL_REPRESENTATION('',(#9396),#9400);
#9396 = LINE('',#9397,#9398);
#9397 = CARTESIAN_POINT('',(-15.44753743527,5.470259905693));
#9398 = VECTOR('',#9399,1.);
#9399 = DIRECTION('',(-0.942641491092,0.333806859234));
#9400 = ( GEOMETRIC_REPRESENTATION_CONTEXT(2) 
PARAMETRIC_REPRESENTATION_CONTEXT() REPRESENTATION_CONTEXT('2D SPACE',''
  ) );
#9401 = PCURVE('',#3112,#9402);
#9402 = DEFINITIONAL_REPRESENTATION('',(#9403),#9407);
#9403 = LINE('',#9404,#9405);
#9404 = CARTESIAN_POINT('',(0.,-7.));
#9405 = VECTOR('',#9406,1.);
#9406 = DIRECTION('',(1.,0.));
#9407 = ( GEOMETRIC_REPRESENTATION_CONTEXT(2) 
PARAMETRIC_REPRESENTATION_CONTEXT() REPRESENTATION_CONTEXT('2D SPACE',''
  ) );
#9408 = ORIENTED_EDGE('',*,*,#9409,.F.);
#9409 = EDGE_CURVE('',#9410,#9387,#9412,.T.);
#9410 = VERTEX_POINT('',#9411);
#9411 = CARTESIAN_POINT('',(-15.71265840515,4.654301461336,7.));
#9412 = SURFACE_CURVE('',#9413,(#9417,#9424),.PCURVE_S1.);
#9413 = LINE('',#9414,#9415);
#9414 = CARTESIAN_POINT('',(-15.71265840515,4.654301461336,7.));
#9415 = VECTOR('',#9416,1.);
#9416 = DIRECTION('',(0.309016994375,0.951056516295,0.));
#9417 = PCURVE('',#100,#9418);
#9418 = DEFINITIONAL_REPRESENTATION('',(#9419),#9423);
#9419 = LINE('',#9420,#9421);
#9420 = CARTESIAN_POINT('',(-15.71265840515,4.654301461336));
#9421 = VECTOR('',#9422,1.);
#9422 = DIRECTION('',(0.309016994375,0.951056516295));
#9423 = ( GEOMETRIC_REPRESENTATION_CONTEXT(2) 
PARAMETRIC_REPRESENTATION_CONTEXT() REPRESENTATION_CONTEXT('2D SPACE',''
  ) );
#9424 = PCURVE('',#3140,#9425);
#9425 = DEFINITIONAL_REPRESENTATION('',(#9426),#9430);
#9426 = LINE('',#9427,#9428);
#9427 = CARTESIAN_POINT('',(0.,-7.));
#9428 = VECTOR('',#9429,1.);
#9429 = DIRECTION('',(1.,0.));
#9430 = ( GEOMETRIC_REPRESENTATION_CONTEXT(2) 
PARAMETRIC_REPRESENTATION_CONTEXT() REPRESENTATION_CONTEXT('2D SPACE',''
  ) );
#9431 = ORIENTED_EDGE('',*,*,#9432,.F.);
#9432 = EDGE_CURVE('',#9433,#9410,#9435,.T.);
#9433 = VERTEX_POINT('',#9434);
#9434 = CARTESIAN_POINT('',(-17.83404706854,5.282685411493,7.));
#9435 = SURFACE_CURVE('',#9436,(#9440,#9447),.PCURVE_S1.);
#9436 = LINE('',#9437,#9438);
#9437 = CARTESIAN_POINT('',(-19.6174517754,5.810953952642,7.));
#9438 = VECTOR('',#9439,1.);
#9439 = DIRECTION('',(0.958819734868,-0.284015344704,0.));
#9440 = PCURVE('',#100,#9441);
#9441 = DEFINITIONAL_REPRESENTATION('',(#9442),#9446);
#9442 = LINE('',#9443,#9444);
#9443 = CARTESIAN_POINT('',(-19.6174517754,5.810953952642));
#9444 = VECTOR('',#9445,1.);
#9445 = DIRECTION('',(0.958819734868,-0.284015344704));
#9446 = ( GEOMETRIC_REPRESENTATION_CONTEXT(2) 
PARAMETRIC_REPRESENTATION_CONTEXT() REPRESENTATION_CONTEXT('2D SPACE',''
  ) );
#9447 = PCURVE('',#3168,#9448);
#9448 = DEFINITIONAL_REPRESENTATION('',(#9449),#9453);
#9449 = LINE('',#9450,#9451);
#9450 = CARTESIAN_POINT('',(0.,-7.));
#9451 = VECTOR('',#9452,1.);
#9452 = DIRECTION('',(1.,0.));
#9453 = ( GEOMETRIC_REPRESENTATION_CONTEXT(2) 
PARAMETRIC_REPRESENTATION_CONTEXT() REPRESENTATION_CONTEXT('2D SPACE',''
  ) );
#9454 = ORIENTED_EDGE('',*,*,#9455,.T.);
#9455 = EDGE_CURVE('',#9433,#9456,#9458,.T.);
#9456 = VERTEX_POINT('',#9457);
#9457 = CARTESIAN_POINT('',(-18.08608051939,4.34208376772,7.));
#9458 = SURFACE_CURVE('',#9459,(#9464,#9471),.PCURVE_S1.);
#9459 = CIRCLE('',#9460,18.6);
#9460 = AXIS2_PLACEMENT_3D('',#9461,#9462,#9463);
#9461 = CARTESIAN_POINT('',(0.,0.,7.));
#9462 = DIRECTION('',(0.,0.,1.));
#9463 = DIRECTION('',(1.,0.,0.));
#9464 = PCURVE('',#100,#9465);
#9465 = DEFINITIONAL_REPRESENTATION('',(#9466),#9470);
#9466 = CIRCLE('',#9467,18.6);
#9467 = AXIS2_PLACEMENT_2D('',#9468,#9469);
#9468 = CARTESIAN_POINT('',(5.881462935653E-16,7.592810154714E-16));
#9469 = DIRECTION('',(1.,0.));
#9470 = ( GEOMETRIC_REPRESENTATION_CONTEXT(2) 
PARAMETRIC_REPRESENTATION_CONTEXT() REPRESENTATION_CONTEXT('2D SPACE',''
  ) );
#9471 = PCURVE('',#3197,#9472);
#9472 = DEFINITIONAL_REPRESENTATION('',(#9473),#9477);
#9473 = LINE('',#9474,#9475);
#9474 = CARTESIAN_POINT('',(-0.,-7.));
#9475 = VECTOR('',#9476,1.);
#9476 = DIRECTION('',(-1.,0.));
#9477 = ( GEOMETRIC_REPRESENTATION_CONTEXT(2) 
PARAMETRIC_REPRESENTATION_CONTEXT() REPRESENTATION_CONTEXT('2D SPACE',''
  ) );
#9478 = ORIENTED_EDGE('',*,*,#9479,.F.);
#9479 = EDGE_CURVE('',#9480,#9456,#9482,.T.);
#9480 = VERTEX_POINT('',#9481);
#9481 = CARTESIAN_POINT('',(-15.93471207051,3.825585900189,7.));
#9482 = SURFACE_CURVE('',#9483,(#9487,#9494),.PCURVE_S1.);
#9483 = LINE('',#9484,#9485);
#9484 = CARTESIAN_POINT('',(-15.93471207051,3.825585900189,7.));
#9485 = VECTOR('',#9486,1.);
#9486 = DIRECTION('',(-0.972369920398,0.233445363856,0.));
#9487 = PCURVE('',#100,#9488);
#9488 = DEFINITIONAL_REPRESENTATION('',(#9489),#9493);
#9489 = LINE('',#9490,#9491);
#9490 = CARTESIAN_POINT('',(-15.93471207051,3.825585900189));
#9491 = VECTOR('',#9492,1.);
#9492 = DIRECTION('',(-0.972369920398,0.233445363856));
#9493 = ( GEOMETRIC_REPRESENTATION_CONTEXT(2) 
PARAMETRIC_REPRESENTATION_CONTEXT() REPRESENTATION_CONTEXT('2D SPACE',''
  ) );
#9494 = PCURVE('',#3225,#9495);
#9495 = DEFINITIONAL_REPRESENTATION('',(#9496),#9500);
#9496 = LINE('',#9497,#9498);
#9497 = CARTESIAN_POINT('',(0.,-7.));
#9498 = VECTOR('',#9499,1.);
#9499 = DIRECTION('',(1.,0.));
#9500 = ( GEOMETRIC_REPRESENTATION_CONTEXT(2) 
PARAMETRIC_REPRESENTATION_CONTEXT() REPRESENTATION_CONTEXT('2D SPACE',''
  ) );
#9501 = ORIENTED_EDGE('',*,*,#9502,.F.);
#9502 = EDGE_CURVE('',#9503,#9480,#9505,.T.);
#9503 = VERTEX_POINT('',#9504);
#9504 = CARTESIAN_POINT('',(-16.1130897977,2.986384674003,7.));
#9505 = SURFACE_CURVE('',#9506,(#9510,#9517),.PCURVE_S1.);
#9506 = LINE('',#9507,#9508);
#9507 = CARTESIAN_POINT('',(-16.1130897977,2.986384674003,7.));
#9508 = VECTOR('',#9509,1.);
#9509 = DIRECTION('',(0.207911690818,0.978147600734,0.));
#9510 = PCURVE('',#100,#9511);
#9511 = DEFINITIONAL_REPRESENTATION('',(#9512),#9516);
#9512 = LINE('',#9513,#9514);
#9513 = CARTESIAN_POINT('',(-16.1130897977,2.986384674003));
#9514 = VECTOR('',#9515,1.);
#9515 = DIRECTION('',(0.207911690818,0.978147600734));
#9516 = ( GEOMETRIC_REPRESENTATION_CONTEXT(2) 
PARAMETRIC_REPRESENTATION_CONTEXT() REPRESENTATION_CONTEXT('2D SPACE',''
  ) );
#9517 = PCURVE('',#3253,#9518);
#9518 = DEFINITIONAL_REPRESENTATION('',(#9519),#9523);
#9519 = LINE('',#9520,#9521);
#9520 = CARTESIAN_POINT('',(0.,-7.));
#9521 = VECTOR('',#9522,1.);
#9522 = DIRECTION('',(1.,0.));
#9523 = ( GEOMETRIC_REPRESENTATION_CONTEXT(2) 
PARAMETRIC_REPRESENTATION_CONTEXT() REPRESENTATION_CONTEXT('2D SPACE',''
  ) );
#9524 = ORIENTED_EDGE('',*,*,#9525,.F.);
#9525 = EDGE_CURVE('',#9526,#9503,#9528,.T.);
#9526 = VERTEX_POINT('',#9527);
#9527 = CARTESIAN_POINT('',(-18.28854128069,3.389580774154,7.));
#9528 = SURFACE_CURVE('',#9529,(#9533,#9540),.PCURVE_S1.);
#9529 = LINE('',#9530,#9531);
#9530 = CARTESIAN_POINT('',(-20.11739540875,3.728538851569,7.));
#9531 = VECTOR('',#9532,1.);
#9532 = DIRECTION('',(0.983254907564,-0.182235525492,0.));
#9533 = PCURVE('',#100,#9534);
#9534 = DEFINITIONAL_REPRESENTATION('',(#9535),#9539);
#9535 = LINE('',#9536,#9537);
#9536 = CARTESIAN_POINT('',(-20.11739540875,3.728538851569));
#9537 = VECTOR('',#9538,1.);
#9538 = DIRECTION('',(0.983254907564,-0.182235525492));
#9539 = ( GEOMETRIC_REPRESENTATION_CONTEXT(2) 
PARAMETRIC_REPRESENTATION_CONTEXT() REPRESENTATION_CONTEXT('2D SPACE',''
  ) );
#9540 = PCURVE('',#3281,#9541);
#9541 = DEFINITIONAL_REPRESENTATION('',(#9542),#9546);
#9542 = LINE('',#9543,#9544);
#9543 = CARTESIAN_POINT('',(0.,-7.));
#9544 = VECTOR('',#9545,1.);
#9545 = DIRECTION('',(1.,0.));
#9546 = ( GEOMETRIC_REPRESENTATION_CONTEXT(2) 
PARAMETRIC_REPRESENTATION_CONTEXT() REPRESENTATION_CONTEXT('2D SPACE',''
  ) );
#9547 = ORIENTED_EDGE('',*,*,#9548,.T.);
#9548 = EDGE_CURVE('',#9526,#9549,#9551,.T.);
#9549 = VERTEX_POINT('',#9550);
#9550 = CARTESIAN_POINT('',(-18.44087442155,2.427787175293,7.));
#9551 = SURFACE_CURVE('',#9552,(#9557,#9564),.PCURVE_S1.);
#9552 = CIRCLE('',#9553,18.6);
#9553 = AXIS2_PLACEMENT_3D('',#9554,#9555,#9556);
#9554 = CARTESIAN_POINT('',(0.,0.,7.));
#9555 = DIRECTION('',(0.,0.,1.));
#9556 = DIRECTION('',(1.,0.,0.));
#9557 = PCURVE('',#100,#9558);
#9558 = DEFINITIONAL_REPRESENTATION('',(#9559),#9563);
#9559 = CIRCLE('',#9560,18.6);
#9560 = AXIS2_PLACEMENT_2D('',#9561,#9562);
#9561 = CARTESIAN_POINT('',(5.881462935653E-16,7.592810154714E-16));
#9562 = DIRECTION('',(1.,0.));
#9563 = ( GEOMETRIC_REPRESENTATION_CONTEXT(2) 
PARAMETRIC_REPRESENTATION_CONTEXT() REPRESENTATION_CONTEXT('2D SPACE',''
  ) );
#9564 = PCURVE('',#3310,#9565);
#9565 = DEFINITIONAL_REPRESENTATION('',(#9566),#9570);
#9566 = LINE('',#9567,#9568);
#9567 = CARTESIAN_POINT('',(-0.,-7.));
#9568 = VECTOR('',#9569,1.);
#9569 = DIRECTION('',(-1.,0.));
#9570 = ( GEOMETRIC_REPRESENTATION_CONTEXT(2) 
PARAMETRIC_REPRESENTATION_CONTEXT() REPRESENTATION_CONTEXT('2D SPACE',''
  ) );
#9571 = ORIENTED_EDGE('',*,*,#9572,.F.);
#9572 = EDGE_CURVE('',#9573,#9549,#9575,.T.);
#9573 = VERTEX_POINT('',#9574);
#9574 = CARTESIAN_POINT('',(-16.24730266576,2.138997975006,7.));
#9575 = SURFACE_CURVE('',#9576,(#9580,#9587),.PCURVE_S1.);
#9576 = LINE('',#9577,#9578);
#9577 = CARTESIAN_POINT('',(-16.24730266576,2.138997975006,7.));
#9578 = VECTOR('',#9579,1.);
#9579 = DIRECTION('',(-0.991444861374,0.13052619222,0.));
#9580 = PCURVE('',#100,#9581);
#9581 = DEFINITIONAL_REPRESENTATION('',(#9582),#9586);
#9582 = LINE('',#9583,#9584);
#9583 = CARTESIAN_POINT('',(-16.24730266576,2.138997975006));
#9584 = VECTOR('',#9585,1.);
#9585 = DIRECTION('',(-0.991444861374,0.13052619222));
#9586 = ( GEOMETRIC_REPRESENTATION_CONTEXT(2) 
PARAMETRIC_REPRESENTATION_CONTEXT() REPRESENTATION_CONTEXT('2D SPACE',''
  ) );
#9587 = PCURVE('',#3338,#9588);
#9588 = DEFINITIONAL_REPRESENTATION('',(#9589),#9593);
#9589 = LINE('',#9590,#9591);
#9590 = CARTESIAN_POINT('',(0.,-7.));
#9591 = VECTOR('',#9592,1.);
#9592 = DIRECTION('',(1.,0.));
#9593 = ( GEOMETRIC_REPRESENTATION_CONTEXT(2) 
PARAMETRIC_REPRESENTATION_CONTEXT() REPRESENTATION_CONTEXT('2D SPACE',''
  ) );
#9594 = ORIENTED_EDGE('',*,*,#9595,.F.);
#9595 = EDGE_CURVE('',#9596,#9573,#9598,.T.);
#9596 = VERTEX_POINT('',#9597);
#9597 = CARTESIAN_POINT('',(-16.33698280655,1.28574843124,7.));
#9598 = SURFACE_CURVE('',#9599,(#9603,#9610),.PCURVE_S1.);
#9599 = LINE('',#9600,#9601);
#9600 = CARTESIAN_POINT('',(-16.33698280655,1.28574843124,7.));
#9601 = VECTOR('',#9602,1.);
#9602 = DIRECTION('',(0.104528463268,0.994521895368,0.));
#9603 = PCURVE('',#100,#9604);
#9604 = DEFINITIONAL_REPRESENTATION('',(#9605),#9609);
#9605 = LINE('',#9606,#9607);
#9606 = CARTESIAN_POINT('',(-16.33698280655,1.28574843124));
#9607 = VECTOR('',#9608,1.);
#9608 = DIRECTION('',(0.104528463268,0.994521895368));
#9609 = ( GEOMETRIC_REPRESENTATION_CONTEXT(2) 
PARAMETRIC_REPRESENTATION_CONTEXT() REPRESENTATION_CONTEXT('2D SPACE',''
  ) );
#9610 = PCURVE('',#3366,#9611);
#9611 = DEFINITIONAL_REPRESENTATION('',(#9612),#9616);
#9612 = LINE('',#9613,#9614);
#9613 = CARTESIAN_POINT('',(0.,-7.));
#9614 = VECTOR('',#9615,1.);
#9615 = DIRECTION('',(1.,0.));
#9616 = ( GEOMETRIC_REPRESENTATION_CONTEXT(2) 
PARAMETRIC_REPRESENTATION_CONTEXT() REPRESENTATION_CONTEXT('2D SPACE',''
  ) );
#9617 = ORIENTED_EDGE('',*,*,#9618,.F.);
#9618 = EDGE_CURVE('',#9619,#9596,#9621,.T.);
#9619 = VERTEX_POINT('',#9620);
#9620 = CARTESIAN_POINT('',(-18.54266240743,1.459339180538,7.));
#9621 = SURFACE_CURVE('',#9622,(#9626,#9633),.PCURVE_S1.);
#9622 = LINE('',#9623,#9624);
#9623 = CARTESIAN_POINT('',(-20.39692864818,1.605273098592,7.));
#9624 = VECTOR('',#9625,1.);
#9625 = DIRECTION('',(0.996917333733,-7.845909572785E-02,0.));
#9626 = PCURVE('',#100,#9627);
#9627 = DEFINITIONAL_REPRESENTATION('',(#9628),#9632);
#9628 = LINE('',#9629,#9630);
#9629 = CARTESIAN_POINT('',(-20.39692864818,1.605273098592));
#9630 = VECTOR('',#9631,1.);
#9631 = DIRECTION('',(0.996917333733,-7.845909572785E-02));
#9632 = ( GEOMETRIC_REPRESENTATION_CONTEXT(2) 
PARAMETRIC_REPRESENTATION_CONTEXT() REPRESENTATION_CONTEXT('2D SPACE',''
  ) );
#9633 = PCURVE('',#3394,#9634);
#9634 = DEFINITIONAL_REPRESENTATION('',(#9635),#9639);
#9635 = LINE('',#9636,#9637);
#9636 = CARTESIAN_POINT('',(0.,-7.));
#9637 = VECTOR('',#9638,1.);
#9638 = DIRECTION('',(1.,0.));
#9639 = ( GEOMETRIC_REPRESENTATION_CONTEXT(2) 
PARAMETRIC_REPRESENTATION_CONTEXT() REPRESENTATION_CONTEXT('2D SPACE',''
  ) );
#9640 = ORIENTED_EDGE('',*,*,#9641,.T.);
#9641 = EDGE_CURVE('',#9619,#9642,#9644,.T.);
#9642 = VERTEX_POINT('',#9643);
#9643 = CARTESIAN_POINT('',(-18.59362624454,0.486891238527,7.));
#9644 = SURFACE_CURVE('',#9645,(#9650,#9657),.PCURVE_S1.);
#9645 = CIRCLE('',#9646,18.6);
#9646 = AXIS2_PLACEMENT_3D('',#9647,#9648,#9649);
#9647 = CARTESIAN_POINT('',(0.,0.,7.));
#9648 = DIRECTION('',(0.,0.,1.));
#9649 = DIRECTION('',(1.,0.,0.));
#9650 = PCURVE('',#100,#9651);
#9651 = DEFINITIONAL_REPRESENTATION('',(#9652),#9656);
#9652 = CIRCLE('',#9653,18.6);
#9653 = AXIS2_PLACEMENT_2D('',#9654,#9655);
#9654 = CARTESIAN_POINT('',(5.881462935653E-16,7.592810154714E-16));
#9655 = DIRECTION('',(1.,0.));
#9656 = ( GEOMETRIC_REPRESENTATION_CONTEXT(2) 
PARAMETRIC_REPRESENTATION_CONTEXT() REPRESENTATION_CONTEXT('2D SPACE',''
  ) );
#9657 = PCURVE('',#3423,#9658);
#9658 = DEFINITIONAL_REPRESENTATION('',(#9659),#9663);
#9659 = LINE('',#9660,#9661);
#9660 = CARTESIAN_POINT('',(-0.,-7.));
#9661 = VECTOR('',#9662,1.);
#9662 = DIRECTION('',(-1.,0.));
#9663 = ( GEOMETRIC_REPRESENTATION_CONTEXT(2) 
PARAMETRIC_REPRESENTATION_CONTEXT() REPRESENTATION_CONTEXT('2D SPACE',''
  ) );
#9664 = ORIENTED_EDGE('',*,*,#9665,.F.);
#9665 = EDGE_CURVE('',#9666,#9642,#9668,.T.);
#9666 = VERTEX_POINT('',#9667);
#9667 = CARTESIAN_POINT('',(-16.38188441303,0.428974740395,7.));
#9668 = SURFACE_CURVE('',#9669,(#9673,#9680),.PCURVE_S1.);
#9669 = LINE('',#9670,#9671);
#9670 = CARTESIAN_POINT('',(-16.38188441303,0.428974740395,7.));
#9671 = VECTOR('',#9672,1.);
#9672 = DIRECTION('',(-0.999657324976,2.617694830787E-02,0.));
#9673 = PCURVE('',#100,#9674);
#9674 = DEFINITIONAL_REPRESENTATION('',(#9675),#9679);
#9675 = LINE('',#9676,#9677);
#9676 = CARTESIAN_POINT('',(-16.38188441303,0.428974740395));
#9677 = VECTOR('',#9678,1.);
#9678 = DIRECTION('',(-0.999657324976,2.617694830787E-02));
#9679 = ( GEOMETRIC_REPRESENTATION_CONTEXT(2) 
PARAMETRIC_REPRESENTATION_CONTEXT() REPRESENTATION_CONTEXT('2D SPACE',''
  ) );
#9680 = PCURVE('',#3451,#9681);
#9681 = DEFINITIONAL_REPRESENTATION('',(#9682),#9686);
#9682 = LINE('',#9683,#9684);
#9683 = CARTESIAN_POINT('',(0.,-7.));
#9684 = VECTOR('',#9685,1.);
#9685 = DIRECTION('',(1.,0.));
#9686 = ( GEOMETRIC_REPRESENTATION_CONTEXT(2) 
PARAMETRIC_REPRESENTATION_CONTEXT() REPRESENTATION_CONTEXT('2D SPACE',''
  ) );
#9687 = ORIENTED_EDGE('',*,*,#9688,.F.);
#9688 = EDGE_CURVE('',#9689,#9666,#9691,.T.);
#9689 = VERTEX_POINT('',#9690);
#9690 = CARTESIAN_POINT('',(-16.38188441303,-0.428974740395,7.));
#9691 = SURFACE_CURVE('',#9692,(#9696,#9703),.PCURVE_S1.);
#9692 = LINE('',#9693,#9694);
#9693 = CARTESIAN_POINT('',(-16.38188441303,-0.428974740395,7.));
#9694 = VECTOR('',#9695,1.);
#9695 = DIRECTION('',(1.224646799147E-16,1.,0.));
#9696 = PCURVE('',#100,#9697);
#9697 = DEFINITIONAL_REPRESENTATION('',(#9698),#9702);
#9698 = LINE('',#9699,#9700);
#9699 = CARTESIAN_POINT('',(-16.38188441303,-0.428974740395));
#9700 = VECTOR('',#9701,1.);
#9701 = DIRECTION('',(1.224646799147E-16,1.));
#9702 = ( GEOMETRIC_REPRESENTATION_CONTEXT(2) 
PARAMETRIC_REPRESENTATION_CONTEXT() REPRESENTATION_CONTEXT('2D SPACE',''
  ) );
#9703 = PCURVE('',#3479,#9704);
#9704 = DEFINITIONAL_REPRESENTATION('',(#9705),#9709);
#9705 = LINE('',#9706,#9707);
#9706 = CARTESIAN_POINT('',(0.,-7.));
#9707 = VECTOR('',#9708,1.);
#9708 = DIRECTION('',(1.,0.));
#9709 = ( GEOMETRIC_REPRESENTATION_CONTEXT(2) 
PARAMETRIC_REPRESENTATION_CONTEXT() REPRESENTATION_CONTEXT('2D SPACE',''
  ) );
#9710 = ORIENTED_EDGE('',*,*,#9711,.F.);
#9711 = EDGE_CURVE('',#9712,#9689,#9714,.T.);
#9712 = VERTEX_POINT('',#9713);
#9713 = CARTESIAN_POINT('',(-18.59362624454,-0.486891238527,7.));
#9714 = SURFACE_CURVE('',#9715,(#9719,#9726),.PCURVE_S1.);
#9715 = LINE('',#9716,#9717);
#9716 = CARTESIAN_POINT('',(-20.452988869,-0.535580362379,7.));
#9717 = VECTOR('',#9718,1.);
#9718 = DIRECTION('',(0.999657324976,2.617694830787E-02,0.));
#9719 = PCURVE('',#100,#9720);
#9720 = DEFINITIONAL_REPRESENTATION('',(#9721),#9725);
#9721 = LINE('',#9722,#9723);
#9722 = CARTESIAN_POINT('',(-20.452988869,-0.535580362379));
#9723 = VECTOR('',#9724,1.);
#9724 = DIRECTION('',(0.999657324976,2.617694830787E-02));
#9725 = ( GEOMETRIC_REPRESENTATION_CONTEXT(2) 
PARAMETRIC_REPRESENTATION_CONTEXT() REPRESENTATION_CONTEXT('2D SPACE',''
  ) );
#9726 = PCURVE('',#3507,#9727);
#9727 = DEFINITIONAL_REPRESENTATION('',(#9728),#9732);
#9728 = LINE('',#9729,#9730);
#9729 = CARTESIAN_POINT('',(0.,-7.));
#9730 = VECTOR('',#9731,1.);
#9731 = DIRECTION('',(1.,0.));
#9732 = ( GEOMETRIC_REPRESENTATION_CONTEXT(2) 
PARAMETRIC_REPRESENTATION_CONTEXT() REPRESENTATION_CONTEXT('2D SPACE',''
  ) );
#9733 = ORIENTED_EDGE('',*,*,#9734,.T.);
#9734 = EDGE_CURVE('',#9712,#9735,#9737,.T.);
#9735 = VERTEX_POINT('',#9736);
#9736 = CARTESIAN_POINT('',(-18.54266240743,-1.459339180538,7.));
#9737 = SURFACE_CURVE('',#9738,(#9743,#9750),.PCURVE_S1.);
#9738 = CIRCLE('',#9739,18.6);
#9739 = AXIS2_PLACEMENT_3D('',#9740,#9741,#9742);
#9740 = CARTESIAN_POINT('',(0.,0.,7.));
#9741 = DIRECTION('',(0.,0.,1.));
#9742 = DIRECTION('',(1.,0.,0.));
#9743 = PCURVE('',#100,#9744);
#9744 = DEFINITIONAL_REPRESENTATION('',(#9745),#9749);
#9745 = CIRCLE('',#9746,18.6);
#9746 = AXIS2_PLACEMENT_2D('',#9747,#9748);
#9747 = CARTESIAN_POINT('',(5.881462935653E-16,7.592810154714E-16));
#9748 = DIRECTION('',(1.,0.));
#9749 = ( GEOMETRIC_REPRESENTATION_CONTEXT(2) 
PARAMETRIC_REPRESENTATION_CONTEXT() REPRESENTATION_CONTEXT('2D SPACE',''
  ) );
#9750 = PCURVE('',#3536,#9751);
#9751 = DEFINITIONAL_REPRESENTATION('',(#9752),#9756);
#9752 = LINE('',#9753,#9754);
#9753 = CARTESIAN_POINT('',(-0.,-7.));
#9754 = VECTOR('',#9755,1.);
#9755 = DIRECTION('',(-1.,0.));
#9756 = ( GEOMETRIC_REPRESENTATION_CONTEXT(2) 
PARAMETRIC_REPRESENTATION_CONTEXT() REPRESENTATION_CONTEXT('2D SPACE',''
  ) );
#9757 = ORIENTED_EDGE('',*,*,#9758,.F.);
#9758 = EDGE_CURVE('',#9759,#9735,#9761,.T.);
#9759 = VERTEX_POINT('',#9760);
#9760 = CARTESIAN_POINT('',(-16.33698280655,-1.28574843124,7.));
#9761 = SURFACE_CURVE('',#9762,(#9766,#9773),.PCURVE_S1.);
#9762 = LINE('',#9763,#9764);
#9763 = CARTESIAN_POINT('',(-16.33698280655,-1.28574843124,7.));
#9764 = VECTOR('',#9765,1.);
#9765 = DIRECTION('',(-0.996917333733,-7.845909572784E-02,0.));
#9766 = PCURVE('',#100,#9767);
#9767 = DEFINITIONAL_REPRESENTATION('',(#9768),#9772);
#9768 = LINE('',#9769,#9770);
#9769 = CARTESIAN_POINT('',(-16.33698280655,-1.28574843124));
#9770 = VECTOR('',#9771,1.);
#9771 = DIRECTION('',(-0.996917333733,-7.845909572784E-02));
#9772 = ( GEOMETRIC_REPRESENTATION_CONTEXT(2) 
PARAMETRIC_REPRESENTATION_CONTEXT() REPRESENTATION_CONTEXT('2D SPACE',''
  ) );
#9773 = PCURVE('',#3564,#9774);
#9774 = DEFINITIONAL_REPRESENTATION('',(#9775),#9779);
#9775 = LINE('',#9776,#9777);
#9776 = CARTESIAN_POINT('',(0.,-7.));
#9777 = VECTOR('',#9778,1.);
#9778 = DIRECTION('',(1.,0.));
#9779 = ( GEOMETRIC_REPRESENTATION_CONTEXT(2) 
PARAMETRIC_REPRESENTATION_CONTEXT() REPRESENTATION_CONTEXT('2D SPACE',''
  ) );
#9780 = ORIENTED_EDGE('',*,*,#9781,.F.);
#9781 = EDGE_CURVE('',#9782,#9759,#9784,.T.);
#9782 = VERTEX_POINT('',#9783);
#9783 = CARTESIAN_POINT('',(-16.24730266576,-2.138997975006,7.));
#9784 = SURFACE_CURVE('',#9785,(#9789,#9796),.PCURVE_S1.);
#9785 = LINE('',#9786,#9787);
#9786 = CARTESIAN_POINT('',(-16.24730266576,-2.138997975006,7.));
#9787 = VECTOR('',#9788,1.);
#9788 = DIRECTION('',(-0.104528463268,0.994521895368,0.));
#9789 = PCURVE('',#100,#9790);
#9790 = DEFINITIONAL_REPRESENTATION('',(#9791),#9795);
#9791 = LINE('',#9792,#9793);
#9792 = CARTESIAN_POINT('',(-16.24730266576,-2.138997975006));
#9793 = VECTOR('',#9794,1.);
#9794 = DIRECTION('',(-0.104528463268,0.994521895368));
#9795 = ( GEOMETRIC_REPRESENTATION_CONTEXT(2) 
PARAMETRIC_REPRESENTATION_CONTEXT() REPRESENTATION_CONTEXT('2D SPACE',''
  ) );
#9796 = PCURVE('',#3592,#9797);
#9797 = DEFINITIONAL_REPRESENTATION('',(#9798),#9802);
#9798 = LINE('',#9799,#9800);
#9799 = CARTESIAN_POINT('',(0.,-7.));
#9800 = VECTOR('',#9801,1.);
#9801 = DIRECTION('',(1.,0.));
#9802 = ( GEOMETRIC_REPRESENTATION_CONTEXT(2) 
PARAMETRIC_REPRESENTATION_CONTEXT() REPRESENTATION_CONTEXT('2D SPACE',''
  ) );
#9803 = ORIENTED_EDGE('',*,*,#9804,.F.);
#9804 = EDGE_CURVE('',#9805,#9782,#9807,.T.);
#9805 = VERTEX_POINT('',#9806);
#9806 = CARTESIAN_POINT('',(-18.44087442155,-2.427787175293,7.));
#9807 = SURFACE_CURVE('',#9808,(#9812,#9819),.PCURVE_S1.);
#9808 = LINE('',#9809,#9810);
#9809 = CARTESIAN_POINT('',(-20.2849618637,-2.670565892822,7.));
#9810 = VECTOR('',#9811,1.);
#9811 = DIRECTION('',(0.991444861374,0.13052619222,0.));
#9812 = PCURVE('',#100,#9813);
#9813 = DEFINITIONAL_REPRESENTATION('',(#9814),#9818);
#9814 = LINE('',#9815,#9816);
#9815 = CARTESIAN_POINT('',(-20.2849618637,-2.670565892822));
#9816 = VECTOR('',#9817,1.);
#9817 = DIRECTION('',(0.991444861374,0.13052619222));
#9818 = ( GEOMETRIC_REPRESENTATION_CONTEXT(2) 
PARAMETRIC_REPRESENTATION_CONTEXT() REPRESENTATION_CONTEXT('2D SPACE',''
  ) );
#9819 = PCURVE('',#3620,#9820);
#9820 = DEFINITIONAL_REPRESENTATION('',(#9821),#9825);
#9821 = LINE('',#9822,#9823);
#9822 = CARTESIAN_POINT('',(0.,-7.));
#9823 = VECTOR('',#9824,1.);
#9824 = DIRECTION('',(1.,0.));
#9825 = ( GEOMETRIC_REPRESENTATION_CONTEXT(2) 
PARAMETRIC_REPRESENTATION_CONTEXT() REPRESENTATION_CONTEXT('2D SPACE',''
  ) );
#9826 = ORIENTED_EDGE('',*,*,#9827,.T.);
#9827 = EDGE_CURVE('',#9805,#9828,#9830,.T.);
#9828 = VERTEX_POINT('',#9829);
#9829 = CARTESIAN_POINT('',(-18.28854128069,-3.389580774154,7.));
#9830 = SURFACE_CURVE('',#9831,(#9836,#9843),.PCURVE_S1.);
#9831 = CIRCLE('',#9832,18.6);
#9832 = AXIS2_PLACEMENT_3D('',#9833,#9834,#9835);
#9833 = CARTESIAN_POINT('',(0.,0.,7.));
#9834 = DIRECTION('',(0.,0.,1.));
#9835 = DIRECTION('',(1.,0.,0.));
#9836 = PCURVE('',#100,#9837);
#9837 = DEFINITIONAL_REPRESENTATION('',(#9838),#9842);
#9838 = CIRCLE('',#9839,18.6);
#9839 = AXIS2_PLACEMENT_2D('',#9840,#9841);
#9840 = CARTESIAN_POINT('',(5.881462935653E-16,7.592810154714E-16));
#9841 = DIRECTION('',(1.,0.));
#9842 = ( GEOMETRIC_REPRESENTATION_CONTEXT(2) 
PARAMETRIC_REPRESENTATION_CONTEXT() REPRESENTATION_CONTEXT('2D SPACE',''
  ) );
#9843 = PCURVE('',#3649,#9844);
#9844 = DEFINITIONAL_REPRESENTATION('',(#9845),#9849);
#9845 = LINE('',#9846,#9847);
#9846 = CARTESIAN_POINT('',(-0.,-7.));
#9847 = VECTOR('',#9848,1.);
#9848 = DIRECTION('',(-1.,0.));
#9849 = ( GEOMETRIC_REPRESENTATION_CONTEXT(2) 
PARAMETRIC_REPRESENTATION_CONTEXT() REPRESENTATION_CONTEXT('2D SPACE',''
  ) );
#9850 = ORIENTED_EDGE('',*,*,#9851,.F.);
#9851 = EDGE_CURVE('',#9852,#9828,#9854,.T.);
#9852 = VERTEX_POINT('',#9853);
#9853 = CARTESIAN_POINT('',(-16.1130897977,-2.986384674003,7.));
#9854 = SURFACE_CURVE('',#9855,(#9859,#9866),.PCURVE_S1.);
#9855 = LINE('',#9856,#9857);
#9856 = CARTESIAN_POINT('',(-16.1130897977,-2.986384674003,7.));
#9857 = VECTOR('',#9858,1.);
#9858 = DIRECTION('',(-0.983254907564,-0.182235525492,0.));
#9859 = PCURVE('',#100,#9860);
#9860 = DEFINITIONAL_REPRESENTATION('',(#9861),#9865);
#9861 = LINE('',#9862,#9863);
#9862 = CARTESIAN_POINT('',(-16.1130897977,-2.986384674003));
#9863 = VECTOR('',#9864,1.);
#9864 = DIRECTION('',(-0.983254907564,-0.182235525492));
#9865 = ( GEOMETRIC_REPRESENTATION_CONTEXT(2) 
PARAMETRIC_REPRESENTATION_CONTEXT() REPRESENTATION_CONTEXT('2D SPACE',''
  ) );
#9866 = PCURVE('',#3677,#9867);
#9867 = DEFINITIONAL_REPRESENTATION('',(#9868),#9872);
#9868 = LINE('',#9869,#9870);
#9869 = CARTESIAN_POINT('',(0.,-7.));
#9870 = VECTOR('',#9871,1.);
#9871 = DIRECTION('',(1.,0.));
#9872 = ( GEOMETRIC_REPRESENTATION_CONTEXT(2) 
PARAMETRIC_REPRESENTATION_CONTEXT() REPRESENTATION_CONTEXT('2D SPACE',''
  ) );
#9873 = ORIENTED_EDGE('',*,*,#9874,.F.);
#9874 = EDGE_CURVE('',#9875,#9852,#9877,.T.);
#9875 = VERTEX_POINT('',#9876);
#9876 = CARTESIAN_POINT('',(-15.93471207051,-3.825585900189,7.));
#9877 = SURFACE_CURVE('',#9878,(#9882,#9889),.PCURVE_S1.);
#9878 = LINE('',#9879,#9880);
#9879 = CARTESIAN_POINT('',(-15.93471207051,-3.825585900189,7.));
#9880 = VECTOR('',#9881,1.);
#9881 = DIRECTION('',(-0.207911690818,0.978147600734,0.));
#9882 = PCURVE('',#100,#9883);
#9883 = DEFINITIONAL_REPRESENTATION('',(#9884),#9888);
#9884 = LINE('',#9885,#9886);
#9885 = CARTESIAN_POINT('',(-15.93471207051,-3.825585900189));
#9886 = VECTOR('',#9887,1.);
#9887 = DIRECTION('',(-0.207911690818,0.978147600734));
#9888 = ( GEOMETRIC_REPRESENTATION_CONTEXT(2) 
PARAMETRIC_REPRESENTATION_CONTEXT() REPRESENTATION_CONTEXT('2D SPACE',''
  ) );
#9889 = PCURVE('',#3705,#9890);
#9890 = DEFINITIONAL_REPRESENTATION('',(#9891),#9895);
#9891 = LINE('',#9892,#9893);
#9892 = CARTESIAN_POINT('',(0.,-7.));
#9893 = VECTOR('',#9894,1.);
#9894 = DIRECTION('',(1.,0.));
#9895 = ( GEOMETRIC_REPRESENTATION_CONTEXT(2) 
PARAMETRIC_REPRESENTATION_CONTEXT() REPRESENTATION_CONTEXT('2D SPACE',''
  ) );
#9896 = ORIENTED_EDGE('',*,*,#9897,.F.);
#9897 = EDGE_CURVE('',#9898,#9875,#9900,.T.);
#9898 = VERTEX_POINT('',#9899);
#9899 = CARTESIAN_POINT('',(-18.08608051939,-4.342083767721,7.));
#9900 = SURFACE_CURVE('',#9901,(#9905,#9912),.PCURVE_S1.);
#9901 = LINE('',#9902,#9903);
#9902 = CARTESIAN_POINT('',(-19.89468857133,-4.776292144492,7.));
#9903 = VECTOR('',#9904,1.);
#9904 = DIRECTION('',(0.972369920398,0.233445363856,0.));
#9905 = PCURVE('',#100,#9906);
#9906 = DEFINITIONAL_REPRESENTATION('',(#9907),#9911);
#9907 = LINE('',#9908,#9909);
#9908 = CARTESIAN_POINT('',(-19.89468857133,-4.776292144492));
#9909 = VECTOR('',#9910,1.);
#9910 = DIRECTION('',(0.972369920398,0.233445363856));
#9911 = ( GEOMETRIC_REPRESENTATION_CONTEXT(2) 
PARAMETRIC_REPRESENTATION_CONTEXT() REPRESENTATION_CONTEXT('2D SPACE',''
  ) );
#9912 = PCURVE('',#3733,#9913);
#9913 = DEFINITIONAL_REPRESENTATION('',(#9914),#9918);
#9914 = LINE('',#9915,#9916);
#9915 = CARTESIAN_POINT('',(0.,-7.));
#9916 = VECTOR('',#9917,1.);
#9917 = DIRECTION('',(1.,0.));
#9918 = ( GEOMETRIC_REPRESENTATION_CONTEXT(2) 
PARAMETRIC_REPRESENTATION_CONTEXT() REPRESENTATION_CONTEXT('2D SPACE',''
  ) );
#9919 = ORIENTED_EDGE('',*,*,#9920,.T.);
#9920 = EDGE_CURVE('',#9898,#9921,#9923,.T.);
#9921 = VERTEX_POINT('',#9922);
#9922 = CARTESIAN_POINT('',(-17.83404706854,-5.282685411492,7.));
#9923 = SURFACE_CURVE('',#9924,(#9929,#9936),.PCURVE_S1.);
#9924 = CIRCLE('',#9925,18.6);
#9925 = AXIS2_PLACEMENT_3D('',#9926,#9927,#9928);
#9926 = CARTESIAN_POINT('',(0.,0.,7.));
#9927 = DIRECTION('',(0.,0.,1.));
#9928 = DIRECTION('',(1.,0.,0.));
#9929 = PCURVE('',#100,#9930);
#9930 = DEFINITIONAL_REPRESENTATION('',(#9931),#9935);
#9931 = CIRCLE('',#9932,18.6);
#9932 = AXIS2_PLACEMENT_2D('',#9933,#9934);
#9933 = CARTESIAN_POINT('',(5.881462935653E-16,7.592810154714E-16));
#9934 = DIRECTION('',(1.,0.));
#9935 = ( GEOMETRIC_REPRESENTATION_CONTEXT(2) 
PARAMETRIC_REPRESENTATION_CONTEXT() REPRESENTATION_CONTEXT('2D SPACE',''
  ) );
#9936 = PCURVE('',#3762,#9937);
#9937 = DEFINITIONAL_REPRESENTATION('',(#9938),#9942);
#9938 = LINE('',#9939,#9940);
#9939 = CARTESIAN_POINT('',(-0.,-7.));
#9940 = VECTOR('',#9941,1.);
#9941 = DIRECTION('',(-1.,0.));
#9942 = ( GEOMETRIC_REPRESENTATION_CONTEXT(2) 
PARAMETRIC_REPRESENTATION_CONTEXT() REPRESENTATION_CONTEXT('2D SPACE',''
  ) );
#9943 = ORIENTED_EDGE('',*,*,#9944,.F.);
#9944 = EDGE_CURVE('',#9945,#9921,#9947,.T.);
#9945 = VERTEX_POINT('',#9946);
#9946 = CARTESIAN_POINT('',(-15.71265840515,-4.654301461336,7.));
#9947 = SURFACE_CURVE('',#9948,(#9952,#9959),.PCURVE_S1.);
#9948 = LINE('',#9949,#9950);
#9949 = CARTESIAN_POINT('',(-15.71265840515,-4.654301461336,7.));
#9950 = VECTOR('',#9951,1.);
#9951 = DIRECTION('',(-0.958819734868,-0.284015344704,0.));
#9952 = PCURVE('',#100,#9953);
#9953 = DEFINITIONAL_REPRESENTATION('',(#9954),#9958);
#9954 = LINE('',#9955,#9956);
#9955 = CARTESIAN_POINT('',(-15.71265840515,-4.654301461336));
#9956 = VECTOR('',#9957,1.);
#9957 = DIRECTION('',(-0.958819734868,-0.284015344704));
#9958 = ( GEOMETRIC_REPRESENTATION_CONTEXT(2) 
PARAMETRIC_REPRESENTATION_CONTEXT() REPRESENTATION_CONTEXT('2D SPACE',''
  ) );
#9959 = PCURVE('',#3790,#9960);
#9960 = DEFINITIONAL_REPRESENTATION('',(#9961),#9965);
#9961 = LINE('',#9962,#9963);
#9962 = CARTESIAN_POINT('',(0.,-7.));
#9963 = VECTOR('',#9964,1.);
#9964 = DIRECTION('',(1.,0.));
#9965 = ( GEOMETRIC_REPRESENTATION_CONTEXT(2) 
PARAMETRIC_REPRESENTATION_CONTEXT() REPRESENTATION_CONTEXT('2D SPACE',''
  ) );
#9966 = ORIENTED_EDGE('',*,*,#9967,.F.);
#9967 = EDGE_CURVE('',#9968,#9945,#9970,.T.);
#9968 = VERTEX_POINT('',#9969);
#9969 = CARTESIAN_POINT('',(-15.44753743527,-5.470259905693,7.));
#9970 = SURFACE_CURVE('',#9971,(#9975,#9982),.PCURVE_S1.);
#9971 = LINE('',#9972,#9973);
#9972 = CARTESIAN_POINT('',(-15.44753743527,-5.470259905693,7.));
#9973 = VECTOR('',#9974,1.);
#9974 = DIRECTION('',(-0.309016994375,0.951056516295,0.));
#9975 = PCURVE('',#100,#9976);
#9976 = DEFINITIONAL_REPRESENTATION('',(#9977),#9981);
#9977 = LINE('',#9978,#9979);
#9978 = CARTESIAN_POINT('',(-15.44753743527,-5.470259905693));
#9979 = VECTOR('',#9980,1.);
#9980 = DIRECTION('',(-0.309016994375,0.951056516295));
#9981 = ( GEOMETRIC_REPRESENTATION_CONTEXT(2) 
PARAMETRIC_REPRESENTATION_CONTEXT() REPRESENTATION_CONTEXT('2D SPACE',''
  ) );
#9982 = PCURVE('',#3818,#9983);
#9983 = DEFINITIONAL_REPRESENTATION('',(#9984),#9988);
#9984 = LINE('',#9985,#9986);
#9985 = CARTESIAN_POINT('',(0.,-7.));
#9986 = VECTOR('',#9987,1.);
#9987 = DIRECTION('',(1.,0.));
#9988 = ( GEOMETRIC_REPRESENTATION_CONTEXT(2) 
PARAMETRIC_REPRESENTATION_CONTEXT() REPRESENTATION_CONTEXT('2D SPACE',''
  ) );
#9989 = ORIENTED_EDGE('',*,*,#9990,.F.);
#9990 = EDGE_CURVE('',#9991,#9968,#9993,.T.);
#9991 = VERTEX_POINT('',#9992);
#9992 = CARTESIAN_POINT('',(-17.53313173431,-6.208807581748,7.));
#9993 = SURFACE_CURVE('',#9994,(#9998,#10005),.PCURVE_S1.);
#9994 = LINE('',#9995,#9996);
#9995 = CARTESIAN_POINT('',(-19.28644490774,-6.829688339923,7.));
#9996 = VECTOR('',#9997,1.);
#9997 = DIRECTION('',(0.942641491092,0.333806859234,0.));
#9998 = PCURVE('',#100,#9999);
#9999 = DEFINITIONAL_REPRESENTATION('',(#10000),#10004);
#10000 = LINE('',#10001,#10002);
#10001 = CARTESIAN_POINT('',(-19.28644490774,-6.829688339923));
#10002 = VECTOR('',#10003,1.);
#10003 = DIRECTION('',(0.942641491092,0.333806859234));
#10004 = ( GEOMETRIC_REPRESENTATION_CONTEXT(2) 
PARAMETRIC_REPRESENTATION_CONTEXT() REPRESENTATION_CONTEXT('2D SPACE',''
  ) );
#10005 = PCURVE('',#3846,#10006);
#10006 = DEFINITIONAL_REPRESENTATION('',(#10007),#10011);
#10007 = LINE('',#10008,#10009);
#10008 = CARTESIAN_POINT('',(0.,-7.));
#10009 = VECTOR('',#10010,1.);
#10010 = DIRECTION('',(1.,0.));
#10011 = ( GEOMETRIC_REPRESENTATION_CONTEXT(2) 
PARAMETRIC_REPRESENTATION_CONTEXT() REPRESENTATION_CONTEXT('2D SPACE',''
  ) );
#10012 = ORIENTED_EDGE('',*,*,#10013,.T.);
#10013 = EDGE_CURVE('',#9991,#10014,#10016,.T.);
#10014 = VERTEX_POINT('',#10015);
#10015 = CARTESIAN_POINT('',(-17.18415930471,-7.117911841991,7.));
#10016 = SURFACE_CURVE('',#10017,(#10022,#10029),.PCURVE_S1.);
#10017 = CIRCLE('',#10018,18.6);
#10018 = AXIS2_PLACEMENT_3D('',#10019,#10020,#10021);
#10019 = CARTESIAN_POINT('',(0.,0.,7.));
#10020 = DIRECTION('',(0.,0.,1.));
#10021 = DIRECTION('',(1.,0.,0.));
#10022 = PCURVE('',#100,#10023);
#10023 = DEFINITIONAL_REPRESENTATION('',(#10024),#10028);
#10024 = CIRCLE('',#10025,18.6);
#10025 = AXIS2_PLACEMENT_2D('',#10026,#10027);
#10026 = CARTESIAN_POINT('',(5.881462935653E-16,7.592810154714E-16));
#10027 = DIRECTION('',(1.,0.));
#10028 = ( GEOMETRIC_REPRESENTATION_CONTEXT(2) 
PARAMETRIC_REPRESENTATION_CONTEXT() REPRESENTATION_CONTEXT('2D SPACE',''
  ) );
#10029 = PCURVE('',#3875,#10030);
#10030 = DEFINITIONAL_REPRESENTATION('',(#10031),#10035);
#10031 = LINE('',#10032,#10033);
#10032 = CARTESIAN_POINT('',(-0.,-7.));
#10033 = VECTOR('',#10034,1.);
#10034 = DIRECTION('',(-1.,0.));
#10035 = ( GEOMETRIC_REPRESENTATION_CONTEXT(2) 
PARAMETRIC_REPRESENTATION_CONTEXT() REPRESENTATION_CONTEXT('2D SPACE',''
  ) );
#10036 = ORIENTED_EDGE('',*,*,#10037,.F.);
#10037 = EDGE_CURVE('',#10038,#10014,#10040,.T.);
#10038 = VERTEX_POINT('',#10039);
#10039 = CARTESIAN_POINT('',(-15.14007583902,-6.271224747883,7.));
#10040 = SURFACE_CURVE('',#10041,(#10045,#10052),.PCURVE_S1.);
#10041 = LINE('',#10042,#10043);
#10042 = CARTESIAN_POINT('',(-15.14007583902,-6.271224747883,7.));
#10043 = VECTOR('',#10044,1.);
#10044 = DIRECTION('',(-0.923879532511,-0.382683432365,0.));
#10045 = PCURVE('',#100,#10046);
#10046 = DEFINITIONAL_REPRESENTATION('',(#10047),#10051);
#10047 = LINE('',#10048,#10049);
#10048 = CARTESIAN_POINT('',(-15.14007583902,-6.271224747883));
#10049 = VECTOR('',#10050,1.);
#10050 = DIRECTION('',(-0.923879532511,-0.382683432365));
#10051 = ( GEOMETRIC_REPRESENTATION_CONTEXT(2) 
PARAMETRIC_REPRESENTATION_CONTEXT() REPRESENTATION_CONTEXT('2D SPACE',''
  ) );
#10052 = PCURVE('',#3903,#10053);
#10053 = DEFINITIONAL_REPRESENTATION('',(#10054),#10058);
#10054 = LINE('',#10055,#10056);
#10055 = CARTESIAN_POINT('',(0.,-7.));
#10056 = VECTOR('',#10057,1.);
#10057 = DIRECTION('',(1.,0.));
#10058 = ( GEOMETRIC_REPRESENTATION_CONTEXT(2) 
PARAMETRIC_REPRESENTATION_CONTEXT() REPRESENTATION_CONTEXT('2D SPACE',''
  ) );
#10059 = ORIENTED_EDGE('',*,*,#10060,.F.);
#10060 = EDGE_CURVE('',#10061,#10038,#10063,.T.);
#10061 = VERTEX_POINT('',#10062);
#10062 = CARTESIAN_POINT('',(-14.79111634728,-7.055000598946,7.));
#10063 = SURFACE_CURVE('',#10064,(#10068,#10075),.PCURVE_S1.);
#10064 = LINE('',#10065,#10066);
#10065 = CARTESIAN_POINT('',(-14.79111634728,-7.055000598946,7.));
#10066 = VECTOR('',#10067,1.);
#10067 = DIRECTION('',(-0.406736643076,0.913545457643,0.));
#10068 = PCURVE('',#100,#10069);
#10069 = DEFINITIONAL_REPRESENTATION('',(#10070),#10074);
#10070 = LINE('',#10071,#10072);
#10071 = CARTESIAN_POINT('',(-14.79111634728,-7.055000598946));
#10072 = VECTOR('',#10073,1.);
#10073 = DIRECTION('',(-0.406736643076,0.913545457643));
#10074 = ( GEOMETRIC_REPRESENTATION_CONTEXT(2) 
PARAMETRIC_REPRESENTATION_CONTEXT() REPRESENTATION_CONTEXT('2D SPACE',''
  ) );
#10075 = PCURVE('',#3931,#10076);
#10076 = DEFINITIONAL_REPRESENTATION('',(#10077),#10081);
#10077 = LINE('',#10078,#10079);
#10078 = CARTESIAN_POINT('',(0.,-7.));
#10079 = VECTOR('',#10080,1.);
#10080 = DIRECTION('',(1.,0.));
#10081 = ( GEOMETRIC_REPRESENTATION_CONTEXT(2) 
PARAMETRIC_REPRESENTATION_CONTEXT() REPRESENTATION_CONTEXT('2D SPACE',''
  ) );
#10082 = ORIENTED_EDGE('',*,*,#10083,.F.);
#10083 = EDGE_CURVE('',#10084,#10061,#10086,.T.);
#10084 = VERTEX_POINT('',#10085);
#10085 = CARTESIAN_POINT('',(-16.7880862889,-8.007506400634,7.));
#10086 = SURFACE_CURVE('',#10087,(#10091,#10098),.PCURVE_S1.);
#10087 = LINE('',#10088,#10089);
#10088 = CARTESIAN_POINT('',(-18.46689491779,-8.808257040698,7.));
#10089 = VECTOR('',#10090,1.);
#10090 = DIRECTION('',(0.90258528435,0.430511096808,0.));
#10091 = PCURVE('',#100,#10092);
#10092 = DEFINITIONAL_REPRESENTATION('',(#10093),#10097);
#10093 = LINE('',#10094,#10095);
#10094 = CARTESIAN_POINT('',(-18.46689491779,-8.808257040698));
#10095 = VECTOR('',#10096,1.);
#10096 = DIRECTION('',(0.90258528435,0.430511096808));
#10097 = ( GEOMETRIC_REPRESENTATION_CONTEXT(2) 
PARAMETRIC_REPRESENTATION_CONTEXT() REPRESENTATION_CONTEXT('2D SPACE',''
  ) );
#10098 = PCURVE('',#3959,#10099);
#10099 = DEFINITIONAL_REPRESENTATION('',(#10100),#10104);
#10100 = LINE('',#10101,#10102);
#10101 = CARTESIAN_POINT('',(0.,-7.));
#10102 = VECTOR('',#10103,1.);
#10103 = DIRECTION('',(1.,0.));
#10104 = ( GEOMETRIC_REPRESENTATION_CONTEXT(2) 
PARAMETRIC_REPRESENTATION_CONTEXT() REPRESENTATION_CONTEXT('2D SPACE',''
  ) );
#10105 = ORIENTED_EDGE('',*,*,#10106,.T.);
#10106 = EDGE_CURVE('',#10084,#10107,#10109,.T.);
#10107 = VERTEX_POINT('',#10108);
#10108 = CARTESIAN_POINT('',(-16.34599829551,-8.875152940828,7.));
#10109 = SURFACE_CURVE('',#10110,(#10115,#10122),.PCURVE_S1.);
#10110 = CIRCLE('',#10111,18.6);
#10111 = AXIS2_PLACEMENT_3D('',#10112,#10113,#10114);
#10112 = CARTESIAN_POINT('',(0.,0.,7.));
#10113 = DIRECTION('',(0.,0.,1.));
#10114 = DIRECTION('',(1.,0.,0.));
#10115 = PCURVE('',#100,#10116);
#10116 = DEFINITIONAL_REPRESENTATION('',(#10117),#10121);
#10117 = CIRCLE('',#10118,18.6);
#10118 = AXIS2_PLACEMENT_2D('',#10119,#10120);
#10119 = CARTESIAN_POINT('',(5.881462935653E-16,7.592810154714E-16));
#10120 = DIRECTION('',(1.,0.));
#10121 = ( GEOMETRIC_REPRESENTATION_CONTEXT(2) 
PARAMETRIC_REPRESENTATION_CONTEXT() REPRESENTATION_CONTEXT('2D SPACE',''
  ) );
#10122 = PCURVE('',#3988,#10123);
#10123 = DEFINITIONAL_REPRESENTATION('',(#10124),#10128);
#10124 = LINE('',#10125,#10126);
#10125 = CARTESIAN_POINT('',(-0.,-7.));
#10126 = VECTOR('',#10127,1.);
#10127 = DIRECTION('',(-1.,0.));
#10128 = ( GEOMETRIC_REPRESENTATION_CONTEXT(2) 
PARAMETRIC_REPRESENTATION_CONTEXT() REPRESENTATION_CONTEXT('2D SPACE',''
  ) );
#10129 = ORIENTED_EDGE('',*,*,#10130,.F.);
#10130 = EDGE_CURVE('',#10131,#10107,#10133,.T.);
#10131 = VERTEX_POINT('',#10132);
#10132 = CARTESIAN_POINT('',(-14.40161543374,-7.819439183754,7.));
#10133 = SURFACE_CURVE('',#10134,(#10138,#10145),.PCURVE_S1.);
#10134 = LINE('',#10135,#10136);
#10135 = CARTESIAN_POINT('',(-14.40161543374,-7.819439183754,7.));
#10136 = VECTOR('',#10137,1.);
#10137 = DIRECTION('',(-0.878817112662,-0.47715876026,0.));
#10138 = PCURVE('',#100,#10139);
#10139 = DEFINITIONAL_REPRESENTATION('',(#10140),#10144);
#10140 = LINE('',#10141,#10142);
#10141 = CARTESIAN_POINT('',(-14.40161543374,-7.819439183754));
#10142 = VECTOR('',#10143,1.);
#10143 = DIRECTION('',(-0.878817112662,-0.47715876026));
#10144 = ( GEOMETRIC_REPRESENTATION_CONTEXT(2) 
PARAMETRIC_REPRESENTATION_CONTEXT() REPRESENTATION_CONTEXT('2D SPACE',''
  ) );
#10145 = PCURVE('',#4016,#10146);
#10146 = DEFINITIONAL_REPRESENTATION('',(#10147),#10151);
#10147 = LINE('',#10148,#10149);
#10148 = CARTESIAN_POINT('',(0.,-7.));
#10149 = VECTOR('',#10150,1.);
#10150 = DIRECTION('',(1.,0.));
#10151 = ( GEOMETRIC_REPRESENTATION_CONTEXT(2) 
PARAMETRIC_REPRESENTATION_CONTEXT() REPRESENTATION_CONTEXT('2D SPACE',''
  ) );
#10152 = ORIENTED_EDGE('',*,*,#10153,.F.);
#10153 = EDGE_CURVE('',#10154,#10131,#10156,.T.);
#10154 = VERTEX_POINT('',#10155);
#10155 = CARTESIAN_POINT('',(-13.97264069335,-8.562445229283,7.));
#10156 = SURFACE_CURVE('',#10157,(#10161,#10168),.PCURVE_S1.);
#10157 = LINE('',#10158,#10159);
#10158 = CARTESIAN_POINT('',(-13.97264069335,-8.562445229283,7.));
#10159 = VECTOR('',#10160,1.);
#10160 = DIRECTION('',(-0.5,0.866025403784,0.));
#10161 = PCURVE('',#100,#10162);
#10162 = DEFINITIONAL_REPRESENTATION('',(#10163),#10167);
#10163 = LINE('',#10164,#10165);
#10164 = CARTESIAN_POINT('',(-13.97264069335,-8.562445229283));
#10165 = VECTOR('',#10166,1.);
#10166 = DIRECTION('',(-0.5,0.866025403784));
#10167 = ( GEOMETRIC_REPRESENTATION_CONTEXT(2) 
PARAMETRIC_REPRESENTATION_CONTEXT() REPRESENTATION_CONTEXT('2D SPACE',''
  ) );
#10168 = PCURVE('',#4044,#10169);
#10169 = DEFINITIONAL_REPRESENTATION('',(#10170),#10174);
#10170 = LINE('',#10171,#10172);
#10171 = CARTESIAN_POINT('',(0.,-7.));
#10172 = VECTOR('',#10173,1.);
#10173 = DIRECTION('',(1.,0.));
#10174 = ( GEOMETRIC_REPRESENTATION_CONTEXT(2) 
PARAMETRIC_REPRESENTATION_CONTEXT() REPRESENTATION_CONTEXT('2D SPACE',''
  ) );
#10175 = ORIENTED_EDGE('',*,*,#10176,.F.);
#10176 = EDGE_CURVE('',#10177,#10154,#10179,.T.);
#10177 = VERTEX_POINT('',#10178);
#10178 = CARTESIAN_POINT('',(-15.85910705698,-9.718473303717,7.));
#10179 = SURFACE_CURVE('',#10180,(#10184,#10191),.PCURVE_S1.);
#10180 = LINE('',#10181,#10182);
#10181 = CARTESIAN_POINT('',(-17.44501776268,-10.69032063408,7.));
#10182 = VECTOR('',#10183,1.);
#10183 = DIRECTION('',(0.852640164354,0.522498564716,0.));
#10184 = PCURVE('',#100,#10185);
#10185 = DEFINITIONAL_REPRESENTATION('',(#10186),#10190);
#10186 = LINE('',#10187,#10188);
#10187 = CARTESIAN_POINT('',(-17.44501776268,-10.69032063408));
#10188 = VECTOR('',#10189,1.);
#10189 = DIRECTION('',(0.852640164354,0.522498564716));
#10190 = ( GEOMETRIC_REPRESENTATION_CONTEXT(2) 
PARAMETRIC_REPRESENTATION_CONTEXT() REPRESENTATION_CONTEXT('2D SPACE',''
  ) );
#10191 = PCURVE('',#4072,#10192);
#10192 = DEFINITIONAL_REPRESENTATION('',(#10193),#10197);
#10193 = LINE('',#10194,#10195);
#10194 = CARTESIAN_POINT('',(0.,-7.));
#10195 = VECTOR('',#10196,1.);
#10196 = DIRECTION('',(1.,0.));
#10197 = ( GEOMETRIC_REPRESENTATION_CONTEXT(2) 
PARAMETRIC_REPRESENTATION_CONTEXT() REPRESENTATION_CONTEXT('2D SPACE',''
  ) );
#10198 = ORIENTED_EDGE('',*,*,#10199,.T.);
#10199 = EDGE_CURVE('',#10177,#10200,#10202,.T.);
#10200 = VERTEX_POINT('',#10201);
#10201 = CARTESIAN_POINT('',(-15.32874710837,-10.5351560068,7.));
#10202 = SURFACE_CURVE('',#10203,(#10208,#10215),.PCURVE_S1.);
#10203 = CIRCLE('',#10204,18.6);
#10204 = AXIS2_PLACEMENT_3D('',#10205,#10206,#10207);
#10205 = CARTESIAN_POINT('',(0.,0.,7.));
#10206 = DIRECTION('',(0.,0.,1.));
#10207 = DIRECTION('',(1.,0.,0.));
#10208 = PCURVE('',#100,#10209);
#10209 = DEFINITIONAL_REPRESENTATION('',(#10210),#10214);
#10210 = CIRCLE('',#10211,18.6);
#10211 = AXIS2_PLACEMENT_2D('',#10212,#10213);
#10212 = CARTESIAN_POINT('',(5.881462935653E-16,7.592810154714E-16));
#10213 = DIRECTION('',(1.,0.));
#10214 = ( GEOMETRIC_REPRESENTATION_CONTEXT(2) 
PARAMETRIC_REPRESENTATION_CONTEXT() REPRESENTATION_CONTEXT('2D SPACE',''
  ) );
#10215 = PCURVE('',#4101,#10216);
#10216 = DEFINITIONAL_REPRESENTATION('',(#10217),#10221);
#10217 = LINE('',#10218,#10219);
#10218 = CARTESIAN_POINT('',(-0.,-7.));
#10219 = VECTOR('',#10220,1.);
#10220 = DIRECTION('',(-1.,0.));
#10221 = ( GEOMETRIC_REPRESENTATION_CONTEXT(2) 
PARAMETRIC_REPRESENTATION_CONTEXT() REPRESENTATION_CONTEXT('2D SPACE',''
  ) );
#10222 = ORIENTED_EDGE('',*,*,#10223,.F.);
#10223 = EDGE_CURVE('',#10224,#10200,#10226,.T.);
#10224 = VERTEX_POINT('',#10225);
#10225 = CARTESIAN_POINT('',(-13.50536791604,-9.281982207606,7.));
#10226 = SURFACE_CURVE('',#10227,(#10231,#10238),.PCURVE_S1.);
#10227 = LINE('',#10228,#10229);
#10228 = CARTESIAN_POINT('',(-13.50536791604,-9.281982207606,7.));
#10229 = VECTOR('',#10230,1.);
#10230 = DIRECTION('',(-0.824126188622,-0.566406236925,0.));
#10231 = PCURVE('',#100,#10232);
#10232 = DEFINITIONAL_REPRESENTATION('',(#10233),#10237);
#10233 = LINE('',#10234,#10235);
#10234 = CARTESIAN_POINT('',(-13.50536791604,-9.281982207606));
#10235 = VECTOR('',#10236,1.);
#10236 = DIRECTION('',(-0.824126188622,-0.566406236925));
#10237 = ( GEOMETRIC_REPRESENTATION_CONTEXT(2) 
PARAMETRIC_REPRESENTATION_CONTEXT() REPRESENTATION_CONTEXT('2D SPACE',''
  ) );
#10238 = PCURVE('',#4129,#10239);
#10239 = DEFINITIONAL_REPRESENTATION('',(#10240),#10244);
#10240 = LINE('',#10241,#10242);
#10241 = CARTESIAN_POINT('',(0.,-7.));
#10242 = VECTOR('',#10243,1.);
#10243 = DIRECTION('',(1.,0.));
#10244 = ( GEOMETRIC_REPRESENTATION_CONTEXT(2) 
PARAMETRIC_REPRESENTATION_CONTEXT() REPRESENTATION_CONTEXT('2D SPACE',''
  ) );
#10245 = ORIENTED_EDGE('',*,*,#10246,.F.);
#10246 = EDGE_CURVE('',#10247,#10224,#10249,.T.);
#10247 = VERTEX_POINT('',#10248);
#10248 = CARTESIAN_POINT('',(-13.00107786402,-9.97607791788,7.));
#10249 = SURFACE_CURVE('',#10250,(#10254,#10261),.PCURVE_S1.);
#10250 = LINE('',#10251,#10252);
#10251 = CARTESIAN_POINT('',(-13.00107786402,-9.97607791788,7.));
#10252 = VECTOR('',#10253,1.);
#10253 = DIRECTION('',(-0.587785252292,0.809016994375,0.));
#10254 = PCURVE('',#100,#10255);
#10255 = DEFINITIONAL_REPRESENTATION('',(#10256),#10260);
#10256 = LINE('',#10257,#10258);
#10257 = CARTESIAN_POINT('',(-13.00107786402,-9.97607791788));
#10258 = VECTOR('',#10259,1.);
#10259 = DIRECTION('',(-0.587785252292,0.809016994375));
#10260 = ( GEOMETRIC_REPRESENTATION_CONTEXT(2) 
PARAMETRIC_REPRESENTATION_CONTEXT() REPRESENTATION_CONTEXT('2D SPACE',''
  ) );
#10261 = PCURVE('',#4157,#10262);
#10262 = DEFINITIONAL_REPRESENTATION('',(#10263),#10267);
#10263 = LINE('',#10264,#10265);
#10264 = CARTESIAN_POINT('',(0.,-7.));
#10265 = VECTOR('',#10266,1.);
#10266 = DIRECTION('',(1.,0.));
#10267 = ( GEOMETRIC_REPRESENTATION_CONTEXT(2) 
PARAMETRIC_REPRESENTATION_CONTEXT() REPRESENTATION_CONTEXT('2D SPACE',''
  ) );
#10268 = ORIENTED_EDGE('',*,*,#10269,.F.);
#10269 = EDGE_CURVE('',#10270,#10247,#10272,.T.);
#10270 = VERTEX_POINT('',#10271);
#10271 = CARTESIAN_POINT('',(-14.75637212941,-11.32296257956,7.));
#10272 = SURFACE_CURVE('',#10273,(#10277,#10284),.PCURVE_S1.);
#10273 = LINE('',#10274,#10275);
#10274 = CARTESIAN_POINT('',(-16.23200934235,-12.45525883751,7.));
#10275 = VECTOR('',#10276,1.);
#10276 = DIRECTION('',(0.793353340291,0.608761429009,0.));
#10277 = PCURVE('',#100,#10278);
#10278 = DEFINITIONAL_REPRESENTATION('',(#10279),#10283);
#10279 = LINE('',#10280,#10281);
#10280 = CARTESIAN_POINT('',(-16.23200934235,-12.45525883751));
#10281 = VECTOR('',#10282,1.);
#10282 = DIRECTION('',(0.793353340291,0.608761429009));
#10283 = ( GEOMETRIC_REPRESENTATION_CONTEXT(2) 
PARAMETRIC_REPRESENTATION_CONTEXT() REPRESENTATION_CONTEXT('2D SPACE',''
  ) );
#10284 = PCURVE('',#4185,#10285);
#10285 = DEFINITIONAL_REPRESENTATION('',(#10286),#10290);
#10286 = LINE('',#10287,#10288);
#10287 = CARTESIAN_POINT('',(0.,-7.));
#10288 = VECTOR('',#10289,1.);
#10289 = DIRECTION('',(1.,0.));
#10290 = ( GEOMETRIC_REPRESENTATION_CONTEXT(2) 
PARAMETRIC_REPRESENTATION_CONTEXT() REPRESENTATION_CONTEXT('2D SPACE',''
  ) );
#10291 = ORIENTED_EDGE('',*,*,#10292,.T.);
#10292 = EDGE_CURVE('',#10270,#10293,#10295,.T.);
#10293 = VERTEX_POINT('',#10294);
#10294 = CARTESIAN_POINT('',(-14.14355096016,-12.07973369894,7.));
#10295 = SURFACE_CURVE('',#10296,(#10301,#10308),.PCURVE_S1.);
#10296 = CIRCLE('',#10297,18.6);
#10297 = AXIS2_PLACEMENT_3D('',#10298,#10299,#10300);
#10298 = CARTESIAN_POINT('',(0.,0.,7.));
#10299 = DIRECTION('',(0.,0.,1.));
#10300 = DIRECTION('',(1.,0.,0.));
#10301 = PCURVE('',#100,#10302);
#10302 = DEFINITIONAL_REPRESENTATION('',(#10303),#10307);
#10303 = CIRCLE('',#10304,18.6);
#10304 = AXIS2_PLACEMENT_2D('',#10305,#10306);
#10305 = CARTESIAN_POINT('',(5.881462935653E-16,7.592810154714E-16));
#10306 = DIRECTION('',(1.,0.));
#10307 = ( GEOMETRIC_REPRESENTATION_CONTEXT(2) 
PARAMETRIC_REPRESENTATION_CONTEXT() REPRESENTATION_CONTEXT('2D SPACE',''
  ) );
#10308 = PCURVE('',#4214,#10309);
#10309 = DEFINITIONAL_REPRESENTATION('',(#10310),#10314);
#10310 = LINE('',#10311,#10312);
#10311 = CARTESIAN_POINT('',(-0.,-7.));
#10312 = VECTOR('',#10313,1.);
#10313 = DIRECTION('',(-1.,0.));
#10314 = ( GEOMETRIC_REPRESENTATION_CONTEXT(2) 
PARAMETRIC_REPRESENTATION_CONTEXT() REPRESENTATION_CONTEXT('2D SPACE',''
  ) );
#10315 = ORIENTED_EDGE('',*,*,#10316,.F.);
#10316 = EDGE_CURVE('',#10317,#10293,#10319,.T.);
#10317 = VERTEX_POINT('',#10318);
#10318 = CARTESIAN_POINT('',(-12.46115276127,-10.64282989201,7.));
#10319 = SURFACE_CURVE('',#10320,(#10324,#10331),.PCURVE_S1.);
#10320 = LINE('',#10321,#10322);
#10321 = CARTESIAN_POINT('',(-12.46115276127,-10.64282989201,7.));
#10322 = VECTOR('',#10323,1.);
#10323 = DIRECTION('',(-0.7604059656,-0.64944804833,0.));
#10324 = PCURVE('',#100,#10325);
#10325 = DEFINITIONAL_REPRESENTATION('',(#10326),#10330);
#10326 = LINE('',#10327,#10328);
#10327 = CARTESIAN_POINT('',(-12.46115276127,-10.64282989201));
#10328 = VECTOR('',#10329,1.);
#10329 = DIRECTION('',(-0.7604059656,-0.64944804833));
#10330 = ( GEOMETRIC_REPRESENTATION_CONTEXT(2) 
PARAMETRIC_REPRESENTATION_CONTEXT() REPRESENTATION_CONTEXT('2D SPACE',''
  ) );
#10331 = PCURVE('',#4242,#10332);
#10332 = DEFINITIONAL_REPRESENTATION('',(#10333),#10337);
#10333 = LINE('',#10334,#10335);
#10334 = CARTESIAN_POINT('',(0.,-7.));
#10335 = VECTOR('',#10336,1.);
#10336 = DIRECTION('',(1.,0.));
#10337 = ( GEOMETRIC_REPRESENTATION_CONTEXT(2) 
PARAMETRIC_REPRESENTATION_CONTEXT() REPRESENTATION_CONTEXT('2D SPACE',''
  ) );
#10338 = ORIENTED_EDGE('',*,*,#10339,.F.);
#10339 = EDGE_CURVE('',#10340,#10317,#10342,.T.);
#10340 = VERTEX_POINT('',#10341);
#10341 = CARTESIAN_POINT('',(-11.88707250496,-11.28041060918,7.));
#10342 = SURFACE_CURVE('',#10343,(#10347,#10354),.PCURVE_S1.);
#10343 = LINE('',#10344,#10345);
#10344 = CARTESIAN_POINT('',(-11.88707250496,-11.28041060918,7.));
#10345 = VECTOR('',#10346,1.);
#10346 = DIRECTION('',(-0.669130606359,0.743144825477,0.));
#10347 = PCURVE('',#100,#10348);
#10348 = DEFINITIONAL_REPRESENTATION('',(#10349),#10353);
#10349 = LINE('',#10350,#10351);
#10350 = CARTESIAN_POINT('',(-11.88707250496,-11.28041060918));
#10351 = VECTOR('',#10352,1.);
#10352 = DIRECTION('',(-0.669130606359,0.743144825477));
#10353 = ( GEOMETRIC_REPRESENTATION_CONTEXT(2) 
PARAMETRIC_REPRESENTATION_CONTEXT() REPRESENTATION_CONTEXT('2D SPACE',''
  ) );
#10354 = PCURVE('',#4270,#10355);
#10355 = DEFINITIONAL_REPRESENTATION('',(#10356),#10360);
#10356 = LINE('',#10357,#10358);
#10357 = CARTESIAN_POINT('',(0.,-7.));
#10358 = VECTOR('',#10359,1.);
#10359 = DIRECTION('',(1.,0.));
#10360 = ( GEOMETRIC_REPRESENTATION_CONTEXT(2) 
PARAMETRIC_REPRESENTATION_CONTEXT() REPRESENTATION_CONTEXT('2D SPACE',''
  ) );
#10361 = ORIENTED_EDGE('',*,*,#10362,.F.);
#10362 = EDGE_CURVE('',#10363,#10340,#10365,.T.);
#10363 = VERTEX_POINT('',#10364);
#10364 = CARTESIAN_POINT('',(-13.49196330082,-12.8033951079,7.));
#10365 = SURFACE_CURVE('',#10366,(#10370,#10377),.PCURVE_S1.);
#10366 = LINE('',#10367,#10368);
#10367 = CARTESIAN_POINT('',(-14.84115963091,-14.08373461869,7.));
#10368 = VECTOR('',#10369,1.);
#10369 = DIRECTION('',(0.725374371012,0.688354575694,0.));
#10370 = PCURVE('',#100,#10371);
#10371 = DEFINITIONAL_REPRESENTATION('',(#10372),#10376);
#10372 = LINE('',#10373,#10374);
#10373 = CARTESIAN_POINT('',(-14.84115963091,-14.08373461869));
#10374 = VECTOR('',#10375,1.);
#10375 = DIRECTION('',(0.725374371012,0.688354575694));
#10376 = ( GEOMETRIC_REPRESENTATION_CONTEXT(2) 
PARAMETRIC_REPRESENTATION_CONTEXT() REPRESENTATION_CONTEXT('2D SPACE',''
  ) );
#10377 = PCURVE('',#4298,#10378);
#10378 = DEFINITIONAL_REPRESENTATION('',(#10379),#10383);
#10379 = LINE('',#10380,#10381);
#10380 = CARTESIAN_POINT('',(0.,-7.));
#10381 = VECTOR('',#10382,1.);
#10382 = DIRECTION('',(1.,0.));
#10383 = ( GEOMETRIC_REPRESENTATION_CONTEXT(2) 
PARAMETRIC_REPRESENTATION_CONTEXT() REPRESENTATION_CONTEXT('2D SPACE',''
  ) );
#10384 = ORIENTED_EDGE('',*,*,#10385,.T.);
#10385 = EDGE_CURVE('',#10363,#10386,#10388,.T.);
#10386 = VERTEX_POINT('',#10387);
#10387 = CARTESIAN_POINT('',(-12.8033951079,-13.49196330082,7.));
#10388 = SURFACE_CURVE('',#10389,(#10394,#10401),.PCURVE_S1.);
#10389 = CIRCLE('',#10390,18.6);
#10390 = AXIS2_PLACEMENT_3D('',#10391,#10392,#10393);
#10391 = CARTESIAN_POINT('',(0.,0.,7.));
#10392 = DIRECTION('',(0.,0.,1.));
#10393 = DIRECTION('',(1.,0.,0.));
#10394 = PCURVE('',#100,#10395);
#10395 = DEFINITIONAL_REPRESENTATION('',(#10396),#10400);
#10396 = CIRCLE('',#10397,18.6);
#10397 = AXIS2_PLACEMENT_2D('',#10398,#10399);
#10398 = CARTESIAN_POINT('',(5.881462935653E-16,7.592810154714E-16));
#10399 = DIRECTION('',(1.,0.));
#10400 = ( GEOMETRIC_REPRESENTATION_CONTEXT(2) 
PARAMETRIC_REPRESENTATION_CONTEXT() REPRESENTATION_CONTEXT('2D SPACE',''
  ) );
#10401 = PCURVE('',#4327,#10402);
#10402 = DEFINITIONAL_REPRESENTATION('',(#10403),#10407);
#10403 = LINE('',#10404,#10405);
#10404 = CARTESIAN_POINT('',(-0.,-7.));
#10405 = VECTOR('',#10406,1.);
#10406 = DIRECTION('',(-1.,0.));
#10407 = ( GEOMETRIC_REPRESENTATION_CONTEXT(2) 
PARAMETRIC_REPRESENTATION_CONTEXT() REPRESENTATION_CONTEXT('2D SPACE',''
  ) );
#10408 = ORIENTED_EDGE('',*,*,#10409,.F.);
#10409 = EDGE_CURVE('',#10410,#10386,#10412,.T.);
#10410 = VERTEX_POINT('',#10411);
#10411 = CARTESIAN_POINT('',(-11.28041060918,-11.88707250496,7.));
#10412 = SURFACE_CURVE('',#10413,(#10417,#10424),.PCURVE_S1.);
#10413 = LINE('',#10414,#10415);
#10414 = CARTESIAN_POINT('',(-11.28041060918,-11.88707250496,7.));
#10415 = VECTOR('',#10416,1.);
#10416 = DIRECTION('',(-0.688354575694,-0.725374371012,0.));
#10417 = PCURVE('',#100,#10418);
#10418 = DEFINITIONAL_REPRESENTATION('',(#10419),#10423);
#10419 = LINE('',#10420,#10421);
#10420 = CARTESIAN_POINT('',(-11.28041060918,-11.88707250496));
#10421 = VECTOR('',#10422,1.);
#10422 = DIRECTION('',(-0.688354575694,-0.725374371012));
#10423 = ( GEOMETRIC_REPRESENTATION_CONTEXT(2) 
PARAMETRIC_REPRESENTATION_CONTEXT() REPRESENTATION_CONTEXT('2D SPACE',''
  ) );
#10424 = PCURVE('',#4355,#10425);
#10425 = DEFINITIONAL_REPRESENTATION('',(#10426),#10430);
#10426 = LINE('',#10427,#10428);
#10427 = CARTESIAN_POINT('',(0.,-7.));
#10428 = VECTOR('',#10429,1.);
#10429 = DIRECTION('',(1.,0.));
#10430 = ( GEOMETRIC_REPRESENTATION_CONTEXT(2) 
PARAMETRIC_REPRESENTATION_CONTEXT() REPRESENTATION_CONTEXT('2D SPACE',''
  ) );
#10431 = ORIENTED_EDGE('',*,*,#10432,.F.);
#10432 = EDGE_CURVE('',#10433,#10410,#10435,.T.);
#10433 = VERTEX_POINT('',#10434);
#10434 = CARTESIAN_POINT('',(-10.64282989201,-12.46115276127,7.));
#10435 = SURFACE_CURVE('',#10436,(#10440,#10447),.PCURVE_S1.);
#10436 = LINE('',#10437,#10438);
#10437 = CARTESIAN_POINT('',(-10.64282989201,-12.46115276127,7.));
#10438 = VECTOR('',#10439,1.);
#10439 = DIRECTION('',(-0.743144825477,0.669130606359,0.));
#10440 = PCURVE('',#100,#10441);
#10441 = DEFINITIONAL_REPRESENTATION('',(#10442),#10446);
#10442 = LINE('',#10443,#10444);
#10443 = CARTESIAN_POINT('',(-10.64282989201,-12.46115276127));
#10444 = VECTOR('',#10445,1.);
#10445 = DIRECTION('',(-0.743144825477,0.669130606359));
#10446 = ( GEOMETRIC_REPRESENTATION_CONTEXT(2) 
PARAMETRIC_REPRESENTATION_CONTEXT() REPRESENTATION_CONTEXT('2D SPACE',''
  ) );
#10447 = PCURVE('',#4383,#10448);
#10448 = DEFINITIONAL_REPRESENTATION('',(#10449),#10453);
#10449 = LINE('',#10450,#10451);
#10450 = CARTESIAN_POINT('',(0.,-7.));
#10451 = VECTOR('',#10452,1.);
#10452 = DIRECTION('',(1.,0.));
#10453 = ( GEOMETRIC_REPRESENTATION_CONTEXT(2) 
PARAMETRIC_REPRESENTATION_CONTEXT() REPRESENTATION_CONTEXT('2D SPACE',''
  ) );
#10454 = ORIENTED_EDGE('',*,*,#10455,.F.);
#10455 = EDGE_CURVE('',#10456,#10433,#10458,.T.);
#10456 = VERTEX_POINT('',#10457);
#10457 = CARTESIAN_POINT('',(-12.07973369894,-14.14355096016,7.));
#10458 = SURFACE_CURVE('',#10459,(#10463,#10470),.PCURVE_S1.);
#10459 = LINE('',#10460,#10461);
#10460 = CARTESIAN_POINT('',(-13.28770706883,-15.55790605617,7.));
#10461 = VECTOR('',#10462,1.);
#10462 = DIRECTION('',(0.64944804833,0.7604059656,0.));
#10463 = PCURVE('',#100,#10464);
#10464 = DEFINITIONAL_REPRESENTATION('',(#10465),#10469);
#10465 = LINE('',#10466,#10467);
#10466 = CARTESIAN_POINT('',(-13.28770706883,-15.55790605617));
#10467 = VECTOR('',#10468,1.);
#10468 = DIRECTION('',(0.64944804833,0.7604059656));
#10469 = ( GEOMETRIC_REPRESENTATION_CONTEXT(2) 
PARAMETRIC_REPRESENTATION_CONTEXT() REPRESENTATION_CONTEXT('2D SPACE',''
  ) );
#10470 = PCURVE('',#4411,#10471);
#10471 = DEFINITIONAL_REPRESENTATION('',(#10472),#10476);
#10472 = LINE('',#10473,#10474);
#10473 = CARTESIAN_POINT('',(0.,-7.));
#10474 = VECTOR('',#10475,1.);
#10475 = DIRECTION('',(1.,0.));
#10476 = ( GEOMETRIC_REPRESENTATION_CONTEXT(2) 
PARAMETRIC_REPRESENTATION_CONTEXT() REPRESENTATION_CONTEXT('2D SPACE',''
  ) );
#10477 = ORIENTED_EDGE('',*,*,#10478,.T.);
#10478 = EDGE_CURVE('',#10456,#10479,#10481,.T.);
#10479 = VERTEX_POINT('',#10480);
#10480 = CARTESIAN_POINT('',(-11.32296257956,-14.75637212941,7.));
#10481 = SURFACE_CURVE('',#10482,(#10487,#10494),.PCURVE_S1.);
#10482 = CIRCLE('',#10483,18.6);
#10483 = AXIS2_PLACEMENT_3D('',#10484,#10485,#10486);
#10484 = CARTESIAN_POINT('',(0.,0.,7.));
#10485 = DIRECTION('',(0.,0.,1.));
#10486 = DIRECTION('',(1.,0.,0.));
#10487 = PCURVE('',#100,#10488);
#10488 = DEFINITIONAL_REPRESENTATION('',(#10489),#10493);
#10489 = CIRCLE('',#10490,18.6);
#10490 = AXIS2_PLACEMENT_2D('',#10491,#10492);
#10491 = CARTESIAN_POINT('',(5.881462935653E-16,7.592810154714E-16));
#10492 = DIRECTION('',(1.,0.));
#10493 = ( GEOMETRIC_REPRESENTATION_CONTEXT(2) 
PARAMETRIC_REPRESENTATION_CONTEXT() REPRESENTATION_CONTEXT('2D SPACE',''
  ) );
#10494 = PCURVE('',#4440,#10495);
#10495 = DEFINITIONAL_REPRESENTATION('',(#10496),#10500);
#10496 = LINE('',#10497,#10498);
#10497 = CARTESIAN_POINT('',(-0.,-7.));
#10498 = VECTOR('',#10499,1.);
#10499 = DIRECTION('',(-1.,0.));
#10500 = ( GEOMETRIC_REPRESENTATION_CONTEXT(2) 
PARAMETRIC_REPRESENTATION_CONTEXT() REPRESENTATION_CONTEXT('2D SPACE',''
  ) );
#10501 = ORIENTED_EDGE('',*,*,#10502,.F.);
#10502 = EDGE_CURVE('',#10503,#10479,#10505,.T.);
#10503 = VERTEX_POINT('',#10504);
#10504 = CARTESIAN_POINT('',(-9.97607791788,-13.00107786402,7.));
#10505 = SURFACE_CURVE('',#10506,(#10510,#10517),.PCURVE_S1.);
#10506 = LINE('',#10507,#10508);
#10507 = CARTESIAN_POINT('',(-9.97607791788,-13.00107786402,7.));
#10508 = VECTOR('',#10509,1.);
#10509 = DIRECTION('',(-0.608761429009,-0.793353340291,0.));
#10510 = PCURVE('',#100,#10511);
#10511 = DEFINITIONAL_REPRESENTATION('',(#10512),#10516);
#10512 = LINE('',#10513,#10514);
#10513 = CARTESIAN_POINT('',(-9.97607791788,-13.00107786402));
#10514 = VECTOR('',#10515,1.);
#10515 = DIRECTION('',(-0.608761429009,-0.793353340291));
#10516 = ( GEOMETRIC_REPRESENTATION_CONTEXT(2) 
PARAMETRIC_REPRESENTATION_CONTEXT() REPRESENTATION_CONTEXT('2D SPACE',''
  ) );
#10517 = PCURVE('',#4468,#10518);
#10518 = DEFINITIONAL_REPRESENTATION('',(#10519),#10523);
#10519 = LINE('',#10520,#10521);
#10520 = CARTESIAN_POINT('',(0.,-7.));
#10521 = VECTOR('',#10522,1.);
#10522 = DIRECTION('',(1.,0.));
#10523 = ( GEOMETRIC_REPRESENTATION_CONTEXT(2) 
PARAMETRIC_REPRESENTATION_CONTEXT() REPRESENTATION_CONTEXT('2D SPACE',''
  ) );
#10524 = ORIENTED_EDGE('',*,*,#10525,.F.);
#10525 = EDGE_CURVE('',#10526,#10503,#10528,.T.);
#10526 = VERTEX_POINT('',#10527);
#10527 = CARTESIAN_POINT('',(-9.281982207606,-13.50536791604,7.));
#10528 = SURFACE_CURVE('',#10529,(#10533,#10540),.PCURVE_S1.);
#10529 = LINE('',#10530,#10531);
#10530 = CARTESIAN_POINT('',(-9.281982207606,-13.50536791604,7.));
#10531 = VECTOR('',#10532,1.);
#10532 = DIRECTION('',(-0.809016994375,0.587785252292,0.));
#10533 = PCURVE('',#100,#10534);
#10534 = DEFINITIONAL_REPRESENTATION('',(#10535),#10539);
#10535 = LINE('',#10536,#10537);
#10536 = CARTESIAN_POINT('',(-9.281982207606,-13.50536791604));
#10537 = VECTOR('',#10538,1.);
#10538 = DIRECTION('',(-0.809016994375,0.587785252292));
#10539 = ( GEOMETRIC_REPRESENTATION_CONTEXT(2) 
PARAMETRIC_REPRESENTATION_CONTEXT() REPRESENTATION_CONTEXT('2D SPACE',''
  ) );
#10540 = PCURVE('',#4496,#10541);
#10541 = DEFINITIONAL_REPRESENTATION('',(#10542),#10546);
#10542 = LINE('',#10543,#10544);
#10543 = CARTESIAN_POINT('',(0.,-7.));
#10544 = VECTOR('',#10545,1.);
#10545 = DIRECTION('',(1.,0.));
#10546 = ( GEOMETRIC_REPRESENTATION_CONTEXT(2) 
PARAMETRIC_REPRESENTATION_CONTEXT() REPRESENTATION_CONTEXT('2D SPACE',''
  ) );
#10547 = ORIENTED_EDGE('',*,*,#10548,.F.);
#10548 = EDGE_CURVE('',#10549,#10526,#10551,.T.);
#10549 = VERTEX_POINT('',#10550);
#10550 = CARTESIAN_POINT('',(-10.5351560068,-15.32874710837,7.));
#10551 = SURFACE_CURVE('',#10552,(#10556,#10563),.PCURVE_S1.);
#10552 = LINE('',#10553,#10554);
#10553 = CARTESIAN_POINT('',(-11.58867160748,-16.8616218192,7.));
#10554 = VECTOR('',#10555,1.);
#10555 = DIRECTION('',(0.566406236925,0.824126188622,0.));
#10556 = PCURVE('',#100,#10557);
#10557 = DEFINITIONAL_REPRESENTATION('',(#10558),#10562);
#10558 = LINE('',#10559,#10560);
#10559 = CARTESIAN_POINT('',(-11.58867160748,-16.8616218192));
#10560 = VECTOR('',#10561,1.);
#10561 = DIRECTION('',(0.566406236925,0.824126188622));
#10562 = ( GEOMETRIC_REPRESENTATION_CONTEXT(2) 
PARAMETRIC_REPRESENTATION_CONTEXT() REPRESENTATION_CONTEXT('2D SPACE',''
  ) );
#10563 = PCURVE('',#4524,#10564);
#10564 = DEFINITIONAL_REPRESENTATION('',(#10565),#10569);
#10565 = LINE('',#10566,#10567);
#10566 = CARTESIAN_POINT('',(0.,-7.));
#10567 = VECTOR('',#10568,1.);
#10568 = DIRECTION('',(1.,0.));
#10569 = ( GEOMETRIC_REPRESENTATION_CONTEXT(2) 
PARAMETRIC_REPRESENTATION_CONTEXT() REPRESENTATION_CONTEXT('2D SPACE',''
  ) );
#10570 = ORIENTED_EDGE('',*,*,#10571,.T.);
#10571 = EDGE_CURVE('',#10549,#10572,#10574,.T.);
#10572 = VERTEX_POINT('',#10573);
#10573 = CARTESIAN_POINT('',(-9.718473303717,-15.85910705698,7.));
#10574 = SURFACE_CURVE('',#10575,(#10580,#10587),.PCURVE_S1.);
#10575 = CIRCLE('',#10576,18.6);
#10576 = AXIS2_PLACEMENT_3D('',#10577,#10578,#10579);
#10577 = CARTESIAN_POINT('',(0.,0.,7.));
#10578 = DIRECTION('',(0.,0.,1.));
#10579 = DIRECTION('',(1.,0.,0.));
#10580 = PCURVE('',#100,#10581);
#10581 = DEFINITIONAL_REPRESENTATION('',(#10582),#10586);
#10582 = CIRCLE('',#10583,18.6);
#10583 = AXIS2_PLACEMENT_2D('',#10584,#10585);
#10584 = CARTESIAN_POINT('',(5.881462935653E-16,7.592810154714E-16));
#10585 = DIRECTION('',(1.,0.));
#10586 = ( GEOMETRIC_REPRESENTATION_CONTEXT(2) 
PARAMETRIC_REPRESENTATION_CONTEXT() REPRESENTATION_CONTEXT('2D SPACE',''
  ) );
#10587 = PCURVE('',#4553,#10588);
#10588 = DEFINITIONAL_REPRESENTATION('',(#10589),#10593);
#10589 = LINE('',#10590,#10591);
#10590 = CARTESIAN_POINT('',(-0.,-7.));
#10591 = VECTOR('',#10592,1.);
#10592 = DIRECTION('',(-1.,0.));
#10593 = ( GEOMETRIC_REPRESENTATION_CONTEXT(2) 
PARAMETRIC_REPRESENTATION_CONTEXT() REPRESENTATION_CONTEXT('2D SPACE',''
  ) );
#10594 = ORIENTED_EDGE('',*,*,#10595,.F.);
#10595 = EDGE_CURVE('',#10596,#10572,#10598,.T.);
#10596 = VERTEX_POINT('',#10597);
#10597 = CARTESIAN_POINT('',(-8.562445229283,-13.97264069335,7.));
#10598 = SURFACE_CURVE('',#10599,(#10603,#10610),.PCURVE_S1.);
#10599 = LINE('',#10600,#10601);
#10600 = CARTESIAN_POINT('',(-8.562445229283,-13.97264069335,7.));
#10601 = VECTOR('',#10602,1.);
#10602 = DIRECTION('',(-0.522498564716,-0.852640164354,0.));
#10603 = PCURVE('',#100,#10604);
#10604 = DEFINITIONAL_REPRESENTATION('',(#10605),#10609);
#10605 = LINE('',#10606,#10607);
#10606 = CARTESIAN_POINT('',(-8.562445229283,-13.97264069335));
#10607 = VECTOR('',#10608,1.);
#10608 = DIRECTION('',(-0.522498564716,-0.852640164354));
#10609 = ( GEOMETRIC_REPRESENTATION_CONTEXT(2) 
PARAMETRIC_REPRESENTATION_CONTEXT() REPRESENTATION_CONTEXT('2D SPACE',''
  ) );
#10610 = PCURVE('',#4581,#10611);
#10611 = DEFINITIONAL_REPRESENTATION('',(#10612),#10616);
#10612 = LINE('',#10613,#10614);
#10613 = CARTESIAN_POINT('',(0.,-7.));
#10614 = VECTOR('',#10615,1.);
#10615 = DIRECTION('',(1.,0.));
#10616 = ( GEOMETRIC_REPRESENTATION_CONTEXT(2) 
PARAMETRIC_REPRESENTATION_CONTEXT() REPRESENTATION_CONTEXT('2D SPACE',''
  ) );
#10617 = ORIENTED_EDGE('',*,*,#10618,.F.);
#10618 = EDGE_CURVE('',#10619,#10596,#10621,.T.);
#10619 = VERTEX_POINT('',#10620);
#10620 = CARTESIAN_POINT('',(-7.819439183754,-14.40161543374,7.));
#10621 = SURFACE_CURVE('',#10622,(#10626,#10633),.PCURVE_S1.);
#10622 = LINE('',#10623,#10624);
#10623 = CARTESIAN_POINT('',(-7.819439183754,-14.40161543374,7.));
#10624 = VECTOR('',#10625,1.);
#10625 = DIRECTION('',(-0.866025403784,0.5,0.));
#10626 = PCURVE('',#100,#10627);
#10627 = DEFINITIONAL_REPRESENTATION('',(#10628),#10632);
#10628 = LINE('',#10629,#10630);
#10629 = CARTESIAN_POINT('',(-7.819439183754,-14.40161543374));
#10630 = VECTOR('',#10631,1.);
#10631 = DIRECTION('',(-0.866025403784,0.5));
#10632 = ( GEOMETRIC_REPRESENTATION_CONTEXT(2) 
PARAMETRIC_REPRESENTATION_CONTEXT() REPRESENTATION_CONTEXT('2D SPACE',''
  ) );
#10633 = PCURVE('',#4609,#10634);
#10634 = DEFINITIONAL_REPRESENTATION('',(#10635),#10639);
#10635 = LINE('',#10636,#10637);
#10636 = CARTESIAN_POINT('',(0.,-7.));
#10637 = VECTOR('',#10638,1.);
#10638 = DIRECTION('',(1.,0.));
#10639 = ( GEOMETRIC_REPRESENTATION_CONTEXT(2) 
PARAMETRIC_REPRESENTATION_CONTEXT() REPRESENTATION_CONTEXT('2D SPACE',''
  ) );
#10640 = ORIENTED_EDGE('',*,*,#10641,.F.);
#10641 = EDGE_CURVE('',#10642,#10619,#10644,.T.);
#10642 = VERTEX_POINT('',#10643);
#10643 = CARTESIAN_POINT('',(-8.875152940829,-16.34599829551,7.));
#10644 = SURFACE_CURVE('',#10645,(#10649,#10656),.PCURVE_S1.);
#10645 = LINE('',#10646,#10647);
#10646 = CARTESIAN_POINT('',(-9.762668234912,-17.98059812506,7.));
#10647 = VECTOR('',#10648,1.);
#10648 = DIRECTION('',(0.47715876026,0.878817112662,0.));
#10649 = PCURVE('',#100,#10650);
#10650 = DEFINITIONAL_REPRESENTATION('',(#10651),#10655);
#10651 = LINE('',#10652,#10653);
#10652 = CARTESIAN_POINT('',(-9.762668234912,-17.98059812506));
#10653 = VECTOR('',#10654,1.);
#10654 = DIRECTION('',(0.47715876026,0.878817112662));
#10655 = ( GEOMETRIC_REPRESENTATION_CONTEXT(2) 
PARAMETRIC_REPRESENTATION_CONTEXT() REPRESENTATION_CONTEXT('2D SPACE',''
  ) );
#10656 = PCURVE('',#4637,#10657);
#10657 = DEFINITIONAL_REPRESENTATION('',(#10658),#10662);
#10658 = LINE('',#10659,#10660);
#10659 = CARTESIAN_POINT('',(0.,-7.));
#10660 = VECTOR('',#10661,1.);
#10661 = DIRECTION('',(1.,0.));
#10662 = ( GEOMETRIC_REPRESENTATION_CONTEXT(2) 
PARAMETRIC_REPRESENTATION_CONTEXT() REPRESENTATION_CONTEXT('2D SPACE',''
  ) );
#10663 = ORIENTED_EDGE('',*,*,#10664,.T.);
#10664 = EDGE_CURVE('',#10642,#10665,#10667,.T.);
#10665 = VERTEX_POINT('',#10666);
#10666 = CARTESIAN_POINT('',(-8.007506400634,-16.7880862889,7.));
#10667 = SURFACE_CURVE('',#10668,(#10673,#10680),.PCURVE_S1.);
#10668 = CIRCLE('',#10669,18.6);
#10669 = AXIS2_PLACEMENT_3D('',#10670,#10671,#10672);
#10670 = CARTESIAN_POINT('',(0.,0.,7.));
#10671 = DIRECTION('',(0.,0.,1.));
#10672 = DIRECTION('',(1.,0.,0.));
#10673 = PCURVE('',#100,#10674);
#10674 = DEFINITIONAL_REPRESENTATION('',(#10675),#10679);
#10675 = CIRCLE('',#10676,18.6);
#10676 = AXIS2_PLACEMENT_2D('',#10677,#10678);
#10677 = CARTESIAN_POINT('',(5.881462935653E-16,7.592810154714E-16));
#10678 = DIRECTION('',(1.,0.));
#10679 = ( GEOMETRIC_REPRESENTATION_CONTEXT(2) 
PARAMETRIC_REPRESENTATION_CONTEXT() REPRESENTATION_CONTEXT('2D SPACE',''
  ) );
#10680 = PCURVE('',#4666,#10681);
#10681 = DEFINITIONAL_REPRESENTATION('',(#10682),#10686);
#10682 = LINE('',#10683,#10684);
#10683 = CARTESIAN_POINT('',(-0.,-7.));
#10684 = VECTOR('',#10685,1.);
#10685 = DIRECTION('',(-1.,0.));
#10686 = ( GEOMETRIC_REPRESENTATION_CONTEXT(2) 
PARAMETRIC_REPRESENTATION_CONTEXT() REPRESENTATION_CONTEXT('2D SPACE',''
  ) );
#10687 = ORIENTED_EDGE('',*,*,#10688,.F.);
#10688 = EDGE_CURVE('',#10689,#10665,#10691,.T.);
#10689 = VERTEX_POINT('',#10690);
#10690 = CARTESIAN_POINT('',(-7.055000598946,-14.79111634728,7.));
#10691 = SURFACE_CURVE('',#10692,(#10696,#10703),.PCURVE_S1.);
#10692 = LINE('',#10693,#10694);
#10693 = CARTESIAN_POINT('',(-7.055000598946,-14.79111634728,7.));
#10694 = VECTOR('',#10695,1.);
#10695 = DIRECTION('',(-0.430511096808,-0.90258528435,0.));
#10696 = PCURVE('',#100,#10697);
#10697 = DEFINITIONAL_REPRESENTATION('',(#10698),#10702);
#10698 = LINE('',#10699,#10700);
#10699 = CARTESIAN_POINT('',(-7.055000598946,-14.79111634728));
#10700 = VECTOR('',#10701,1.);
#10701 = DIRECTION('',(-0.430511096808,-0.90258528435));
#10702 = ( GEOMETRIC_REPRESENTATION_CONTEXT(2) 
PARAMETRIC_REPRESENTATION_CONTEXT() REPRESENTATION_CONTEXT('2D SPACE',''
  ) );
#10703 = PCURVE('',#4694,#10704);
#10704 = DEFINITIONAL_REPRESENTATION('',(#10705),#10709);
#10705 = LINE('',#10706,#10707);
#10706 = CARTESIAN_POINT('',(0.,-7.));
#10707 = VECTOR('',#10708,1.);
#10708 = DIRECTION('',(1.,0.));
#10709 = ( GEOMETRIC_REPRESENTATION_CONTEXT(2) 
PARAMETRIC_REPRESENTATION_CONTEXT() REPRESENTATION_CONTEXT('2D SPACE',''
  ) );
#10710 = ORIENTED_EDGE('',*,*,#10711,.F.);
#10711 = EDGE_CURVE('',#10712,#10689,#10714,.T.);
#10712 = VERTEX_POINT('',#10713);
#10713 = CARTESIAN_POINT('',(-6.271224747883,-15.14007583902,7.));
#10714 = SURFACE_CURVE('',#10715,(#10719,#10726),.PCURVE_S1.);
#10715 = LINE('',#10716,#10717);
#10716 = CARTESIAN_POINT('',(-6.271224747883,-15.14007583902,7.));
#10717 = VECTOR('',#10718,1.);
#10718 = DIRECTION('',(-0.913545457643,0.406736643076,0.));
#10719 = PCURVE('',#100,#10720);
#10720 = DEFINITIONAL_REPRESENTATION('',(#10721),#10725);
#10721 = LINE('',#10722,#10723);
#10722 = CARTESIAN_POINT('',(-6.271224747883,-15.14007583902));
#10723 = VECTOR('',#10724,1.);
#10724 = DIRECTION('',(-0.913545457643,0.406736643076));
#10725 = ( GEOMETRIC_REPRESENTATION_CONTEXT(2) 
PARAMETRIC_REPRESENTATION_CONTEXT() REPRESENTATION_CONTEXT('2D SPACE',''
  ) );
#10726 = PCURVE('',#4722,#10727);
#10727 = DEFINITIONAL_REPRESENTATION('',(#10728),#10732);
#10728 = LINE('',#10729,#10730);
#10729 = CARTESIAN_POINT('',(0.,-7.));
#10730 = VECTOR('',#10731,1.);
#10731 = DIRECTION('',(1.,0.));
#10732 = ( GEOMETRIC_REPRESENTATION_CONTEXT(2) 
PARAMETRIC_REPRESENTATION_CONTEXT() REPRESENTATION_CONTEXT('2D SPACE',''
  ) );
#10733 = ORIENTED_EDGE('',*,*,#10734,.F.);
#10734 = EDGE_CURVE('',#10735,#10712,#10737,.T.);
#10735 = VERTEX_POINT('',#10736);
#10736 = CARTESIAN_POINT('',(-7.11791184199,-17.18415930471,7.));
#10737 = SURFACE_CURVE('',#10738,(#10742,#10749),.PCURVE_S1.);
#10738 = LINE('',#10739,#10740);
#10739 = CARTESIAN_POINT('',(-7.82970302619,-18.90257523518,7.));
#10740 = VECTOR('',#10741,1.);
#10741 = DIRECTION('',(0.382683432365,0.923879532511,0.));
#10742 = PCURVE('',#100,#10743);
#10743 = DEFINITIONAL_REPRESENTATION('',(#10744),#10748);
#10744 = LINE('',#10745,#10746);
#10745 = CARTESIAN_POINT('',(-7.82970302619,-18.90257523518));
#10746 = VECTOR('',#10747,1.);
#10747 = DIRECTION('',(0.382683432365,0.923879532511));
#10748 = ( GEOMETRIC_REPRESENTATION_CONTEXT(2) 
PARAMETRIC_REPRESENTATION_CONTEXT() REPRESENTATION_CONTEXT('2D SPACE',''
  ) );
#10749 = PCURVE('',#4750,#10750);
#10750 = DEFINITIONAL_REPRESENTATION('',(#10751),#10755);
#10751 = LINE('',#10752,#10753);
#10752 = CARTESIAN_POINT('',(0.,-7.));
#10753 = VECTOR('',#10754,1.);
#10754 = DIRECTION('',(1.,0.));
#10755 = ( GEOMETRIC_REPRESENTATION_CONTEXT(2) 
PARAMETRIC_REPRESENTATION_CONTEXT() REPRESENTATION_CONTEXT('2D SPACE',''
  ) );
#10756 = ORIENTED_EDGE('',*,*,#10757,.T.);
#10757 = EDGE_CURVE('',#10735,#10758,#10760,.T.);
#10758 = VERTEX_POINT('',#10759);
#10759 = CARTESIAN_POINT('',(-6.208807581749,-17.53313173431,7.));
#10760 = SURFACE_CURVE('',#10761,(#10766,#10773),.PCURVE_S1.);
#10761 = CIRCLE('',#10762,18.6);
#10762 = AXIS2_PLACEMENT_3D('',#10763,#10764,#10765);
#10763 = CARTESIAN_POINT('',(0.,0.,7.));
#10764 = DIRECTION('',(0.,0.,1.));
#10765 = DIRECTION('',(1.,0.,0.));
#10766 = PCURVE('',#100,#10767);
#10767 = DEFINITIONAL_REPRESENTATION('',(#10768),#10772);
#10768 = CIRCLE('',#10769,18.6);
#10769 = AXIS2_PLACEMENT_2D('',#10770,#10771);
#10770 = CARTESIAN_POINT('',(5.881462935653E-16,7.592810154714E-16));
#10771 = DIRECTION('',(1.,0.));
#10772 = ( GEOMETRIC_REPRESENTATION_CONTEXT(2) 
PARAMETRIC_REPRESENTATION_CONTEXT() REPRESENTATION_CONTEXT('2D SPACE',''
  ) );
#10773 = PCURVE('',#4779,#10774);
#10774 = DEFINITIONAL_REPRESENTATION('',(#10775),#10779);
#10775 = LINE('',#10776,#10777);
#10776 = CARTESIAN_POINT('',(-0.,-7.));
#10777 = VECTOR('',#10778,1.);
#10778 = DIRECTION('',(-1.,0.));
#10779 = ( GEOMETRIC_REPRESENTATION_CONTEXT(2) 
PARAMETRIC_REPRESENTATION_CONTEXT() REPRESENTATION_CONTEXT('2D SPACE',''
  ) );
#10780 = ORIENTED_EDGE('',*,*,#10781,.F.);
#10781 = EDGE_CURVE('',#10782,#10758,#10784,.T.);
#10782 = VERTEX_POINT('',#10783);
#10783 = CARTESIAN_POINT('',(-5.470259905693,-15.44753743527,7.));
#10784 = SURFACE_CURVE('',#10785,(#10789,#10796),.PCURVE_S1.);
#10785 = LINE('',#10786,#10787);
#10786 = CARTESIAN_POINT('',(-5.470259905693,-15.44753743527,7.));
#10787 = VECTOR('',#10788,1.);
#10788 = DIRECTION('',(-0.333806859234,-0.942641491092,0.));
#10789 = PCURVE('',#100,#10790);
#10790 = DEFINITIONAL_REPRESENTATION('',(#10791),#10795);
#10791 = LINE('',#10792,#10793);
#10792 = CARTESIAN_POINT('',(-5.470259905693,-15.44753743527));
#10793 = VECTOR('',#10794,1.);
#10794 = DIRECTION('',(-0.333806859234,-0.942641491092));
#10795 = ( GEOMETRIC_REPRESENTATION_CONTEXT(2) 
PARAMETRIC_REPRESENTATION_CONTEXT() REPRESENTATION_CONTEXT('2D SPACE',''
  ) );
#10796 = PCURVE('',#4807,#10797);
#10797 = DEFINITIONAL_REPRESENTATION('',(#10798),#10802);
#10798 = LINE('',#10799,#10800);
#10799 = CARTESIAN_POINT('',(0.,-7.));
#10800 = VECTOR('',#10801,1.);
#10801 = DIRECTION('',(1.,0.));
#10802 = ( GEOMETRIC_REPRESENTATION_CONTEXT(2) 
PARAMETRIC_REPRESENTATION_CONTEXT() REPRESENTATION_CONTEXT('2D SPACE',''
  ) );
#10803 = ORIENTED_EDGE('',*,*,#10804,.F.);
#10804 = EDGE_CURVE('',#10805,#10782,#10807,.T.);
#10805 = VERTEX_POINT('',#10806);
#10806 = CARTESIAN_POINT('',(-4.654301461336,-15.71265840515,7.));
#10807 = SURFACE_CURVE('',#10808,(#10812,#10819),.PCURVE_S1.);
#10808 = LINE('',#10809,#10810);
#10809 = CARTESIAN_POINT('',(-4.654301461336,-15.71265840515,7.));
#10810 = VECTOR('',#10811,1.);
#10811 = DIRECTION('',(-0.951056516295,0.309016994375,0.));
#10812 = PCURVE('',#100,#10813);
#10813 = DEFINITIONAL_REPRESENTATION('',(#10814),#10818);
#10814 = LINE('',#10815,#10816);
#10815 = CARTESIAN_POINT('',(-4.654301461336,-15.71265840515));
#10816 = VECTOR('',#10817,1.);
#10817 = DIRECTION('',(-0.951056516295,0.309016994375));
#10818 = ( GEOMETRIC_REPRESENTATION_CONTEXT(2) 
PARAMETRIC_REPRESENTATION_CONTEXT() REPRESENTATION_CONTEXT('2D SPACE',''
  ) );
#10819 = PCURVE('',#4835,#10820);
#10820 = DEFINITIONAL_REPRESENTATION('',(#10821),#10825);
#10821 = LINE('',#10822,#10823);
#10822 = CARTESIAN_POINT('',(0.,-7.));
#10823 = VECTOR('',#10824,1.);
#10824 = DIRECTION('',(1.,0.));
#10825 = ( GEOMETRIC_REPRESENTATION_CONTEXT(2) 
PARAMETRIC_REPRESENTATION_CONTEXT() REPRESENTATION_CONTEXT('2D SPACE',''
  ) );
#10826 = ORIENTED_EDGE('',*,*,#10827,.F.);
#10827 = EDGE_CURVE('',#10828,#10805,#10830,.T.);
#10828 = VERTEX_POINT('',#10829);
#10829 = CARTESIAN_POINT('',(-5.282685411493,-17.83404706854,7.));
#10830 = SURFACE_CURVE('',#10831,(#10835,#10842),.PCURVE_S1.);
#10831 = LINE('',#10832,#10833);
#10832 = CARTESIAN_POINT('',(-5.810953952642,-19.6174517754,7.));
#10833 = VECTOR('',#10834,1.);
#10834 = DIRECTION('',(0.284015344704,0.958819734868,0.));
#10835 = PCURVE('',#100,#10836);
#10836 = DEFINITIONAL_REPRESENTATION('',(#10837),#10841);
#10837 = LINE('',#10838,#10839);
#10838 = CARTESIAN_POINT('',(-5.810953952642,-19.6174517754));
#10839 = VECTOR('',#10840,1.);
#10840 = DIRECTION('',(0.284015344704,0.958819734868));
#10841 = ( GEOMETRIC_REPRESENTATION_CONTEXT(2) 
PARAMETRIC_REPRESENTATION_CONTEXT() REPRESENTATION_CONTEXT('2D SPACE',''
  ) );
#10842 = PCURVE('',#4863,#10843);
#10843 = DEFINITIONAL_REPRESENTATION('',(#10844),#10848);
#10844 = LINE('',#10845,#10846);
#10845 = CARTESIAN_POINT('',(0.,-7.));
#10846 = VECTOR('',#10847,1.);
#10847 = DIRECTION('',(1.,0.));
#10848 = ( GEOMETRIC_REPRESENTATION_CONTEXT(2) 
PARAMETRIC_REPRESENTATION_CONTEXT() REPRESENTATION_CONTEXT('2D SPACE',''
  ) );
#10849 = ORIENTED_EDGE('',*,*,#10850,.T.);
#10850 = EDGE_CURVE('',#10828,#10851,#10853,.T.);
#10851 = VERTEX_POINT('',#10852);
#10852 = CARTESIAN_POINT('',(-4.34208376772,-18.08608051939,7.));
#10853 = SURFACE_CURVE('',#10854,(#10859,#10866),.PCURVE_S1.);
#10854 = CIRCLE('',#10855,18.6);
#10855 = AXIS2_PLACEMENT_3D('',#10856,#10857,#10858);
#10856 = CARTESIAN_POINT('',(0.,0.,7.));
#10857 = DIRECTION('',(0.,0.,1.));
#10858 = DIRECTION('',(1.,0.,0.));
#10859 = PCURVE('',#100,#10860);
#10860 = DEFINITIONAL_REPRESENTATION('',(#10861),#10865);
#10861 = CIRCLE('',#10862,18.6);
#10862 = AXIS2_PLACEMENT_2D('',#10863,#10864);
#10863 = CARTESIAN_POINT('',(5.881462935653E-16,7.592810154714E-16));
#10864 = DIRECTION('',(1.,0.));
#10865 = ( GEOMETRIC_REPRESENTATION_CONTEXT(2) 
PARAMETRIC_REPRESENTATION_CONTEXT() REPRESENTATION_CONTEXT('2D SPACE',''
  ) );
#10866 = PCURVE('',#4892,#10867);
#10867 = DEFINITIONAL_REPRESENTATION('',(#10868),#10872);
#10868 = LINE('',#10869,#10870);
#10869 = CARTESIAN_POINT('',(-0.,-7.));
#10870 = VECTOR('',#10871,1.);
#10871 = DIRECTION('',(-1.,0.));
#10872 = ( GEOMETRIC_REPRESENTATION_CONTEXT(2) 
PARAMETRIC_REPRESENTATION_CONTEXT() REPRESENTATION_CONTEXT('2D SPACE',''
  ) );
#10873 = ORIENTED_EDGE('',*,*,#10874,.F.);
#10874 = EDGE_CURVE('',#10875,#10851,#10877,.T.);
#10875 = VERTEX_POINT('',#10876);
#10876 = CARTESIAN_POINT('',(-3.825585900189,-15.93471207051,7.));
#10877 = SURFACE_CURVE('',#10878,(#10882,#10889),.PCURVE_S1.);
#10878 = LINE('',#10879,#10880);
#10879 = CARTESIAN_POINT('',(-3.825585900189,-15.93471207051,7.));
#10880 = VECTOR('',#10881,1.);
#10881 = DIRECTION('',(-0.233445363856,-0.972369920398,0.));
#10882 = PCURVE('',#100,#10883);
#10883 = DEFINITIONAL_REPRESENTATION('',(#10884),#10888);
#10884 = LINE('',#10885,#10886);
#10885 = CARTESIAN_POINT('',(-3.825585900189,-15.93471207051));
#10886 = VECTOR('',#10887,1.);
#10887 = DIRECTION('',(-0.233445363856,-0.972369920398));
#10888 = ( GEOMETRIC_REPRESENTATION_CONTEXT(2) 
PARAMETRIC_REPRESENTATION_CONTEXT() REPRESENTATION_CONTEXT('2D SPACE',''
  ) );
#10889 = PCURVE('',#4920,#10890);
#10890 = DEFINITIONAL_REPRESENTATION('',(#10891),#10895);
#10891 = LINE('',#10892,#10893);
#10892 = CARTESIAN_POINT('',(0.,-7.));
#10893 = VECTOR('',#10894,1.);
#10894 = DIRECTION('',(1.,0.));
#10895 = ( GEOMETRIC_REPRESENTATION_CONTEXT(2) 
PARAMETRIC_REPRESENTATION_CONTEXT() REPRESENTATION_CONTEXT('2D SPACE',''
  ) );
#10896 = ORIENTED_EDGE('',*,*,#10897,.F.);
#10897 = EDGE_CURVE('',#10898,#10875,#10900,.T.);
#10898 = VERTEX_POINT('',#10899);
#10899 = CARTESIAN_POINT('',(-2.986384674003,-16.1130897977,7.));
#10900 = SURFACE_CURVE('',#10901,(#10905,#10912),.PCURVE_S1.);
#10901 = LINE('',#10902,#10903);
#10902 = CARTESIAN_POINT('',(-2.986384674003,-16.1130897977,7.));
#10903 = VECTOR('',#10904,1.);
#10904 = DIRECTION('',(-0.978147600734,0.207911690818,0.));
#10905 = PCURVE('',#100,#10906);
#10906 = DEFINITIONAL_REPRESENTATION('',(#10907),#10911);
#10907 = LINE('',#10908,#10909);
#10908 = CARTESIAN_POINT('',(-2.986384674003,-16.1130897977));
#10909 = VECTOR('',#10910,1.);
#10910 = DIRECTION('',(-0.978147600734,0.207911690818));
#10911 = ( GEOMETRIC_REPRESENTATION_CONTEXT(2) 
PARAMETRIC_REPRESENTATION_CONTEXT() REPRESENTATION_CONTEXT('2D SPACE',''
  ) );
#10912 = PCURVE('',#4948,#10913);
#10913 = DEFINITIONAL_REPRESENTATION('',(#10914),#10918);
#10914 = LINE('',#10915,#10916);
#10915 = CARTESIAN_POINT('',(0.,-7.));
#10916 = VECTOR('',#10917,1.);
#10917 = DIRECTION('',(1.,0.));
#10918 = ( GEOMETRIC_REPRESENTATION_CONTEXT(2) 
PARAMETRIC_REPRESENTATION_CONTEXT() REPRESENTATION_CONTEXT('2D SPACE',''
  ) );
#10919 = ORIENTED_EDGE('',*,*,#10920,.F.);
#10920 = EDGE_CURVE('',#10921,#10898,#10923,.T.);
#10921 = VERTEX_POINT('',#10922);
#10922 = CARTESIAN_POINT('',(-3.389580774154,-18.28854128069,7.));
#10923 = SURFACE_CURVE('',#10924,(#10928,#10935),.PCURVE_S1.);
#10924 = LINE('',#10925,#10926);
#10925 = CARTESIAN_POINT('',(-3.728538851569,-20.11739540875,7.));
#10926 = VECTOR('',#10927,1.);
#10927 = DIRECTION('',(0.182235525492,0.983254907564,0.));
#10928 = PCURVE('',#100,#10929);
#10929 = DEFINITIONAL_REPRESENTATION('',(#10930),#10934);
#10930 = LINE('',#10931,#10932);
#10931 = CARTESIAN_POINT('',(-3.728538851569,-20.11739540875));
#10932 = VECTOR('',#10933,1.);
#10933 = DIRECTION('',(0.182235525492,0.983254907564));
#10934 = ( GEOMETRIC_REPRESENTATION_CONTEXT(2) 
PARAMETRIC_REPRESENTATION_CONTEXT() REPRESENTATION_CONTEXT('2D SPACE',''
  ) );
#10935 = PCURVE('',#4976,#10936);
#10936 = DEFINITIONAL_REPRESENTATION('',(#10937),#10941);
#10937 = LINE('',#10938,#10939);
#10938 = CARTESIAN_POINT('',(0.,-7.));
#10939 = VECTOR('',#10940,1.);
#10940 = DIRECTION('',(1.,0.));
#10941 = ( GEOMETRIC_REPRESENTATION_CONTEXT(2) 
PARAMETRIC_REPRESENTATION_CONTEXT() REPRESENTATION_CONTEXT('2D SPACE',''
  ) );
#10942 = ORIENTED_EDGE('',*,*,#10943,.T.);
#10943 = EDGE_CURVE('',#10921,#10944,#10946,.T.);
#10944 = VERTEX_POINT('',#10945);
#10945 = CARTESIAN_POINT('',(-2.427787175293,-18.44087442155,7.));
#10946 = SURFACE_CURVE('',#10947,(#10952,#10959),.PCURVE_S1.);
#10947 = CIRCLE('',#10948,18.6);
#10948 = AXIS2_PLACEMENT_3D('',#10949,#10950,#10951);
#10949 = CARTESIAN_POINT('',(0.,0.,7.));
#10950 = DIRECTION('',(0.,0.,1.));
#10951 = DIRECTION('',(1.,0.,0.));
#10952 = PCURVE('',#100,#10953);
#10953 = DEFINITIONAL_REPRESENTATION('',(#10954),#10958);
#10954 = CIRCLE('',#10955,18.6);
#10955 = AXIS2_PLACEMENT_2D('',#10956,#10957);
#10956 = CARTESIAN_POINT('',(5.881462935653E-16,7.592810154714E-16));
#10957 = DIRECTION('',(1.,0.));
#10958 = ( GEOMETRIC_REPRESENTATION_CONTEXT(2) 
PARAMETRIC_REPRESENTATION_CONTEXT() REPRESENTATION_CONTEXT('2D SPACE',''
  ) );
#10959 = PCURVE('',#5005,#10960);
#10960 = DEFINITIONAL_REPRESENTATION('',(#10961),#10965);
#10961 = LINE('',#10962,#10963);
#10962 = CARTESIAN_POINT('',(-0.,-7.));
#10963 = VECTOR('',#10964,1.);
#10964 = DIRECTION('',(-1.,0.));
#10965 = ( GEOMETRIC_REPRESENTATION_CONTEXT(2) 
PARAMETRIC_REPRESENTATION_CONTEXT() REPRESENTATION_CONTEXT('2D SPACE',''
  ) );
#10966 = ORIENTED_EDGE('',*,*,#10967,.F.);
#10967 = EDGE_CURVE('',#10968,#10944,#10970,.T.);
#10968 = VERTEX_POINT('',#10969);
#10969 = CARTESIAN_POINT('',(-2.138997975006,-16.24730266576,7.));
#10970 = SURFACE_CURVE('',#10971,(#10975,#10982),.PCURVE_S1.);
#10971 = LINE('',#10972,#10973);
#10972 = CARTESIAN_POINT('',(-2.138997975006,-16.24730266576,7.));
#10973 = VECTOR('',#10974,1.);
#10974 = DIRECTION('',(-0.13052619222,-0.991444861374,0.));
#10975 = PCURVE('',#100,#10976);
#10976 = DEFINITIONAL_REPRESENTATION('',(#10977),#10981);
#10977 = LINE('',#10978,#10979);
#10978 = CARTESIAN_POINT('',(-2.138997975006,-16.24730266576));
#10979 = VECTOR('',#10980,1.);
#10980 = DIRECTION('',(-0.13052619222,-0.991444861374));
#10981 = ( GEOMETRIC_REPRESENTATION_CONTEXT(2) 
PARAMETRIC_REPRESENTATION_CONTEXT() REPRESENTATION_CONTEXT('2D SPACE',''
  ) );
#10982 = PCURVE('',#5033,#10983);
#10983 = DEFINITIONAL_REPRESENTATION('',(#10984),#10988);
#10984 = LINE('',#10985,#10986);
#10985 = CARTESIAN_POINT('',(0.,-7.));
#10986 = VECTOR('',#10987,1.);
#10987 = DIRECTION('',(1.,0.));
#10988 = ( GEOMETRIC_REPRESENTATION_CONTEXT(2) 
PARAMETRIC_REPRESENTATION_CONTEXT() REPRESENTATION_CONTEXT('2D SPACE',''
  ) );
#10989 = ORIENTED_EDGE('',*,*,#10990,.F.);
#10990 = EDGE_CURVE('',#10991,#10968,#10993,.T.);
#10991 = VERTEX_POINT('',#10992);
#10992 = CARTESIAN_POINT('',(-1.28574843124,-16.33698280655,7.));
#10993 = SURFACE_CURVE('',#10994,(#10998,#11005),.PCURVE_S1.);
#10994 = LINE('',#10995,#10996);
#10995 = CARTESIAN_POINT('',(-1.28574843124,-16.33698280655,7.));
#10996 = VECTOR('',#10997,1.);
#10997 = DIRECTION('',(-0.994521895368,0.104528463268,0.));
#10998 = PCURVE('',#100,#10999);
#10999 = DEFINITIONAL_REPRESENTATION('',(#11000),#11004);
#11000 = LINE('',#11001,#11002);
#11001 = CARTESIAN_POINT('',(-1.28574843124,-16.33698280655));
#11002 = VECTOR('',#11003,1.);
#11003 = DIRECTION('',(-0.994521895368,0.104528463268));
#11004 = ( GEOMETRIC_REPRESENTATION_CONTEXT(2) 
PARAMETRIC_REPRESENTATION_CONTEXT() REPRESENTATION_CONTEXT('2D SPACE',''
  ) );
#11005 = PCURVE('',#5061,#11006);
#11006 = DEFINITIONAL_REPRESENTATION('',(#11007),#11011);
#11007 = LINE('',#11008,#11009);
#11008 = CARTESIAN_POINT('',(0.,-7.));
#11009 = VECTOR('',#11010,1.);
#11010 = DIRECTION('',(1.,0.));
#11011 = ( GEOMETRIC_REPRESENTATION_CONTEXT(2) 
PARAMETRIC_REPRESENTATION_CONTEXT() REPRESENTATION_CONTEXT('2D SPACE',''
  ) );
#11012 = ORIENTED_EDGE('',*,*,#11013,.F.);
#11013 = EDGE_CURVE('',#11014,#10991,#11016,.T.);
#11014 = VERTEX_POINT('',#11015);
#11015 = CARTESIAN_POINT('',(-1.459339180538,-18.54266240743,7.));
#11016 = SURFACE_CURVE('',#11017,(#11021,#11028),.PCURVE_S1.);
#11017 = LINE('',#11018,#11019);
#11018 = CARTESIAN_POINT('',(-1.605273098592,-20.39692864818,7.));
#11019 = VECTOR('',#11020,1.);
#11020 = DIRECTION('',(7.845909572784E-02,0.996917333733,0.));
#11021 = PCURVE('',#100,#11022);
#11022 = DEFINITIONAL_REPRESENTATION('',(#11023),#11027);
#11023 = LINE('',#11024,#11025);
#11024 = CARTESIAN_POINT('',(-1.605273098592,-20.39692864818));
#11025 = VECTOR('',#11026,1.);
#11026 = DIRECTION('',(7.845909572784E-02,0.996917333733));
#11027 = ( GEOMETRIC_REPRESENTATION_CONTEXT(2) 
PARAMETRIC_REPRESENTATION_CONTEXT() REPRESENTATION_CONTEXT('2D SPACE',''
  ) );
#11028 = PCURVE('',#5089,#11029);
#11029 = DEFINITIONAL_REPRESENTATION('',(#11030),#11034);
#11030 = LINE('',#11031,#11032);
#11031 = CARTESIAN_POINT('',(0.,-7.));
#11032 = VECTOR('',#11033,1.);
#11033 = DIRECTION('',(1.,0.));
#11034 = ( GEOMETRIC_REPRESENTATION_CONTEXT(2) 
PARAMETRIC_REPRESENTATION_CONTEXT() REPRESENTATION_CONTEXT('2D SPACE',''
  ) );
#11035 = ORIENTED_EDGE('',*,*,#11036,.T.);
#11036 = EDGE_CURVE('',#11014,#11037,#11039,.T.);
#11037 = VERTEX_POINT('',#11038);
#11038 = CARTESIAN_POINT('',(-0.486891238527,-18.59362624454,7.));
#11039 = SURFACE_CURVE('',#11040,(#11045,#11052),.PCURVE_S1.);
#11040 = CIRCLE('',#11041,18.6);
#11041 = AXIS2_PLACEMENT_3D('',#11042,#11043,#11044);
#11042 = CARTESIAN_POINT('',(0.,0.,7.));
#11043 = DIRECTION('',(0.,0.,1.));
#11044 = DIRECTION('',(1.,0.,0.));
#11045 = PCURVE('',#100,#11046);
#11046 = DEFINITIONAL_REPRESENTATION('',(#11047),#11051);
#11047 = CIRCLE('',#11048,18.6);
#11048 = AXIS2_PLACEMENT_2D('',#11049,#11050);
#11049 = CARTESIAN_POINT('',(5.881462935653E-16,7.592810154714E-16));
#11050 = DIRECTION('',(1.,0.));
#11051 = ( GEOMETRIC_REPRESENTATION_CONTEXT(2) 
PARAMETRIC_REPRESENTATION_CONTEXT() REPRESENTATION_CONTEXT('2D SPACE',''
  ) );
#11052 = PCURVE('',#5118,#11053);
#11053 = DEFINITIONAL_REPRESENTATION('',(#11054),#11058);
#11054 = LINE('',#11055,#11056);
#11055 = CARTESIAN_POINT('',(-0.,-7.));
#11056 = VECTOR('',#11057,1.);
#11057 = DIRECTION('',(-1.,0.));
#11058 = ( GEOMETRIC_REPRESENTATION_CONTEXT(2) 
PARAMETRIC_REPRESENTATION_CONTEXT() REPRESENTATION_CONTEXT('2D SPACE',''
  ) );
#11059 = ORIENTED_EDGE('',*,*,#11060,.F.);
#11060 = EDGE_CURVE('',#11061,#11037,#11063,.T.);
#11061 = VERTEX_POINT('',#11062);
#11062 = CARTESIAN_POINT('',(-0.428974740395,-16.38188441303,7.));
#11063 = SURFACE_CURVE('',#11064,(#11068,#11075),.PCURVE_S1.);
#11064 = LINE('',#11065,#11066);
#11065 = CARTESIAN_POINT('',(-0.428974740395,-16.38188441303,7.));
#11066 = VECTOR('',#11067,1.);
#11067 = DIRECTION('',(-2.617694830787E-02,-0.999657324976,0.));
#11068 = PCURVE('',#100,#11069);
#11069 = DEFINITIONAL_REPRESENTATION('',(#11070),#11074);
#11070 = LINE('',#11071,#11072);
#11071 = CARTESIAN_POINT('',(-0.428974740395,-16.38188441303));
#11072 = VECTOR('',#11073,1.);
#11073 = DIRECTION('',(-2.617694830787E-02,-0.999657324976));
#11074 = ( GEOMETRIC_REPRESENTATION_CONTEXT(2) 
PARAMETRIC_REPRESENTATION_CONTEXT() REPRESENTATION_CONTEXT('2D SPACE',''
  ) );
#11075 = PCURVE('',#5146,#11076);
#11076 = DEFINITIONAL_REPRESENTATION('',(#11077),#11081);
#11077 = LINE('',#11078,#11079);
#11078 = CARTESIAN_POINT('',(0.,-7.));
#11079 = VECTOR('',#11080,1.);
#11080 = DIRECTION('',(1.,0.));
#11081 = ( GEOMETRIC_REPRESENTATION_CONTEXT(2) 
PARAMETRIC_REPRESENTATION_CONTEXT() REPRESENTATION_CONTEXT('2D SPACE',''
  ) );
#11082 = ORIENTED_EDGE('',*,*,#11083,.F.);
#11083 = EDGE_CURVE('',#11084,#11061,#11086,.T.);
#11084 = VERTEX_POINT('',#11085);
#11085 = CARTESIAN_POINT('',(0.428974740395,-16.38188441303,7.));
#11086 = SURFACE_CURVE('',#11087,(#11091,#11098),.PCURVE_S1.);
#11087 = LINE('',#11088,#11089);
#11088 = CARTESIAN_POINT('',(0.428974740395,-16.38188441303,7.));
#11089 = VECTOR('',#11090,1.);
#11090 = DIRECTION('',(-1.,2.22044604925E-16,0.));
#11091 = PCURVE('',#100,#11092);
#11092 = DEFINITIONAL_REPRESENTATION('',(#11093),#11097);
#11093 = LINE('',#11094,#11095);
#11094 = CARTESIAN_POINT('',(0.428974740395,-16.38188441303));
#11095 = VECTOR('',#11096,1.);
#11096 = DIRECTION('',(-1.,2.22044604925E-16));
#11097 = ( GEOMETRIC_REPRESENTATION_CONTEXT(2) 
PARAMETRIC_REPRESENTATION_CONTEXT() REPRESENTATION_CONTEXT('2D SPACE',''
  ) );
#11098 = PCURVE('',#5174,#11099);
#11099 = DEFINITIONAL_REPRESENTATION('',(#11100),#11104);
#11100 = LINE('',#11101,#11102);
#11101 = CARTESIAN_POINT('',(0.,-7.));
#11102 = VECTOR('',#11103,1.);
#11103 = DIRECTION('',(1.,0.));
#11104 = ( GEOMETRIC_REPRESENTATION_CONTEXT(2) 
PARAMETRIC_REPRESENTATION_CONTEXT() REPRESENTATION_CONTEXT('2D SPACE',''
  ) );
#11105 = ORIENTED_EDGE('',*,*,#11106,.F.);
#11106 = EDGE_CURVE('',#11107,#11084,#11109,.T.);
#11107 = VERTEX_POINT('',#11108);
#11108 = CARTESIAN_POINT('',(0.486891238527,-18.59362624454,7.));
#11109 = SURFACE_CURVE('',#11110,(#11114,#11121),.PCURVE_S1.);
#11110 = LINE('',#11111,#11112);
#11111 = CARTESIAN_POINT('',(0.535580362379,-20.452988869,7.));
#11112 = VECTOR('',#11113,1.);
#11113 = DIRECTION('',(-2.617694830787E-02,0.999657324976,0.));
#11114 = PCURVE('',#100,#11115);
#11115 = DEFINITIONAL_REPRESENTATION('',(#11116),#11120);
#11116 = LINE('',#11117,#11118);
#11117 = CARTESIAN_POINT('',(0.535580362379,-20.452988869));
#11118 = VECTOR('',#11119,1.);
#11119 = DIRECTION('',(-2.617694830787E-02,0.999657324976));
#11120 = ( GEOMETRIC_REPRESENTATION_CONTEXT(2) 
PARAMETRIC_REPRESENTATION_CONTEXT() REPRESENTATION_CONTEXT('2D SPACE',''
  ) );
#11121 = PCURVE('',#5202,#11122);
#11122 = DEFINITIONAL_REPRESENTATION('',(#11123),#11127);
#11123 = LINE('',#11124,#11125);
#11124 = CARTESIAN_POINT('',(0.,-7.));
#11125 = VECTOR('',#11126,1.);
#11126 = DIRECTION('',(1.,0.));
#11127 = ( GEOMETRIC_REPRESENTATION_CONTEXT(2) 
PARAMETRIC_REPRESENTATION_CONTEXT() REPRESENTATION_CONTEXT('2D SPACE',''
  ) );
#11128 = ORIENTED_EDGE('',*,*,#11129,.T.);
#11129 = EDGE_CURVE('',#11107,#11130,#11132,.T.);
#11130 = VERTEX_POINT('',#11131);
#11131 = CARTESIAN_POINT('',(1.459339180538,-18.54266240743,7.));
#11132 = SURFACE_CURVE('',#11133,(#11138,#11145),.PCURVE_S1.);
#11133 = CIRCLE('',#11134,18.6);
#11134 = AXIS2_PLACEMENT_3D('',#11135,#11136,#11137);
#11135 = CARTESIAN_POINT('',(0.,0.,7.));
#11136 = DIRECTION('',(0.,0.,1.));
#11137 = DIRECTION('',(1.,0.,0.));
#11138 = PCURVE('',#100,#11139);
#11139 = DEFINITIONAL_REPRESENTATION('',(#11140),#11144);
#11140 = CIRCLE('',#11141,18.6);
#11141 = AXIS2_PLACEMENT_2D('',#11142,#11143);
#11142 = CARTESIAN_POINT('',(5.881462935653E-16,7.592810154714E-16));
#11143 = DIRECTION('',(1.,0.));
#11144 = ( GEOMETRIC_REPRESENTATION_CONTEXT(2) 
PARAMETRIC_REPRESENTATION_CONTEXT() REPRESENTATION_CONTEXT('2D SPACE',''
  ) );
#11145 = PCURVE('',#5231,#11146);
#11146 = DEFINITIONAL_REPRESENTATION('',(#11147),#11151);
#11147 = LINE('',#11148,#11149);
#11148 = CARTESIAN_POINT('',(-0.,-7.));
#11149 = VECTOR('',#11150,1.);
#11150 = DIRECTION('',(-1.,0.));
#11151 = ( GEOMETRIC_REPRESENTATION_CONTEXT(2) 
PARAMETRIC_REPRESENTATION_CONTEXT() REPRESENTATION_CONTEXT('2D SPACE',''
  ) );
#11152 = ORIENTED_EDGE('',*,*,#11153,.F.);
#11153 = EDGE_CURVE('',#11154,#11130,#11156,.T.);
#11154 = VERTEX_POINT('',#11155);
#11155 = CARTESIAN_POINT('',(1.28574843124,-16.33698280655,7.));
#11156 = SURFACE_CURVE('',#11157,(#11161,#11168),.PCURVE_S1.);
#11157 = LINE('',#11158,#11159);
#11158 = CARTESIAN_POINT('',(1.28574843124,-16.33698280655,7.));
#11159 = VECTOR('',#11160,1.);
#11160 = DIRECTION('',(7.845909572784E-02,-0.996917333733,0.));
#11161 = PCURVE('',#100,#11162);
#11162 = DEFINITIONAL_REPRESENTATION('',(#11163),#11167);
#11163 = LINE('',#11164,#11165);
#11164 = CARTESIAN_POINT('',(1.28574843124,-16.33698280655));
#11165 = VECTOR('',#11166,1.);
#11166 = DIRECTION('',(7.845909572784E-02,-0.996917333733));
#11167 = ( GEOMETRIC_REPRESENTATION_CONTEXT(2) 
PARAMETRIC_REPRESENTATION_CONTEXT() REPRESENTATION_CONTEXT('2D SPACE',''
  ) );
#11168 = PCURVE('',#5259,#11169);
#11169 = DEFINITIONAL_REPRESENTATION('',(#11170),#11174);
#11170 = LINE('',#11171,#11172);
#11171 = CARTESIAN_POINT('',(0.,-7.));
#11172 = VECTOR('',#11173,1.);
#11173 = DIRECTION('',(1.,0.));
#11174 = ( GEOMETRIC_REPRESENTATION_CONTEXT(2) 
PARAMETRIC_REPRESENTATION_CONTEXT() REPRESENTATION_CONTEXT('2D SPACE',''
  ) );
#11175 = ORIENTED_EDGE('',*,*,#11176,.F.);
#11176 = EDGE_CURVE('',#11177,#11154,#11179,.T.);
#11177 = VERTEX_POINT('',#11178);
#11178 = CARTESIAN_POINT('',(2.138997975006,-16.24730266576,7.));
#11179 = SURFACE_CURVE('',#11180,(#11184,#11191),.PCURVE_S1.);
#11180 = LINE('',#11181,#11182);
#11181 = CARTESIAN_POINT('',(2.138997975006,-16.24730266576,7.));
#11182 = VECTOR('',#11183,1.);
#11183 = DIRECTION('',(-0.994521895368,-0.104528463268,0.));
#11184 = PCURVE('',#100,#11185);
#11185 = DEFINITIONAL_REPRESENTATION('',(#11186),#11190);
#11186 = LINE('',#11187,#11188);
#11187 = CARTESIAN_POINT('',(2.138997975006,-16.24730266576));
#11188 = VECTOR('',#11189,1.);
#11189 = DIRECTION('',(-0.994521895368,-0.104528463268));
#11190 = ( GEOMETRIC_REPRESENTATION_CONTEXT(2) 
PARAMETRIC_REPRESENTATION_CONTEXT() REPRESENTATION_CONTEXT('2D SPACE',''
  ) );
#11191 = PCURVE('',#5287,#11192);
#11192 = DEFINITIONAL_REPRESENTATION('',(#11193),#11197);
#11193 = LINE('',#11194,#11195);
#11194 = CARTESIAN_POINT('',(0.,-7.));
#11195 = VECTOR('',#11196,1.);
#11196 = DIRECTION('',(1.,0.));
#11197 = ( GEOMETRIC_REPRESENTATION_CONTEXT(2) 
PARAMETRIC_REPRESENTATION_CONTEXT() REPRESENTATION_CONTEXT('2D SPACE',''
  ) );
#11198 = ORIENTED_EDGE('',*,*,#11199,.F.);
#11199 = EDGE_CURVE('',#11200,#11177,#11202,.T.);
#11200 = VERTEX_POINT('',#11201);
#11201 = CARTESIAN_POINT('',(2.427787175293,-18.44087442155,7.));
#11202 = SURFACE_CURVE('',#11203,(#11207,#11214),.PCURVE_S1.);
#11203 = LINE('',#11204,#11205);
#11204 = CARTESIAN_POINT('',(2.670565892822,-20.2849618637,7.));
#11205 = VECTOR('',#11206,1.);
#11206 = DIRECTION('',(-0.13052619222,0.991444861374,0.));
#11207 = PCURVE('',#100,#11208);
#11208 = DEFINITIONAL_REPRESENTATION('',(#11209),#11213);
#11209 = LINE('',#11210,#11211);
#11210 = CARTESIAN_POINT('',(2.670565892822,-20.2849618637));
#11211 = VECTOR('',#11212,1.);
#11212 = DIRECTION('',(-0.13052619222,0.991444861374));
#11213 = ( GEOMETRIC_REPRESENTATION_CONTEXT(2) 
PARAMETRIC_REPRESENTATION_CONTEXT() REPRESENTATION_CONTEXT('2D SPACE',''
  ) );
#11214 = PCURVE('',#5315,#11215);
#11215 = DEFINITIONAL_REPRESENTATION('',(#11216),#11220);
#11216 = LINE('',#11217,#11218);
#11217 = CARTESIAN_POINT('',(0.,-7.));
#11218 = VECTOR('',#11219,1.);
#11219 = DIRECTION('',(1.,-0.));
#11220 = ( GEOMETRIC_REPRESENTATION_CONTEXT(2) 
PARAMETRIC_REPRESENTATION_CONTEXT() REPRESENTATION_CONTEXT('2D SPACE',''
  ) );
#11221 = ORIENTED_EDGE('',*,*,#11222,.T.);
#11222 = EDGE_CURVE('',#11200,#11223,#11225,.T.);
#11223 = VERTEX_POINT('',#11224);
#11224 = CARTESIAN_POINT('',(3.389580774154,-18.28854128069,7.));
#11225 = SURFACE_CURVE('',#11226,(#11231,#11238),.PCURVE_S1.);
#11226 = CIRCLE('',#11227,18.6);
#11227 = AXIS2_PLACEMENT_3D('',#11228,#11229,#11230);
#11228 = CARTESIAN_POINT('',(0.,0.,7.));
#11229 = DIRECTION('',(0.,0.,1.));
#11230 = DIRECTION('',(1.,0.,0.));
#11231 = PCURVE('',#100,#11232);
#11232 = DEFINITIONAL_REPRESENTATION('',(#11233),#11237);
#11233 = CIRCLE('',#11234,18.6);
#11234 = AXIS2_PLACEMENT_2D('',#11235,#11236);
#11235 = CARTESIAN_POINT('',(5.881462935653E-16,7.592810154714E-16));
#11236 = DIRECTION('',(1.,0.));
#11237 = ( GEOMETRIC_REPRESENTATION_CONTEXT(2) 
PARAMETRIC_REPRESENTATION_CONTEXT() REPRESENTATION_CONTEXT('2D SPACE',''
  ) );
#11238 = PCURVE('',#5344,#11239);
#11239 = DEFINITIONAL_REPRESENTATION('',(#11240),#11244);
#11240 = LINE('',#11241,#11242);
#11241 = CARTESIAN_POINT('',(-0.,-7.));
#11242 = VECTOR('',#11243,1.);
#11243 = DIRECTION('',(-1.,0.));
#11244 = ( GEOMETRIC_REPRESENTATION_CONTEXT(2) 
PARAMETRIC_REPRESENTATION_CONTEXT() REPRESENTATION_CONTEXT('2D SPACE',''
  ) );
#11245 = ORIENTED_EDGE('',*,*,#11246,.F.);
#11246 = EDGE_CURVE('',#11247,#11223,#11249,.T.);
#11247 = VERTEX_POINT('',#11248);
#11248 = CARTESIAN_POINT('',(2.986384674003,-16.1130897977,7.));
#11249 = SURFACE_CURVE('',#11250,(#11254,#11261),.PCURVE_S1.);
#11250 = LINE('',#11251,#11252);
#11251 = CARTESIAN_POINT('',(2.986384674003,-16.1130897977,7.));
#11252 = VECTOR('',#11253,1.);
#11253 = DIRECTION('',(0.182235525492,-0.983254907564,0.));
#11254 = PCURVE('',#100,#11255);
#11255 = DEFINITIONAL_REPRESENTATION('',(#11256),#11260);
#11256 = LINE('',#11257,#11258);
#11257 = CARTESIAN_POINT('',(2.986384674003,-16.1130897977));
#11258 = VECTOR('',#11259,1.);
#11259 = DIRECTION('',(0.182235525492,-0.983254907564));
#11260 = ( GEOMETRIC_REPRESENTATION_CONTEXT(2) 
PARAMETRIC_REPRESENTATION_CONTEXT() REPRESENTATION_CONTEXT('2D SPACE',''
  ) );
#11261 = PCURVE('',#5372,#11262);
#11262 = DEFINITIONAL_REPRESENTATION('',(#11263),#11267);
#11263 = LINE('',#11264,#11265);
#11264 = CARTESIAN_POINT('',(0.,-7.));
#11265 = VECTOR('',#11266,1.);
#11266 = DIRECTION('',(1.,0.));
#11267 = ( GEOMETRIC_REPRESENTATION_CONTEXT(2) 
PARAMETRIC_REPRESENTATION_CONTEXT() REPRESENTATION_CONTEXT('2D SPACE',''
  ) );
#11268 = ORIENTED_EDGE('',*,*,#11269,.F.);
#11269 = EDGE_CURVE('',#11270,#11247,#11272,.T.);
#11270 = VERTEX_POINT('',#11271);
#11271 = CARTESIAN_POINT('',(3.825585900189,-15.93471207051,7.));
#11272 = SURFACE_CURVE('',#11273,(#11277,#11284),.PCURVE_S1.);
#11273 = LINE('',#11274,#11275);
#11274 = CARTESIAN_POINT('',(3.825585900189,-15.93471207051,7.));
#11275 = VECTOR('',#11276,1.);
#11276 = DIRECTION('',(-0.978147600734,-0.207911690818,0.));
#11277 = PCURVE('',#100,#11278);
#11278 = DEFINITIONAL_REPRESENTATION('',(#11279),#11283);
#11279 = LINE('',#11280,#11281);
#11280 = CARTESIAN_POINT('',(3.825585900189,-15.93471207051));
#11281 = VECTOR('',#11282,1.);
#11282 = DIRECTION('',(-0.978147600734,-0.207911690818));
#11283 = ( GEOMETRIC_REPRESENTATION_CONTEXT(2) 
PARAMETRIC_REPRESENTATION_CONTEXT() REPRESENTATION_CONTEXT('2D SPACE',''
  ) );
#11284 = PCURVE('',#5400,#11285);
#11285 = DEFINITIONAL_REPRESENTATION('',(#11286),#11290);
#11286 = LINE('',#11287,#11288);
#11287 = CARTESIAN_POINT('',(0.,-7.));
#11288 = VECTOR('',#11289,1.);
#11289 = DIRECTION('',(1.,0.));
#11290 = ( GEOMETRIC_REPRESENTATION_CONTEXT(2) 
PARAMETRIC_REPRESENTATION_CONTEXT() REPRESENTATION_CONTEXT('2D SPACE',''
  ) );
#11291 = ORIENTED_EDGE('',*,*,#11292,.F.);
#11292 = EDGE_CURVE('',#11293,#11270,#11295,.T.);
#11293 = VERTEX_POINT('',#11294);
#11294 = CARTESIAN_POINT('',(4.342083767719,-18.08608051939,7.));
#11295 = SURFACE_CURVE('',#11296,(#11300,#11307),.PCURVE_S1.);
#11296 = LINE('',#11297,#11298);
#11297 = CARTESIAN_POINT('',(4.776292144492,-19.89468857133,7.));
#11298 = VECTOR('',#11299,1.);
#11299 = DIRECTION('',(-0.233445363856,0.972369920398,0.));
#11300 = PCURVE('',#100,#11301);
#11301 = DEFINITIONAL_REPRESENTATION('',(#11302),#11306);
#11302 = LINE('',#11303,#11304);
#11303 = CARTESIAN_POINT('',(4.776292144492,-19.89468857133));
#11304 = VECTOR('',#11305,1.);
#11305 = DIRECTION('',(-0.233445363856,0.972369920398));
#11306 = ( GEOMETRIC_REPRESENTATION_CONTEXT(2) 
PARAMETRIC_REPRESENTATION_CONTEXT() REPRESENTATION_CONTEXT('2D SPACE',''
  ) );
#11307 = PCURVE('',#5428,#11308);
#11308 = DEFINITIONAL_REPRESENTATION('',(#11309),#11313);
#11309 = LINE('',#11310,#11311);
#11310 = CARTESIAN_POINT('',(0.,-7.));
#11311 = VECTOR('',#11312,1.);
#11312 = DIRECTION('',(1.,-0.));
#11313 = ( GEOMETRIC_REPRESENTATION_CONTEXT(2) 
PARAMETRIC_REPRESENTATION_CONTEXT() REPRESENTATION_CONTEXT('2D SPACE',''
  ) );
#11314 = ORIENTED_EDGE('',*,*,#11315,.T.);
#11315 = EDGE_CURVE('',#11293,#11316,#11318,.T.);
#11316 = VERTEX_POINT('',#11317);
#11317 = CARTESIAN_POINT('',(5.282685411492,-17.83404706854,7.));
#11318 = SURFACE_CURVE('',#11319,(#11324,#11331),.PCURVE_S1.);
#11319 = CIRCLE('',#11320,18.6);
#11320 = AXIS2_PLACEMENT_3D('',#11321,#11322,#11323);
#11321 = CARTESIAN_POINT('',(0.,0.,7.));
#11322 = DIRECTION('',(0.,0.,1.));
#11323 = DIRECTION('',(1.,0.,0.));
#11324 = PCURVE('',#100,#11325);
#11325 = DEFINITIONAL_REPRESENTATION('',(#11326),#11330);
#11326 = CIRCLE('',#11327,18.6);
#11327 = AXIS2_PLACEMENT_2D('',#11328,#11329);
#11328 = CARTESIAN_POINT('',(5.881462935653E-16,7.592810154714E-16));
#11329 = DIRECTION('',(1.,0.));
#11330 = ( GEOMETRIC_REPRESENTATION_CONTEXT(2) 
PARAMETRIC_REPRESENTATION_CONTEXT() REPRESENTATION_CONTEXT('2D SPACE',''
  ) );
#11331 = PCURVE('',#5457,#11332);
#11332 = DEFINITIONAL_REPRESENTATION('',(#11333),#11337);
#11333 = LINE('',#11334,#11335);
#11334 = CARTESIAN_POINT('',(-0.,-7.));
#11335 = VECTOR('',#11336,1.);
#11336 = DIRECTION('',(-1.,0.));
#11337 = ( GEOMETRIC_REPRESENTATION_CONTEXT(2) 
PARAMETRIC_REPRESENTATION_CONTEXT() REPRESENTATION_CONTEXT('2D SPACE',''
  ) );
#11338 = ORIENTED_EDGE('',*,*,#11339,.F.);
#11339 = EDGE_CURVE('',#11340,#11316,#11342,.T.);
#11340 = VERTEX_POINT('',#11341);
#11341 = CARTESIAN_POINT('',(4.654301461336,-15.71265840515,7.));
#11342 = SURFACE_CURVE('',#11343,(#11347,#11354),.PCURVE_S1.);
#11343 = LINE('',#11344,#11345);
#11344 = CARTESIAN_POINT('',(4.654301461336,-15.71265840515,7.));
#11345 = VECTOR('',#11346,1.);
#11346 = DIRECTION('',(0.284015344704,-0.958819734868,0.));
#11347 = PCURVE('',#100,#11348);
#11348 = DEFINITIONAL_REPRESENTATION('',(#11349),#11353);
#11349 = LINE('',#11350,#11351);
#11350 = CARTESIAN_POINT('',(4.654301461336,-15.71265840515));
#11351 = VECTOR('',#11352,1.);
#11352 = DIRECTION('',(0.284015344704,-0.958819734868));
#11353 = ( GEOMETRIC_REPRESENTATION_CONTEXT(2) 
PARAMETRIC_REPRESENTATION_CONTEXT() REPRESENTATION_CONTEXT('2D SPACE',''
  ) );
#11354 = PCURVE('',#5485,#11355);
#11355 = DEFINITIONAL_REPRESENTATION('',(#11356),#11360);
#11356 = LINE('',#11357,#11358);
#11357 = CARTESIAN_POINT('',(0.,-7.));
#11358 = VECTOR('',#11359,1.);
#11359 = DIRECTION('',(1.,0.));
#11360 = ( GEOMETRIC_REPRESENTATION_CONTEXT(2) 
PARAMETRIC_REPRESENTATION_CONTEXT() REPRESENTATION_CONTEXT('2D SPACE',''
  ) );
#11361 = ORIENTED_EDGE('',*,*,#11362,.F.);
#11362 = EDGE_CURVE('',#11363,#11340,#11365,.T.);
#11363 = VERTEX_POINT('',#11364);
#11364 = CARTESIAN_POINT('',(5.470259905693,-15.44753743527,7.));
#11365 = SURFACE_CURVE('',#11366,(#11370,#11377),.PCURVE_S1.);
#11366 = LINE('',#11367,#11368);
#11367 = CARTESIAN_POINT('',(5.470259905693,-15.44753743527,7.));
#11368 = VECTOR('',#11369,1.);
#11369 = DIRECTION('',(-0.951056516295,-0.309016994375,0.));
#11370 = PCURVE('',#100,#11371);
#11371 = DEFINITIONAL_REPRESENTATION('',(#11372),#11376);
#11372 = LINE('',#11373,#11374);
#11373 = CARTESIAN_POINT('',(5.470259905693,-15.44753743527));
#11374 = VECTOR('',#11375,1.);
#11375 = DIRECTION('',(-0.951056516295,-0.309016994375));
#11376 = ( GEOMETRIC_REPRESENTATION_CONTEXT(2) 
PARAMETRIC_REPRESENTATION_CONTEXT() REPRESENTATION_CONTEXT('2D SPACE',''
  ) );
#11377 = PCURVE('',#5513,#11378);
#11378 = DEFINITIONAL_REPRESENTATION('',(#11379),#11383);
#11379 = LINE('',#11380,#11381);
#11380 = CARTESIAN_POINT('',(0.,-7.));
#11381 = VECTOR('',#11382,1.);
#11382 = DIRECTION('',(1.,0.));
#11383 = ( GEOMETRIC_REPRESENTATION_CONTEXT(2) 
PARAMETRIC_REPRESENTATION_CONTEXT() REPRESENTATION_CONTEXT('2D SPACE',''
  ) );
#11384 = ORIENTED_EDGE('',*,*,#11385,.F.);
#11385 = EDGE_CURVE('',#11386,#11363,#11388,.T.);
#11386 = VERTEX_POINT('',#11387);
#11387 = CARTESIAN_POINT('',(6.208807581748,-17.53313173431,7.));
#11388 = SURFACE_CURVE('',#11389,(#11393,#11400),.PCURVE_S1.);
#11389 = LINE('',#11390,#11391);
#11390 = CARTESIAN_POINT('',(6.829688339923,-19.28644490774,7.));
#11391 = VECTOR('',#11392,1.);
#11392 = DIRECTION('',(-0.333806859234,0.942641491092,0.));
#11393 = PCURVE('',#100,#11394);
#11394 = DEFINITIONAL_REPRESENTATION('',(#11395),#11399);
#11395 = LINE('',#11396,#11397);
#11396 = CARTESIAN_POINT('',(6.829688339923,-19.28644490774));
#11397 = VECTOR('',#11398,1.);
#11398 = DIRECTION('',(-0.333806859234,0.942641491092));
#11399 = ( GEOMETRIC_REPRESENTATION_CONTEXT(2) 
PARAMETRIC_REPRESENTATION_CONTEXT() REPRESENTATION_CONTEXT('2D SPACE',''
  ) );
#11400 = PCURVE('',#5541,#11401);
#11401 = DEFINITIONAL_REPRESENTATION('',(#11402),#11406);
#11402 = LINE('',#11403,#11404);
#11403 = CARTESIAN_POINT('',(0.,-7.));
#11404 = VECTOR('',#11405,1.);
#11405 = DIRECTION('',(1.,-0.));
#11406 = ( GEOMETRIC_REPRESENTATION_CONTEXT(2) 
PARAMETRIC_REPRESENTATION_CONTEXT() REPRESENTATION_CONTEXT('2D SPACE',''
  ) );
#11407 = ORIENTED_EDGE('',*,*,#11408,.T.);
#11408 = EDGE_CURVE('',#11386,#11409,#11411,.T.);
#11409 = VERTEX_POINT('',#11410);
#11410 = CARTESIAN_POINT('',(7.117911841991,-17.18415930471,7.));
#11411 = SURFACE_CURVE('',#11412,(#11417,#11424),.PCURVE_S1.);
#11412 = CIRCLE('',#11413,18.6);
#11413 = AXIS2_PLACEMENT_3D('',#11414,#11415,#11416);
#11414 = CARTESIAN_POINT('',(0.,0.,7.));
#11415 = DIRECTION('',(0.,0.,1.));
#11416 = DIRECTION('',(1.,0.,0.));
#11417 = PCURVE('',#100,#11418);
#11418 = DEFINITIONAL_REPRESENTATION('',(#11419),#11423);
#11419 = CIRCLE('',#11420,18.6);
#11420 = AXIS2_PLACEMENT_2D('',#11421,#11422);
#11421 = CARTESIAN_POINT('',(5.881462935653E-16,7.592810154714E-16));
#11422 = DIRECTION('',(1.,0.));
#11423 = ( GEOMETRIC_REPRESENTATION_CONTEXT(2) 
PARAMETRIC_REPRESENTATION_CONTEXT() REPRESENTATION_CONTEXT('2D SPACE',''
  ) );
#11424 = PCURVE('',#5570,#11425);
#11425 = DEFINITIONAL_REPRESENTATION('',(#11426),#11430);
#11426 = LINE('',#11427,#11428);
#11427 = CARTESIAN_POINT('',(-0.,-7.));
#11428 = VECTOR('',#11429,1.);
#11429 = DIRECTION('',(-1.,0.));
#11430 = ( GEOMETRIC_REPRESENTATION_CONTEXT(2) 
PARAMETRIC_REPRESENTATION_CONTEXT() REPRESENTATION_CONTEXT('2D SPACE',''
  ) );
#11431 = ORIENTED_EDGE('',*,*,#11432,.F.);
#11432 = EDGE_CURVE('',#11433,#11409,#11435,.T.);
#11433 = VERTEX_POINT('',#11434);
#11434 = CARTESIAN_POINT('',(6.271224747883,-15.14007583902,7.));
#11435 = SURFACE_CURVE('',#11436,(#11440,#11447),.PCURVE_S1.);
#11436 = LINE('',#11437,#11438);
#11437 = CARTESIAN_POINT('',(6.271224747883,-15.14007583902,7.));
#11438 = VECTOR('',#11439,1.);
#11439 = DIRECTION('',(0.382683432365,-0.923879532511,0.));
#11440 = PCURVE('',#100,#11441);
#11441 = DEFINITIONAL_REPRESENTATION('',(#11442),#11446);
#11442 = LINE('',#11443,#11444);
#11443 = CARTESIAN_POINT('',(6.271224747883,-15.14007583902));
#11444 = VECTOR('',#11445,1.);
#11445 = DIRECTION('',(0.382683432365,-0.923879532511));
#11446 = ( GEOMETRIC_REPRESENTATION_CONTEXT(2) 
PARAMETRIC_REPRESENTATION_CONTEXT() REPRESENTATION_CONTEXT('2D SPACE',''
  ) );
#11447 = PCURVE('',#5598,#11448);
#11448 = DEFINITIONAL_REPRESENTATION('',(#11449),#11453);
#11449 = LINE('',#11450,#11451);
#11450 = CARTESIAN_POINT('',(0.,-7.));
#11451 = VECTOR('',#11452,1.);
#11452 = DIRECTION('',(1.,0.));
#11453 = ( GEOMETRIC_REPRESENTATION_CONTEXT(2) 
PARAMETRIC_REPRESENTATION_CONTEXT() REPRESENTATION_CONTEXT('2D SPACE',''
  ) );
#11454 = ORIENTED_EDGE('',*,*,#11455,.F.);
#11455 = EDGE_CURVE('',#11456,#11433,#11458,.T.);
#11456 = VERTEX_POINT('',#11457);
#11457 = CARTESIAN_POINT('',(7.055000598946,-14.79111634728,7.));
#11458 = SURFACE_CURVE('',#11459,(#11463,#11470),.PCURVE_S1.);
#11459 = LINE('',#11460,#11461);
#11460 = CARTESIAN_POINT('',(7.055000598946,-14.79111634728,7.));
#11461 = VECTOR('',#11462,1.);
#11462 = DIRECTION('',(-0.913545457643,-0.406736643076,0.));
#11463 = PCURVE('',#100,#11464);
#11464 = DEFINITIONAL_REPRESENTATION('',(#11465),#11469);
#11465 = LINE('',#11466,#11467);
#11466 = CARTESIAN_POINT('',(7.055000598946,-14.79111634728));
#11467 = VECTOR('',#11468,1.);
#11468 = DIRECTION('',(-0.913545457643,-0.406736643076));
#11469 = ( GEOMETRIC_REPRESENTATION_CONTEXT(2) 
PARAMETRIC_REPRESENTATION_CONTEXT() REPRESENTATION_CONTEXT('2D SPACE',''
  ) );
#11470 = PCURVE('',#5626,#11471);
#11471 = DEFINITIONAL_REPRESENTATION('',(#11472),#11476);
#11472 = LINE('',#11473,#11474);
#11473 = CARTESIAN_POINT('',(0.,-7.));
#11474 = VECTOR('',#11475,1.);
#11475 = DIRECTION('',(1.,0.));
#11476 = ( GEOMETRIC_REPRESENTATION_CONTEXT(2) 
PARAMETRIC_REPRESENTATION_CONTEXT() REPRESENTATION_CONTEXT('2D SPACE',''
  ) );
#11477 = ORIENTED_EDGE('',*,*,#11478,.F.);
#11478 = EDGE_CURVE('',#11479,#11456,#11481,.T.);
#11479 = VERTEX_POINT('',#11480);
#11480 = CARTESIAN_POINT('',(8.007506400634,-16.7880862889,7.));
#11481 = SURFACE_CURVE('',#11482,(#11486,#11493),.PCURVE_S1.);
#11482 = LINE('',#11483,#11484);
#11483 = CARTESIAN_POINT('',(8.808257040698,-18.46689491779,7.));
#11484 = VECTOR('',#11485,1.);
#11485 = DIRECTION('',(-0.430511096808,0.90258528435,0.));
#11486 = PCURVE('',#100,#11487);
#11487 = DEFINITIONAL_REPRESENTATION('',(#11488),#11492);
#11488 = LINE('',#11489,#11490);
#11489 = CARTESIAN_POINT('',(8.808257040698,-18.46689491779));
#11490 = VECTOR('',#11491,1.);
#11491 = DIRECTION('',(-0.430511096808,0.90258528435));
#11492 = ( GEOMETRIC_REPRESENTATION_CONTEXT(2) 
PARAMETRIC_REPRESENTATION_CONTEXT() REPRESENTATION_CONTEXT('2D SPACE',''
  ) );
#11493 = PCURVE('',#5654,#11494);
#11494 = DEFINITIONAL_REPRESENTATION('',(#11495),#11499);
#11495 = LINE('',#11496,#11497);
#11496 = CARTESIAN_POINT('',(0.,-7.));
#11497 = VECTOR('',#11498,1.);
#11498 = DIRECTION('',(1.,-0.));
#11499 = ( GEOMETRIC_REPRESENTATION_CONTEXT(2) 
PARAMETRIC_REPRESENTATION_CONTEXT() REPRESENTATION_CONTEXT('2D SPACE',''
  ) );
#11500 = ORIENTED_EDGE('',*,*,#11501,.T.);
#11501 = EDGE_CURVE('',#11479,#11502,#11504,.T.);
#11502 = VERTEX_POINT('',#11503);
#11503 = CARTESIAN_POINT('',(8.875152940828,-16.34599829551,7.));
#11504 = SURFACE_CURVE('',#11505,(#11510,#11517),.PCURVE_S1.);
#11505 = CIRCLE('',#11506,18.6);
#11506 = AXIS2_PLACEMENT_3D('',#11507,#11508,#11509);
#11507 = CARTESIAN_POINT('',(0.,0.,7.));
#11508 = DIRECTION('',(0.,0.,1.));
#11509 = DIRECTION('',(1.,0.,0.));
#11510 = PCURVE('',#100,#11511);
#11511 = DEFINITIONAL_REPRESENTATION('',(#11512),#11516);
#11512 = CIRCLE('',#11513,18.6);
#11513 = AXIS2_PLACEMENT_2D('',#11514,#11515);
#11514 = CARTESIAN_POINT('',(5.881462935653E-16,7.592810154714E-16));
#11515 = DIRECTION('',(1.,0.));
#11516 = ( GEOMETRIC_REPRESENTATION_CONTEXT(2) 
PARAMETRIC_REPRESENTATION_CONTEXT() REPRESENTATION_CONTEXT('2D SPACE',''
  ) );
#11517 = PCURVE('',#5683,#11518);
#11518 = DEFINITIONAL_REPRESENTATION('',(#11519),#11523);
#11519 = LINE('',#11520,#11521);
#11520 = CARTESIAN_POINT('',(-0.,-7.));
#11521 = VECTOR('',#11522,1.);
#11522 = DIRECTION('',(-1.,0.));
#11523 = ( GEOMETRIC_REPRESENTATION_CONTEXT(2) 
PARAMETRIC_REPRESENTATION_CONTEXT() REPRESENTATION_CONTEXT('2D SPACE',''
  ) );
#11524 = ORIENTED_EDGE('',*,*,#11525,.F.);
#11525 = EDGE_CURVE('',#11526,#11502,#11528,.T.);
#11526 = VERTEX_POINT('',#11527);
#11527 = CARTESIAN_POINT('',(7.819439183754,-14.40161543374,7.));
#11528 = SURFACE_CURVE('',#11529,(#11533,#11540),.PCURVE_S1.);
#11529 = LINE('',#11530,#11531);
#11530 = CARTESIAN_POINT('',(7.819439183754,-14.40161543374,7.));
#11531 = VECTOR('',#11532,1.);
#11532 = DIRECTION('',(0.47715876026,-0.878817112662,0.));
#11533 = PCURVE('',#100,#11534);
#11534 = DEFINITIONAL_REPRESENTATION('',(#11535),#11539);
#11535 = LINE('',#11536,#11537);
#11536 = CARTESIAN_POINT('',(7.819439183754,-14.40161543374));
#11537 = VECTOR('',#11538,1.);
#11538 = DIRECTION('',(0.47715876026,-0.878817112662));
#11539 = ( GEOMETRIC_REPRESENTATION_CONTEXT(2) 
PARAMETRIC_REPRESENTATION_CONTEXT() REPRESENTATION_CONTEXT('2D SPACE',''
  ) );
#11540 = PCURVE('',#5711,#11541);
#11541 = DEFINITIONAL_REPRESENTATION('',(#11542),#11546);
#11542 = LINE('',#11543,#11544);
#11543 = CARTESIAN_POINT('',(0.,-7.));
#11544 = VECTOR('',#11545,1.);
#11545 = DIRECTION('',(1.,0.));
#11546 = ( GEOMETRIC_REPRESENTATION_CONTEXT(2) 
PARAMETRIC_REPRESENTATION_CONTEXT() REPRESENTATION_CONTEXT('2D SPACE',''
  ) );
#11547 = ORIENTED_EDGE('',*,*,#11548,.F.);
#11548 = EDGE_CURVE('',#11549,#11526,#11551,.T.);
#11549 = VERTEX_POINT('',#11550);
#11550 = CARTESIAN_POINT('',(8.562445229283,-13.97264069335,7.));
#11551 = SURFACE_CURVE('',#11552,(#11556,#11563),.PCURVE_S1.);
#11552 = LINE('',#11553,#11554);
#11553 = CARTESIAN_POINT('',(8.562445229283,-13.97264069335,7.));
#11554 = VECTOR('',#11555,1.);
#11555 = DIRECTION('',(-0.866025403784,-0.5,0.));
#11556 = PCURVE('',#100,#11557);
#11557 = DEFINITIONAL_REPRESENTATION('',(#11558),#11562);
#11558 = LINE('',#11559,#11560);
#11559 = CARTESIAN_POINT('',(8.562445229283,-13.97264069335));
#11560 = VECTOR('',#11561,1.);
#11561 = DIRECTION('',(-0.866025403784,-0.5));
#11562 = ( GEOMETRIC_REPRESENTATION_CONTEXT(2) 
PARAMETRIC_REPRESENTATION_CONTEXT() REPRESENTATION_CONTEXT('2D SPACE',''
  ) );
#11563 = PCURVE('',#5739,#11564);
#11564 = DEFINITIONAL_REPRESENTATION('',(#11565),#11569);
#11565 = LINE('',#11566,#11567);
#11566 = CARTESIAN_POINT('',(0.,-7.));
#11567 = VECTOR('',#11568,1.);
#11568 = DIRECTION('',(1.,0.));
#11569 = ( GEOMETRIC_REPRESENTATION_CONTEXT(2) 
PARAMETRIC_REPRESENTATION_CONTEXT() REPRESENTATION_CONTEXT('2D SPACE',''
  ) );
#11570 = ORIENTED_EDGE('',*,*,#11571,.F.);
#11571 = EDGE_CURVE('',#11572,#11549,#11574,.T.);
#11572 = VERTEX_POINT('',#11573);
#11573 = CARTESIAN_POINT('',(9.718473303717,-15.85910705698,7.));
#11574 = SURFACE_CURVE('',#11575,(#11579,#11586),.PCURVE_S1.);
#11575 = LINE('',#11576,#11577);
#11576 = CARTESIAN_POINT('',(10.690320634088,-17.44501776268,7.));
#11577 = VECTOR('',#11578,1.);
#11578 = DIRECTION('',(-0.522498564716,0.852640164354,0.));
#11579 = PCURVE('',#100,#11580);
#11580 = DEFINITIONAL_REPRESENTATION('',(#11581),#11585);
#11581 = LINE('',#11582,#11583);
#11582 = CARTESIAN_POINT('',(10.690320634088,-17.44501776268));
#11583 = VECTOR('',#11584,1.);
#11584 = DIRECTION('',(-0.522498564716,0.852640164354));
#11585 = ( GEOMETRIC_REPRESENTATION_CONTEXT(2) 
PARAMETRIC_REPRESENTATION_CONTEXT() REPRESENTATION_CONTEXT('2D SPACE',''
  ) );
#11586 = PCURVE('',#5767,#11587);
#11587 = DEFINITIONAL_REPRESENTATION('',(#11588),#11592);
#11588 = LINE('',#11589,#11590);
#11589 = CARTESIAN_POINT('',(0.,-7.));
#11590 = VECTOR('',#11591,1.);
#11591 = DIRECTION('',(1.,-0.));
#11592 = ( GEOMETRIC_REPRESENTATION_CONTEXT(2) 
PARAMETRIC_REPRESENTATION_CONTEXT() REPRESENTATION_CONTEXT('2D SPACE',''
  ) );
#11593 = ORIENTED_EDGE('',*,*,#11594,.T.);
#11594 = EDGE_CURVE('',#11572,#11595,#11597,.T.);
#11595 = VERTEX_POINT('',#11596);
#11596 = CARTESIAN_POINT('',(10.535156006802,-15.32874710837,7.));
#11597 = SURFACE_CURVE('',#11598,(#11603,#11610),.PCURVE_S1.);
#11598 = CIRCLE('',#11599,18.6);
#11599 = AXIS2_PLACEMENT_3D('',#11600,#11601,#11602);
#11600 = CARTESIAN_POINT('',(0.,0.,7.));
#11601 = DIRECTION('',(0.,0.,1.));
#11602 = DIRECTION('',(1.,0.,0.));
#11603 = PCURVE('',#100,#11604);
#11604 = DEFINITIONAL_REPRESENTATION('',(#11605),#11609);
#11605 = CIRCLE('',#11606,18.6);
#11606 = AXIS2_PLACEMENT_2D('',#11607,#11608);
#11607 = CARTESIAN_POINT('',(5.881462935653E-16,7.592810154714E-16));
#11608 = DIRECTION('',(1.,0.));
#11609 = ( GEOMETRIC_REPRESENTATION_CONTEXT(2) 
PARAMETRIC_REPRESENTATION_CONTEXT() REPRESENTATION_CONTEXT('2D SPACE',''
  ) );
#11610 = PCURVE('',#5796,#11611);
#11611 = DEFINITIONAL_REPRESENTATION('',(#11612),#11616);
#11612 = LINE('',#11613,#11614);
#11613 = CARTESIAN_POINT('',(-0.,-7.));
#11614 = VECTOR('',#11615,1.);
#11615 = DIRECTION('',(-1.,0.));
#11616 = ( GEOMETRIC_REPRESENTATION_CONTEXT(2) 
PARAMETRIC_REPRESENTATION_CONTEXT() REPRESENTATION_CONTEXT('2D SPACE',''
  ) );
#11617 = ORIENTED_EDGE('',*,*,#11618,.F.);
#11618 = EDGE_CURVE('',#11619,#11595,#11621,.T.);
#11619 = VERTEX_POINT('',#11620);
#11620 = CARTESIAN_POINT('',(9.281982207606,-13.50536791604,7.));
#11621 = SURFACE_CURVE('',#11622,(#11626,#11633),.PCURVE_S1.);
#11622 = LINE('',#11623,#11624);
#11623 = CARTESIAN_POINT('',(9.281982207606,-13.50536791604,7.));
#11624 = VECTOR('',#11625,1.);
#11625 = DIRECTION('',(0.566406236925,-0.824126188622,0.));
#11626 = PCURVE('',#100,#11627);
#11627 = DEFINITIONAL_REPRESENTATION('',(#11628),#11632);
#11628 = LINE('',#11629,#11630);
#11629 = CARTESIAN_POINT('',(9.281982207606,-13.50536791604));
#11630 = VECTOR('',#11631,1.);
#11631 = DIRECTION('',(0.566406236925,-0.824126188622));
#11632 = ( GEOMETRIC_REPRESENTATION_CONTEXT(2) 
PARAMETRIC_REPRESENTATION_CONTEXT() REPRESENTATION_CONTEXT('2D SPACE',''
  ) );
#11633 = PCURVE('',#5824,#11634);
#11634 = DEFINITIONAL_REPRESENTATION('',(#11635),#11639);
#11635 = LINE('',#11636,#11637);
#11636 = CARTESIAN_POINT('',(0.,-7.));
#11637 = VECTOR('',#11638,1.);
#11638 = DIRECTION('',(1.,0.));
#11639 = ( GEOMETRIC_REPRESENTATION_CONTEXT(2) 
PARAMETRIC_REPRESENTATION_CONTEXT() REPRESENTATION_CONTEXT('2D SPACE',''
  ) );
#11640 = ORIENTED_EDGE('',*,*,#11641,.F.);
#11641 = EDGE_CURVE('',#11642,#11619,#11644,.T.);
#11642 = VERTEX_POINT('',#11643);
#11643 = CARTESIAN_POINT('',(9.97607791788,-13.00107786402,7.));
#11644 = SURFACE_CURVE('',#11645,(#11649,#11656),.PCURVE_S1.);
#11645 = LINE('',#11646,#11647);
#11646 = CARTESIAN_POINT('',(9.97607791788,-13.00107786402,7.));
#11647 = VECTOR('',#11648,1.);
#11648 = DIRECTION('',(-0.809016994375,-0.587785252292,0.));
#11649 = PCURVE('',#100,#11650);
#11650 = DEFINITIONAL_REPRESENTATION('',(#11651),#11655);
#11651 = LINE('',#11652,#11653);
#11652 = CARTESIAN_POINT('',(9.97607791788,-13.00107786402));
#11653 = VECTOR('',#11654,1.);
#11654 = DIRECTION('',(-0.809016994375,-0.587785252292));
#11655 = ( GEOMETRIC_REPRESENTATION_CONTEXT(2) 
PARAMETRIC_REPRESENTATION_CONTEXT() REPRESENTATION_CONTEXT('2D SPACE',''
  ) );
#11656 = PCURVE('',#5852,#11657);
#11657 = DEFINITIONAL_REPRESENTATION('',(#11658),#11662);
#11658 = LINE('',#11659,#11660);
#11659 = CARTESIAN_POINT('',(0.,-7.));
#11660 = VECTOR('',#11661,1.);
#11661 = DIRECTION('',(1.,0.));
#11662 = ( GEOMETRIC_REPRESENTATION_CONTEXT(2) 
PARAMETRIC_REPRESENTATION_CONTEXT() REPRESENTATION_CONTEXT('2D SPACE',''
  ) );
#11663 = ORIENTED_EDGE('',*,*,#11664,.F.);
#11664 = EDGE_CURVE('',#11665,#11642,#11667,.T.);
#11665 = VERTEX_POINT('',#11666);
#11666 = CARTESIAN_POINT('',(11.322962579562,-14.75637212941,7.));
#11667 = SURFACE_CURVE('',#11668,(#11672,#11679),.PCURVE_S1.);
#11668 = LINE('',#11669,#11670);
#11669 = CARTESIAN_POINT('',(12.455258837518,-16.23200934235,7.));
#11670 = VECTOR('',#11671,1.);
#11671 = DIRECTION('',(-0.608761429009,0.793353340291,0.));
#11672 = PCURVE('',#100,#11673);
#11673 = DEFINITIONAL_REPRESENTATION('',(#11674),#11678);
#11674 = LINE('',#11675,#11676);
#11675 = CARTESIAN_POINT('',(12.455258837518,-16.23200934235));
#11676 = VECTOR('',#11677,1.);
#11677 = DIRECTION('',(-0.608761429009,0.793353340291));
#11678 = ( GEOMETRIC_REPRESENTATION_CONTEXT(2) 
PARAMETRIC_REPRESENTATION_CONTEXT() REPRESENTATION_CONTEXT('2D SPACE',''
  ) );
#11679 = PCURVE('',#5880,#11680);
#11680 = DEFINITIONAL_REPRESENTATION('',(#11681),#11685);
#11681 = LINE('',#11682,#11683);
#11682 = CARTESIAN_POINT('',(0.,-7.));
#11683 = VECTOR('',#11684,1.);
#11684 = DIRECTION('',(1.,-0.));
#11685 = ( GEOMETRIC_REPRESENTATION_CONTEXT(2) 
PARAMETRIC_REPRESENTATION_CONTEXT() REPRESENTATION_CONTEXT('2D SPACE',''
  ) );
#11686 = ORIENTED_EDGE('',*,*,#11687,.T.);
#11687 = EDGE_CURVE('',#11665,#11688,#11690,.T.);
#11688 = VERTEX_POINT('',#11689);
#11689 = CARTESIAN_POINT('',(12.079733698942,-14.14355096016,7.));
#11690 = SURFACE_CURVE('',#11691,(#11696,#11703),.PCURVE_S1.);
#11691 = CIRCLE('',#11692,18.6);
#11692 = AXIS2_PLACEMENT_3D('',#11693,#11694,#11695);
#11693 = CARTESIAN_POINT('',(0.,0.,7.));
#11694 = DIRECTION('',(0.,0.,1.));
#11695 = DIRECTION('',(1.,0.,0.));
#11696 = PCURVE('',#100,#11697);
#11697 = DEFINITIONAL_REPRESENTATION('',(#11698),#11702);
#11698 = CIRCLE('',#11699,18.6);
#11699 = AXIS2_PLACEMENT_2D('',#11700,#11701);
#11700 = CARTESIAN_POINT('',(5.881462935653E-16,7.592810154714E-16));
#11701 = DIRECTION('',(1.,0.));
#11702 = ( GEOMETRIC_REPRESENTATION_CONTEXT(2) 
PARAMETRIC_REPRESENTATION_CONTEXT() REPRESENTATION_CONTEXT('2D SPACE',''
  ) );
#11703 = PCURVE('',#5909,#11704);
#11704 = DEFINITIONAL_REPRESENTATION('',(#11705),#11709);
#11705 = LINE('',#11706,#11707);
#11706 = CARTESIAN_POINT('',(-0.,-7.));
#11707 = VECTOR('',#11708,1.);
#11708 = DIRECTION('',(-1.,0.));
#11709 = ( GEOMETRIC_REPRESENTATION_CONTEXT(2) 
PARAMETRIC_REPRESENTATION_CONTEXT() REPRESENTATION_CONTEXT('2D SPACE',''
  ) );
#11710 = ORIENTED_EDGE('',*,*,#11711,.F.);
#11711 = EDGE_CURVE('',#11712,#11688,#11714,.T.);
#11712 = VERTEX_POINT('',#11713);
#11713 = CARTESIAN_POINT('',(10.642829892011,-12.46115276127,7.));
#11714 = SURFACE_CURVE('',#11715,(#11719,#11726),.PCURVE_S1.);
#11715 = LINE('',#11716,#11717);
#11716 = CARTESIAN_POINT('',(10.642829892011,-12.46115276127,7.));
#11717 = VECTOR('',#11718,1.);
#11718 = DIRECTION('',(0.64944804833,-0.7604059656,0.));
#11719 = PCURVE('',#100,#11720);
#11720 = DEFINITIONAL_REPRESENTATION('',(#11721),#11725);
#11721 = LINE('',#11722,#11723);
#11722 = CARTESIAN_POINT('',(10.642829892011,-12.46115276127));
#11723 = VECTOR('',#11724,1.);
#11724 = DIRECTION('',(0.64944804833,-0.7604059656));
#11725 = ( GEOMETRIC_REPRESENTATION_CONTEXT(2) 
PARAMETRIC_REPRESENTATION_CONTEXT() REPRESENTATION_CONTEXT('2D SPACE',''
  ) );
#11726 = PCURVE('',#5937,#11727);
#11727 = DEFINITIONAL_REPRESENTATION('',(#11728),#11732);
#11728 = LINE('',#11729,#11730);
#11729 = CARTESIAN_POINT('',(0.,-7.));
#11730 = VECTOR('',#11731,1.);
#11731 = DIRECTION('',(1.,0.));
#11732 = ( GEOMETRIC_REPRESENTATION_CONTEXT(2) 
PARAMETRIC_REPRESENTATION_CONTEXT() REPRESENTATION_CONTEXT('2D SPACE',''
  ) );
#11733 = ORIENTED_EDGE('',*,*,#11734,.F.);
#11734 = EDGE_CURVE('',#11735,#11712,#11737,.T.);
#11735 = VERTEX_POINT('',#11736);
#11736 = CARTESIAN_POINT('',(11.280410609181,-11.88707250496,7.));
#11737 = SURFACE_CURVE('',#11738,(#11742,#11749),.PCURVE_S1.);
#11738 = LINE('',#11739,#11740);
#11739 = CARTESIAN_POINT('',(11.280410609181,-11.88707250496,7.));
#11740 = VECTOR('',#11741,1.);
#11741 = DIRECTION('',(-0.743144825477,-0.669130606359,0.));
#11742 = PCURVE('',#100,#11743);
#11743 = DEFINITIONAL_REPRESENTATION('',(#11744),#11748);
#11744 = LINE('',#11745,#11746);
#11745 = CARTESIAN_POINT('',(11.280410609181,-11.88707250496));
#11746 = VECTOR('',#11747,1.);
#11747 = DIRECTION('',(-0.743144825477,-0.669130606359));
#11748 = ( GEOMETRIC_REPRESENTATION_CONTEXT(2) 
PARAMETRIC_REPRESENTATION_CONTEXT() REPRESENTATION_CONTEXT('2D SPACE',''
  ) );
#11749 = PCURVE('',#5965,#11750);
#11750 = DEFINITIONAL_REPRESENTATION('',(#11751),#11755);
#11751 = LINE('',#11752,#11753);
#11752 = CARTESIAN_POINT('',(0.,-7.));
#11753 = VECTOR('',#11754,1.);
#11754 = DIRECTION('',(1.,0.));
#11755 = ( GEOMETRIC_REPRESENTATION_CONTEXT(2) 
PARAMETRIC_REPRESENTATION_CONTEXT() REPRESENTATION_CONTEXT('2D SPACE',''
  ) );
#11756 = ORIENTED_EDGE('',*,*,#11757,.F.);
#11757 = EDGE_CURVE('',#11758,#11735,#11760,.T.);
#11758 = VERTEX_POINT('',#11759);
#11759 = CARTESIAN_POINT('',(12.803395107904,-13.49196330082,7.));
#11760 = SURFACE_CURVE('',#11761,(#11765,#11772),.PCURVE_S1.);
#11761 = LINE('',#11762,#11763);
#11762 = CARTESIAN_POINT('',(14.083734618694,-14.84115963091,7.));
#11763 = VECTOR('',#11764,1.);
#11764 = DIRECTION('',(-0.688354575694,0.725374371012,0.));
#11765 = PCURVE('',#100,#11766);
#11766 = DEFINITIONAL_REPRESENTATION('',(#11767),#11771);
#11767 = LINE('',#11768,#11769);
#11768 = CARTESIAN_POINT('',(14.083734618694,-14.84115963091));
#11769 = VECTOR('',#11770,1.);
#11770 = DIRECTION('',(-0.688354575694,0.725374371012));
#11771 = ( GEOMETRIC_REPRESENTATION_CONTEXT(2) 
PARAMETRIC_REPRESENTATION_CONTEXT() REPRESENTATION_CONTEXT('2D SPACE',''
  ) );
#11772 = PCURVE('',#5993,#11773);
#11773 = DEFINITIONAL_REPRESENTATION('',(#11774),#11778);
#11774 = LINE('',#11775,#11776);
#11775 = CARTESIAN_POINT('',(0.,-7.));
#11776 = VECTOR('',#11777,1.);
#11777 = DIRECTION('',(1.,-0.));
#11778 = ( GEOMETRIC_REPRESENTATION_CONTEXT(2) 
PARAMETRIC_REPRESENTATION_CONTEXT() REPRESENTATION_CONTEXT('2D SPACE',''
  ) );
#11779 = ORIENTED_EDGE('',*,*,#11780,.T.);
#11780 = EDGE_CURVE('',#11758,#11781,#11783,.T.);
#11781 = VERTEX_POINT('',#11782);
#11782 = CARTESIAN_POINT('',(13.491963300828,-12.8033951079,7.));
#11783 = SURFACE_CURVE('',#11784,(#11789,#11796),.PCURVE_S1.);
#11784 = CIRCLE('',#11785,18.6);
#11785 = AXIS2_PLACEMENT_3D('',#11786,#11787,#11788);
#11786 = CARTESIAN_POINT('',(0.,0.,7.));
#11787 = DIRECTION('',(0.,0.,1.));
#11788 = DIRECTION('',(1.,0.,0.));
#11789 = PCURVE('',#100,#11790);
#11790 = DEFINITIONAL_REPRESENTATION('',(#11791),#11795);
#11791 = CIRCLE('',#11792,18.6);
#11792 = AXIS2_PLACEMENT_2D('',#11793,#11794);
#11793 = CARTESIAN_POINT('',(5.881462935653E-16,7.592810154714E-16));
#11794 = DIRECTION('',(1.,0.));
#11795 = ( GEOMETRIC_REPRESENTATION_CONTEXT(2) 
PARAMETRIC_REPRESENTATION_CONTEXT() REPRESENTATION_CONTEXT('2D SPACE',''
  ) );
#11796 = PCURVE('',#6022,#11797);
#11797 = DEFINITIONAL_REPRESENTATION('',(#11798),#11802);
#11798 = LINE('',#11799,#11800);
#11799 = CARTESIAN_POINT('',(-0.,-7.));
#11800 = VECTOR('',#11801,1.);
#11801 = DIRECTION('',(-1.,0.));
#11802 = ( GEOMETRIC_REPRESENTATION_CONTEXT(2) 
PARAMETRIC_REPRESENTATION_CONTEXT() REPRESENTATION_CONTEXT('2D SPACE',''
  ) );
#11803 = ORIENTED_EDGE('',*,*,#11804,.F.);
#11804 = EDGE_CURVE('',#11805,#11781,#11807,.T.);
#11805 = VERTEX_POINT('',#11806);
#11806 = CARTESIAN_POINT('',(11.887072504964,-11.28041060918,7.));
#11807 = SURFACE_CURVE('',#11808,(#11812,#11819),.PCURVE_S1.);
#11808 = LINE('',#11809,#11810);
#11809 = CARTESIAN_POINT('',(11.887072504964,-11.28041060918,7.));
#11810 = VECTOR('',#11811,1.);
#11811 = DIRECTION('',(0.725374371012,-0.688354575694,0.));
#11812 = PCURVE('',#100,#11813);
#11813 = DEFINITIONAL_REPRESENTATION('',(#11814),#11818);
#11814 = LINE('',#11815,#11816);
#11815 = CARTESIAN_POINT('',(11.887072504964,-11.28041060918));
#11816 = VECTOR('',#11817,1.);
#11817 = DIRECTION('',(0.725374371012,-0.688354575694));
#11818 = ( GEOMETRIC_REPRESENTATION_CONTEXT(2) 
PARAMETRIC_REPRESENTATION_CONTEXT() REPRESENTATION_CONTEXT('2D SPACE',''
  ) );
#11819 = PCURVE('',#6050,#11820);
#11820 = DEFINITIONAL_REPRESENTATION('',(#11821),#11825);
#11821 = LINE('',#11822,#11823);
#11822 = CARTESIAN_POINT('',(0.,-7.));
#11823 = VECTOR('',#11824,1.);
#11824 = DIRECTION('',(1.,0.));
#11825 = ( GEOMETRIC_REPRESENTATION_CONTEXT(2) 
PARAMETRIC_REPRESENTATION_CONTEXT() REPRESENTATION_CONTEXT('2D SPACE',''
  ) );
#11826 = ORIENTED_EDGE('',*,*,#11827,.F.);
#11827 = EDGE_CURVE('',#11828,#11805,#11830,.T.);
#11828 = VERTEX_POINT('',#11829);
#11829 = CARTESIAN_POINT('',(12.461152761271,-10.64282989201,7.));
#11830 = SURFACE_CURVE('',#11831,(#11835,#11842),.PCURVE_S1.);
#11831 = LINE('',#11832,#11833);
#11832 = CARTESIAN_POINT('',(12.461152761271,-10.64282989201,7.));
#11833 = VECTOR('',#11834,1.);
#11834 = DIRECTION('',(-0.669130606359,-0.743144825477,0.));
#11835 = PCURVE('',#100,#11836);
#11836 = DEFINITIONAL_REPRESENTATION('',(#11837),#11841);
#11837 = LINE('',#11838,#11839);
#11838 = CARTESIAN_POINT('',(12.461152761271,-10.64282989201));
#11839 = VECTOR('',#11840,1.);
#11840 = DIRECTION('',(-0.669130606359,-0.743144825477));
#11841 = ( GEOMETRIC_REPRESENTATION_CONTEXT(2) 
PARAMETRIC_REPRESENTATION_CONTEXT() REPRESENTATION_CONTEXT('2D SPACE',''
  ) );
#11842 = PCURVE('',#6078,#11843);
#11843 = DEFINITIONAL_REPRESENTATION('',(#11844),#11848);
#11844 = LINE('',#11845,#11846);
#11845 = CARTESIAN_POINT('',(0.,-7.));
#11846 = VECTOR('',#11847,1.);
#11847 = DIRECTION('',(1.,0.));
#11848 = ( GEOMETRIC_REPRESENTATION_CONTEXT(2) 
PARAMETRIC_REPRESENTATION_CONTEXT() REPRESENTATION_CONTEXT('2D SPACE',''
  ) );
#11849 = ORIENTED_EDGE('',*,*,#11850,.F.);
#11850 = EDGE_CURVE('',#11851,#11828,#11853,.T.);
#11851 = VERTEX_POINT('',#11852);
#11852 = CARTESIAN_POINT('',(14.143550960161,-12.07973369894,7.));
#11853 = SURFACE_CURVE('',#11854,(#11858,#11865),.PCURVE_S1.);
#11854 = LINE('',#11855,#11856);
#11855 = CARTESIAN_POINT('',(15.557906056177,-13.28770706883,7.));
#11856 = VECTOR('',#11857,1.);
#11857 = DIRECTION('',(-0.7604059656,0.64944804833,0.));
#11858 = PCURVE('',#100,#11859);
#11859 = DEFINITIONAL_REPRESENTATION('',(#11860),#11864);
#11860 = LINE('',#11861,#11862);
#11861 = CARTESIAN_POINT('',(15.557906056177,-13.28770706883));
#11862 = VECTOR('',#11863,1.);
#11863 = DIRECTION('',(-0.7604059656,0.64944804833));
#11864 = ( GEOMETRIC_REPRESENTATION_CONTEXT(2) 
PARAMETRIC_REPRESENTATION_CONTEXT() REPRESENTATION_CONTEXT('2D SPACE',''
  ) );
#11865 = PCURVE('',#6106,#11866);
#11866 = DEFINITIONAL_REPRESENTATION('',(#11867),#11871);
#11867 = LINE('',#11868,#11869);
#11868 = CARTESIAN_POINT('',(0.,-7.));
#11869 = VECTOR('',#11870,1.);
#11870 = DIRECTION('',(1.,-0.));
#11871 = ( GEOMETRIC_REPRESENTATION_CONTEXT(2) 
PARAMETRIC_REPRESENTATION_CONTEXT() REPRESENTATION_CONTEXT('2D SPACE',''
  ) );
#11872 = ORIENTED_EDGE('',*,*,#11873,.T.);
#11873 = EDGE_CURVE('',#11851,#11874,#11876,.T.);
#11874 = VERTEX_POINT('',#11875);
#11875 = CARTESIAN_POINT('',(14.756372129417,-11.32296257956,7.));
#11876 = SURFACE_CURVE('',#11877,(#11882,#11889),.PCURVE_S1.);
#11877 = CIRCLE('',#11878,18.6);
#11878 = AXIS2_PLACEMENT_3D('',#11879,#11880,#11881);
#11879 = CARTESIAN_POINT('',(0.,0.,7.));
#11880 = DIRECTION('',(0.,0.,1.));
#11881 = DIRECTION('',(1.,0.,0.));
#11882 = PCURVE('',#100,#11883);
#11883 = DEFINITIONAL_REPRESENTATION('',(#11884),#11888);
#11884 = CIRCLE('',#11885,18.6);
#11885 = AXIS2_PLACEMENT_2D('',#11886,#11887);
#11886 = CARTESIAN_POINT('',(5.881462935653E-16,7.592810154714E-16));
#11887 = DIRECTION('',(1.,0.));
#11888 = ( GEOMETRIC_REPRESENTATION_CONTEXT(2) 
PARAMETRIC_REPRESENTATION_CONTEXT() REPRESENTATION_CONTEXT('2D SPACE',''
  ) );
#11889 = PCURVE('',#6135,#11890);
#11890 = DEFINITIONAL_REPRESENTATION('',(#11891),#11895);
#11891 = LINE('',#11892,#11893);
#11892 = CARTESIAN_POINT('',(-0.,-7.));
#11893 = VECTOR('',#11894,1.);
#11894 = DIRECTION('',(-1.,0.));
#11895 = ( GEOMETRIC_REPRESENTATION_CONTEXT(2) 
PARAMETRIC_REPRESENTATION_CONTEXT() REPRESENTATION_CONTEXT('2D SPACE',''
  ) );
#11896 = ORIENTED_EDGE('',*,*,#11897,.F.);
#11897 = EDGE_CURVE('',#11898,#11874,#11900,.T.);
#11898 = VERTEX_POINT('',#11899);
#11899 = CARTESIAN_POINT('',(13.001077864023,-9.97607791788,7.));
#11900 = SURFACE_CURVE('',#11901,(#11905,#11912),.PCURVE_S1.);
#11901 = LINE('',#11902,#11903);
#11902 = CARTESIAN_POINT('',(13.001077864023,-9.97607791788,7.));
#11903 = VECTOR('',#11904,1.);
#11904 = DIRECTION('',(0.793353340291,-0.608761429009,0.));
#11905 = PCURVE('',#100,#11906);
#11906 = DEFINITIONAL_REPRESENTATION('',(#11907),#11911);
#11907 = LINE('',#11908,#11909);
#11908 = CARTESIAN_POINT('',(13.001077864023,-9.97607791788));
#11909 = VECTOR('',#11910,1.);
#11910 = DIRECTION('',(0.793353340291,-0.608761429009));
#11911 = ( GEOMETRIC_REPRESENTATION_CONTEXT(2) 
PARAMETRIC_REPRESENTATION_CONTEXT() REPRESENTATION_CONTEXT('2D SPACE',''
  ) );
#11912 = PCURVE('',#6163,#11913);
#11913 = DEFINITIONAL_REPRESENTATION('',(#11914),#11918);
#11914 = LINE('',#11915,#11916);
#11915 = CARTESIAN_POINT('',(0.,-7.));
#11916 = VECTOR('',#11917,1.);
#11917 = DIRECTION('',(1.,0.));
#11918 = ( GEOMETRIC_REPRESENTATION_CONTEXT(2) 
PARAMETRIC_REPRESENTATION_CONTEXT() REPRESENTATION_CONTEXT('2D SPACE',''
  ) );
#11919 = ORIENTED_EDGE('',*,*,#11920,.F.);
#11920 = EDGE_CURVE('',#11921,#11898,#11923,.T.);
#11921 = VERTEX_POINT('',#11922);
#11922 = CARTESIAN_POINT('',(13.505367916043,-9.281982207606,7.));
#11923 = SURFACE_CURVE('',#11924,(#11928,#11935),.PCURVE_S1.);
#11924 = LINE('',#11925,#11926);
#11925 = CARTESIAN_POINT('',(13.505367916043,-9.281982207606,7.));
#11926 = VECTOR('',#11927,1.);
#11927 = DIRECTION('',(-0.587785252292,-0.809016994375,0.));
#11928 = PCURVE('',#100,#11929);
#11929 = DEFINITIONAL_REPRESENTATION('',(#11930),#11934);
#11930 = LINE('',#11931,#11932);
#11931 = CARTESIAN_POINT('',(13.505367916043,-9.281982207606));
#11932 = VECTOR('',#11933,1.);
#11933 = DIRECTION('',(-0.587785252292,-0.809016994375));
#11934 = ( GEOMETRIC_REPRESENTATION_CONTEXT(2) 
PARAMETRIC_REPRESENTATION_CONTEXT() REPRESENTATION_CONTEXT('2D SPACE',''
  ) );
#11935 = PCURVE('',#6191,#11936);
#11936 = DEFINITIONAL_REPRESENTATION('',(#11937),#11941);
#11937 = LINE('',#11938,#11939);
#11938 = CARTESIAN_POINT('',(0.,-7.));
#11939 = VECTOR('',#11940,1.);
#11940 = DIRECTION('',(1.,0.));
#11941 = ( GEOMETRIC_REPRESENTATION_CONTEXT(2) 
PARAMETRIC_REPRESENTATION_CONTEXT() REPRESENTATION_CONTEXT('2D SPACE',''
  ) );
#11942 = ORIENTED_EDGE('',*,*,#11943,.F.);
#11943 = EDGE_CURVE('',#11944,#11921,#11946,.T.);
#11944 = VERTEX_POINT('',#11945);
#11945 = CARTESIAN_POINT('',(15.32874710837,-10.5351560068,7.));
#11946 = SURFACE_CURVE('',#11947,(#11951,#11958),.PCURVE_S1.);
#11947 = LINE('',#11948,#11949);
#11948 = CARTESIAN_POINT('',(16.861621819206,-11.58867160748,7.));
#11949 = VECTOR('',#11950,1.);
#11950 = DIRECTION('',(-0.824126188622,0.566406236925,0.));
#11951 = PCURVE('',#100,#11952);
#11952 = DEFINITIONAL_REPRESENTATION('',(#11953),#11957);
#11953 = LINE('',#11954,#11955);
#11954 = CARTESIAN_POINT('',(16.861621819206,-11.58867160748));
#11955 = VECTOR('',#11956,1.);
#11956 = DIRECTION('',(-0.824126188622,0.566406236925));
#11957 = ( GEOMETRIC_REPRESENTATION_CONTEXT(2) 
PARAMETRIC_REPRESENTATION_CONTEXT() REPRESENTATION_CONTEXT('2D SPACE',''
  ) );
#11958 = PCURVE('',#6219,#11959);
#11959 = DEFINITIONAL_REPRESENTATION('',(#11960),#11964);
#11960 = LINE('',#11961,#11962);
#11961 = CARTESIAN_POINT('',(0.,-7.));
#11962 = VECTOR('',#11963,1.);
#11963 = DIRECTION('',(1.,-0.));
#11964 = ( GEOMETRIC_REPRESENTATION_CONTEXT(2) 
PARAMETRIC_REPRESENTATION_CONTEXT() REPRESENTATION_CONTEXT('2D SPACE',''
  ) );
#11965 = ORIENTED_EDGE('',*,*,#11966,.T.);
#11966 = EDGE_CURVE('',#11944,#11967,#11969,.T.);
#11967 = VERTEX_POINT('',#11968);
#11968 = CARTESIAN_POINT('',(15.859107056986,-9.718473303716,7.));
#11969 = SURFACE_CURVE('',#11970,(#11975,#11982),.PCURVE_S1.);
#11970 = CIRCLE('',#11971,18.6);
#11971 = AXIS2_PLACEMENT_3D('',#11972,#11973,#11974);
#11972 = CARTESIAN_POINT('',(0.,0.,7.));
#11973 = DIRECTION('',(0.,0.,1.));
#11974 = DIRECTION('',(1.,0.,0.));
#11975 = PCURVE('',#100,#11976);
#11976 = DEFINITIONAL_REPRESENTATION('',(#11977),#11981);
#11977 = CIRCLE('',#11978,18.6);
#11978 = AXIS2_PLACEMENT_2D('',#11979,#11980);
#11979 = CARTESIAN_POINT('',(5.881462935653E-16,7.592810154714E-16));
#11980 = DIRECTION('',(1.,0.));
#11981 = ( GEOMETRIC_REPRESENTATION_CONTEXT(2) 
PARAMETRIC_REPRESENTATION_CONTEXT() REPRESENTATION_CONTEXT('2D SPACE',''
  ) );
#11982 = PCURVE('',#6248,#11983);
#11983 = DEFINITIONAL_REPRESENTATION('',(#11984),#11988);
#11984 = LINE('',#11985,#11986);
#11985 = CARTESIAN_POINT('',(-0.,-7.));
#11986 = VECTOR('',#11987,1.);
#11987 = DIRECTION('',(-1.,0.));
#11988 = ( GEOMETRIC_REPRESENTATION_CONTEXT(2) 
PARAMETRIC_REPRESENTATION_CONTEXT() REPRESENTATION_CONTEXT('2D SPACE',''
  ) );
#11989 = ORIENTED_EDGE('',*,*,#11990,.F.);
#11990 = EDGE_CURVE('',#11991,#11967,#11993,.T.);
#11991 = VERTEX_POINT('',#11992);
#11992 = CARTESIAN_POINT('',(13.972640693353,-8.562445229283,7.));
#11993 = SURFACE_CURVE('',#11994,(#11998,#12005),.PCURVE_S1.);
#11994 = LINE('',#11995,#11996);
#11995 = CARTESIAN_POINT('',(13.972640693353,-8.562445229283,7.));
#11996 = VECTOR('',#11997,1.);
#11997 = DIRECTION('',(0.852640164354,-0.522498564716,0.));
#11998 = PCURVE('',#100,#11999);
#11999 = DEFINITIONAL_REPRESENTATION('',(#12000),#12004);
#12000 = LINE('',#12001,#12002);
#12001 = CARTESIAN_POINT('',(13.972640693353,-8.562445229283));
#12002 = VECTOR('',#12003,1.);
#12003 = DIRECTION('',(0.852640164354,-0.522498564716));
#12004 = ( GEOMETRIC_REPRESENTATION_CONTEXT(2) 
PARAMETRIC_REPRESENTATION_CONTEXT() REPRESENTATION_CONTEXT('2D SPACE',''
  ) );
#12005 = PCURVE('',#6276,#12006);
#12006 = DEFINITIONAL_REPRESENTATION('',(#12007),#12011);
#12007 = LINE('',#12008,#12009);
#12008 = CARTESIAN_POINT('',(0.,-7.));
#12009 = VECTOR('',#12010,1.);
#12010 = DIRECTION('',(1.,0.));
#12011 = ( GEOMETRIC_REPRESENTATION_CONTEXT(2) 
PARAMETRIC_REPRESENTATION_CONTEXT() REPRESENTATION_CONTEXT('2D SPACE',''
  ) );
#12012 = ORIENTED_EDGE('',*,*,#12013,.F.);
#12013 = EDGE_CURVE('',#12014,#11991,#12016,.T.);
#12014 = VERTEX_POINT('',#12015);
#12015 = CARTESIAN_POINT('',(14.401615433748,-7.819439183754,7.));
#12016 = SURFACE_CURVE('',#12017,(#12021,#12028),.PCURVE_S1.);
#12017 = LINE('',#12018,#12019);
#12018 = CARTESIAN_POINT('',(14.401615433748,-7.819439183754,7.));
#12019 = VECTOR('',#12020,1.);
#12020 = DIRECTION('',(-0.5,-0.866025403784,0.));
#12021 = PCURVE('',#100,#12022);
#12022 = DEFINITIONAL_REPRESENTATION('',(#12023),#12027);
#12023 = LINE('',#12024,#12025);
#12024 = CARTESIAN_POINT('',(14.401615433748,-7.819439183754));
#12025 = VECTOR('',#12026,1.);
#12026 = DIRECTION('',(-0.5,-0.866025403784));
#12027 = ( GEOMETRIC_REPRESENTATION_CONTEXT(2) 
PARAMETRIC_REPRESENTATION_CONTEXT() REPRESENTATION_CONTEXT('2D SPACE',''
  ) );
#12028 = PCURVE('',#6304,#12029);
#12029 = DEFINITIONAL_REPRESENTATION('',(#12030),#12034);
#12030 = LINE('',#12031,#12032);
#12031 = CARTESIAN_POINT('',(0.,-7.));
#12032 = VECTOR('',#12033,1.);
#12033 = DIRECTION('',(1.,0.));
#12034 = ( GEOMETRIC_REPRESENTATION_CONTEXT(2) 
PARAMETRIC_REPRESENTATION_CONTEXT() REPRESENTATION_CONTEXT('2D SPACE',''
  ) );
#12035 = ORIENTED_EDGE('',*,*,#12036,.F.);
#12036 = EDGE_CURVE('',#12037,#12014,#12039,.T.);
#12037 = VERTEX_POINT('',#12038);
#12038 = CARTESIAN_POINT('',(16.345998295513,-8.875152940829,7.));
#12039 = SURFACE_CURVE('',#12040,(#12044,#12051),.PCURVE_S1.);
#12040 = LINE('',#12041,#12042);
#12041 = CARTESIAN_POINT('',(17.980598125064,-9.762668234912,7.));
#12042 = VECTOR('',#12043,1.);
#12043 = DIRECTION('',(-0.878817112662,0.47715876026,0.));
#12044 = PCURVE('',#100,#12045);
#12045 = DEFINITIONAL_REPRESENTATION('',(#12046),#12050);
#12046 = LINE('',#12047,#12048);
#12047 = CARTESIAN_POINT('',(17.980598125064,-9.762668234912));
#12048 = VECTOR('',#12049,1.);
#12049 = DIRECTION('',(-0.878817112662,0.47715876026));
#12050 = ( GEOMETRIC_REPRESENTATION_CONTEXT(2) 
PARAMETRIC_REPRESENTATION_CONTEXT() REPRESENTATION_CONTEXT('2D SPACE',''
  ) );
#12051 = PCURVE('',#6332,#12052);
#12052 = DEFINITIONAL_REPRESENTATION('',(#12053),#12057);
#12053 = LINE('',#12054,#12055);
#12054 = CARTESIAN_POINT('',(0.,-7.));
#12055 = VECTOR('',#12056,1.);
#12056 = DIRECTION('',(1.,-0.));
#12057 = ( GEOMETRIC_REPRESENTATION_CONTEXT(2) 
PARAMETRIC_REPRESENTATION_CONTEXT() REPRESENTATION_CONTEXT('2D SPACE',''
  ) );
#12058 = ORIENTED_EDGE('',*,*,#12059,.T.);
#12059 = EDGE_CURVE('',#12037,#12060,#12062,.T.);
#12060 = VERTEX_POINT('',#12061);
#12061 = CARTESIAN_POINT('',(16.788086288907,-8.007506400634,7.));
#12062 = SURFACE_CURVE('',#12063,(#12068,#12075),.PCURVE_S1.);
#12063 = CIRCLE('',#12064,18.6);
#12064 = AXIS2_PLACEMENT_3D('',#12065,#12066,#12067);
#12065 = CARTESIAN_POINT('',(0.,0.,7.));
#12066 = DIRECTION('',(0.,0.,1.));
#12067 = DIRECTION('',(1.,0.,0.));
#12068 = PCURVE('',#100,#12069);
#12069 = DEFINITIONAL_REPRESENTATION('',(#12070),#12074);
#12070 = CIRCLE('',#12071,18.6);
#12071 = AXIS2_PLACEMENT_2D('',#12072,#12073);
#12072 = CARTESIAN_POINT('',(5.881462935653E-16,7.592810154714E-16));
#12073 = DIRECTION('',(1.,0.));
#12074 = ( GEOMETRIC_REPRESENTATION_CONTEXT(2) 
PARAMETRIC_REPRESENTATION_CONTEXT() REPRESENTATION_CONTEXT('2D SPACE',''
  ) );
#12075 = PCURVE('',#6361,#12076);
#12076 = DEFINITIONAL_REPRESENTATION('',(#12077),#12081);
#12077 = LINE('',#12078,#12079);
#12078 = CARTESIAN_POINT('',(-0.,-7.));
#12079 = VECTOR('',#12080,1.);
#12080 = DIRECTION('',(-1.,0.));
#12081 = ( GEOMETRIC_REPRESENTATION_CONTEXT(2) 
PARAMETRIC_REPRESENTATION_CONTEXT() REPRESENTATION_CONTEXT('2D SPACE',''
  ) );
#12082 = ORIENTED_EDGE('',*,*,#12083,.F.);
#12083 = EDGE_CURVE('',#12084,#12060,#12086,.T.);
#12084 = VERTEX_POINT('',#12085);
#12085 = CARTESIAN_POINT('',(14.791116347283,-7.055000598946,7.));
#12086 = SURFACE_CURVE('',#12087,(#12091,#12098),.PCURVE_S1.);
#12087 = LINE('',#12088,#12089);
#12088 = CARTESIAN_POINT('',(14.791116347283,-7.055000598946,7.));
#12089 = VECTOR('',#12090,1.);
#12090 = DIRECTION('',(0.90258528435,-0.430511096808,0.));
#12091 = PCURVE('',#100,#12092);
#12092 = DEFINITIONAL_REPRESENTATION('',(#12093),#12097);
#12093 = LINE('',#12094,#12095);
#12094 = CARTESIAN_POINT('',(14.791116347283,-7.055000598946));
#12095 = VECTOR('',#12096,1.);
#12096 = DIRECTION('',(0.90258528435,-0.430511096808));
#12097 = ( GEOMETRIC_REPRESENTATION_CONTEXT(2) 
PARAMETRIC_REPRESENTATION_CONTEXT() REPRESENTATION_CONTEXT('2D SPACE',''
  ) );
#12098 = PCURVE('',#6389,#12099);
#12099 = DEFINITIONAL_REPRESENTATION('',(#12100),#12104);
#12100 = LINE('',#12101,#12102);
#12101 = CARTESIAN_POINT('',(0.,-7.));
#12102 = VECTOR('',#12103,1.);
#12103 = DIRECTION('',(1.,0.));
#12104 = ( GEOMETRIC_REPRESENTATION_CONTEXT(2) 
PARAMETRIC_REPRESENTATION_CONTEXT() REPRESENTATION_CONTEXT('2D SPACE',''
  ) );
#12105 = ORIENTED_EDGE('',*,*,#12106,.F.);
#12106 = EDGE_CURVE('',#12107,#12084,#12109,.T.);
#12107 = VERTEX_POINT('',#12108);
#12108 = CARTESIAN_POINT('',(15.140075839029,-6.271224747883,7.));
#12109 = SURFACE_CURVE('',#12110,(#12114,#12121),.PCURVE_S1.);
#12110 = LINE('',#12111,#12112);
#12111 = CARTESIAN_POINT('',(15.140075839029,-6.271224747883,7.));
#12112 = VECTOR('',#12113,1.);
#12113 = DIRECTION('',(-0.406736643076,-0.913545457643,0.));
#12114 = PCURVE('',#100,#12115);
#12115 = DEFINITIONAL_REPRESENTATION('',(#12116),#12120);
#12116 = LINE('',#12117,#12118);
#12117 = CARTESIAN_POINT('',(15.140075839029,-6.271224747883));
#12118 = VECTOR('',#12119,1.);
#12119 = DIRECTION('',(-0.406736643076,-0.913545457643));
#12120 = ( GEOMETRIC_REPRESENTATION_CONTEXT(2) 
PARAMETRIC_REPRESENTATION_CONTEXT() REPRESENTATION_CONTEXT('2D SPACE',''
  ) );
#12121 = PCURVE('',#6417,#12122);
#12122 = DEFINITIONAL_REPRESENTATION('',(#12123),#12127);
#12123 = LINE('',#12124,#12125);
#12124 = CARTESIAN_POINT('',(0.,-7.));
#12125 = VECTOR('',#12126,1.);
#12126 = DIRECTION('',(1.,0.));
#12127 = ( GEOMETRIC_REPRESENTATION_CONTEXT(2) 
PARAMETRIC_REPRESENTATION_CONTEXT() REPRESENTATION_CONTEXT('2D SPACE',''
  ) );
#12128 = ORIENTED_EDGE('',*,*,#12129,.F.);
#12129 = EDGE_CURVE('',#12130,#12107,#12132,.T.);
#12130 = VERTEX_POINT('',#12131);
#12131 = CARTESIAN_POINT('',(17.18415930471,-7.117911841991,7.));
#12132 = SURFACE_CURVE('',#12133,(#12137,#12144),.PCURVE_S1.);
#12133 = LINE('',#12134,#12135);
#12134 = CARTESIAN_POINT('',(18.902575235181,-7.82970302619,7.));
#12135 = VECTOR('',#12136,1.);
#12136 = DIRECTION('',(-0.923879532511,0.382683432365,0.));
#12137 = PCURVE('',#100,#12138);
#12138 = DEFINITIONAL_REPRESENTATION('',(#12139),#12143);
#12139 = LINE('',#12140,#12141);
#12140 = CARTESIAN_POINT('',(18.902575235181,-7.82970302619));
#12141 = VECTOR('',#12142,1.);
#12142 = DIRECTION('',(-0.923879532511,0.382683432365));
#12143 = ( GEOMETRIC_REPRESENTATION_CONTEXT(2) 
PARAMETRIC_REPRESENTATION_CONTEXT() REPRESENTATION_CONTEXT('2D SPACE',''
  ) );
#12144 = PCURVE('',#6445,#12145);
#12145 = DEFINITIONAL_REPRESENTATION('',(#12146),#12150);
#12146 = LINE('',#12147,#12148);
#12147 = CARTESIAN_POINT('',(0.,-7.));
#12148 = VECTOR('',#12149,1.);
#12149 = DIRECTION('',(1.,-0.));
#12150 = ( GEOMETRIC_REPRESENTATION_CONTEXT(2) 
PARAMETRIC_REPRESENTATION_CONTEXT() REPRESENTATION_CONTEXT('2D SPACE',''
  ) );
#12151 = ORIENTED_EDGE('',*,*,#12152,.T.);
#12152 = EDGE_CURVE('',#12130,#12153,#12155,.T.);
#12153 = VERTEX_POINT('',#12154);
#12154 = CARTESIAN_POINT('',(17.533131734315,-6.208807581748,7.));
#12155 = SURFACE_CURVE('',#12156,(#12161,#12168),.PCURVE_S1.);
#12156 = CIRCLE('',#12157,18.6);
#12157 = AXIS2_PLACEMENT_3D('',#12158,#12159,#12160);
#12158 = CARTESIAN_POINT('',(0.,0.,7.));
#12159 = DIRECTION('',(0.,0.,1.));
#12160 = DIRECTION('',(1.,0.,0.));
#12161 = PCURVE('',#100,#12162);
#12162 = DEFINITIONAL_REPRESENTATION('',(#12163),#12167);
#12163 = CIRCLE('',#12164,18.6);
#12164 = AXIS2_PLACEMENT_2D('',#12165,#12166);
#12165 = CARTESIAN_POINT('',(5.881462935653E-16,7.592810154714E-16));
#12166 = DIRECTION('',(1.,0.));
#12167 = ( GEOMETRIC_REPRESENTATION_CONTEXT(2) 
PARAMETRIC_REPRESENTATION_CONTEXT() REPRESENTATION_CONTEXT('2D SPACE',''
  ) );
#12168 = PCURVE('',#6474,#12169);
#12169 = DEFINITIONAL_REPRESENTATION('',(#12170),#12174);
#12170 = LINE('',#12171,#12172);
#12171 = CARTESIAN_POINT('',(-0.,-7.));
#12172 = VECTOR('',#12173,1.);
#12173 = DIRECTION('',(-1.,0.));
#12174 = ( GEOMETRIC_REPRESENTATION_CONTEXT(2) 
PARAMETRIC_REPRESENTATION_CONTEXT() REPRESENTATION_CONTEXT('2D SPACE',''
  ) );
#12175 = ORIENTED_EDGE('',*,*,#12176,.F.);
#12176 = EDGE_CURVE('',#12177,#12153,#12179,.T.);
#12177 = VERTEX_POINT('',#12178);
#12178 = CARTESIAN_POINT('',(15.447537435273,-5.470259905693,7.));
#12179 = SURFACE_CURVE('',#12180,(#12184,#12191),.PCURVE_S1.);
#12180 = LINE('',#12181,#12182);
#12181 = CARTESIAN_POINT('',(15.447537435273,-5.470259905693,7.));
#12182 = VECTOR('',#12183,1.);
#12183 = DIRECTION('',(0.942641491092,-0.333806859234,0.));
#12184 = PCURVE('',#100,#12185);
#12185 = DEFINITIONAL_REPRESENTATION('',(#12186),#12190);
#12186 = LINE('',#12187,#12188);
#12187 = CARTESIAN_POINT('',(15.447537435273,-5.470259905693));
#12188 = VECTOR('',#12189,1.);
#12189 = DIRECTION('',(0.942641491092,-0.333806859234));
#12190 = ( GEOMETRIC_REPRESENTATION_CONTEXT(2) 
PARAMETRIC_REPRESENTATION_CONTEXT() REPRESENTATION_CONTEXT('2D SPACE',''
  ) );
#12191 = PCURVE('',#6502,#12192);
#12192 = DEFINITIONAL_REPRESENTATION('',(#12193),#12197);
#12193 = LINE('',#12194,#12195);
#12194 = CARTESIAN_POINT('',(0.,-7.));
#12195 = VECTOR('',#12196,1.);
#12196 = DIRECTION('',(1.,0.));
#12197 = ( GEOMETRIC_REPRESENTATION_CONTEXT(2) 
PARAMETRIC_REPRESENTATION_CONTEXT() REPRESENTATION_CONTEXT('2D SPACE',''
  ) );
#12198 = ORIENTED_EDGE('',*,*,#12199,.F.);
#12199 = EDGE_CURVE('',#12200,#12177,#12202,.T.);
#12200 = VERTEX_POINT('',#12201);
#12201 = CARTESIAN_POINT('',(15.712658405153,-4.654301461336,7.));
#12202 = SURFACE_CURVE('',#12203,(#12207,#12214),.PCURVE_S1.);
#12203 = LINE('',#12204,#12205);
#12204 = CARTESIAN_POINT('',(15.712658405153,-4.654301461336,7.));
#12205 = VECTOR('',#12206,1.);
#12206 = DIRECTION('',(-0.309016994375,-0.951056516295,0.));
#12207 = PCURVE('',#100,#12208);
#12208 = DEFINITIONAL_REPRESENTATION('',(#12209),#12213);
#12209 = LINE('',#12210,#12211);
#12210 = CARTESIAN_POINT('',(15.712658405153,-4.654301461336));
#12211 = VECTOR('',#12212,1.);
#12212 = DIRECTION('',(-0.309016994375,-0.951056516295));
#12213 = ( GEOMETRIC_REPRESENTATION_CONTEXT(2) 
PARAMETRIC_REPRESENTATION_CONTEXT() REPRESENTATION_CONTEXT('2D SPACE',''
  ) );
#12214 = PCURVE('',#6530,#12215);
#12215 = DEFINITIONAL_REPRESENTATION('',(#12216),#12220);
#12216 = LINE('',#12217,#12218);
#12217 = CARTESIAN_POINT('',(0.,-7.));
#12218 = VECTOR('',#12219,1.);
#12219 = DIRECTION('',(1.,0.));
#12220 = ( GEOMETRIC_REPRESENTATION_CONTEXT(2) 
PARAMETRIC_REPRESENTATION_CONTEXT() REPRESENTATION_CONTEXT('2D SPACE',''
  ) );
#12221 = ORIENTED_EDGE('',*,*,#12222,.F.);
#12222 = EDGE_CURVE('',#12223,#12200,#12225,.T.);
#12223 = VERTEX_POINT('',#12224);
#12224 = CARTESIAN_POINT('',(17.834047068548,-5.282685411493,7.));
#12225 = SURFACE_CURVE('',#12226,(#12230,#12237),.PCURVE_S1.);
#12226 = LINE('',#12227,#12228);
#12227 = CARTESIAN_POINT('',(19.617451775403,-5.810953952642,7.));
#12228 = VECTOR('',#12229,1.);
#12229 = DIRECTION('',(-0.958819734868,0.284015344704,0.));
#12230 = PCURVE('',#100,#12231);
#12231 = DEFINITIONAL_REPRESENTATION('',(#12232),#12236);
#12232 = LINE('',#12233,#12234);
#12233 = CARTESIAN_POINT('',(19.617451775403,-5.810953952642));
#12234 = VECTOR('',#12235,1.);
#12235 = DIRECTION('',(-0.958819734868,0.284015344704));
#12236 = ( GEOMETRIC_REPRESENTATION_CONTEXT(2) 
PARAMETRIC_REPRESENTATION_CONTEXT() REPRESENTATION_CONTEXT('2D SPACE',''
  ) );
#12237 = PCURVE('',#6558,#12238);
#12238 = DEFINITIONAL_REPRESENTATION('',(#12239),#12243);
#12239 = LINE('',#12240,#12241);
#12240 = CARTESIAN_POINT('',(0.,-7.));
#12241 = VECTOR('',#12242,1.);
#12242 = DIRECTION('',(1.,-0.));
#12243 = ( GEOMETRIC_REPRESENTATION_CONTEXT(2) 
PARAMETRIC_REPRESENTATION_CONTEXT() REPRESENTATION_CONTEXT('2D SPACE',''
  ) );
#12244 = ORIENTED_EDGE('',*,*,#12245,.T.);
#12245 = EDGE_CURVE('',#12223,#12246,#12248,.T.);
#12246 = VERTEX_POINT('',#12247);
#12247 = CARTESIAN_POINT('',(18.086080519397,-4.34208376772,7.));
#12248 = SURFACE_CURVE('',#12249,(#12254,#12261),.PCURVE_S1.);
#12249 = CIRCLE('',#12250,18.6);
#12250 = AXIS2_PLACEMENT_3D('',#12251,#12252,#12253);
#12251 = CARTESIAN_POINT('',(0.,0.,7.));
#12252 = DIRECTION('',(0.,0.,1.));
#12253 = DIRECTION('',(1.,0.,0.));
#12254 = PCURVE('',#100,#12255);
#12255 = DEFINITIONAL_REPRESENTATION('',(#12256),#12260);
#12256 = CIRCLE('',#12257,18.6);
#12257 = AXIS2_PLACEMENT_2D('',#12258,#12259);
#12258 = CARTESIAN_POINT('',(5.881462935653E-16,7.592810154714E-16));
#12259 = DIRECTION('',(1.,0.));
#12260 = ( GEOMETRIC_REPRESENTATION_CONTEXT(2) 
PARAMETRIC_REPRESENTATION_CONTEXT() REPRESENTATION_CONTEXT('2D SPACE',''
  ) );
#12261 = PCURVE('',#6587,#12262);
#12262 = DEFINITIONAL_REPRESENTATION('',(#12263),#12267);
#12263 = LINE('',#12264,#12265);
#12264 = CARTESIAN_POINT('',(-0.,-7.));
#12265 = VECTOR('',#12266,1.);
#12266 = DIRECTION('',(-1.,0.));
#12267 = ( GEOMETRIC_REPRESENTATION_CONTEXT(2) 
PARAMETRIC_REPRESENTATION_CONTEXT() REPRESENTATION_CONTEXT('2D SPACE',''
  ) );
#12268 = ORIENTED_EDGE('',*,*,#12269,.F.);
#12269 = EDGE_CURVE('',#12270,#12246,#12272,.T.);
#12270 = VERTEX_POINT('',#12271);
#12271 = CARTESIAN_POINT('',(15.934712070517,-3.825585900189,7.));
#12272 = SURFACE_CURVE('',#12273,(#12277,#12284),.PCURVE_S1.);
#12273 = LINE('',#12274,#12275);
#12274 = CARTESIAN_POINT('',(15.934712070517,-3.825585900189,7.));
#12275 = VECTOR('',#12276,1.);
#12276 = DIRECTION('',(0.972369920398,-0.233445363856,0.));
#12277 = PCURVE('',#100,#12278);
#12278 = DEFINITIONAL_REPRESENTATION('',(#12279),#12283);
#12279 = LINE('',#12280,#12281);
#12280 = CARTESIAN_POINT('',(15.934712070517,-3.825585900189));
#12281 = VECTOR('',#12282,1.);
#12282 = DIRECTION('',(0.972369920398,-0.233445363856));
#12283 = ( GEOMETRIC_REPRESENTATION_CONTEXT(2) 
PARAMETRIC_REPRESENTATION_CONTEXT() REPRESENTATION_CONTEXT('2D SPACE',''
  ) );
#12284 = PCURVE('',#6615,#12285);
#12285 = DEFINITIONAL_REPRESENTATION('',(#12286),#12290);
#12286 = LINE('',#12287,#12288);
#12287 = CARTESIAN_POINT('',(0.,-7.));
#12288 = VECTOR('',#12289,1.);
#12289 = DIRECTION('',(1.,0.));
#12290 = ( GEOMETRIC_REPRESENTATION_CONTEXT(2) 
PARAMETRIC_REPRESENTATION_CONTEXT() REPRESENTATION_CONTEXT('2D SPACE',''
  ) );
#12291 = ORIENTED_EDGE('',*,*,#12292,.F.);
#12292 = EDGE_CURVE('',#12293,#12270,#12295,.T.);
#12293 = VERTEX_POINT('',#12294);
#12294 = CARTESIAN_POINT('',(16.113089797704,-2.986384674003,7.));
#12295 = SURFACE_CURVE('',#12296,(#12300,#12307),.PCURVE_S1.);
#12296 = LINE('',#12297,#12298);
#12297 = CARTESIAN_POINT('',(16.113089797704,-2.986384674003,7.));
#12298 = VECTOR('',#12299,1.);
#12299 = DIRECTION('',(-0.207911690818,-0.978147600734,0.));
#12300 = PCURVE('',#100,#12301);
#12301 = DEFINITIONAL_REPRESENTATION('',(#12302),#12306);
#12302 = LINE('',#12303,#12304);
#12303 = CARTESIAN_POINT('',(16.113089797704,-2.986384674003));
#12304 = VECTOR('',#12305,1.);
#12305 = DIRECTION('',(-0.207911690818,-0.978147600734));
#12306 = ( GEOMETRIC_REPRESENTATION_CONTEXT(2) 
PARAMETRIC_REPRESENTATION_CONTEXT() REPRESENTATION_CONTEXT('2D SPACE',''
  ) );
#12307 = PCURVE('',#6643,#12308);
#12308 = DEFINITIONAL_REPRESENTATION('',(#12309),#12313);
#12309 = LINE('',#12310,#12311);
#12310 = CARTESIAN_POINT('',(0.,-7.));
#12311 = VECTOR('',#12312,1.);
#12312 = DIRECTION('',(1.,0.));
#12313 = ( GEOMETRIC_REPRESENTATION_CONTEXT(2) 
PARAMETRIC_REPRESENTATION_CONTEXT() REPRESENTATION_CONTEXT('2D SPACE',''
  ) );
#12314 = ORIENTED_EDGE('',*,*,#12315,.F.);
#12315 = EDGE_CURVE('',#12316,#12293,#12318,.T.);
#12316 = VERTEX_POINT('',#12317);
#12317 = CARTESIAN_POINT('',(18.28854128069,-3.389580774154,7.));
#12318 = SURFACE_CURVE('',#12319,(#12323,#12330),.PCURVE_S1.);
#12319 = LINE('',#12320,#12321);
#12320 = CARTESIAN_POINT('',(20.117395408759,-3.728538851569,7.));
#12321 = VECTOR('',#12322,1.);
#12322 = DIRECTION('',(-0.983254907564,0.182235525492,0.));
#12323 = PCURVE('',#100,#12324);
#12324 = DEFINITIONAL_REPRESENTATION('',(#12325),#12329);
#12325 = LINE('',#12326,#12327);
#12326 = CARTESIAN_POINT('',(20.117395408759,-3.728538851569));
#12327 = VECTOR('',#12328,1.);
#12328 = DIRECTION('',(-0.983254907564,0.182235525492));
#12329 = ( GEOMETRIC_REPRESENTATION_CONTEXT(2) 
PARAMETRIC_REPRESENTATION_CONTEXT() REPRESENTATION_CONTEXT('2D SPACE',''
  ) );
#12330 = PCURVE('',#6671,#12331);
#12331 = DEFINITIONAL_REPRESENTATION('',(#12332),#12336);
#12332 = LINE('',#12333,#12334);
#12333 = CARTESIAN_POINT('',(0.,-7.));
#12334 = VECTOR('',#12335,1.);
#12335 = DIRECTION('',(1.,-0.));
#12336 = ( GEOMETRIC_REPRESENTATION_CONTEXT(2) 
PARAMETRIC_REPRESENTATION_CONTEXT() REPRESENTATION_CONTEXT('2D SPACE',''
  ) );
#12337 = ORIENTED_EDGE('',*,*,#12338,.T.);
#12338 = EDGE_CURVE('',#12316,#12339,#12341,.T.);
#12339 = VERTEX_POINT('',#12340);
#12340 = CARTESIAN_POINT('',(18.440874421553,-2.427787175293,7.));
#12341 = SURFACE_CURVE('',#12342,(#12347,#12354),.PCURVE_S1.);
#12342 = CIRCLE('',#12343,18.6);
#12343 = AXIS2_PLACEMENT_3D('',#12344,#12345,#12346);
#12344 = CARTESIAN_POINT('',(0.,0.,7.));
#12345 = DIRECTION('',(0.,0.,1.));
#12346 = DIRECTION('',(1.,0.,0.));
#12347 = PCURVE('',#100,#12348);
#12348 = DEFINITIONAL_REPRESENTATION('',(#12349),#12353);
#12349 = CIRCLE('',#12350,18.6);
#12350 = AXIS2_PLACEMENT_2D('',#12351,#12352);
#12351 = CARTESIAN_POINT('',(5.881462935653E-16,7.592810154714E-16));
#12352 = DIRECTION('',(1.,0.));
#12353 = ( GEOMETRIC_REPRESENTATION_CONTEXT(2) 
PARAMETRIC_REPRESENTATION_CONTEXT() REPRESENTATION_CONTEXT('2D SPACE',''
  ) );
#12354 = PCURVE('',#6700,#12355);
#12355 = DEFINITIONAL_REPRESENTATION('',(#12356),#12360);
#12356 = LINE('',#12357,#12358);
#12357 = CARTESIAN_POINT('',(-0.,-7.));
#12358 = VECTOR('',#12359,1.);
#12359 = DIRECTION('',(-1.,0.));
#12360 = ( GEOMETRIC_REPRESENTATION_CONTEXT(2) 
PARAMETRIC_REPRESENTATION_CONTEXT() REPRESENTATION_CONTEXT('2D SPACE',''
  ) );
#12361 = ORIENTED_EDGE('',*,*,#12362,.F.);
#12362 = EDGE_CURVE('',#12363,#12339,#12365,.T.);
#12363 = VERTEX_POINT('',#12364);
#12364 = CARTESIAN_POINT('',(16.247302665763,-2.138997975006,7.));
#12365 = SURFACE_CURVE('',#12366,(#12370,#12377),.PCURVE_S1.);
#12366 = LINE('',#12367,#12368);
#12367 = CARTESIAN_POINT('',(16.247302665763,-2.138997975006,7.));
#12368 = VECTOR('',#12369,1.);
#12369 = DIRECTION('',(0.991444861374,-0.13052619222,0.));
#12370 = PCURVE('',#100,#12371);
#12371 = DEFINITIONAL_REPRESENTATION('',(#12372),#12376);
#12372 = LINE('',#12373,#12374);
#12373 = CARTESIAN_POINT('',(16.247302665763,-2.138997975006));
#12374 = VECTOR('',#12375,1.);
#12375 = DIRECTION('',(0.991444861374,-0.13052619222));
#12376 = ( GEOMETRIC_REPRESENTATION_CONTEXT(2) 
PARAMETRIC_REPRESENTATION_CONTEXT() REPRESENTATION_CONTEXT('2D SPACE',''
  ) );
#12377 = PCURVE('',#6728,#12378);
#12378 = DEFINITIONAL_REPRESENTATION('',(#12379),#12383);
#12379 = LINE('',#12380,#12381);
#12380 = CARTESIAN_POINT('',(0.,-7.));
#12381 = VECTOR('',#12382,1.);
#12382 = DIRECTION('',(1.,0.));
#12383 = ( GEOMETRIC_REPRESENTATION_CONTEXT(2) 
PARAMETRIC_REPRESENTATION_CONTEXT() REPRESENTATION_CONTEXT('2D SPACE',''
  ) );
#12384 = ORIENTED_EDGE('',*,*,#12385,.F.);
#12385 = EDGE_CURVE('',#12386,#12363,#12388,.T.);
#12386 = VERTEX_POINT('',#12387);
#12387 = CARTESIAN_POINT('',(16.336982806552,-1.28574843124,7.));
#12388 = SURFACE_CURVE('',#12389,(#12393,#12400),.PCURVE_S1.);
#12389 = LINE('',#12390,#12391);
#12390 = CARTESIAN_POINT('',(16.336982806552,-1.28574843124,7.));
#12391 = VECTOR('',#12392,1.);
#12392 = DIRECTION('',(-0.104528463268,-0.994521895368,0.));
#12393 = PCURVE('',#100,#12394);
#12394 = DEFINITIONAL_REPRESENTATION('',(#12395),#12399);
#12395 = LINE('',#12396,#12397);
#12396 = CARTESIAN_POINT('',(16.336982806552,-1.28574843124));
#12397 = VECTOR('',#12398,1.);
#12398 = DIRECTION('',(-0.104528463268,-0.994521895368));
#12399 = ( GEOMETRIC_REPRESENTATION_CONTEXT(2) 
PARAMETRIC_REPRESENTATION_CONTEXT() REPRESENTATION_CONTEXT('2D SPACE',''
  ) );
#12400 = PCURVE('',#6756,#12401);
#12401 = DEFINITIONAL_REPRESENTATION('',(#12402),#12406);
#12402 = LINE('',#12403,#12404);
#12403 = CARTESIAN_POINT('',(0.,-7.));
#12404 = VECTOR('',#12405,1.);
#12405 = DIRECTION('',(1.,0.));
#12406 = ( GEOMETRIC_REPRESENTATION_CONTEXT(2) 
PARAMETRIC_REPRESENTATION_CONTEXT() REPRESENTATION_CONTEXT('2D SPACE',''
  ) );
#12407 = ORIENTED_EDGE('',*,*,#12408,.F.);
#12408 = EDGE_CURVE('',#12409,#12386,#12411,.T.);
#12409 = VERTEX_POINT('',#12410);
#12410 = CARTESIAN_POINT('',(18.542662407436,-1.459339180538,7.));
#12411 = SURFACE_CURVE('',#12412,(#12416,#12423),.PCURVE_S1.);
#12412 = LINE('',#12413,#12414);
#12413 = CARTESIAN_POINT('',(20.39692864818,-1.605273098592,7.));
#12414 = VECTOR('',#12415,1.);
#12415 = DIRECTION('',(-0.996917333733,7.845909572784E-02,0.));
#12416 = PCURVE('',#100,#12417);
#12417 = DEFINITIONAL_REPRESENTATION('',(#12418),#12422);
#12418 = LINE('',#12419,#12420);
#12419 = CARTESIAN_POINT('',(20.39692864818,-1.605273098592));
#12420 = VECTOR('',#12421,1.);
#12421 = DIRECTION('',(-0.996917333733,7.845909572784E-02));
#12422 = ( GEOMETRIC_REPRESENTATION_CONTEXT(2) 
PARAMETRIC_REPRESENTATION_CONTEXT() REPRESENTATION_CONTEXT('2D SPACE',''
  ) );
#12423 = PCURVE('',#6784,#12424);
#12424 = DEFINITIONAL_REPRESENTATION('',(#12425),#12429);
#12425 = LINE('',#12426,#12427);
#12426 = CARTESIAN_POINT('',(0.,-7.));
#12427 = VECTOR('',#12428,1.);
#12428 = DIRECTION('',(1.,-0.));
#12429 = ( GEOMETRIC_REPRESENTATION_CONTEXT(2) 
PARAMETRIC_REPRESENTATION_CONTEXT() REPRESENTATION_CONTEXT('2D SPACE',''
  ) );
#12430 = ORIENTED_EDGE('',*,*,#12431,.T.);
#12431 = EDGE_CURVE('',#12409,#12432,#12434,.T.);
#12432 = VERTEX_POINT('',#12433);
#12433 = CARTESIAN_POINT('',(18.593626244545,-0.486891238527,7.));
#12434 = SURFACE_CURVE('',#12435,(#12440,#12447),.PCURVE_S1.);
#12435 = CIRCLE('',#12436,18.6);
#12436 = AXIS2_PLACEMENT_3D('',#12437,#12438,#12439);
#12437 = CARTESIAN_POINT('',(0.,0.,7.));
#12438 = DIRECTION('',(0.,0.,1.));
#12439 = DIRECTION('',(1.,0.,0.));
#12440 = PCURVE('',#100,#12441);
#12441 = DEFINITIONAL_REPRESENTATION('',(#12442),#12446);
#12442 = CIRCLE('',#12443,18.6);
#12443 = AXIS2_PLACEMENT_2D('',#12444,#12445);
#12444 = CARTESIAN_POINT('',(5.881462935653E-16,7.592810154714E-16));
#12445 = DIRECTION('',(1.,0.));
#12446 = ( GEOMETRIC_REPRESENTATION_CONTEXT(2) 
PARAMETRIC_REPRESENTATION_CONTEXT() REPRESENTATION_CONTEXT('2D SPACE',''
  ) );
#12447 = PCURVE('',#6813,#12448);
#12448 = DEFINITIONAL_REPRESENTATION('',(#12449),#12453);
#12449 = LINE('',#12450,#12451);
#12450 = CARTESIAN_POINT('',(-0.,-7.));
#12451 = VECTOR('',#12452,1.);
#12452 = DIRECTION('',(-1.,0.));
#12453 = ( GEOMETRIC_REPRESENTATION_CONTEXT(2) 
PARAMETRIC_REPRESENTATION_CONTEXT() REPRESENTATION_CONTEXT('2D SPACE',''
  ) );
#12454 = ORIENTED_EDGE('',*,*,#12455,.F.);
#12455 = EDGE_CURVE('',#12456,#12432,#12458,.T.);
#12456 = VERTEX_POINT('',#12457);
#12457 = CARTESIAN_POINT('',(16.381884413037,-0.428974740395,7.));
#12458 = SURFACE_CURVE('',#12459,(#12463,#12470),.PCURVE_S1.);
#12459 = LINE('',#12460,#12461);
#12460 = CARTESIAN_POINT('',(16.381884413037,-0.428974740395,7.));
#12461 = VECTOR('',#12462,1.);
#12462 = DIRECTION('',(0.999657324976,-2.617694830787E-02,0.));
#12463 = PCURVE('',#100,#12464);
#12464 = DEFINITIONAL_REPRESENTATION('',(#12465),#12469);
#12465 = LINE('',#12466,#12467);
#12466 = CARTESIAN_POINT('',(16.381884413037,-0.428974740395));
#12467 = VECTOR('',#12468,1.);
#12468 = DIRECTION('',(0.999657324976,-2.617694830787E-02));
#12469 = ( GEOMETRIC_REPRESENTATION_CONTEXT(2) 
PARAMETRIC_REPRESENTATION_CONTEXT() REPRESENTATION_CONTEXT('2D SPACE',''
  ) );
#12470 = PCURVE('',#6841,#12471);
#12471 = DEFINITIONAL_REPRESENTATION('',(#12472),#12476);
#12472 = LINE('',#12473,#12474);
#12473 = CARTESIAN_POINT('',(0.,-7.));
#12474 = VECTOR('',#12475,1.);
#12475 = DIRECTION('',(1.,0.));
#12476 = ( GEOMETRIC_REPRESENTATION_CONTEXT(2) 
PARAMETRIC_REPRESENTATION_CONTEXT() REPRESENTATION_CONTEXT('2D SPACE',''
  ) );
#12477 = ORIENTED_EDGE('',*,*,#12478,.F.);
#12478 = EDGE_CURVE('',#6967,#12456,#12479,.T.);
#12479 = SURFACE_CURVE('',#12480,(#12484,#12491),.PCURVE_S1.);
#12480 = LINE('',#12481,#12482);
#12481 = CARTESIAN_POINT('',(16.381884413037,0.428974740395,7.));
#12482 = VECTOR('',#12483,1.);
#12483 = DIRECTION('',(0.,-1.,0.));
#12484 = PCURVE('',#100,#12485);
#12485 = DEFINITIONAL_REPRESENTATION('',(#12486),#12490);
#12486 = LINE('',#12487,#12488);
#12487 = CARTESIAN_POINT('',(16.381884413037,0.428974740395));
#12488 = VECTOR('',#12489,1.);
#12489 = DIRECTION('',(0.,-1.));
#12490 = ( GEOMETRIC_REPRESENTATION_CONTEXT(2) 
PARAMETRIC_REPRESENTATION_CONTEXT() REPRESENTATION_CONTEXT('2D SPACE',''
  ) );
#12491 = PCURVE('',#6867,#12492);
#12492 = DEFINITIONAL_REPRESENTATION('',(#12493),#12497);
#12493 = LINE('',#12494,#12495);
#12494 = CARTESIAN_POINT('',(0.,-7.));
#12495 = VECTOR('',#12496,1.);
#12496 = DIRECTION('',(1.,0.));
#12497 = ( GEOMETRIC_REPRESENTATION_CONTEXT(2) 
PARAMETRIC_REPRESENTATION_CONTEXT() REPRESENTATION_CONTEXT('2D SPACE',''
  ) );
#12498 = FACE_BOUND('',#12499,.T.);
#12499 = EDGE_LOOP('',(#12500));
#12500 = ORIENTED_EDGE('',*,*,#12501,.T.);
#12501 = EDGE_CURVE('',#12502,#12502,#12504,.T.);
#12502 = VERTEX_POINT('',#12503);
#12503 = CARTESIAN_POINT('',(-2.6,-6.368163355566E-16,7.));
#12504 = SURFACE_CURVE('',#12505,(#12510,#12521),.PCURVE_S1.);
#12505 = CIRCLE('',#12506,2.6);
#12506 = AXIS2_PLACEMENT_3D('',#12507,#12508,#12509);
#12507 = CARTESIAN_POINT('',(0.,0.,7.));
#12508 = DIRECTION('',(0.,0.,-1.));
#12509 = DIRECTION('',(-1.,0.,0.));
#12510 = PCURVE('',#100,#12511);
#12511 = DEFINITIONAL_REPRESENTATION('',(#12512),#12520);
#12512 = ( BOUNDED_CURVE() B_SPLINE_CURVE(2,(#12513,#12514,#12515,#12516
    ,#12517,#12518,#12519),.UNSPECIFIED.,.T.,.F.) 
B_SPLINE_CURVE_WITH_KNOTS((1,2,2,2,2,1),(-2.094395102393,0.,
    2.094395102393,4.188790204786,6.28318530718,8.377580409573),
.UNSPECIFIED.) CURVE() GEOMETRIC_REPRESENTATION_ITEM() 
RATIONAL_B_SPLINE_CURVE((1.,0.5,1.,0.5,1.,0.5,1.)) REPRESENTATION_ITEM(
  '') );
#12513 = CARTESIAN_POINT('',(-2.6,7.592810154714E-16));
#12514 = CARTESIAN_POINT('',(-2.6,4.503332099679));
#12515 = CARTESIAN_POINT('',(1.3,2.25166604984));
#12516 = CARTESIAN_POINT('',(5.2,1.396097351028E-15));
#12517 = CARTESIAN_POINT('',(1.3,-2.25166604984));
#12518 = CARTESIAN_POINT('',(-2.6,-4.503332099679));
#12519 = CARTESIAN_POINT('',(-2.6,7.592810154714E-16));
#12520 = ( GEOMETRIC_REPRESENTATION_CONTEXT(2) 
PARAMETRIC_REPRESENTATION_CONTEXT() REPRESENTATION_CONTEXT('2D SPACE',''
  ) );
#12521 = PCURVE('',#6902,#12522);
#12522 = DEFINITIONAL_REPRESENTATION('',(#12523),#12527);
#12523 = LINE('',#12524,#12525);
#12524 = CARTESIAN_POINT('',(0.,0.));
#12525 = VECTOR('',#12526,1.);
#12526 = DIRECTION('',(1.,0.));
#12527 = ( GEOMETRIC_REPRESENTATION_CONTEXT(2) 
PARAMETRIC_REPRESENTATION_CONTEXT() REPRESENTATION_CONTEXT('2D SPACE',''
  ) );
#12528 = ADVANCED_FACE('',(#12529),#72,.T.);
#12529 = FACE_BOUND('',#12530,.T.);
#12530 = EDGE_LOOP('',(#12531,#12532,#12533,#12534));
#12531 = ORIENTED_EDGE('',*,*,#139,.F.);
#12532 = ORIENTED_EDGE('',*,*,#57,.F.);
#12533 = ORIENTED_EDGE('',*,*,#6966,.T.);
#12534 = ORIENTED_EDGE('',*,*,#12535,.F.);
#12535 = EDGE_CURVE('',#140,#6967,#12536,.T.);
#12536 = SURFACE_CURVE('',#12537,(#12541,#12548),.PCURVE_S1.);
#12537 = LINE('',#12538,#12539);
#12538 = CARTESIAN_POINT('',(16.381884413037,0.428974740395,0.));
#12539 = VECTOR('',#12540,1.);
#12540 = DIRECTION('',(0.,0.,1.));
#12541 = PCURVE('',#72,#12542);
#12542 = DEFINITIONAL_REPRESENTATION('',(#12543),#12547);
#12543 = LINE('',#12544,#12545);
#12544 = CARTESIAN_POINT('',(4.0725,-0.));
#12545 = VECTOR('',#12546,1.);
#12546 = DIRECTION('',(0.,-1.));
#12547 = ( GEOMETRIC_REPRESENTATION_CONTEXT(2) 
PARAMETRIC_REPRESENTATION_CONTEXT() REPRESENTATION_CONTEXT('2D SPACE',''
  ) );
#12548 = PCURVE('',#6867,#12549);
#12549 = DEFINITIONAL_REPRESENTATION('',(#12550),#12554);
#12550 = LINE('',#12551,#12552);
#12551 = CARTESIAN_POINT('',(0.,0.));
#12552 = VECTOR('',#12553,1.);
#12553 = DIRECTION('',(0.,-1.));
#12554 = ( GEOMETRIC_REPRESENTATION_CONTEXT(2) 
PARAMETRIC_REPRESENTATION_CONTEXT() REPRESENTATION_CONTEXT('2D SPACE',''
  ) );
#12555 = ADVANCED_FACE('',(#12556),#6867,.T.);
#12556 = FACE_BOUND('',#12557,.T.);
#12557 = EDGE_LOOP('',(#12558,#12559,#12560,#12581));
#12558 = ORIENTED_EDGE('',*,*,#12535,.T.);
#12559 = ORIENTED_EDGE('',*,*,#12478,.T.);
#12560 = ORIENTED_EDGE('',*,*,#12561,.F.);
#12561 = EDGE_CURVE('',#6826,#12456,#12562,.T.);
#12562 = SURFACE_CURVE('',#12563,(#12567,#12574),.PCURVE_S1.);
#12563 = LINE('',#12564,#12565);
#12564 = CARTESIAN_POINT('',(16.381884413037,-0.428974740395,0.));
#12565 = VECTOR('',#12566,1.);
#12566 = DIRECTION('',(0.,0.,1.));
#12567 = PCURVE('',#6867,#12568);
#12568 = DEFINITIONAL_REPRESENTATION('',(#12569),#12573);
#12569 = LINE('',#12570,#12571);
#12570 = CARTESIAN_POINT('',(0.857949480791,0.));
#12571 = VECTOR('',#12572,1.);
#12572 = DIRECTION('',(0.,-1.));
#12573 = ( GEOMETRIC_REPRESENTATION_CONTEXT(2) 
PARAMETRIC_REPRESENTATION_CONTEXT() REPRESENTATION_CONTEXT('2D SPACE',''
  ) );
#12574 = PCURVE('',#6841,#12575);
#12575 = DEFINITIONAL_REPRESENTATION('',(#12576),#12580);
#12576 = LINE('',#12577,#12578);
#12577 = CARTESIAN_POINT('',(0.,0.));
#12578 = VECTOR('',#12579,1.);
#12579 = DIRECTION('',(0.,-1.));
#12580 = ( GEOMETRIC_REPRESENTATION_CONTEXT(2) 
PARAMETRIC_REPRESENTATION_CONTEXT() REPRESENTATION_CONTEXT('2D SPACE',''
  ) );
#12581 = ORIENTED_EDGE('',*,*,#6853,.F.);
#12582 = ADVANCED_FACE('',(#12583),#6841,.T.);
#12583 = FACE_BOUND('',#12584,.T.);
#12584 = EDGE_LOOP('',(#12585,#12586,#12587,#12588));
#12585 = ORIENTED_EDGE('',*,*,#6825,.F.);
#12586 = ORIENTED_EDGE('',*,*,#12561,.T.);
#12587 = ORIENTED_EDGE('',*,*,#12455,.T.);
#12588 = ORIENTED_EDGE('',*,*,#12589,.T.);
#12589 = EDGE_CURVE('',#12432,#6797,#12590,.T.);
#12590 = SURFACE_CURVE('',#12591,(#12595,#12601),.PCURVE_S1.);
#12591 = LINE('',#12592,#12593);
#12592 = CARTESIAN_POINT('',(18.593626244545,-0.486891238526,0.));
#12593 = VECTOR('',#12594,1.);
#12594 = DIRECTION('',(-0.,-0.,-1.));
#12595 = PCURVE('',#6841,#12596);
#12596 = DEFINITIONAL_REPRESENTATION('',(#12597),#12600);
#12597 = B_SPLINE_CURVE_WITH_KNOTS('',1,(#12598,#12599),.UNSPECIFIED.,
  .F.,.F.,(2,2),(-7.0000006,6.E-07),.PIECEWISE_BEZIER_KNOTS.);
#12598 = CARTESIAN_POINT('',(2.2125,-7.0000006));
#12599 = CARTESIAN_POINT('',(2.2125,6.E-07));
#12600 = ( GEOMETRIC_REPRESENTATION_CONTEXT(2) 
PARAMETRIC_REPRESENTATION_CONTEXT() REPRESENTATION_CONTEXT('2D SPACE',''
  ) );
#12601 = PCURVE('',#6813,#12602);
#12602 = DEFINITIONAL_REPRESENTATION('',(#12603),#12606);
#12603 = B_SPLINE_CURVE_WITH_KNOTS('',1,(#12604,#12605),.UNSPECIFIED.,
  .F.,.F.,(2,2),(-7.0000006,6.E-07),.PIECEWISE_BEZIER_KNOTS.);
#12604 = CARTESIAN_POINT('',(-6.2570053684,-7.0000006));
#12605 = CARTESIAN_POINT('',(-6.2570053684,6.E-07));
#12606 = ( GEOMETRIC_REPRESENTATION_CONTEXT(2) 
PARAMETRIC_REPRESENTATION_CONTEXT() REPRESENTATION_CONTEXT('2D SPACE',''
  ) );
#12607 = ADVANCED_FACE('',(#12608),#202,.T.);
#12608 = FACE_BOUND('',#12609,.T.);
#12609 = EDGE_LOOP('',(#12610,#12631,#12632,#12633));
#12610 = ORIENTED_EDGE('',*,*,#12611,.T.);
#12611 = EDGE_CURVE('',#187,#6992,#12612,.T.);
#12612 = SURFACE_CURVE('',#12613,(#12617,#12624),.PCURVE_S1.);
#12613 = LINE('',#12614,#12615);
#12614 = CARTESIAN_POINT('',(16.247302665763,2.138997975006,0.));
#12615 = VECTOR('',#12616,1.);
#12616 = DIRECTION('',(0.,0.,1.));
#12617 = PCURVE('',#202,#12618);
#12618 = DEFINITIONAL_REPRESENTATION('',(#12619),#12623);
#12619 = LINE('',#12620,#12621);
#12620 = CARTESIAN_POINT('',(0.,0.));
#12621 = VECTOR('',#12622,1.);
#12622 = DIRECTION('',(0.,-1.));
#12623 = ( GEOMETRIC_REPRESENTATION_CONTEXT(2) 
PARAMETRIC_REPRESENTATION_CONTEXT() REPRESENTATION_CONTEXT('2D SPACE',''
  ) );
#12624 = PCURVE('',#230,#12625);
#12625 = DEFINITIONAL_REPRESENTATION('',(#12626),#12630);
#12626 = LINE('',#12627,#12628);
#12627 = CARTESIAN_POINT('',(4.0725,-0.));
#12628 = VECTOR('',#12629,1.);
#12629 = DIRECTION('',(0.,-1.));
#12630 = ( GEOMETRIC_REPRESENTATION_CONTEXT(2) 
PARAMETRIC_REPRESENTATION_CONTEXT() REPRESENTATION_CONTEXT('2D SPACE',''
  ) );
#12631 = ORIENTED_EDGE('',*,*,#6991,.T.);
#12632 = ORIENTED_EDGE('',*,*,#6918,.F.);
#12633 = ORIENTED_EDGE('',*,*,#186,.F.);
#12634 = ADVANCED_FACE('',(#12635),#6813,.T.);
#12635 = FACE_BOUND('',#12636,.F.);
#12636 = EDGE_LOOP('',(#12637,#12638,#12657,#12658));
#12637 = ORIENTED_EDGE('',*,*,#6796,.F.);
#12638 = ORIENTED_EDGE('',*,*,#12639,.F.);
#12639 = EDGE_CURVE('',#12409,#6769,#12640,.T.);
#12640 = SURFACE_CURVE('',#12641,(#12645,#12651),.PCURVE_S1.);
#12641 = LINE('',#12642,#12643);
#12642 = CARTESIAN_POINT('',(18.542662407436,-1.459339180538,0.));
#12643 = VECTOR('',#12644,1.);
#12644 = DIRECTION('',(-0.,-0.,-1.));
#12645 = PCURVE('',#6813,#12646);
#12646 = DEFINITIONAL_REPRESENTATION('',(#12647),#12650);
#12647 = B_SPLINE_CURVE_WITH_KNOTS('',1,(#12648,#12649),.UNSPECIFIED.,
  .F.,.F.,(2,2),(-7.0000006,6.E-07),.PIECEWISE_BEZIER_KNOTS.);
#12648 = CARTESIAN_POINT('',(-6.20464549084,-7.0000006));
#12649 = CARTESIAN_POINT('',(-6.20464549084,6.E-07));
#12650 = ( GEOMETRIC_REPRESENTATION_CONTEXT(2) 
PARAMETRIC_REPRESENTATION_CONTEXT() REPRESENTATION_CONTEXT('2D SPACE',''
  ) );
#12651 = PCURVE('',#6784,#12652);
#12652 = DEFINITIONAL_REPRESENTATION('',(#12653),#12656);
#12653 = B_SPLINE_CURVE_WITH_KNOTS('',1,(#12654,#12655),.UNSPECIFIED.,
  .F.,.F.,(2,2),(-7.0000006,6.E-07),.PIECEWISE_BEZIER_KNOTS.);
#12654 = CARTESIAN_POINT('',(1.86,-7.0000006));
#12655 = CARTESIAN_POINT('',(1.86,6.E-07));
#12656 = ( GEOMETRIC_REPRESENTATION_CONTEXT(2) 
PARAMETRIC_REPRESENTATION_CONTEXT() REPRESENTATION_CONTEXT('2D SPACE',''
  ) );
#12657 = ORIENTED_EDGE('',*,*,#12431,.T.);
#12658 = ORIENTED_EDGE('',*,*,#12589,.T.);
#12659 = ADVANCED_FACE('',(#12660),#230,.T.);
#12660 = FACE_BOUND('',#12661,.T.);
#12661 = EDGE_LOOP('',(#12662,#12663,#12682,#12683));
#12662 = ORIENTED_EDGE('',*,*,#214,.F.);
#12663 = ORIENTED_EDGE('',*,*,#12664,.F.);
#12664 = EDGE_CURVE('',#7015,#215,#12665,.T.);
#12665 = SURFACE_CURVE('',#12666,(#12670,#12676),.PCURVE_S1.);
#12666 = LINE('',#12667,#12668);
#12667 = CARTESIAN_POINT('',(18.440874421553,2.427787175293,0.));
#12668 = VECTOR('',#12669,1.);
#12669 = DIRECTION('',(-0.,-0.,-1.));
#12670 = PCURVE('',#230,#12671);
#12671 = DEFINITIONAL_REPRESENTATION('',(#12672),#12675);
#12672 = B_SPLINE_CURVE_WITH_KNOTS('',1,(#12673,#12674),.UNSPECIFIED.,
  .F.,.F.,(2,2),(-7.0000006,6.E-07),.PIECEWISE_BEZIER_KNOTS.);
#12673 = CARTESIAN_POINT('',(1.86,-7.0000006));
#12674 = CARTESIAN_POINT('',(1.86,6.E-07));
#12675 = ( GEOMETRIC_REPRESENTATION_CONTEXT(2) 
PARAMETRIC_REPRESENTATION_CONTEXT() REPRESENTATION_CONTEXT('2D SPACE',''
  ) );
#12676 = PCURVE('',#259,#12677);
#12677 = DEFINITIONAL_REPRESENTATION('',(#12678),#12681);
#12678 = B_SPLINE_CURVE_WITH_KNOTS('',1,(#12679,#12680),.UNSPECIFIED.,
  .F.,.F.,(2,2),(-7.0000006,6.E-07),.PIECEWISE_BEZIER_KNOTS.);
#12679 = CARTESIAN_POINT('',(-0.1308996939,-7.0000006));
#12680 = CARTESIAN_POINT('',(-0.1308996939,6.E-07));
#12681 = ( GEOMETRIC_REPRESENTATION_CONTEXT(2) 
PARAMETRIC_REPRESENTATION_CONTEXT() REPRESENTATION_CONTEXT('2D SPACE',''
  ) );
#12682 = ORIENTED_EDGE('',*,*,#7014,.T.);
#12683 = ORIENTED_EDGE('',*,*,#12611,.F.);
#12684 = ADVANCED_FACE('',(#12685),#6784,.T.);
#12685 = FACE_BOUND('',#12686,.T.);
#12686 = EDGE_LOOP('',(#12687,#12688,#12689,#12690));
#12687 = ORIENTED_EDGE('',*,*,#6768,.F.);
#12688 = ORIENTED_EDGE('',*,*,#12639,.F.);
#12689 = ORIENTED_EDGE('',*,*,#12408,.T.);
#12690 = ORIENTED_EDGE('',*,*,#12691,.F.);
#12691 = EDGE_CURVE('',#6741,#12386,#12692,.T.);
#12692 = SURFACE_CURVE('',#12693,(#12697,#12704),.PCURVE_S1.);
#12693 = LINE('',#12694,#12695);
#12694 = CARTESIAN_POINT('',(16.336982806552,-1.28574843124,0.));
#12695 = VECTOR('',#12696,1.);
#12696 = DIRECTION('',(0.,0.,1.));
#12697 = PCURVE('',#6784,#12698);
#12698 = DEFINITIONAL_REPRESENTATION('',(#12699),#12703);
#12699 = LINE('',#12700,#12701);
#12700 = CARTESIAN_POINT('',(4.0725,-0.));
#12701 = VECTOR('',#12702,1.);
#12702 = DIRECTION('',(0.,-1.));
#12703 = ( GEOMETRIC_REPRESENTATION_CONTEXT(2) 
PARAMETRIC_REPRESENTATION_CONTEXT() REPRESENTATION_CONTEXT('2D SPACE',''
  ) );
#12704 = PCURVE('',#6756,#12705);
#12705 = DEFINITIONAL_REPRESENTATION('',(#12706),#12710);
#12706 = LINE('',#12707,#12708);
#12707 = CARTESIAN_POINT('',(0.,0.));
#12708 = VECTOR('',#12709,1.);
#12709 = DIRECTION('',(0.,-1.));
#12710 = ( GEOMETRIC_REPRESENTATION_CONTEXT(2) 
PARAMETRIC_REPRESENTATION_CONTEXT() REPRESENTATION_CONTEXT('2D SPACE',''
  ) );
#12711 = ADVANCED_FACE('',(#12712),#259,.T.);
#12712 = FACE_BOUND('',#12713,.F.);
#12713 = EDGE_LOOP('',(#12714,#12715,#12716,#12717));
#12714 = ORIENTED_EDGE('',*,*,#242,.F.);
#12715 = ORIENTED_EDGE('',*,*,#12664,.F.);
#12716 = ORIENTED_EDGE('',*,*,#7037,.T.);
#12717 = ORIENTED_EDGE('',*,*,#12718,.T.);
#12718 = EDGE_CURVE('',#7038,#243,#12719,.T.);
#12719 = SURFACE_CURVE('',#12720,(#12724,#12730),.PCURVE_S1.);
#12720 = LINE('',#12721,#12722);
#12721 = CARTESIAN_POINT('',(18.28854128069,3.389580774154,0.));
#12722 = VECTOR('',#12723,1.);
#12723 = DIRECTION('',(-0.,-0.,-1.));
#12724 = PCURVE('',#259,#12725);
#12725 = DEFINITIONAL_REPRESENTATION('',(#12726),#12729);
#12726 = B_SPLINE_CURVE_WITH_KNOTS('',1,(#12727,#12728),.UNSPECIFIED.,
  .F.,.F.,(2,2),(-7.0000006,6.E-07),.PIECEWISE_BEZIER_KNOTS.);
#12727 = CARTESIAN_POINT('',(-0.183259571459,-7.0000006));
#12728 = CARTESIAN_POINT('',(-0.183259571459,6.E-07));
#12729 = ( GEOMETRIC_REPRESENTATION_CONTEXT(2) 
PARAMETRIC_REPRESENTATION_CONTEXT() REPRESENTATION_CONTEXT('2D SPACE',''
  ) );
#12730 = PCURVE('',#287,#12731);
#12731 = DEFINITIONAL_REPRESENTATION('',(#12732),#12735);
#12732 = B_SPLINE_CURVE_WITH_KNOTS('',1,(#12733,#12734),.UNSPECIFIED.,
  .F.,.F.,(2,2),(-7.0000006,6.E-07),.PIECEWISE_BEZIER_KNOTS.);
#12733 = CARTESIAN_POINT('',(2.2125,-7.0000006));
#12734 = CARTESIAN_POINT('',(2.2125,6.E-07));
#12735 = ( GEOMETRIC_REPRESENTATION_CONTEXT(2) 
PARAMETRIC_REPRESENTATION_CONTEXT() REPRESENTATION_CONTEXT('2D SPACE',''
  ) );
#12736 = ADVANCED_FACE('',(#12737),#6756,.T.);
#12737 = FACE_BOUND('',#12738,.T.);
#12738 = EDGE_LOOP('',(#12739,#12740,#12741,#12762));
#12739 = ORIENTED_EDGE('',*,*,#12691,.T.);
#12740 = ORIENTED_EDGE('',*,*,#12385,.T.);
#12741 = ORIENTED_EDGE('',*,*,#12742,.F.);
#12742 = EDGE_CURVE('',#6713,#12363,#12743,.T.);
#12743 = SURFACE_CURVE('',#12744,(#12748,#12755),.PCURVE_S1.);
#12744 = LINE('',#12745,#12746);
#12745 = CARTESIAN_POINT('',(16.247302665763,-2.138997975006,0.));
#12746 = VECTOR('',#12747,1.);
#12747 = DIRECTION('',(0.,0.,1.));
#12748 = PCURVE('',#6756,#12749);
#12749 = DEFINITIONAL_REPRESENTATION('',(#12750),#12754);
#12750 = LINE('',#12751,#12752);
#12751 = CARTESIAN_POINT('',(0.857949480791,0.));
#12752 = VECTOR('',#12753,1.);
#12753 = DIRECTION('',(0.,-1.));
#12754 = ( GEOMETRIC_REPRESENTATION_CONTEXT(2) 
PARAMETRIC_REPRESENTATION_CONTEXT() REPRESENTATION_CONTEXT('2D SPACE',''
  ) );
#12755 = PCURVE('',#6728,#12756);
#12756 = DEFINITIONAL_REPRESENTATION('',(#12757),#12761);
#12757 = LINE('',#12758,#12759);
#12758 = CARTESIAN_POINT('',(0.,0.));
#12759 = VECTOR('',#12760,1.);
#12760 = DIRECTION('',(0.,-1.));
#12761 = ( GEOMETRIC_REPRESENTATION_CONTEXT(2) 
PARAMETRIC_REPRESENTATION_CONTEXT() REPRESENTATION_CONTEXT('2D SPACE',''
  ) );
#12762 = ORIENTED_EDGE('',*,*,#6740,.F.);
#12763 = ADVANCED_FACE('',(#12764),#287,.T.);
#12764 = FACE_BOUND('',#12765,.T.);
#12765 = EDGE_LOOP('',(#12766,#12767,#12788,#12789));
#12766 = ORIENTED_EDGE('',*,*,#271,.F.);
#12767 = ORIENTED_EDGE('',*,*,#12768,.T.);
#12768 = EDGE_CURVE('',#272,#7062,#12769,.T.);
#12769 = SURFACE_CURVE('',#12770,(#12774,#12781),.PCURVE_S1.);
#12770 = LINE('',#12771,#12772);
#12771 = CARTESIAN_POINT('',(16.113089797704,2.986384674003,0.));
#12772 = VECTOR('',#12773,1.);
#12773 = DIRECTION('',(0.,0.,1.));
#12774 = PCURVE('',#287,#12775);
#12775 = DEFINITIONAL_REPRESENTATION('',(#12776),#12780);
#12776 = LINE('',#12777,#12778);
#12777 = CARTESIAN_POINT('',(0.,0.));
#12778 = VECTOR('',#12779,1.);
#12779 = DIRECTION('',(0.,-1.));
#12780 = ( GEOMETRIC_REPRESENTATION_CONTEXT(2) 
PARAMETRIC_REPRESENTATION_CONTEXT() REPRESENTATION_CONTEXT('2D SPACE',''
  ) );
#12781 = PCURVE('',#315,#12782);
#12782 = DEFINITIONAL_REPRESENTATION('',(#12783),#12787);
#12783 = LINE('',#12784,#12785);
#12784 = CARTESIAN_POINT('',(0.857949480791,0.));
#12785 = VECTOR('',#12786,1.);
#12786 = DIRECTION('',(0.,-1.));
#12787 = ( GEOMETRIC_REPRESENTATION_CONTEXT(2) 
PARAMETRIC_REPRESENTATION_CONTEXT() REPRESENTATION_CONTEXT('2D SPACE',''
  ) );
#12788 = ORIENTED_EDGE('',*,*,#7061,.T.);
#12789 = ORIENTED_EDGE('',*,*,#12718,.T.);
#12790 = ADVANCED_FACE('',(#12791),#6728,.T.);
#12791 = FACE_BOUND('',#12792,.T.);
#12792 = EDGE_LOOP('',(#12793,#12794,#12795,#12796));
#12793 = ORIENTED_EDGE('',*,*,#6712,.F.);
#12794 = ORIENTED_EDGE('',*,*,#12742,.T.);
#12795 = ORIENTED_EDGE('',*,*,#12362,.T.);
#12796 = ORIENTED_EDGE('',*,*,#12797,.T.);
#12797 = EDGE_CURVE('',#12339,#6684,#12798,.T.);
#12798 = SURFACE_CURVE('',#12799,(#12803,#12809),.PCURVE_S1.);
#12799 = LINE('',#12800,#12801);
#12800 = CARTESIAN_POINT('',(18.440874421553,-2.427787175293,0.));
#12801 = VECTOR('',#12802,1.);
#12802 = DIRECTION('',(-0.,-0.,-1.));
#12803 = PCURVE('',#6728,#12804);
#12804 = DEFINITIONAL_REPRESENTATION('',(#12805),#12808);
#12805 = B_SPLINE_CURVE_WITH_KNOTS('',1,(#12806,#12807),.UNSPECIFIED.,
  .F.,.F.,(2,2),(-7.0000006,6.E-07),.PIECEWISE_BEZIER_KNOTS.);
#12806 = CARTESIAN_POINT('',(2.2125,-7.0000006));
#12807 = CARTESIAN_POINT('',(2.2125,6.E-07));
#12808 = ( GEOMETRIC_REPRESENTATION_CONTEXT(2) 
PARAMETRIC_REPRESENTATION_CONTEXT() REPRESENTATION_CONTEXT('2D SPACE',''
  ) );
#12809 = PCURVE('',#6700,#12810);
#12810 = DEFINITIONAL_REPRESENTATION('',(#12811),#12814);
#12811 = B_SPLINE_CURVE_WITH_KNOTS('',1,(#12812,#12813),.UNSPECIFIED.,
  .F.,.F.,(2,2),(-7.0000006,6.E-07),.PIECEWISE_BEZIER_KNOTS.);
#12812 = CARTESIAN_POINT('',(-6.15228561328,-7.0000006));
#12813 = CARTESIAN_POINT('',(-6.15228561328,6.E-07));
#12814 = ( GEOMETRIC_REPRESENTATION_CONTEXT(2) 
PARAMETRIC_REPRESENTATION_CONTEXT() REPRESENTATION_CONTEXT('2D SPACE',''
  ) );
#12815 = ADVANCED_FACE('',(#12816),#315,.T.);
#12816 = FACE_BOUND('',#12817,.T.);
#12817 = EDGE_LOOP('',(#12818,#12839,#12840,#12841));
#12818 = ORIENTED_EDGE('',*,*,#12819,.T.);
#12819 = EDGE_CURVE('',#300,#7085,#12820,.T.);
#12820 = SURFACE_CURVE('',#12821,(#12825,#12832),.PCURVE_S1.);
#12821 = LINE('',#12822,#12823);
#12822 = CARTESIAN_POINT('',(15.934712070517,3.825585900189,0.));
#12823 = VECTOR('',#12824,1.);
#12824 = DIRECTION('',(0.,0.,1.));
#12825 = PCURVE('',#315,#12826);
#12826 = DEFINITIONAL_REPRESENTATION('',(#12827),#12831);
#12827 = LINE('',#12828,#12829);
#12828 = CARTESIAN_POINT('',(0.,0.));
#12829 = VECTOR('',#12830,1.);
#12830 = DIRECTION('',(0.,-1.));
#12831 = ( GEOMETRIC_REPRESENTATION_CONTEXT(2) 
PARAMETRIC_REPRESENTATION_CONTEXT() REPRESENTATION_CONTEXT('2D SPACE',''
  ) );
#12832 = PCURVE('',#343,#12833);
#12833 = DEFINITIONAL_REPRESENTATION('',(#12834),#12838);
#12834 = LINE('',#12835,#12836);
#12835 = CARTESIAN_POINT('',(4.0725,-0.));
#12836 = VECTOR('',#12837,1.);
#12837 = DIRECTION('',(0.,-1.));
#12838 = ( GEOMETRIC_REPRESENTATION_CONTEXT(2) 
PARAMETRIC_REPRESENTATION_CONTEXT() REPRESENTATION_CONTEXT('2D SPACE',''
  ) );
#12839 = ORIENTED_EDGE('',*,*,#7084,.T.);
#12840 = ORIENTED_EDGE('',*,*,#12768,.F.);
#12841 = ORIENTED_EDGE('',*,*,#299,.F.);
#12842 = ADVANCED_FACE('',(#12843),#6700,.T.);
#12843 = FACE_BOUND('',#12844,.F.);
#12844 = EDGE_LOOP('',(#12845,#12846,#12865,#12866));
#12845 = ORIENTED_EDGE('',*,*,#6683,.F.);
#12846 = ORIENTED_EDGE('',*,*,#12847,.F.);
#12847 = EDGE_CURVE('',#12316,#6656,#12848,.T.);
#12848 = SURFACE_CURVE('',#12849,(#12853,#12859),.PCURVE_S1.);
#12849 = LINE('',#12850,#12851);
#12850 = CARTESIAN_POINT('',(18.28854128069,-3.389580774154,0.));
#12851 = VECTOR('',#12852,1.);
#12852 = DIRECTION('',(-0.,-0.,-1.));
#12853 = PCURVE('',#6700,#12854);
#12854 = DEFINITIONAL_REPRESENTATION('',(#12855),#12858);
#12855 = B_SPLINE_CURVE_WITH_KNOTS('',1,(#12856,#12857),.UNSPECIFIED.,
  .F.,.F.,(2,2),(-7.0000006,6.E-07),.PIECEWISE_BEZIER_KNOTS.);
#12856 = CARTESIAN_POINT('',(-6.09992573572,-7.0000006));
#12857 = CARTESIAN_POINT('',(-6.09992573572,6.E-07));
#12858 = ( GEOMETRIC_REPRESENTATION_CONTEXT(2) 
PARAMETRIC_REPRESENTATION_CONTEXT() REPRESENTATION_CONTEXT('2D SPACE',''
  ) );
#12859 = PCURVE('',#6671,#12860);
#12860 = DEFINITIONAL_REPRESENTATION('',(#12861),#12864);
#12861 = B_SPLINE_CURVE_WITH_KNOTS('',1,(#12862,#12863),.UNSPECIFIED.,
  .F.,.F.,(2,2),(-7.0000006,6.E-07),.PIECEWISE_BEZIER_KNOTS.);
#12862 = CARTESIAN_POINT('',(1.86,-7.0000006));
#12863 = CARTESIAN_POINT('',(1.86,6.E-07));
#12864 = ( GEOMETRIC_REPRESENTATION_CONTEXT(2) 
PARAMETRIC_REPRESENTATION_CONTEXT() REPRESENTATION_CONTEXT('2D SPACE',''
  ) );
#12865 = ORIENTED_EDGE('',*,*,#12338,.T.);
#12866 = ORIENTED_EDGE('',*,*,#12797,.T.);
#12867 = ADVANCED_FACE('',(#12868),#343,.T.);
#12868 = FACE_BOUND('',#12869,.T.);
#12869 = EDGE_LOOP('',(#12870,#12871,#12890,#12891));
#12870 = ORIENTED_EDGE('',*,*,#327,.F.);
#12871 = ORIENTED_EDGE('',*,*,#12872,.F.);
#12872 = EDGE_CURVE('',#7108,#328,#12873,.T.);
#12873 = SURFACE_CURVE('',#12874,(#12878,#12884),.PCURVE_S1.);
#12874 = LINE('',#12875,#12876);
#12875 = CARTESIAN_POINT('',(18.086080519397,4.34208376772,0.));
#12876 = VECTOR('',#12877,1.);
#12877 = DIRECTION('',(-0.,-0.,-1.));
#12878 = PCURVE('',#343,#12879);
#12879 = DEFINITIONAL_REPRESENTATION('',(#12880),#12883);
#12880 = B_SPLINE_CURVE_WITH_KNOTS('',1,(#12881,#12882),.UNSPECIFIED.,
  .F.,.F.,(2,2),(-7.0000006,6.E-07),.PIECEWISE_BEZIER_KNOTS.);
#12881 = CARTESIAN_POINT('',(1.86,-7.0000006));
#12882 = CARTESIAN_POINT('',(1.86,6.E-07));
#12883 = ( GEOMETRIC_REPRESENTATION_CONTEXT(2) 
PARAMETRIC_REPRESENTATION_CONTEXT() REPRESENTATION_CONTEXT('2D SPACE',''
  ) );
#12884 = PCURVE('',#372,#12885);
#12885 = DEFINITIONAL_REPRESENTATION('',(#12886),#12889);
#12886 = B_SPLINE_CURVE_WITH_KNOTS('',1,(#12887,#12888),.UNSPECIFIED.,
  .F.,.F.,(2,2),(-7.0000006,6.E-07),.PIECEWISE_BEZIER_KNOTS.);
#12887 = CARTESIAN_POINT('',(-0.235619449019,-7.0000006));
#12888 = CARTESIAN_POINT('',(-0.235619449019,6.E-07));
#12889 = ( GEOMETRIC_REPRESENTATION_CONTEXT(2) 
PARAMETRIC_REPRESENTATION_CONTEXT() REPRESENTATION_CONTEXT('2D SPACE',''
  ) );
#12890 = ORIENTED_EDGE('',*,*,#7107,.T.);
#12891 = ORIENTED_EDGE('',*,*,#12819,.F.);
#12892 = ADVANCED_FACE('',(#12893),#6671,.T.);
#12893 = FACE_BOUND('',#12894,.T.);
#12894 = EDGE_LOOP('',(#12895,#12896,#12897,#12898));
#12895 = ORIENTED_EDGE('',*,*,#6655,.F.);
#12896 = ORIENTED_EDGE('',*,*,#12847,.F.);
#12897 = ORIENTED_EDGE('',*,*,#12315,.T.);
#12898 = ORIENTED_EDGE('',*,*,#12899,.F.);
#12899 = EDGE_CURVE('',#6628,#12293,#12900,.T.);
#12900 = SURFACE_CURVE('',#12901,(#12905,#12912),.PCURVE_S1.);
#12901 = LINE('',#12902,#12903);
#12902 = CARTESIAN_POINT('',(16.113089797704,-2.986384674003,0.));
#12903 = VECTOR('',#12904,1.);
#12904 = DIRECTION('',(0.,0.,1.));
#12905 = PCURVE('',#6671,#12906);
#12906 = DEFINITIONAL_REPRESENTATION('',(#12907),#12911);
#12907 = LINE('',#12908,#12909);
#12908 = CARTESIAN_POINT('',(4.0725,-0.));
#12909 = VECTOR('',#12910,1.);
#12910 = DIRECTION('',(0.,-1.));
#12911 = ( GEOMETRIC_REPRESENTATION_CONTEXT(2) 
PARAMETRIC_REPRESENTATION_CONTEXT() REPRESENTATION_CONTEXT('2D SPACE',''
  ) );
#12912 = PCURVE('',#6643,#12913);
#12913 = DEFINITIONAL_REPRESENTATION('',(#12914),#12918);
#12914 = LINE('',#12915,#12916);
#12915 = CARTESIAN_POINT('',(0.,0.));
#12916 = VECTOR('',#12917,1.);
#12917 = DIRECTION('',(0.,-1.));
#12918 = ( GEOMETRIC_REPRESENTATION_CONTEXT(2) 
PARAMETRIC_REPRESENTATION_CONTEXT() REPRESENTATION_CONTEXT('2D SPACE',''
  ) );
#12919 = ADVANCED_FACE('',(#12920),#372,.T.);
#12920 = FACE_BOUND('',#12921,.F.);
#12921 = EDGE_LOOP('',(#12922,#12923,#12924,#12925));
#12922 = ORIENTED_EDGE('',*,*,#355,.F.);
#12923 = ORIENTED_EDGE('',*,*,#12872,.F.);
#12924 = ORIENTED_EDGE('',*,*,#7130,.T.);
#12925 = ORIENTED_EDGE('',*,*,#12926,.T.);
#12926 = EDGE_CURVE('',#7131,#356,#12927,.T.);
#12927 = SURFACE_CURVE('',#12928,(#12932,#12938),.PCURVE_S1.);
#12928 = LINE('',#12929,#12930);
#12929 = CARTESIAN_POINT('',(17.834047068548,5.282685411493,0.));
#12930 = VECTOR('',#12931,1.);
#12931 = DIRECTION('',(-0.,-0.,-1.));
#12932 = PCURVE('',#372,#12933);
#12933 = DEFINITIONAL_REPRESENTATION('',(#12934),#12937);
#12934 = B_SPLINE_CURVE_WITH_KNOTS('',1,(#12935,#12936),.UNSPECIFIED.,
  .F.,.F.,(2,2),(-7.0000006,6.E-07),.PIECEWISE_BEZIER_KNOTS.);
#12935 = CARTESIAN_POINT('',(-0.287979326579,-7.0000006));
#12936 = CARTESIAN_POINT('',(-0.287979326579,6.E-07));
#12937 = ( GEOMETRIC_REPRESENTATION_CONTEXT(2) 
PARAMETRIC_REPRESENTATION_CONTEXT() REPRESENTATION_CONTEXT('2D SPACE',''
  ) );
#12938 = PCURVE('',#400,#12939);
#12939 = DEFINITIONAL_REPRESENTATION('',(#12940),#12943);
#12940 = B_SPLINE_CURVE_WITH_KNOTS('',1,(#12941,#12942),.UNSPECIFIED.,
  .F.,.F.,(2,2),(-7.0000006,6.E-07),.PIECEWISE_BEZIER_KNOTS.);
#12941 = CARTESIAN_POINT('',(2.2125,-7.0000006));
#12942 = CARTESIAN_POINT('',(2.2125,6.E-07));
#12943 = ( GEOMETRIC_REPRESENTATION_CONTEXT(2) 
PARAMETRIC_REPRESENTATION_CONTEXT() REPRESENTATION_CONTEXT('2D SPACE',''
  ) );
#12944 = ADVANCED_FACE('',(#12945),#6643,.T.);
#12945 = FACE_BOUND('',#12946,.T.);
#12946 = EDGE_LOOP('',(#12947,#12948,#12949,#12970));
#12947 = ORIENTED_EDGE('',*,*,#12899,.T.);
#12948 = ORIENTED_EDGE('',*,*,#12292,.T.);
#12949 = ORIENTED_EDGE('',*,*,#12950,.F.);
#12950 = EDGE_CURVE('',#6600,#12270,#12951,.T.);
#12951 = SURFACE_CURVE('',#12952,(#12956,#12963),.PCURVE_S1.);
#12952 = LINE('',#12953,#12954);
#12953 = CARTESIAN_POINT('',(15.934712070517,-3.825585900189,0.));
#12954 = VECTOR('',#12955,1.);
#12955 = DIRECTION('',(0.,0.,1.));
#12956 = PCURVE('',#6643,#12957);
#12957 = DEFINITIONAL_REPRESENTATION('',(#12958),#12962);
#12958 = LINE('',#12959,#12960);
#12959 = CARTESIAN_POINT('',(0.857949480791,0.));
#12960 = VECTOR('',#12961,1.);
#12961 = DIRECTION('',(0.,-1.));
#12962 = ( GEOMETRIC_REPRESENTATION_CONTEXT(2) 
PARAMETRIC_REPRESENTATION_CONTEXT() REPRESENTATION_CONTEXT('2D SPACE',''
  ) );
#12963 = PCURVE('',#6615,#12964);
#12964 = DEFINITIONAL_REPRESENTATION('',(#12965),#12969);
#12965 = LINE('',#12966,#12967);
#12966 = CARTESIAN_POINT('',(0.,0.));
#12967 = VECTOR('',#12968,1.);
#12968 = DIRECTION('',(0.,-1.));
#12969 = ( GEOMETRIC_REPRESENTATION_CONTEXT(2) 
PARAMETRIC_REPRESENTATION_CONTEXT() REPRESENTATION_CONTEXT('2D SPACE',''
  ) );
#12970 = ORIENTED_EDGE('',*,*,#6627,.F.);
#12971 = ADVANCED_FACE('',(#12972),#400,.T.);
#12972 = FACE_BOUND('',#12973,.T.);
#12973 = EDGE_LOOP('',(#12974,#12975,#12996,#12997));
#12974 = ORIENTED_EDGE('',*,*,#384,.F.);
#12975 = ORIENTED_EDGE('',*,*,#12976,.T.);
#12976 = EDGE_CURVE('',#385,#7155,#12977,.T.);
#12977 = SURFACE_CURVE('',#12978,(#12982,#12989),.PCURVE_S1.);
#12978 = LINE('',#12979,#12980);
#12979 = CARTESIAN_POINT('',(15.712658405153,4.654301461336,0.));
#12980 = VECTOR('',#12981,1.);
#12981 = DIRECTION('',(0.,0.,1.));
#12982 = PCURVE('',#400,#12983);
#12983 = DEFINITIONAL_REPRESENTATION('',(#12984),#12988);
#12984 = LINE('',#12985,#12986);
#12985 = CARTESIAN_POINT('',(0.,0.));
#12986 = VECTOR('',#12987,1.);
#12987 = DIRECTION('',(0.,-1.));
#12988 = ( GEOMETRIC_REPRESENTATION_CONTEXT(2) 
PARAMETRIC_REPRESENTATION_CONTEXT() REPRESENTATION_CONTEXT('2D SPACE',''
  ) );
#12989 = PCURVE('',#428,#12990);
#12990 = DEFINITIONAL_REPRESENTATION('',(#12991),#12995);
#12991 = LINE('',#12992,#12993);
#12992 = CARTESIAN_POINT('',(0.857949480791,0.));
#12993 = VECTOR('',#12994,1.);
#12994 = DIRECTION('',(0.,-1.));
#12995 = ( GEOMETRIC_REPRESENTATION_CONTEXT(2) 
PARAMETRIC_REPRESENTATION_CONTEXT() REPRESENTATION_CONTEXT('2D SPACE',''
  ) );
#12996 = ORIENTED_EDGE('',*,*,#7154,.T.);
#12997 = ORIENTED_EDGE('',*,*,#12926,.T.);
#12998 = ADVANCED_FACE('',(#12999),#6615,.T.);
#12999 = FACE_BOUND('',#13000,.T.);
#13000 = EDGE_LOOP('',(#13001,#13002,#13003,#13004));
#13001 = ORIENTED_EDGE('',*,*,#6599,.F.);
#13002 = ORIENTED_EDGE('',*,*,#12950,.T.);
#13003 = ORIENTED_EDGE('',*,*,#12269,.T.);
#13004 = ORIENTED_EDGE('',*,*,#13005,.T.);
#13005 = EDGE_CURVE('',#12246,#6571,#13006,.T.);
#13006 = SURFACE_CURVE('',#13007,(#13011,#13017),.PCURVE_S1.);
#13007 = LINE('',#13008,#13009);
#13008 = CARTESIAN_POINT('',(18.086080519397,-4.34208376772,0.));
#13009 = VECTOR('',#13010,1.);
#13010 = DIRECTION('',(-0.,-0.,-1.));
#13011 = PCURVE('',#6615,#13012);
#13012 = DEFINITIONAL_REPRESENTATION('',(#13013),#13016);
#13013 = B_SPLINE_CURVE_WITH_KNOTS('',1,(#13014,#13015),.UNSPECIFIED.,
  .F.,.F.,(2,2),(-7.0000006,6.E-07),.PIECEWISE_BEZIER_KNOTS.);
#13014 = CARTESIAN_POINT('',(2.2125,-7.0000006));
#13015 = CARTESIAN_POINT('',(2.2125,6.E-07));
#13016 = ( GEOMETRIC_REPRESENTATION_CONTEXT(2) 
PARAMETRIC_REPRESENTATION_CONTEXT() REPRESENTATION_CONTEXT('2D SPACE',''
  ) );
#13017 = PCURVE('',#6587,#13018);
#13018 = DEFINITIONAL_REPRESENTATION('',(#13019),#13022);
#13019 = B_SPLINE_CURVE_WITH_KNOTS('',1,(#13020,#13021),.UNSPECIFIED.,
  .F.,.F.,(2,2),(-7.0000006,6.E-07),.PIECEWISE_BEZIER_KNOTS.);
#13020 = CARTESIAN_POINT('',(-6.04756585816,-7.0000006));
#13021 = CARTESIAN_POINT('',(-6.04756585816,6.E-07));
#13022 = ( GEOMETRIC_REPRESENTATION_CONTEXT(2) 
PARAMETRIC_REPRESENTATION_CONTEXT() REPRESENTATION_CONTEXT('2D SPACE',''
  ) );
#13023 = ADVANCED_FACE('',(#13024),#428,.T.);
#13024 = FACE_BOUND('',#13025,.T.);
#13025 = EDGE_LOOP('',(#13026,#13047,#13048,#13049));
#13026 = ORIENTED_EDGE('',*,*,#13027,.T.);
#13027 = EDGE_CURVE('',#413,#7178,#13028,.T.);
#13028 = SURFACE_CURVE('',#13029,(#13033,#13040),.PCURVE_S1.);
#13029 = LINE('',#13030,#13031);
#13030 = CARTESIAN_POINT('',(15.447537435273,5.470259905693,0.));
#13031 = VECTOR('',#13032,1.);
#13032 = DIRECTION('',(0.,0.,1.));
#13033 = PCURVE('',#428,#13034);
#13034 = DEFINITIONAL_REPRESENTATION('',(#13035),#13039);
#13035 = LINE('',#13036,#13037);
#13036 = CARTESIAN_POINT('',(0.,0.));
#13037 = VECTOR('',#13038,1.);
#13038 = DIRECTION('',(0.,-1.));
#13039 = ( GEOMETRIC_REPRESENTATION_CONTEXT(2) 
PARAMETRIC_REPRESENTATION_CONTEXT() REPRESENTATION_CONTEXT('2D SPACE',''
  ) );
#13040 = PCURVE('',#456,#13041);
#13041 = DEFINITIONAL_REPRESENTATION('',(#13042),#13046);
#13042 = LINE('',#13043,#13044);
#13043 = CARTESIAN_POINT('',(4.0725,-0.));
#13044 = VECTOR('',#13045,1.);
#13045 = DIRECTION('',(0.,-1.));
#13046 = ( GEOMETRIC_REPRESENTATION_CONTEXT(2) 
PARAMETRIC_REPRESENTATION_CONTEXT() REPRESENTATION_CONTEXT('2D SPACE',''
  ) );
#13047 = ORIENTED_EDGE('',*,*,#7177,.T.);
#13048 = ORIENTED_EDGE('',*,*,#12976,.F.);
#13049 = ORIENTED_EDGE('',*,*,#412,.F.);
#13050 = ADVANCED_FACE('',(#13051),#6587,.T.);
#13051 = FACE_BOUND('',#13052,.F.);
#13052 = EDGE_LOOP('',(#13053,#13054,#13073,#13074));
#13053 = ORIENTED_EDGE('',*,*,#6570,.F.);
#13054 = ORIENTED_EDGE('',*,*,#13055,.F.);
#13055 = EDGE_CURVE('',#12223,#6543,#13056,.T.);
#13056 = SURFACE_CURVE('',#13057,(#13061,#13067),.PCURVE_S1.);
#13057 = LINE('',#13058,#13059);
#13058 = CARTESIAN_POINT('',(17.834047068548,-5.282685411493,0.));
#13059 = VECTOR('',#13060,1.);
#13060 = DIRECTION('',(-0.,-0.,-1.));
#13061 = PCURVE('',#6587,#13062);
#13062 = DEFINITIONAL_REPRESENTATION('',(#13063),#13066);
#13063 = B_SPLINE_CURVE_WITH_KNOTS('',1,(#13064,#13065),.UNSPECIFIED.,
  .F.,.F.,(2,2),(-7.0000006,6.E-07),.PIECEWISE_BEZIER_KNOTS.);
#13064 = CARTESIAN_POINT('',(-5.995205980601,-7.0000006));
#13065 = CARTESIAN_POINT('',(-5.995205980601,6.E-07));
#13066 = ( GEOMETRIC_REPRESENTATION_CONTEXT(2) 
PARAMETRIC_REPRESENTATION_CONTEXT() REPRESENTATION_CONTEXT('2D SPACE',''
  ) );
#13067 = PCURVE('',#6558,#13068);
#13068 = DEFINITIONAL_REPRESENTATION('',(#13069),#13072);
#13069 = B_SPLINE_CURVE_WITH_KNOTS('',1,(#13070,#13071),.UNSPECIFIED.,
  .F.,.F.,(2,2),(-7.0000006,6.E-07),.PIECEWISE_BEZIER_KNOTS.);
#13070 = CARTESIAN_POINT('',(1.86,-7.0000006));
#13071 = CARTESIAN_POINT('',(1.86,6.E-07));
#13072 = ( GEOMETRIC_REPRESENTATION_CONTEXT(2) 
PARAMETRIC_REPRESENTATION_CONTEXT() REPRESENTATION_CONTEXT('2D SPACE',''
  ) );
#13073 = ORIENTED_EDGE('',*,*,#12245,.T.);
#13074 = ORIENTED_EDGE('',*,*,#13005,.T.);
#13075 = ADVANCED_FACE('',(#13076),#456,.T.);
#13076 = FACE_BOUND('',#13077,.T.);
#13077 = EDGE_LOOP('',(#13078,#13079,#13098,#13099));
#13078 = ORIENTED_EDGE('',*,*,#440,.F.);
#13079 = ORIENTED_EDGE('',*,*,#13080,.F.);
#13080 = EDGE_CURVE('',#7201,#441,#13081,.T.);
#13081 = SURFACE_CURVE('',#13082,(#13086,#13092),.PCURVE_S1.);
#13082 = LINE('',#13083,#13084);
#13083 = CARTESIAN_POINT('',(17.533131734315,6.208807581748,0.));
#13084 = VECTOR('',#13085,1.);
#13085 = DIRECTION('',(-0.,-0.,-1.));
#13086 = PCURVE('',#456,#13087);
#13087 = DEFINITIONAL_REPRESENTATION('',(#13088),#13091);
#13088 = B_SPLINE_CURVE_WITH_KNOTS('',1,(#13089,#13090),.UNSPECIFIED.,
  .F.,.F.,(2,2),(-7.0000006,6.E-07),.PIECEWISE_BEZIER_KNOTS.);
#13089 = CARTESIAN_POINT('',(1.86,-7.0000006));
#13090 = CARTESIAN_POINT('',(1.86,6.E-07));
#13091 = ( GEOMETRIC_REPRESENTATION_CONTEXT(2) 
PARAMETRIC_REPRESENTATION_CONTEXT() REPRESENTATION_CONTEXT('2D SPACE',''
  ) );
#13092 = PCURVE('',#485,#13093);
#13093 = DEFINITIONAL_REPRESENTATION('',(#13094),#13097);
#13094 = B_SPLINE_CURVE_WITH_KNOTS('',1,(#13095,#13096),.UNSPECIFIED.,
  .F.,.F.,(2,2),(-7.0000006,6.E-07),.PIECEWISE_BEZIER_KNOTS.);
#13095 = CARTESIAN_POINT('',(-0.340339204139,-7.0000006));
#13096 = CARTESIAN_POINT('',(-0.340339204139,6.E-07));
#13097 = ( GEOMETRIC_REPRESENTATION_CONTEXT(2) 
PARAMETRIC_REPRESENTATION_CONTEXT() REPRESENTATION_CONTEXT('2D SPACE',''
  ) );
#13098 = ORIENTED_EDGE('',*,*,#7200,.T.);
#13099 = ORIENTED_EDGE('',*,*,#13027,.F.);
#13100 = ADVANCED_FACE('',(#13101),#6558,.T.);
#13101 = FACE_BOUND('',#13102,.T.);
#13102 = EDGE_LOOP('',(#13103,#13104,#13105,#13106));
#13103 = ORIENTED_EDGE('',*,*,#6542,.F.);
#13104 = ORIENTED_EDGE('',*,*,#13055,.F.);
#13105 = ORIENTED_EDGE('',*,*,#12222,.T.);
#13106 = ORIENTED_EDGE('',*,*,#13107,.F.);
#13107 = EDGE_CURVE('',#6515,#12200,#13108,.T.);
#13108 = SURFACE_CURVE('',#13109,(#13113,#13120),.PCURVE_S1.);
#13109 = LINE('',#13110,#13111);
#13110 = CARTESIAN_POINT('',(15.712658405153,-4.654301461336,0.));
#13111 = VECTOR('',#13112,1.);
#13112 = DIRECTION('',(0.,0.,1.));
#13113 = PCURVE('',#6558,#13114);
#13114 = DEFINITIONAL_REPRESENTATION('',(#13115),#13119);
#13115 = LINE('',#13116,#13117);
#13116 = CARTESIAN_POINT('',(4.0725,-0.));
#13117 = VECTOR('',#13118,1.);
#13118 = DIRECTION('',(0.,-1.));
#13119 = ( GEOMETRIC_REPRESENTATION_CONTEXT(2) 
PARAMETRIC_REPRESENTATION_CONTEXT() REPRESENTATION_CONTEXT('2D SPACE',''
  ) );
#13120 = PCURVE('',#6530,#13121);
#13121 = DEFINITIONAL_REPRESENTATION('',(#13122),#13126);
#13122 = LINE('',#13123,#13124);
#13123 = CARTESIAN_POINT('',(0.,0.));
#13124 = VECTOR('',#13125,1.);
#13125 = DIRECTION('',(0.,-1.));
#13126 = ( GEOMETRIC_REPRESENTATION_CONTEXT(2) 
PARAMETRIC_REPRESENTATION_CONTEXT() REPRESENTATION_CONTEXT('2D SPACE',''
  ) );
#13127 = ADVANCED_FACE('',(#13128),#485,.T.);
#13128 = FACE_BOUND('',#13129,.F.);
#13129 = EDGE_LOOP('',(#13130,#13131,#13132,#13133));
#13130 = ORIENTED_EDGE('',*,*,#468,.F.);
#13131 = ORIENTED_EDGE('',*,*,#13080,.F.);
#13132 = ORIENTED_EDGE('',*,*,#7223,.T.);
#13133 = ORIENTED_EDGE('',*,*,#13134,.T.);
#13134 = EDGE_CURVE('',#7224,#469,#13135,.T.);
#13135 = SURFACE_CURVE('',#13136,(#13140,#13146),.PCURVE_S1.);
#13136 = LINE('',#13137,#13138);
#13137 = CARTESIAN_POINT('',(17.18415930471,7.117911841991,0.));
#13138 = VECTOR('',#13139,1.);
#13139 = DIRECTION('',(-0.,-0.,-1.));
#13140 = PCURVE('',#485,#13141);
#13141 = DEFINITIONAL_REPRESENTATION('',(#13142),#13145);
#13142 = B_SPLINE_CURVE_WITH_KNOTS('',1,(#13143,#13144),.UNSPECIFIED.,
  .F.,.F.,(2,2),(-7.0000006,6.E-07),.PIECEWISE_BEZIER_KNOTS.);
#13143 = CARTESIAN_POINT('',(-0.392699081699,-7.0000006));
#13144 = CARTESIAN_POINT('',(-0.392699081699,6.E-07));
#13145 = ( GEOMETRIC_REPRESENTATION_CONTEXT(2) 
PARAMETRIC_REPRESENTATION_CONTEXT() REPRESENTATION_CONTEXT('2D SPACE',''
  ) );
#13146 = PCURVE('',#513,#13147);
#13147 = DEFINITIONAL_REPRESENTATION('',(#13148),#13151);
#13148 = B_SPLINE_CURVE_WITH_KNOTS('',1,(#13149,#13150),.UNSPECIFIED.,
  .F.,.F.,(2,2),(-7.0000006,6.E-07),.PIECEWISE_BEZIER_KNOTS.);
#13149 = CARTESIAN_POINT('',(2.2125,-7.0000006));
#13150 = CARTESIAN_POINT('',(2.2125,6.E-07));
#13151 = ( GEOMETRIC_REPRESENTATION_CONTEXT(2) 
PARAMETRIC_REPRESENTATION_CONTEXT() REPRESENTATION_CONTEXT('2D SPACE',''
  ) );
#13152 = ADVANCED_FACE('',(#13153),#6530,.T.);
#13153 = FACE_BOUND('',#13154,.T.);
#13154 = EDGE_LOOP('',(#13155,#13156,#13157,#13178));
#13155 = ORIENTED_EDGE('',*,*,#13107,.T.);
#13156 = ORIENTED_EDGE('',*,*,#12199,.T.);
#13157 = ORIENTED_EDGE('',*,*,#13158,.F.);
#13158 = EDGE_CURVE('',#6487,#12177,#13159,.T.);
#13159 = SURFACE_CURVE('',#13160,(#13164,#13171),.PCURVE_S1.);
#13160 = LINE('',#13161,#13162);
#13161 = CARTESIAN_POINT('',(15.447537435273,-5.470259905693,0.));
#13162 = VECTOR('',#13163,1.);
#13163 = DIRECTION('',(0.,0.,1.));
#13164 = PCURVE('',#6530,#13165);
#13165 = DEFINITIONAL_REPRESENTATION('',(#13166),#13170);
#13166 = LINE('',#13167,#13168);
#13167 = CARTESIAN_POINT('',(0.857949480791,0.));
#13168 = VECTOR('',#13169,1.);
#13169 = DIRECTION('',(0.,-1.));
#13170 = ( GEOMETRIC_REPRESENTATION_CONTEXT(2) 
PARAMETRIC_REPRESENTATION_CONTEXT() REPRESENTATION_CONTEXT('2D SPACE',''
  ) );
#13171 = PCURVE('',#6502,#13172);
#13172 = DEFINITIONAL_REPRESENTATION('',(#13173),#13177);
#13173 = LINE('',#13174,#13175);
#13174 = CARTESIAN_POINT('',(0.,0.));
#13175 = VECTOR('',#13176,1.);
#13176 = DIRECTION('',(0.,-1.));
#13177 = ( GEOMETRIC_REPRESENTATION_CONTEXT(2) 
PARAMETRIC_REPRESENTATION_CONTEXT() REPRESENTATION_CONTEXT('2D SPACE',''
  ) );
#13178 = ORIENTED_EDGE('',*,*,#6514,.F.);
#13179 = ADVANCED_FACE('',(#13180),#513,.T.);
#13180 = FACE_BOUND('',#13181,.T.);
#13181 = EDGE_LOOP('',(#13182,#13183,#13204,#13205));
#13182 = ORIENTED_EDGE('',*,*,#497,.F.);
#13183 = ORIENTED_EDGE('',*,*,#13184,.T.);
#13184 = EDGE_CURVE('',#498,#7248,#13185,.T.);
#13185 = SURFACE_CURVE('',#13186,(#13190,#13197),.PCURVE_S1.);
#13186 = LINE('',#13187,#13188);
#13187 = CARTESIAN_POINT('',(15.140075839029,6.271224747883,0.));
#13188 = VECTOR('',#13189,1.);
#13189 = DIRECTION('',(0.,0.,1.));
#13190 = PCURVE('',#513,#13191);
#13191 = DEFINITIONAL_REPRESENTATION('',(#13192),#13196);
#13192 = LINE('',#13193,#13194);
#13193 = CARTESIAN_POINT('',(0.,0.));
#13194 = VECTOR('',#13195,1.);
#13195 = DIRECTION('',(0.,-1.));
#13196 = ( GEOMETRIC_REPRESENTATION_CONTEXT(2) 
PARAMETRIC_REPRESENTATION_CONTEXT() REPRESENTATION_CONTEXT('2D SPACE',''
  ) );
#13197 = PCURVE('',#541,#13198);
#13198 = DEFINITIONAL_REPRESENTATION('',(#13199),#13203);
#13199 = LINE('',#13200,#13201);
#13200 = CARTESIAN_POINT('',(0.857949480791,0.));
#13201 = VECTOR('',#13202,1.);
#13202 = DIRECTION('',(0.,-1.));
#13203 = ( GEOMETRIC_REPRESENTATION_CONTEXT(2) 
PARAMETRIC_REPRESENTATION_CONTEXT() REPRESENTATION_CONTEXT('2D SPACE',''
  ) );
#13204 = ORIENTED_EDGE('',*,*,#7247,.T.);
#13205 = ORIENTED_EDGE('',*,*,#13134,.T.);
#13206 = ADVANCED_FACE('',(#13207),#6502,.T.);
#13207 = FACE_BOUND('',#13208,.T.);
#13208 = EDGE_LOOP('',(#13209,#13210,#13211,#13212));
#13209 = ORIENTED_EDGE('',*,*,#6486,.F.);
#13210 = ORIENTED_EDGE('',*,*,#13158,.T.);
#13211 = ORIENTED_EDGE('',*,*,#12176,.T.);
#13212 = ORIENTED_EDGE('',*,*,#13213,.T.);
#13213 = EDGE_CURVE('',#12153,#6458,#13214,.T.);
#13214 = SURFACE_CURVE('',#13215,(#13219,#13225),.PCURVE_S1.);
#13215 = LINE('',#13216,#13217);
#13216 = CARTESIAN_POINT('',(17.533131734315,-6.208807581748,0.));
#13217 = VECTOR('',#13218,1.);
#13218 = DIRECTION('',(-0.,-0.,-1.));
#13219 = PCURVE('',#6502,#13220);
#13220 = DEFINITIONAL_REPRESENTATION('',(#13221),#13224);
#13221 = B_SPLINE_CURVE_WITH_KNOTS('',1,(#13222,#13223),.UNSPECIFIED.,
  .F.,.F.,(2,2),(-7.0000006,6.E-07),.PIECEWISE_BEZIER_KNOTS.);
#13222 = CARTESIAN_POINT('',(2.2125,-7.0000006));
#13223 = CARTESIAN_POINT('',(2.2125,6.E-07));
#13224 = ( GEOMETRIC_REPRESENTATION_CONTEXT(2) 
PARAMETRIC_REPRESENTATION_CONTEXT() REPRESENTATION_CONTEXT('2D SPACE',''
  ) );
#13225 = PCURVE('',#6474,#13226);
#13226 = DEFINITIONAL_REPRESENTATION('',(#13227),#13230);
#13227 = B_SPLINE_CURVE_WITH_KNOTS('',1,(#13228,#13229),.UNSPECIFIED.,
  .F.,.F.,(2,2),(-7.0000006,6.E-07),.PIECEWISE_BEZIER_KNOTS.);
#13228 = CARTESIAN_POINT('',(-5.942846103041,-7.0000006));
#13229 = CARTESIAN_POINT('',(-5.942846103041,6.E-07));
#13230 = ( GEOMETRIC_REPRESENTATION_CONTEXT(2) 
PARAMETRIC_REPRESENTATION_CONTEXT() REPRESENTATION_CONTEXT('2D SPACE',''
  ) );
#13231 = ADVANCED_FACE('',(#13232),#541,.T.);
#13232 = FACE_BOUND('',#13233,.T.);
#13233 = EDGE_LOOP('',(#13234,#13255,#13256,#13257));
#13234 = ORIENTED_EDGE('',*,*,#13235,.T.);
#13235 = EDGE_CURVE('',#526,#7271,#13236,.T.);
#13236 = SURFACE_CURVE('',#13237,(#13241,#13248),.PCURVE_S1.);
#13237 = LINE('',#13238,#13239);
#13238 = CARTESIAN_POINT('',(14.791116347283,7.055000598946,0.));
#13239 = VECTOR('',#13240,1.);
#13240 = DIRECTION('',(0.,0.,1.));
#13241 = PCURVE('',#541,#13242);
#13242 = DEFINITIONAL_REPRESENTATION('',(#13243),#13247);
#13243 = LINE('',#13244,#13245);
#13244 = CARTESIAN_POINT('',(0.,0.));
#13245 = VECTOR('',#13246,1.);
#13246 = DIRECTION('',(0.,-1.));
#13247 = ( GEOMETRIC_REPRESENTATION_CONTEXT(2) 
PARAMETRIC_REPRESENTATION_CONTEXT() REPRESENTATION_CONTEXT('2D SPACE',''
  ) );
#13248 = PCURVE('',#569,#13249);
#13249 = DEFINITIONAL_REPRESENTATION('',(#13250),#13254);
#13250 = LINE('',#13251,#13252);
#13251 = CARTESIAN_POINT('',(4.0725,-0.));
#13252 = VECTOR('',#13253,1.);
#13253 = DIRECTION('',(0.,-1.));
#13254 = ( GEOMETRIC_REPRESENTATION_CONTEXT(2) 
PARAMETRIC_REPRESENTATION_CONTEXT() REPRESENTATION_CONTEXT('2D SPACE',''
  ) );
#13255 = ORIENTED_EDGE('',*,*,#7270,.T.);
#13256 = ORIENTED_EDGE('',*,*,#13184,.F.);
#13257 = ORIENTED_EDGE('',*,*,#525,.F.);
#13258 = ADVANCED_FACE('',(#13259),#6474,.T.);
#13259 = FACE_BOUND('',#13260,.F.);
#13260 = EDGE_LOOP('',(#13261,#13262,#13281,#13282));
#13261 = ORIENTED_EDGE('',*,*,#6457,.F.);
#13262 = ORIENTED_EDGE('',*,*,#13263,.F.);
#13263 = EDGE_CURVE('',#12130,#6430,#13264,.T.);
#13264 = SURFACE_CURVE('',#13265,(#13269,#13275),.PCURVE_S1.);
#13265 = LINE('',#13266,#13267);
#13266 = CARTESIAN_POINT('',(17.18415930471,-7.117911841991,0.));
#13267 = VECTOR('',#13268,1.);
#13268 = DIRECTION('',(-0.,-0.,-1.));
#13269 = PCURVE('',#6474,#13270);
#13270 = DEFINITIONAL_REPRESENTATION('',(#13271),#13274);
#13271 = B_SPLINE_CURVE_WITH_KNOTS('',1,(#13272,#13273),.UNSPECIFIED.,
  .F.,.F.,(2,2),(-7.0000006,6.E-07),.PIECEWISE_BEZIER_KNOTS.);
#13272 = CARTESIAN_POINT('',(-5.890486225481,-7.0000006));
#13273 = CARTESIAN_POINT('',(-5.890486225481,6.E-07));
#13274 = ( GEOMETRIC_REPRESENTATION_CONTEXT(2) 
PARAMETRIC_REPRESENTATION_CONTEXT() REPRESENTATION_CONTEXT('2D SPACE',''
  ) );
#13275 = PCURVE('',#6445,#13276);
#13276 = DEFINITIONAL_REPRESENTATION('',(#13277),#13280);
#13277 = B_SPLINE_CURVE_WITH_KNOTS('',1,(#13278,#13279),.UNSPECIFIED.,
  .F.,.F.,(2,2),(-7.0000006,6.E-07),.PIECEWISE_BEZIER_KNOTS.);
#13278 = CARTESIAN_POINT('',(1.86,-7.0000006));
#13279 = CARTESIAN_POINT('',(1.86,6.E-07));
#13280 = ( GEOMETRIC_REPRESENTATION_CONTEXT(2) 
PARAMETRIC_REPRESENTATION_CONTEXT() REPRESENTATION_CONTEXT('2D SPACE',''
  ) );
#13281 = ORIENTED_EDGE('',*,*,#12152,.T.);
#13282 = ORIENTED_EDGE('',*,*,#13213,.T.);
#13283 = ADVANCED_FACE('',(#13284),#569,.T.);
#13284 = FACE_BOUND('',#13285,.T.);
#13285 = EDGE_LOOP('',(#13286,#13287,#13306,#13307));
#13286 = ORIENTED_EDGE('',*,*,#553,.F.);
#13287 = ORIENTED_EDGE('',*,*,#13288,.F.);
#13288 = EDGE_CURVE('',#7294,#554,#13289,.T.);
#13289 = SURFACE_CURVE('',#13290,(#13294,#13300),.PCURVE_S1.);
#13290 = LINE('',#13291,#13292);
#13291 = CARTESIAN_POINT('',(16.788086288907,8.007506400634,0.));
#13292 = VECTOR('',#13293,1.);
#13293 = DIRECTION('',(-0.,-0.,-1.));
#13294 = PCURVE('',#569,#13295);
#13295 = DEFINITIONAL_REPRESENTATION('',(#13296),#13299);
#13296 = B_SPLINE_CURVE_WITH_KNOTS('',1,(#13297,#13298),.UNSPECIFIED.,
  .F.,.F.,(2,2),(-7.0000006,6.E-07),.PIECEWISE_BEZIER_KNOTS.);
#13297 = CARTESIAN_POINT('',(1.86,-7.0000006));
#13298 = CARTESIAN_POINT('',(1.86,6.E-07));
#13299 = ( GEOMETRIC_REPRESENTATION_CONTEXT(2) 
PARAMETRIC_REPRESENTATION_CONTEXT() REPRESENTATION_CONTEXT('2D SPACE',''
  ) );
#13300 = PCURVE('',#598,#13301);
#13301 = DEFINITIONAL_REPRESENTATION('',(#13302),#13305);
#13302 = B_SPLINE_CURVE_WITH_KNOTS('',1,(#13303,#13304),.UNSPECIFIED.,
  .F.,.F.,(2,2),(-7.0000006,6.E-07),.PIECEWISE_BEZIER_KNOTS.);
#13303 = CARTESIAN_POINT('',(-0.445058959259,-7.0000006));
#13304 = CARTESIAN_POINT('',(-0.445058959259,6.E-07));
#13305 = ( GEOMETRIC_REPRESENTATION_CONTEXT(2) 
PARAMETRIC_REPRESENTATION_CONTEXT() REPRESENTATION_CONTEXT('2D SPACE',''
  ) );
#13306 = ORIENTED_EDGE('',*,*,#7293,.T.);
#13307 = ORIENTED_EDGE('',*,*,#13235,.F.);
#13308 = ADVANCED_FACE('',(#13309),#6445,.T.);
#13309 = FACE_BOUND('',#13310,.T.);
#13310 = EDGE_LOOP('',(#13311,#13312,#13313,#13314));
#13311 = ORIENTED_EDGE('',*,*,#6429,.F.);
#13312 = ORIENTED_EDGE('',*,*,#13263,.F.);
#13313 = ORIENTED_EDGE('',*,*,#12129,.T.);
#13314 = ORIENTED_EDGE('',*,*,#13315,.F.);
#13315 = EDGE_CURVE('',#6402,#12107,#13316,.T.);
#13316 = SURFACE_CURVE('',#13317,(#13321,#13328),.PCURVE_S1.);
#13317 = LINE('',#13318,#13319);
#13318 = CARTESIAN_POINT('',(15.140075839029,-6.271224747883,0.));
#13319 = VECTOR('',#13320,1.);
#13320 = DIRECTION('',(0.,0.,1.));
#13321 = PCURVE('',#6445,#13322);
#13322 = DEFINITIONAL_REPRESENTATION('',(#13323),#13327);
#13323 = LINE('',#13324,#13325);
#13324 = CARTESIAN_POINT('',(4.0725,-0.));
#13325 = VECTOR('',#13326,1.);
#13326 = DIRECTION('',(0.,-1.));
#13327 = ( GEOMETRIC_REPRESENTATION_CONTEXT(2) 
PARAMETRIC_REPRESENTATION_CONTEXT() REPRESENTATION_CONTEXT('2D SPACE',''
  ) );
#13328 = PCURVE('',#6417,#13329);
#13329 = DEFINITIONAL_REPRESENTATION('',(#13330),#13334);
#13330 = LINE('',#13331,#13332);
#13331 = CARTESIAN_POINT('',(0.,0.));
#13332 = VECTOR('',#13333,1.);
#13333 = DIRECTION('',(0.,-1.));
#13334 = ( GEOMETRIC_REPRESENTATION_CONTEXT(2) 
PARAMETRIC_REPRESENTATION_CONTEXT() REPRESENTATION_CONTEXT('2D SPACE',''
  ) );
#13335 = ADVANCED_FACE('',(#13336),#598,.T.);
#13336 = FACE_BOUND('',#13337,.F.);
#13337 = EDGE_LOOP('',(#13338,#13339,#13340,#13341));
#13338 = ORIENTED_EDGE('',*,*,#581,.F.);
#13339 = ORIENTED_EDGE('',*,*,#13288,.F.);
#13340 = ORIENTED_EDGE('',*,*,#7316,.T.);
#13341 = ORIENTED_EDGE('',*,*,#13342,.T.);
#13342 = EDGE_CURVE('',#7317,#582,#13343,.T.);
#13343 = SURFACE_CURVE('',#13344,(#13348,#13354),.PCURVE_S1.);
#13344 = LINE('',#13345,#13346);
#13345 = CARTESIAN_POINT('',(16.345998295513,8.875152940829,0.));
#13346 = VECTOR('',#13347,1.);
#13347 = DIRECTION('',(-0.,-0.,-1.));
#13348 = PCURVE('',#598,#13349);
#13349 = DEFINITIONAL_REPRESENTATION('',(#13350),#13353);
#13350 = B_SPLINE_CURVE_WITH_KNOTS('',1,(#13351,#13352),.UNSPECIFIED.,
  .F.,.F.,(2,2),(-7.0000006,6.E-07),.PIECEWISE_BEZIER_KNOTS.);
#13351 = CARTESIAN_POINT('',(-0.497418836818,-7.0000006));
#13352 = CARTESIAN_POINT('',(-0.497418836818,6.E-07));
#13353 = ( GEOMETRIC_REPRESENTATION_CONTEXT(2) 
PARAMETRIC_REPRESENTATION_CONTEXT() REPRESENTATION_CONTEXT('2D SPACE',''
  ) );
#13354 = PCURVE('',#626,#13355);
#13355 = DEFINITIONAL_REPRESENTATION('',(#13356),#13359);
#13356 = B_SPLINE_CURVE_WITH_KNOTS('',1,(#13357,#13358),.UNSPECIFIED.,
  .F.,.F.,(2,2),(-7.0000006,6.E-07),.PIECEWISE_BEZIER_KNOTS.);
#13357 = CARTESIAN_POINT('',(2.2125,-7.0000006));
#13358 = CARTESIAN_POINT('',(2.2125,6.E-07));
#13359 = ( GEOMETRIC_REPRESENTATION_CONTEXT(2) 
PARAMETRIC_REPRESENTATION_CONTEXT() REPRESENTATION_CONTEXT('2D SPACE',''
  ) );
#13360 = ADVANCED_FACE('',(#13361),#6417,.T.);
#13361 = FACE_BOUND('',#13362,.T.);
#13362 = EDGE_LOOP('',(#13363,#13364,#13365,#13386));
#13363 = ORIENTED_EDGE('',*,*,#13315,.T.);
#13364 = ORIENTED_EDGE('',*,*,#12106,.T.);
#13365 = ORIENTED_EDGE('',*,*,#13366,.F.);
#13366 = EDGE_CURVE('',#6374,#12084,#13367,.T.);
#13367 = SURFACE_CURVE('',#13368,(#13372,#13379),.PCURVE_S1.);
#13368 = LINE('',#13369,#13370);
#13369 = CARTESIAN_POINT('',(14.791116347283,-7.055000598946,0.));
#13370 = VECTOR('',#13371,1.);
#13371 = DIRECTION('',(0.,0.,1.));
#13372 = PCURVE('',#6417,#13373);
#13373 = DEFINITIONAL_REPRESENTATION('',(#13374),#13378);
#13374 = LINE('',#13375,#13376);
#13375 = CARTESIAN_POINT('',(0.857949480791,0.));
#13376 = VECTOR('',#13377,1.);
#13377 = DIRECTION('',(0.,-1.));
#13378 = ( GEOMETRIC_REPRESENTATION_CONTEXT(2) 
PARAMETRIC_REPRESENTATION_CONTEXT() REPRESENTATION_CONTEXT('2D SPACE',''
  ) );
#13379 = PCURVE('',#6389,#13380);
#13380 = DEFINITIONAL_REPRESENTATION('',(#13381),#13385);
#13381 = LINE('',#13382,#13383);
#13382 = CARTESIAN_POINT('',(0.,0.));
#13383 = VECTOR('',#13384,1.);
#13384 = DIRECTION('',(0.,-1.));
#13385 = ( GEOMETRIC_REPRESENTATION_CONTEXT(2) 
PARAMETRIC_REPRESENTATION_CONTEXT() REPRESENTATION_CONTEXT('2D SPACE',''
  ) );
#13386 = ORIENTED_EDGE('',*,*,#6401,.F.);
#13387 = ADVANCED_FACE('',(#13388),#626,.T.);
#13388 = FACE_BOUND('',#13389,.T.);
#13389 = EDGE_LOOP('',(#13390,#13391,#13412,#13413));
#13390 = ORIENTED_EDGE('',*,*,#610,.F.);
#13391 = ORIENTED_EDGE('',*,*,#13392,.T.);
#13392 = EDGE_CURVE('',#611,#7341,#13393,.T.);
#13393 = SURFACE_CURVE('',#13394,(#13398,#13405),.PCURVE_S1.);
#13394 = LINE('',#13395,#13396);
#13395 = CARTESIAN_POINT('',(14.401615433748,7.819439183754,0.));
#13396 = VECTOR('',#13397,1.);
#13397 = DIRECTION('',(0.,0.,1.));
#13398 = PCURVE('',#626,#13399);
#13399 = DEFINITIONAL_REPRESENTATION('',(#13400),#13404);
#13400 = LINE('',#13401,#13402);
#13401 = CARTESIAN_POINT('',(0.,0.));
#13402 = VECTOR('',#13403,1.);
#13403 = DIRECTION('',(0.,-1.));
#13404 = ( GEOMETRIC_REPRESENTATION_CONTEXT(2) 
PARAMETRIC_REPRESENTATION_CONTEXT() REPRESENTATION_CONTEXT('2D SPACE',''
  ) );
#13405 = PCURVE('',#654,#13406);
#13406 = DEFINITIONAL_REPRESENTATION('',(#13407),#13411);
#13407 = LINE('',#13408,#13409);
#13408 = CARTESIAN_POINT('',(0.857949480791,0.));
#13409 = VECTOR('',#13410,1.);
#13410 = DIRECTION('',(0.,-1.));
#13411 = ( GEOMETRIC_REPRESENTATION_CONTEXT(2) 
PARAMETRIC_REPRESENTATION_CONTEXT() REPRESENTATION_CONTEXT('2D SPACE',''
  ) );
#13412 = ORIENTED_EDGE('',*,*,#7340,.T.);
#13413 = ORIENTED_EDGE('',*,*,#13342,.T.);
#13414 = ADVANCED_FACE('',(#13415),#6389,.T.);
#13415 = FACE_BOUND('',#13416,.T.);
#13416 = EDGE_LOOP('',(#13417,#13418,#13419,#13420));
#13417 = ORIENTED_EDGE('',*,*,#6373,.F.);
#13418 = ORIENTED_EDGE('',*,*,#13366,.T.);
#13419 = ORIENTED_EDGE('',*,*,#12083,.T.);
#13420 = ORIENTED_EDGE('',*,*,#13421,.T.);
#13421 = EDGE_CURVE('',#12060,#6345,#13422,.T.);
#13422 = SURFACE_CURVE('',#13423,(#13427,#13433),.PCURVE_S1.);
#13423 = LINE('',#13424,#13425);
#13424 = CARTESIAN_POINT('',(16.788086288907,-8.007506400634,0.));
#13425 = VECTOR('',#13426,1.);
#13426 = DIRECTION('',(-0.,-0.,-1.));
#13427 = PCURVE('',#6389,#13428);
#13428 = DEFINITIONAL_REPRESENTATION('',(#13429),#13432);
#13429 = B_SPLINE_CURVE_WITH_KNOTS('',1,(#13430,#13431),.UNSPECIFIED.,
  .F.,.F.,(2,2),(-7.0000006,6.E-07),.PIECEWISE_BEZIER_KNOTS.);
#13430 = CARTESIAN_POINT('',(2.2125,-7.0000006));
#13431 = CARTESIAN_POINT('',(2.2125,6.E-07));
#13432 = ( GEOMETRIC_REPRESENTATION_CONTEXT(2) 
PARAMETRIC_REPRESENTATION_CONTEXT() REPRESENTATION_CONTEXT('2D SPACE',''
  ) );
#13433 = PCURVE('',#6361,#13434);
#13434 = DEFINITIONAL_REPRESENTATION('',(#13435),#13438);
#13435 = B_SPLINE_CURVE_WITH_KNOTS('',1,(#13436,#13437),.UNSPECIFIED.,
  .F.,.F.,(2,2),(-7.0000006,6.E-07),.PIECEWISE_BEZIER_KNOTS.);
#13436 = CARTESIAN_POINT('',(-5.838126347921,-7.0000006));
#13437 = CARTESIAN_POINT('',(-5.838126347921,6.E-07));
#13438 = ( GEOMETRIC_REPRESENTATION_CONTEXT(2) 
PARAMETRIC_REPRESENTATION_CONTEXT() REPRESENTATION_CONTEXT('2D SPACE',''
  ) );
#13439 = ADVANCED_FACE('',(#13440),#654,.T.);
#13440 = FACE_BOUND('',#13441,.T.);
#13441 = EDGE_LOOP('',(#13442,#13463,#13464,#13465));
#13442 = ORIENTED_EDGE('',*,*,#13443,.T.);
#13443 = EDGE_CURVE('',#639,#7364,#13444,.T.);
#13444 = SURFACE_CURVE('',#13445,(#13449,#13456),.PCURVE_S1.);
#13445 = LINE('',#13446,#13447);
#13446 = CARTESIAN_POINT('',(13.972640693353,8.562445229283,0.));
#13447 = VECTOR('',#13448,1.);
#13448 = DIRECTION('',(0.,0.,1.));
#13449 = PCURVE('',#654,#13450);
#13450 = DEFINITIONAL_REPRESENTATION('',(#13451),#13455);
#13451 = LINE('',#13452,#13453);
#13452 = CARTESIAN_POINT('',(0.,0.));
#13453 = VECTOR('',#13454,1.);
#13454 = DIRECTION('',(0.,-1.));
#13455 = ( GEOMETRIC_REPRESENTATION_CONTEXT(2) 
PARAMETRIC_REPRESENTATION_CONTEXT() REPRESENTATION_CONTEXT('2D SPACE',''
  ) );
#13456 = PCURVE('',#682,#13457);
#13457 = DEFINITIONAL_REPRESENTATION('',(#13458),#13462);
#13458 = LINE('',#13459,#13460);
#13459 = CARTESIAN_POINT('',(4.0725,-0.));
#13460 = VECTOR('',#13461,1.);
#13461 = DIRECTION('',(0.,-1.));
#13462 = ( GEOMETRIC_REPRESENTATION_CONTEXT(2) 
PARAMETRIC_REPRESENTATION_CONTEXT() REPRESENTATION_CONTEXT('2D SPACE',''
  ) );
#13463 = ORIENTED_EDGE('',*,*,#7363,.T.);
#13464 = ORIENTED_EDGE('',*,*,#13392,.F.);
#13465 = ORIENTED_EDGE('',*,*,#638,.F.);
#13466 = ADVANCED_FACE('',(#13467),#6361,.T.);
#13467 = FACE_BOUND('',#13468,.F.);
#13468 = EDGE_LOOP('',(#13469,#13470,#13489,#13490));
#13469 = ORIENTED_EDGE('',*,*,#6344,.F.);
#13470 = ORIENTED_EDGE('',*,*,#13471,.F.);
#13471 = EDGE_CURVE('',#12037,#6317,#13472,.T.);
#13472 = SURFACE_CURVE('',#13473,(#13477,#13483),.PCURVE_S1.);
#13473 = LINE('',#13474,#13475);
#13474 = CARTESIAN_POINT('',(16.345998295513,-8.875152940829,0.));
#13475 = VECTOR('',#13476,1.);
#13476 = DIRECTION('',(-0.,-0.,-1.));
#13477 = PCURVE('',#6361,#13478);
#13478 = DEFINITIONAL_REPRESENTATION('',(#13479),#13482);
#13479 = B_SPLINE_CURVE_WITH_KNOTS('',1,(#13480,#13481),.UNSPECIFIED.,
  .F.,.F.,(2,2),(-7.0000006,6.E-07),.PIECEWISE_BEZIER_KNOTS.);
#13480 = CARTESIAN_POINT('',(-5.785766470361,-7.0000006));
#13481 = CARTESIAN_POINT('',(-5.785766470361,6.E-07));
#13482 = ( GEOMETRIC_REPRESENTATION_CONTEXT(2) 
PARAMETRIC_REPRESENTATION_CONTEXT() REPRESENTATION_CONTEXT('2D SPACE',''
  ) );
#13483 = PCURVE('',#6332,#13484);
#13484 = DEFINITIONAL_REPRESENTATION('',(#13485),#13488);
#13485 = B_SPLINE_CURVE_WITH_KNOTS('',1,(#13486,#13487),.UNSPECIFIED.,
  .F.,.F.,(2,2),(-7.0000006,6.E-07),.PIECEWISE_BEZIER_KNOTS.);
#13486 = CARTESIAN_POINT('',(1.86,-7.0000006));
#13487 = CARTESIAN_POINT('',(1.86,6.E-07));
#13488 = ( GEOMETRIC_REPRESENTATION_CONTEXT(2) 
PARAMETRIC_REPRESENTATION_CONTEXT() REPRESENTATION_CONTEXT('2D SPACE',''
  ) );
#13489 = ORIENTED_EDGE('',*,*,#12059,.T.);
#13490 = ORIENTED_EDGE('',*,*,#13421,.T.);
#13491 = ADVANCED_FACE('',(#13492),#682,.T.);
#13492 = FACE_BOUND('',#13493,.T.);
#13493 = EDGE_LOOP('',(#13494,#13495,#13514,#13515));
#13494 = ORIENTED_EDGE('',*,*,#666,.F.);
#13495 = ORIENTED_EDGE('',*,*,#13496,.F.);
#13496 = EDGE_CURVE('',#7387,#667,#13497,.T.);
#13497 = SURFACE_CURVE('',#13498,(#13502,#13508),.PCURVE_S1.);
#13498 = LINE('',#13499,#13500);
#13499 = CARTESIAN_POINT('',(15.859107056986,9.718473303717,0.));
#13500 = VECTOR('',#13501,1.);
#13501 = DIRECTION('',(-0.,-0.,-1.));
#13502 = PCURVE('',#682,#13503);
#13503 = DEFINITIONAL_REPRESENTATION('',(#13504),#13507);
#13504 = B_SPLINE_CURVE_WITH_KNOTS('',1,(#13505,#13506),.UNSPECIFIED.,
  .F.,.F.,(2,2),(-7.0000006,6.E-07),.PIECEWISE_BEZIER_KNOTS.);
#13505 = CARTESIAN_POINT('',(1.86,-7.0000006));
#13506 = CARTESIAN_POINT('',(1.86,6.E-07));
#13507 = ( GEOMETRIC_REPRESENTATION_CONTEXT(2) 
PARAMETRIC_REPRESENTATION_CONTEXT() REPRESENTATION_CONTEXT('2D SPACE',''
  ) );
#13508 = PCURVE('',#711,#13509);
#13509 = DEFINITIONAL_REPRESENTATION('',(#13510),#13513);
#13510 = B_SPLINE_CURVE_WITH_KNOTS('',1,(#13511,#13512),.UNSPECIFIED.,
  .F.,.F.,(2,2),(-7.0000006,6.E-07),.PIECEWISE_BEZIER_KNOTS.);
#13511 = CARTESIAN_POINT('',(-0.549778714378,-7.0000006));
#13512 = CARTESIAN_POINT('',(-0.549778714378,6.E-07));
#13513 = ( GEOMETRIC_REPRESENTATION_CONTEXT(2) 
PARAMETRIC_REPRESENTATION_CONTEXT() REPRESENTATION_CONTEXT('2D SPACE',''
  ) );
#13514 = ORIENTED_EDGE('',*,*,#7386,.T.);
#13515 = ORIENTED_EDGE('',*,*,#13443,.F.);
#13516 = ADVANCED_FACE('',(#13517),#6332,.T.);
#13517 = FACE_BOUND('',#13518,.T.);
#13518 = EDGE_LOOP('',(#13519,#13520,#13521,#13522));
#13519 = ORIENTED_EDGE('',*,*,#6316,.F.);
#13520 = ORIENTED_EDGE('',*,*,#13471,.F.);
#13521 = ORIENTED_EDGE('',*,*,#12036,.T.);
#13522 = ORIENTED_EDGE('',*,*,#13523,.F.);
#13523 = EDGE_CURVE('',#6289,#12014,#13524,.T.);
#13524 = SURFACE_CURVE('',#13525,(#13529,#13536),.PCURVE_S1.);
#13525 = LINE('',#13526,#13527);
#13526 = CARTESIAN_POINT('',(14.401615433748,-7.819439183754,0.));
#13527 = VECTOR('',#13528,1.);
#13528 = DIRECTION('',(0.,0.,1.));
#13529 = PCURVE('',#6332,#13530);
#13530 = DEFINITIONAL_REPRESENTATION('',(#13531),#13535);
#13531 = LINE('',#13532,#13533);
#13532 = CARTESIAN_POINT('',(4.0725,-0.));
#13533 = VECTOR('',#13534,1.);
#13534 = DIRECTION('',(0.,-1.));
#13535 = ( GEOMETRIC_REPRESENTATION_CONTEXT(2) 
PARAMETRIC_REPRESENTATION_CONTEXT() REPRESENTATION_CONTEXT('2D SPACE',''
  ) );
#13536 = PCURVE('',#6304,#13537);
#13537 = DEFINITIONAL_REPRESENTATION('',(#13538),#13542);
#13538 = LINE('',#13539,#13540);
#13539 = CARTESIAN_POINT('',(0.,0.));
#13540 = VECTOR('',#13541,1.);
#13541 = DIRECTION('',(0.,-1.));
#13542 = ( GEOMETRIC_REPRESENTATION_CONTEXT(2) 
PARAMETRIC_REPRESENTATION_CONTEXT() REPRESENTATION_CONTEXT('2D SPACE',''
  ) );
#13543 = ADVANCED_FACE('',(#13544),#711,.T.);
#13544 = FACE_BOUND('',#13545,.F.);
#13545 = EDGE_LOOP('',(#13546,#13547,#13548,#13549));
#13546 = ORIENTED_EDGE('',*,*,#694,.F.);
#13547 = ORIENTED_EDGE('',*,*,#13496,.F.);
#13548 = ORIENTED_EDGE('',*,*,#7409,.T.);
#13549 = ORIENTED_EDGE('',*,*,#13550,.T.);
#13550 = EDGE_CURVE('',#7410,#695,#13551,.T.);
#13551 = SURFACE_CURVE('',#13552,(#13556,#13562),.PCURVE_S1.);
#13552 = LINE('',#13553,#13554);
#13553 = CARTESIAN_POINT('',(15.328747108369,10.535156006802,0.));
#13554 = VECTOR('',#13555,1.);
#13555 = DIRECTION('',(-0.,-0.,-1.));
#13556 = PCURVE('',#711,#13557);
#13557 = DEFINITIONAL_REPRESENTATION('',(#13558),#13561);
#13558 = B_SPLINE_CURVE_WITH_KNOTS('',1,(#13559,#13560),.UNSPECIFIED.,
  .F.,.F.,(2,2),(-7.0000006,6.E-07),.PIECEWISE_BEZIER_KNOTS.);
#13559 = CARTESIAN_POINT('',(-0.602138591938,-7.0000006));
#13560 = CARTESIAN_POINT('',(-0.602138591938,6.E-07));
#13561 = ( GEOMETRIC_REPRESENTATION_CONTEXT(2) 
PARAMETRIC_REPRESENTATION_CONTEXT() REPRESENTATION_CONTEXT('2D SPACE',''
  ) );
#13562 = PCURVE('',#739,#13563);
#13563 = DEFINITIONAL_REPRESENTATION('',(#13564),#13567);
#13564 = B_SPLINE_CURVE_WITH_KNOTS('',1,(#13565,#13566),.UNSPECIFIED.,
  .F.,.F.,(2,2),(-7.0000006,6.E-07),.PIECEWISE_BEZIER_KNOTS.);
#13565 = CARTESIAN_POINT('',(2.2125,-7.0000006));
#13566 = CARTESIAN_POINT('',(2.2125,6.E-07));
#13567 = ( GEOMETRIC_REPRESENTATION_CONTEXT(2) 
PARAMETRIC_REPRESENTATION_CONTEXT() REPRESENTATION_CONTEXT('2D SPACE',''
  ) );
#13568 = ADVANCED_FACE('',(#13569),#6304,.T.);
#13569 = FACE_BOUND('',#13570,.T.);
#13570 = EDGE_LOOP('',(#13571,#13572,#13573,#13594));
#13571 = ORIENTED_EDGE('',*,*,#13523,.T.);
#13572 = ORIENTED_EDGE('',*,*,#12013,.T.);
#13573 = ORIENTED_EDGE('',*,*,#13574,.F.);
#13574 = EDGE_CURVE('',#6261,#11991,#13575,.T.);
#13575 = SURFACE_CURVE('',#13576,(#13580,#13587),.PCURVE_S1.);
#13576 = LINE('',#13577,#13578);
#13577 = CARTESIAN_POINT('',(13.972640693353,-8.562445229283,0.));
#13578 = VECTOR('',#13579,1.);
#13579 = DIRECTION('',(0.,0.,1.));
#13580 = PCURVE('',#6304,#13581);
#13581 = DEFINITIONAL_REPRESENTATION('',(#13582),#13586);
#13582 = LINE('',#13583,#13584);
#13583 = CARTESIAN_POINT('',(0.857949480791,0.));
#13584 = VECTOR('',#13585,1.);
#13585 = DIRECTION('',(0.,-1.));
#13586 = ( GEOMETRIC_REPRESENTATION_CONTEXT(2) 
PARAMETRIC_REPRESENTATION_CONTEXT() REPRESENTATION_CONTEXT('2D SPACE',''
  ) );
#13587 = PCURVE('',#6276,#13588);
#13588 = DEFINITIONAL_REPRESENTATION('',(#13589),#13593);
#13589 = LINE('',#13590,#13591);
#13590 = CARTESIAN_POINT('',(0.,0.));
#13591 = VECTOR('',#13592,1.);
#13592 = DIRECTION('',(0.,-1.));
#13593 = ( GEOMETRIC_REPRESENTATION_CONTEXT(2) 
PARAMETRIC_REPRESENTATION_CONTEXT() REPRESENTATION_CONTEXT('2D SPACE',''
  ) );
#13594 = ORIENTED_EDGE('',*,*,#6288,.F.);
#13595 = ADVANCED_FACE('',(#13596),#739,.T.);
#13596 = FACE_BOUND('',#13597,.T.);
#13597 = EDGE_LOOP('',(#13598,#13599,#13620,#13621));
#13598 = ORIENTED_EDGE('',*,*,#723,.F.);
#13599 = ORIENTED_EDGE('',*,*,#13600,.T.);
#13600 = EDGE_CURVE('',#724,#7434,#13601,.T.);
#13601 = SURFACE_CURVE('',#13602,(#13606,#13613),.PCURVE_S1.);
#13602 = LINE('',#13603,#13604);
#13603 = CARTESIAN_POINT('',(13.505367916043,9.281982207606,0.));
#13604 = VECTOR('',#13605,1.);
#13605 = DIRECTION('',(0.,0.,1.));
#13606 = PCURVE('',#739,#13607);
#13607 = DEFINITIONAL_REPRESENTATION('',(#13608),#13612);
#13608 = LINE('',#13609,#13610);
#13609 = CARTESIAN_POINT('',(0.,0.));
#13610 = VECTOR('',#13611,1.);
#13611 = DIRECTION('',(0.,-1.));
#13612 = ( GEOMETRIC_REPRESENTATION_CONTEXT(2) 
PARAMETRIC_REPRESENTATION_CONTEXT() REPRESENTATION_CONTEXT('2D SPACE',''
  ) );
#13613 = PCURVE('',#767,#13614);
#13614 = DEFINITIONAL_REPRESENTATION('',(#13615),#13619);
#13615 = LINE('',#13616,#13617);
#13616 = CARTESIAN_POINT('',(0.857949480791,0.));
#13617 = VECTOR('',#13618,1.);
#13618 = DIRECTION('',(0.,-1.));
#13619 = ( GEOMETRIC_REPRESENTATION_CONTEXT(2) 
PARAMETRIC_REPRESENTATION_CONTEXT() REPRESENTATION_CONTEXT('2D SPACE',''
  ) );
#13620 = ORIENTED_EDGE('',*,*,#7433,.T.);
#13621 = ORIENTED_EDGE('',*,*,#13550,.T.);
#13622 = ADVANCED_FACE('',(#13623),#6276,.T.);
#13623 = FACE_BOUND('',#13624,.T.);
#13624 = EDGE_LOOP('',(#13625,#13626,#13627,#13628));
#13625 = ORIENTED_EDGE('',*,*,#6260,.F.);
#13626 = ORIENTED_EDGE('',*,*,#13574,.T.);
#13627 = ORIENTED_EDGE('',*,*,#11990,.T.);
#13628 = ORIENTED_EDGE('',*,*,#13629,.T.);
#13629 = EDGE_CURVE('',#11967,#6232,#13630,.T.);
#13630 = SURFACE_CURVE('',#13631,(#13635,#13641),.PCURVE_S1.);
#13631 = LINE('',#13632,#13633);
#13632 = CARTESIAN_POINT('',(15.859107056986,-9.718473303717,0.));
#13633 = VECTOR('',#13634,1.);
#13634 = DIRECTION('',(-0.,-0.,-1.));
#13635 = PCURVE('',#6276,#13636);
#13636 = DEFINITIONAL_REPRESENTATION('',(#13637),#13640);
#13637 = B_SPLINE_CURVE_WITH_KNOTS('',1,(#13638,#13639),.UNSPECIFIED.,
  .F.,.F.,(2,2),(-7.0000006,6.E-07),.PIECEWISE_BEZIER_KNOTS.);
#13638 = CARTESIAN_POINT('',(2.2125,-7.0000006));
#13639 = CARTESIAN_POINT('',(2.2125,6.E-07));
#13640 = ( GEOMETRIC_REPRESENTATION_CONTEXT(2) 
PARAMETRIC_REPRESENTATION_CONTEXT() REPRESENTATION_CONTEXT('2D SPACE',''
  ) );
#13641 = PCURVE('',#6248,#13642);
#13642 = DEFINITIONAL_REPRESENTATION('',(#13643),#13646);
#13643 = B_SPLINE_CURVE_WITH_KNOTS('',1,(#13644,#13645),.UNSPECIFIED.,
  .F.,.F.,(2,2),(-7.0000006,6.E-07),.PIECEWISE_BEZIER_KNOTS.);
#13644 = CARTESIAN_POINT('',(-5.733406592801,-7.0000006));
#13645 = CARTESIAN_POINT('',(-5.733406592801,6.E-07));
#13646 = ( GEOMETRIC_REPRESENTATION_CONTEXT(2) 
PARAMETRIC_REPRESENTATION_CONTEXT() REPRESENTATION_CONTEXT('2D SPACE',''
  ) );
#13647 = ADVANCED_FACE('',(#13648),#767,.T.);
#13648 = FACE_BOUND('',#13649,.T.);
#13649 = EDGE_LOOP('',(#13650,#13671,#13672,#13673));
#13650 = ORIENTED_EDGE('',*,*,#13651,.T.);
#13651 = EDGE_CURVE('',#752,#7457,#13652,.T.);
#13652 = SURFACE_CURVE('',#13653,(#13657,#13664),.PCURVE_S1.);
#13653 = LINE('',#13654,#13655);
#13654 = CARTESIAN_POINT('',(13.001077864023,9.97607791788,0.));
#13655 = VECTOR('',#13656,1.);
#13656 = DIRECTION('',(0.,0.,1.));
#13657 = PCURVE('',#767,#13658);
#13658 = DEFINITIONAL_REPRESENTATION('',(#13659),#13663);
#13659 = LINE('',#13660,#13661);
#13660 = CARTESIAN_POINT('',(0.,0.));
#13661 = VECTOR('',#13662,1.);
#13662 = DIRECTION('',(0.,-1.));
#13663 = ( GEOMETRIC_REPRESENTATION_CONTEXT(2) 
PARAMETRIC_REPRESENTATION_CONTEXT() REPRESENTATION_CONTEXT('2D SPACE',''
  ) );
#13664 = PCURVE('',#795,#13665);
#13665 = DEFINITIONAL_REPRESENTATION('',(#13666),#13670);
#13666 = LINE('',#13667,#13668);
#13667 = CARTESIAN_POINT('',(4.0725,-0.));
#13668 = VECTOR('',#13669,1.);
#13669 = DIRECTION('',(0.,-1.));
#13670 = ( GEOMETRIC_REPRESENTATION_CONTEXT(2) 
PARAMETRIC_REPRESENTATION_CONTEXT() REPRESENTATION_CONTEXT('2D SPACE',''
  ) );
#13671 = ORIENTED_EDGE('',*,*,#7456,.T.);
#13672 = ORIENTED_EDGE('',*,*,#13600,.F.);
#13673 = ORIENTED_EDGE('',*,*,#751,.F.);
#13674 = ADVANCED_FACE('',(#13675),#6248,.T.);
#13675 = FACE_BOUND('',#13676,.F.);
#13676 = EDGE_LOOP('',(#13677,#13678,#13697,#13698));
#13677 = ORIENTED_EDGE('',*,*,#6231,.F.);
#13678 = ORIENTED_EDGE('',*,*,#13679,.F.);
#13679 = EDGE_CURVE('',#11944,#6204,#13680,.T.);
#13680 = SURFACE_CURVE('',#13681,(#13685,#13691),.PCURVE_S1.);
#13681 = LINE('',#13682,#13683);
#13682 = CARTESIAN_POINT('',(15.328747108369,-10.5351560068,0.));
#13683 = VECTOR('',#13684,1.);
#13684 = DIRECTION('',(-0.,-0.,-1.));
#13685 = PCURVE('',#6248,#13686);
#13686 = DEFINITIONAL_REPRESENTATION('',(#13687),#13690);
#13687 = B_SPLINE_CURVE_WITH_KNOTS('',1,(#13688,#13689),.UNSPECIFIED.,
  .F.,.F.,(2,2),(-7.0000006,6.E-07),.PIECEWISE_BEZIER_KNOTS.);
#13688 = CARTESIAN_POINT('',(-5.681046715242,-7.0000006));
#13689 = CARTESIAN_POINT('',(-5.681046715242,6.E-07));
#13690 = ( GEOMETRIC_REPRESENTATION_CONTEXT(2) 
PARAMETRIC_REPRESENTATION_CONTEXT() REPRESENTATION_CONTEXT('2D SPACE',''
  ) );
#13691 = PCURVE('',#6219,#13692);
#13692 = DEFINITIONAL_REPRESENTATION('',(#13693),#13696);
#13693 = B_SPLINE_CURVE_WITH_KNOTS('',1,(#13694,#13695),.UNSPECIFIED.,
  .F.,.F.,(2,2),(-7.0000006,6.E-07),.PIECEWISE_BEZIER_KNOTS.);
#13694 = CARTESIAN_POINT('',(1.86,-7.0000006));
#13695 = CARTESIAN_POINT('',(1.86,6.E-07));
#13696 = ( GEOMETRIC_REPRESENTATION_CONTEXT(2) 
PARAMETRIC_REPRESENTATION_CONTEXT() REPRESENTATION_CONTEXT('2D SPACE',''
  ) );
#13697 = ORIENTED_EDGE('',*,*,#11966,.T.);
#13698 = ORIENTED_EDGE('',*,*,#13629,.T.);
#13699 = ADVANCED_FACE('',(#13700),#795,.T.);
#13700 = FACE_BOUND('',#13701,.T.);
#13701 = EDGE_LOOP('',(#13702,#13703,#13722,#13723));
#13702 = ORIENTED_EDGE('',*,*,#779,.F.);
#13703 = ORIENTED_EDGE('',*,*,#13704,.F.);
#13704 = EDGE_CURVE('',#7480,#780,#13705,.T.);
#13705 = SURFACE_CURVE('',#13706,(#13710,#13716),.PCURVE_S1.);
#13706 = LINE('',#13707,#13708);
#13707 = CARTESIAN_POINT('',(14.756372129417,11.322962579562,0.));
#13708 = VECTOR('',#13709,1.);
#13709 = DIRECTION('',(-0.,-0.,-1.));
#13710 = PCURVE('',#795,#13711);
#13711 = DEFINITIONAL_REPRESENTATION('',(#13712),#13715);
#13712 = B_SPLINE_CURVE_WITH_KNOTS('',1,(#13713,#13714),.UNSPECIFIED.,
  .F.,.F.,(2,2),(-7.0000006,6.E-07),.PIECEWISE_BEZIER_KNOTS.);
#13713 = CARTESIAN_POINT('',(1.86,-7.0000006));
#13714 = CARTESIAN_POINT('',(1.86,6.E-07));
#13715 = ( GEOMETRIC_REPRESENTATION_CONTEXT(2) 
PARAMETRIC_REPRESENTATION_CONTEXT() REPRESENTATION_CONTEXT('2D SPACE',''
  ) );
#13716 = PCURVE('',#824,#13717);
#13717 = DEFINITIONAL_REPRESENTATION('',(#13718),#13721);
#13718 = B_SPLINE_CURVE_WITH_KNOTS('',1,(#13719,#13720),.UNSPECIFIED.,
  .F.,.F.,(2,2),(-7.0000006,6.E-07),.PIECEWISE_BEZIER_KNOTS.);
#13719 = CARTESIAN_POINT('',(-0.654498469498,-7.0000006));
#13720 = CARTESIAN_POINT('',(-0.654498469498,6.E-07));
#13721 = ( GEOMETRIC_REPRESENTATION_CONTEXT(2) 
PARAMETRIC_REPRESENTATION_CONTEXT() REPRESENTATION_CONTEXT('2D SPACE',''
  ) );
#13722 = ORIENTED_EDGE('',*,*,#7479,.T.);
#13723 = ORIENTED_EDGE('',*,*,#13651,.F.);
#13724 = ADVANCED_FACE('',(#13725),#6219,.T.);
#13725 = FACE_BOUND('',#13726,.T.);
#13726 = EDGE_LOOP('',(#13727,#13728,#13729,#13730));
#13727 = ORIENTED_EDGE('',*,*,#6203,.F.);
#13728 = ORIENTED_EDGE('',*,*,#13679,.F.);
#13729 = ORIENTED_EDGE('',*,*,#11943,.T.);
#13730 = ORIENTED_EDGE('',*,*,#13731,.F.);
#13731 = EDGE_CURVE('',#6176,#11921,#13732,.T.);
#13732 = SURFACE_CURVE('',#13733,(#13737,#13744),.PCURVE_S1.);
#13733 = LINE('',#13734,#13735);
#13734 = CARTESIAN_POINT('',(13.505367916043,-9.281982207606,0.));
#13735 = VECTOR('',#13736,1.);
#13736 = DIRECTION('',(0.,0.,1.));
#13737 = PCURVE('',#6219,#13738);
#13738 = DEFINITIONAL_REPRESENTATION('',(#13739),#13743);
#13739 = LINE('',#13740,#13741);
#13740 = CARTESIAN_POINT('',(4.0725,-0.));
#13741 = VECTOR('',#13742,1.);
#13742 = DIRECTION('',(0.,-1.));
#13743 = ( GEOMETRIC_REPRESENTATION_CONTEXT(2) 
PARAMETRIC_REPRESENTATION_CONTEXT() REPRESENTATION_CONTEXT('2D SPACE',''
  ) );
#13744 = PCURVE('',#6191,#13745);
#13745 = DEFINITIONAL_REPRESENTATION('',(#13746),#13750);
#13746 = LINE('',#13747,#13748);
#13747 = CARTESIAN_POINT('',(0.,0.));
#13748 = VECTOR('',#13749,1.);
#13749 = DIRECTION('',(0.,-1.));
#13750 = ( GEOMETRIC_REPRESENTATION_CONTEXT(2) 
PARAMETRIC_REPRESENTATION_CONTEXT() REPRESENTATION_CONTEXT('2D SPACE',''
  ) );
#13751 = ADVANCED_FACE('',(#13752),#824,.T.);
#13752 = FACE_BOUND('',#13753,.F.);
#13753 = EDGE_LOOP('',(#13754,#13755,#13756,#13757));
#13754 = ORIENTED_EDGE('',*,*,#807,.F.);
#13755 = ORIENTED_EDGE('',*,*,#13704,.F.);
#13756 = ORIENTED_EDGE('',*,*,#7502,.T.);
#13757 = ORIENTED_EDGE('',*,*,#13758,.T.);
#13758 = EDGE_CURVE('',#7503,#808,#13759,.T.);
#13759 = SURFACE_CURVE('',#13760,(#13764,#13770),.PCURVE_S1.);
#13760 = LINE('',#13761,#13762);
#13761 = CARTESIAN_POINT('',(14.143550960161,12.079733698941,0.));
#13762 = VECTOR('',#13763,1.);
#13763 = DIRECTION('',(-0.,-0.,-1.));
#13764 = PCURVE('',#824,#13765);
#13765 = DEFINITIONAL_REPRESENTATION('',(#13766),#13769);
#13766 = B_SPLINE_CURVE_WITH_KNOTS('',1,(#13767,#13768),.UNSPECIFIED.,
  .F.,.F.,(2,2),(-7.0000006,6.E-07),.PIECEWISE_BEZIER_KNOTS.);
#13767 = CARTESIAN_POINT('',(-0.706858347058,-7.0000006));
#13768 = CARTESIAN_POINT('',(-0.706858347058,6.E-07));
#13769 = ( GEOMETRIC_REPRESENTATION_CONTEXT(2) 
PARAMETRIC_REPRESENTATION_CONTEXT() REPRESENTATION_CONTEXT('2D SPACE',''
  ) );
#13770 = PCURVE('',#852,#13771);
#13771 = DEFINITIONAL_REPRESENTATION('',(#13772),#13775);
#13772 = B_SPLINE_CURVE_WITH_KNOTS('',1,(#13773,#13774),.UNSPECIFIED.,
  .F.,.F.,(2,2),(-7.0000006,6.E-07),.PIECEWISE_BEZIER_KNOTS.);
#13773 = CARTESIAN_POINT('',(2.2125,-7.0000006));
#13774 = CARTESIAN_POINT('',(2.2125,6.E-07));
#13775 = ( GEOMETRIC_REPRESENTATION_CONTEXT(2) 
PARAMETRIC_REPRESENTATION_CONTEXT() REPRESENTATION_CONTEXT('2D SPACE',''
  ) );
#13776 = ADVANCED_FACE('',(#13777),#6191,.T.);
#13777 = FACE_BOUND('',#13778,.T.);
#13778 = EDGE_LOOP('',(#13779,#13780,#13781,#13802));
#13779 = ORIENTED_EDGE('',*,*,#13731,.T.);
#13780 = ORIENTED_EDGE('',*,*,#11920,.T.);
#13781 = ORIENTED_EDGE('',*,*,#13782,.F.);
#13782 = EDGE_CURVE('',#6148,#11898,#13783,.T.);
#13783 = SURFACE_CURVE('',#13784,(#13788,#13795),.PCURVE_S1.);
#13784 = LINE('',#13785,#13786);
#13785 = CARTESIAN_POINT('',(13.001077864023,-9.97607791788,0.));
#13786 = VECTOR('',#13787,1.);
#13787 = DIRECTION('',(0.,0.,1.));
#13788 = PCURVE('',#6191,#13789);
#13789 = DEFINITIONAL_REPRESENTATION('',(#13790),#13794);
#13790 = LINE('',#13791,#13792);
#13791 = CARTESIAN_POINT('',(0.857949480791,0.));
#13792 = VECTOR('',#13793,1.);
#13793 = DIRECTION('',(0.,-1.));
#13794 = ( GEOMETRIC_REPRESENTATION_CONTEXT(2) 
PARAMETRIC_REPRESENTATION_CONTEXT() REPRESENTATION_CONTEXT('2D SPACE',''
  ) );
#13795 = PCURVE('',#6163,#13796);
#13796 = DEFINITIONAL_REPRESENTATION('',(#13797),#13801);
#13797 = LINE('',#13798,#13799);
#13798 = CARTESIAN_POINT('',(0.,0.));
#13799 = VECTOR('',#13800,1.);
#13800 = DIRECTION('',(0.,-1.));
#13801 = ( GEOMETRIC_REPRESENTATION_CONTEXT(2) 
PARAMETRIC_REPRESENTATION_CONTEXT() REPRESENTATION_CONTEXT('2D SPACE',''
  ) );
#13802 = ORIENTED_EDGE('',*,*,#6175,.F.);
#13803 = ADVANCED_FACE('',(#13804),#852,.T.);
#13804 = FACE_BOUND('',#13805,.T.);
#13805 = EDGE_LOOP('',(#13806,#13807,#13828,#13829));
#13806 = ORIENTED_EDGE('',*,*,#836,.F.);
#13807 = ORIENTED_EDGE('',*,*,#13808,.T.);
#13808 = EDGE_CURVE('',#837,#7527,#13809,.T.);
#13809 = SURFACE_CURVE('',#13810,(#13814,#13821),.PCURVE_S1.);
#13810 = LINE('',#13811,#13812);
#13811 = CARTESIAN_POINT('',(12.461152761271,10.642829892011,0.));
#13812 = VECTOR('',#13813,1.);
#13813 = DIRECTION('',(0.,0.,1.));
#13814 = PCURVE('',#852,#13815);
#13815 = DEFINITIONAL_REPRESENTATION('',(#13816),#13820);
#13816 = LINE('',#13817,#13818);
#13817 = CARTESIAN_POINT('',(0.,0.));
#13818 = VECTOR('',#13819,1.);
#13819 = DIRECTION('',(0.,-1.));
#13820 = ( GEOMETRIC_REPRESENTATION_CONTEXT(2) 
PARAMETRIC_REPRESENTATION_CONTEXT() REPRESENTATION_CONTEXT('2D SPACE',''
  ) );
#13821 = PCURVE('',#880,#13822);
#13822 = DEFINITIONAL_REPRESENTATION('',(#13823),#13827);
#13823 = LINE('',#13824,#13825);
#13824 = CARTESIAN_POINT('',(0.857949480791,0.));
#13825 = VECTOR('',#13826,1.);
#13826 = DIRECTION('',(0.,-1.));
#13827 = ( GEOMETRIC_REPRESENTATION_CONTEXT(2) 
PARAMETRIC_REPRESENTATION_CONTEXT() REPRESENTATION_CONTEXT('2D SPACE',''
  ) );
#13828 = ORIENTED_EDGE('',*,*,#7526,.T.);
#13829 = ORIENTED_EDGE('',*,*,#13758,.T.);
#13830 = ADVANCED_FACE('',(#13831),#6163,.T.);
#13831 = FACE_BOUND('',#13832,.T.);
#13832 = EDGE_LOOP('',(#13833,#13834,#13835,#13836));
#13833 = ORIENTED_EDGE('',*,*,#6147,.F.);
#13834 = ORIENTED_EDGE('',*,*,#13782,.T.);
#13835 = ORIENTED_EDGE('',*,*,#11897,.T.);
#13836 = ORIENTED_EDGE('',*,*,#13837,.T.);
#13837 = EDGE_CURVE('',#11874,#6119,#13838,.T.);
#13838 = SURFACE_CURVE('',#13839,(#13843,#13849),.PCURVE_S1.);
#13839 = LINE('',#13840,#13841);
#13840 = CARTESIAN_POINT('',(14.756372129417,-11.32296257956,0.));
#13841 = VECTOR('',#13842,1.);
#13842 = DIRECTION('',(-0.,-0.,-1.));
#13843 = PCURVE('',#6163,#13844);
#13844 = DEFINITIONAL_REPRESENTATION('',(#13845),#13848);
#13845 = B_SPLINE_CURVE_WITH_KNOTS('',1,(#13846,#13847),.UNSPECIFIED.,
  .F.,.F.,(2,2),(-7.0000006,6.E-07),.PIECEWISE_BEZIER_KNOTS.);
#13846 = CARTESIAN_POINT('',(2.2125,-7.0000006));
#13847 = CARTESIAN_POINT('',(2.2125,6.E-07));
#13848 = ( GEOMETRIC_REPRESENTATION_CONTEXT(2) 
PARAMETRIC_REPRESENTATION_CONTEXT() REPRESENTATION_CONTEXT('2D SPACE',''
  ) );
#13849 = PCURVE('',#6135,#13850);
#13850 = DEFINITIONAL_REPRESENTATION('',(#13851),#13854);
#13851 = B_SPLINE_CURVE_WITH_KNOTS('',1,(#13852,#13853),.UNSPECIFIED.,
  .F.,.F.,(2,2),(-7.0000006,6.E-07),.PIECEWISE_BEZIER_KNOTS.);
#13852 = CARTESIAN_POINT('',(-5.628686837682,-7.0000006));
#13853 = CARTESIAN_POINT('',(-5.628686837682,6.E-07));
#13854 = ( GEOMETRIC_REPRESENTATION_CONTEXT(2) 
PARAMETRIC_REPRESENTATION_CONTEXT() REPRESENTATION_CONTEXT('2D SPACE',''
  ) );
#13855 = ADVANCED_FACE('',(#13856),#880,.T.);
#13856 = FACE_BOUND('',#13857,.T.);
#13857 = EDGE_LOOP('',(#13858,#13879,#13880,#13881));
#13858 = ORIENTED_EDGE('',*,*,#13859,.T.);
#13859 = EDGE_CURVE('',#865,#7550,#13860,.T.);
#13860 = SURFACE_CURVE('',#13861,(#13865,#13872),.PCURVE_S1.);
#13861 = LINE('',#13862,#13863);
#13862 = CARTESIAN_POINT('',(11.887072504964,11.280410609181,0.));
#13863 = VECTOR('',#13864,1.);
#13864 = DIRECTION('',(0.,0.,1.));
#13865 = PCURVE('',#880,#13866);
#13866 = DEFINITIONAL_REPRESENTATION('',(#13867),#13871);
#13867 = LINE('',#13868,#13869);
#13868 = CARTESIAN_POINT('',(0.,0.));
#13869 = VECTOR('',#13870,1.);
#13870 = DIRECTION('',(0.,-1.));
#13871 = ( GEOMETRIC_REPRESENTATION_CONTEXT(2) 
PARAMETRIC_REPRESENTATION_CONTEXT() REPRESENTATION_CONTEXT('2D SPACE',''
  ) );
#13872 = PCURVE('',#908,#13873);
#13873 = DEFINITIONAL_REPRESENTATION('',(#13874),#13878);
#13874 = LINE('',#13875,#13876);
#13875 = CARTESIAN_POINT('',(4.0725,-0.));
#13876 = VECTOR('',#13877,1.);
#13877 = DIRECTION('',(0.,-1.));
#13878 = ( GEOMETRIC_REPRESENTATION_CONTEXT(2) 
PARAMETRIC_REPRESENTATION_CONTEXT() REPRESENTATION_CONTEXT('2D SPACE',''
  ) );
#13879 = ORIENTED_EDGE('',*,*,#7549,.T.);
#13880 = ORIENTED_EDGE('',*,*,#13808,.F.);
#13881 = ORIENTED_EDGE('',*,*,#864,.F.);
#13882 = ADVANCED_FACE('',(#13883),#6135,.T.);
#13883 = FACE_BOUND('',#13884,.F.);
#13884 = EDGE_LOOP('',(#13885,#13886,#13905,#13906));
#13885 = ORIENTED_EDGE('',*,*,#6118,.F.);
#13886 = ORIENTED_EDGE('',*,*,#13887,.F.);
#13887 = EDGE_CURVE('',#11851,#6091,#13888,.T.);
#13888 = SURFACE_CURVE('',#13889,(#13893,#13899),.PCURVE_S1.);
#13889 = LINE('',#13890,#13891);
#13890 = CARTESIAN_POINT('',(14.143550960161,-12.07973369894,0.));
#13891 = VECTOR('',#13892,1.);
#13892 = DIRECTION('',(-0.,-0.,-1.));
#13893 = PCURVE('',#6135,#13894);
#13894 = DEFINITIONAL_REPRESENTATION('',(#13895),#13898);
#13895 = B_SPLINE_CURVE_WITH_KNOTS('',1,(#13896,#13897),.UNSPECIFIED.,
  .F.,.F.,(2,2),(-7.0000006,6.E-07),.PIECEWISE_BEZIER_KNOTS.);
#13896 = CARTESIAN_POINT('',(-5.576326960122,-7.0000006));
#13897 = CARTESIAN_POINT('',(-5.576326960122,6.E-07));
#13898 = ( GEOMETRIC_REPRESENTATION_CONTEXT(2) 
PARAMETRIC_REPRESENTATION_CONTEXT() REPRESENTATION_CONTEXT('2D SPACE',''
  ) );
#13899 = PCURVE('',#6106,#13900);
#13900 = DEFINITIONAL_REPRESENTATION('',(#13901),#13904);
#13901 = B_SPLINE_CURVE_WITH_KNOTS('',1,(#13902,#13903),.UNSPECIFIED.,
  .F.,.F.,(2,2),(-7.0000006,6.E-07),.PIECEWISE_BEZIER_KNOTS.);
#13902 = CARTESIAN_POINT('',(1.86,-7.0000006));
#13903 = CARTESIAN_POINT('',(1.86,6.E-07));
#13904 = ( GEOMETRIC_REPRESENTATION_CONTEXT(2) 
PARAMETRIC_REPRESENTATION_CONTEXT() REPRESENTATION_CONTEXT('2D SPACE',''
  ) );
#13905 = ORIENTED_EDGE('',*,*,#11873,.T.);
#13906 = ORIENTED_EDGE('',*,*,#13837,.T.);
#13907 = ADVANCED_FACE('',(#13908),#908,.T.);
#13908 = FACE_BOUND('',#13909,.T.);
#13909 = EDGE_LOOP('',(#13910,#13911,#13930,#13931));
#13910 = ORIENTED_EDGE('',*,*,#892,.F.);
#13911 = ORIENTED_EDGE('',*,*,#13912,.F.);
#13912 = EDGE_CURVE('',#7573,#893,#13913,.T.);
#13913 = SURFACE_CURVE('',#13914,(#13918,#13924),.PCURVE_S1.);
#13914 = LINE('',#13915,#13916);
#13915 = CARTESIAN_POINT('',(13.491963300829,12.803395107904,0.));
#13916 = VECTOR('',#13917,1.);
#13917 = DIRECTION('',(-0.,-0.,-1.));
#13918 = PCURVE('',#908,#13919);
#13919 = DEFINITIONAL_REPRESENTATION('',(#13920),#13923);
#13920 = B_SPLINE_CURVE_WITH_KNOTS('',1,(#13921,#13922),.UNSPECIFIED.,
  .F.,.F.,(2,2),(-7.0000006,6.E-07),.PIECEWISE_BEZIER_KNOTS.);
#13921 = CARTESIAN_POINT('',(1.86,-7.0000006));
#13922 = CARTESIAN_POINT('',(1.86,6.E-07));
#13923 = ( GEOMETRIC_REPRESENTATION_CONTEXT(2) 
PARAMETRIC_REPRESENTATION_CONTEXT() REPRESENTATION_CONTEXT('2D SPACE',''
  ) );
#13924 = PCURVE('',#937,#13925);
#13925 = DEFINITIONAL_REPRESENTATION('',(#13926),#13929);
#13926 = B_SPLINE_CURVE_WITH_KNOTS('',1,(#13927,#13928),.UNSPECIFIED.,
  .F.,.F.,(2,2),(-7.0000006,6.E-07),.PIECEWISE_BEZIER_KNOTS.);
#13927 = CARTESIAN_POINT('',(-0.759218224618,-7.0000006));
#13928 = CARTESIAN_POINT('',(-0.759218224618,6.E-07));
#13929 = ( GEOMETRIC_REPRESENTATION_CONTEXT(2) 
PARAMETRIC_REPRESENTATION_CONTEXT() REPRESENTATION_CONTEXT('2D SPACE',''
  ) );
#13930 = ORIENTED_EDGE('',*,*,#7572,.T.);
#13931 = ORIENTED_EDGE('',*,*,#13859,.F.);
#13932 = ADVANCED_FACE('',(#13933),#6106,.T.);
#13933 = FACE_BOUND('',#13934,.T.);
#13934 = EDGE_LOOP('',(#13935,#13936,#13937,#13938));
#13935 = ORIENTED_EDGE('',*,*,#6090,.F.);
#13936 = ORIENTED_EDGE('',*,*,#13887,.F.);
#13937 = ORIENTED_EDGE('',*,*,#11850,.T.);
#13938 = ORIENTED_EDGE('',*,*,#13939,.F.);
#13939 = EDGE_CURVE('',#6063,#11828,#13940,.T.);
#13940 = SURFACE_CURVE('',#13941,(#13945,#13952),.PCURVE_S1.);
#13941 = LINE('',#13942,#13943);
#13942 = CARTESIAN_POINT('',(12.461152761271,-10.64282989201,0.));
#13943 = VECTOR('',#13944,1.);
#13944 = DIRECTION('',(0.,0.,1.));
#13945 = PCURVE('',#6106,#13946);
#13946 = DEFINITIONAL_REPRESENTATION('',(#13947),#13951);
#13947 = LINE('',#13948,#13949);
#13948 = CARTESIAN_POINT('',(4.0725,-0.));
#13949 = VECTOR('',#13950,1.);
#13950 = DIRECTION('',(0.,-1.));
#13951 = ( GEOMETRIC_REPRESENTATION_CONTEXT(2) 
PARAMETRIC_REPRESENTATION_CONTEXT() REPRESENTATION_CONTEXT('2D SPACE',''
  ) );
#13952 = PCURVE('',#6078,#13953);
#13953 = DEFINITIONAL_REPRESENTATION('',(#13954),#13958);
#13954 = LINE('',#13955,#13956);
#13955 = CARTESIAN_POINT('',(0.,0.));
#13956 = VECTOR('',#13957,1.);
#13957 = DIRECTION('',(0.,-1.));
#13958 = ( GEOMETRIC_REPRESENTATION_CONTEXT(2) 
PARAMETRIC_REPRESENTATION_CONTEXT() REPRESENTATION_CONTEXT('2D SPACE',''
  ) );
#13959 = ADVANCED_FACE('',(#13960),#937,.T.);
#13960 = FACE_BOUND('',#13961,.F.);
#13961 = EDGE_LOOP('',(#13962,#13963,#13964,#13965));
#13962 = ORIENTED_EDGE('',*,*,#920,.F.);
#13963 = ORIENTED_EDGE('',*,*,#13912,.F.);
#13964 = ORIENTED_EDGE('',*,*,#7595,.T.);
#13965 = ORIENTED_EDGE('',*,*,#13966,.T.);
#13966 = EDGE_CURVE('',#7596,#921,#13967,.T.);
#13967 = SURFACE_CURVE('',#13968,(#13972,#13978),.PCURVE_S1.);
#13968 = LINE('',#13969,#13970);
#13969 = CARTESIAN_POINT('',(12.803395107904,13.491963300829,0.));
#13970 = VECTOR('',#13971,1.);
#13971 = DIRECTION('',(-0.,-0.,-1.));
#13972 = PCURVE('',#937,#13973);
#13973 = DEFINITIONAL_REPRESENTATION('',(#13974),#13977);
#13974 = B_SPLINE_CURVE_WITH_KNOTS('',1,(#13975,#13976),.UNSPECIFIED.,
  .F.,.F.,(2,2),(-7.0000006,6.E-07),.PIECEWISE_BEZIER_KNOTS.);
#13975 = CARTESIAN_POINT('',(-0.811578102177,-7.0000006));
#13976 = CARTESIAN_POINT('',(-0.811578102177,6.E-07));
#13977 = ( GEOMETRIC_REPRESENTATION_CONTEXT(2) 
PARAMETRIC_REPRESENTATION_CONTEXT() REPRESENTATION_CONTEXT('2D SPACE',''
  ) );
#13978 = PCURVE('',#965,#13979);
#13979 = DEFINITIONAL_REPRESENTATION('',(#13980),#13983);
#13980 = B_SPLINE_CURVE_WITH_KNOTS('',1,(#13981,#13982),.UNSPECIFIED.,
  .F.,.F.,(2,2),(-7.0000006,6.E-07),.PIECEWISE_BEZIER_KNOTS.);
#13981 = CARTESIAN_POINT('',(2.2125,-7.0000006));
#13982 = CARTESIAN_POINT('',(2.2125,6.E-07));
#13983 = ( GEOMETRIC_REPRESENTATION_CONTEXT(2) 
PARAMETRIC_REPRESENTATION_CONTEXT() REPRESENTATION_CONTEXT('2D SPACE',''
  ) );
#13984 = ADVANCED_FACE('',(#13985),#6078,.T.);
#13985 = FACE_BOUND('',#13986,.T.);
#13986 = EDGE_LOOP('',(#13987,#13988,#13989,#14010));
#13987 = ORIENTED_EDGE('',*,*,#13939,.T.);
#13988 = ORIENTED_EDGE('',*,*,#11827,.T.);
#13989 = ORIENTED_EDGE('',*,*,#13990,.F.);
#13990 = EDGE_CURVE('',#6035,#11805,#13991,.T.);
#13991 = SURFACE_CURVE('',#13992,(#13996,#14003),.PCURVE_S1.);
#13992 = LINE('',#13993,#13994);
#13993 = CARTESIAN_POINT('',(11.887072504964,-11.28041060918,0.));
#13994 = VECTOR('',#13995,1.);
#13995 = DIRECTION('',(0.,0.,1.));
#13996 = PCURVE('',#6078,#13997);
#13997 = DEFINITIONAL_REPRESENTATION('',(#13998),#14002);
#13998 = LINE('',#13999,#14000);
#13999 = CARTESIAN_POINT('',(0.857949480791,0.));
#14000 = VECTOR('',#14001,1.);
#14001 = DIRECTION('',(0.,-1.));
#14002 = ( GEOMETRIC_REPRESENTATION_CONTEXT(2) 
PARAMETRIC_REPRESENTATION_CONTEXT() REPRESENTATION_CONTEXT('2D SPACE',''
  ) );
#14003 = PCURVE('',#6050,#14004);
#14004 = DEFINITIONAL_REPRESENTATION('',(#14005),#14009);
#14005 = LINE('',#14006,#14007);
#14006 = CARTESIAN_POINT('',(0.,0.));
#14007 = VECTOR('',#14008,1.);
#14008 = DIRECTION('',(0.,-1.));
#14009 = ( GEOMETRIC_REPRESENTATION_CONTEXT(2) 
PARAMETRIC_REPRESENTATION_CONTEXT() REPRESENTATION_CONTEXT('2D SPACE',''
  ) );
#14010 = ORIENTED_EDGE('',*,*,#6062,.F.);
#14011 = ADVANCED_FACE('',(#14012),#965,.T.);
#14012 = FACE_BOUND('',#14013,.T.);
#14013 = EDGE_LOOP('',(#14014,#14015,#14036,#14037));
#14014 = ORIENTED_EDGE('',*,*,#949,.F.);
#14015 = ORIENTED_EDGE('',*,*,#14016,.T.);
#14016 = EDGE_CURVE('',#950,#7620,#14017,.T.);
#14017 = SURFACE_CURVE('',#14018,(#14022,#14029),.PCURVE_S1.);
#14018 = LINE('',#14019,#14020);
#14019 = CARTESIAN_POINT('',(11.280410609181,11.887072504964,0.));
#14020 = VECTOR('',#14021,1.);
#14021 = DIRECTION('',(0.,0.,1.));
#14022 = PCURVE('',#965,#14023);
#14023 = DEFINITIONAL_REPRESENTATION('',(#14024),#14028);
#14024 = LINE('',#14025,#14026);
#14025 = CARTESIAN_POINT('',(0.,0.));
#14026 = VECTOR('',#14027,1.);
#14027 = DIRECTION('',(0.,-1.));
#14028 = ( GEOMETRIC_REPRESENTATION_CONTEXT(2) 
PARAMETRIC_REPRESENTATION_CONTEXT() REPRESENTATION_CONTEXT('2D SPACE',''
  ) );
#14029 = PCURVE('',#993,#14030);
#14030 = DEFINITIONAL_REPRESENTATION('',(#14031),#14035);
#14031 = LINE('',#14032,#14033);
#14032 = CARTESIAN_POINT('',(0.857949480791,0.));
#14033 = VECTOR('',#14034,1.);
#14034 = DIRECTION('',(0.,-1.));
#14035 = ( GEOMETRIC_REPRESENTATION_CONTEXT(2) 
PARAMETRIC_REPRESENTATION_CONTEXT() REPRESENTATION_CONTEXT('2D SPACE',''
  ) );
#14036 = ORIENTED_EDGE('',*,*,#7619,.T.);
#14037 = ORIENTED_EDGE('',*,*,#13966,.T.);
#14038 = ADVANCED_FACE('',(#14039),#6050,.T.);
#14039 = FACE_BOUND('',#14040,.T.);
#14040 = EDGE_LOOP('',(#14041,#14042,#14043,#14044));
#14041 = ORIENTED_EDGE('',*,*,#6034,.F.);
#14042 = ORIENTED_EDGE('',*,*,#13990,.T.);
#14043 = ORIENTED_EDGE('',*,*,#11804,.T.);
#14044 = ORIENTED_EDGE('',*,*,#14045,.T.);
#14045 = EDGE_CURVE('',#11781,#6006,#14046,.T.);
#14046 = SURFACE_CURVE('',#14047,(#14051,#14057),.PCURVE_S1.);
#14047 = LINE('',#14048,#14049);
#14048 = CARTESIAN_POINT('',(13.491963300829,-12.8033951079,0.));
#14049 = VECTOR('',#14050,1.);
#14050 = DIRECTION('',(-0.,-0.,-1.));
#14051 = PCURVE('',#6050,#14052);
#14052 = DEFINITIONAL_REPRESENTATION('',(#14053),#14056);
#14053 = B_SPLINE_CURVE_WITH_KNOTS('',1,(#14054,#14055),.UNSPECIFIED.,
  .F.,.F.,(2,2),(-7.0000006,6.E-07),.PIECEWISE_BEZIER_KNOTS.);
#14054 = CARTESIAN_POINT('',(2.2125,-7.0000006));
#14055 = CARTESIAN_POINT('',(2.2125,6.E-07));
#14056 = ( GEOMETRIC_REPRESENTATION_CONTEXT(2) 
PARAMETRIC_REPRESENTATION_CONTEXT() REPRESENTATION_CONTEXT('2D SPACE',''
  ) );
#14057 = PCURVE('',#6022,#14058);
#14058 = DEFINITIONAL_REPRESENTATION('',(#14059),#14062);
#14059 = B_SPLINE_CURVE_WITH_KNOTS('',1,(#14060,#14061),.UNSPECIFIED.,
  .F.,.F.,(2,2),(-7.0000006,6.E-07),.PIECEWISE_BEZIER_KNOTS.);
#14060 = CARTESIAN_POINT('',(-5.523967082562,-7.0000006));
#14061 = CARTESIAN_POINT('',(-5.523967082562,6.E-07));
#14062 = ( GEOMETRIC_REPRESENTATION_CONTEXT(2) 
PARAMETRIC_REPRESENTATION_CONTEXT() REPRESENTATION_CONTEXT('2D SPACE',''
  ) );
#14063 = ADVANCED_FACE('',(#14064),#993,.T.);
#14064 = FACE_BOUND('',#14065,.T.);
#14065 = EDGE_LOOP('',(#14066,#14087,#14088,#14089));
#14066 = ORIENTED_EDGE('',*,*,#14067,.T.);
#14067 = EDGE_CURVE('',#978,#7643,#14068,.T.);
#14068 = SURFACE_CURVE('',#14069,(#14073,#14080),.PCURVE_S1.);
#14069 = LINE('',#14070,#14071);
#14070 = CARTESIAN_POINT('',(10.642829892011,12.461152761271,0.));
#14071 = VECTOR('',#14072,1.);
#14072 = DIRECTION('',(0.,0.,1.));
#14073 = PCURVE('',#993,#14074);
#14074 = DEFINITIONAL_REPRESENTATION('',(#14075),#14079);
#14075 = LINE('',#14076,#14077);
#14076 = CARTESIAN_POINT('',(0.,0.));
#14077 = VECTOR('',#14078,1.);
#14078 = DIRECTION('',(0.,-1.));
#14079 = ( GEOMETRIC_REPRESENTATION_CONTEXT(2) 
PARAMETRIC_REPRESENTATION_CONTEXT() REPRESENTATION_CONTEXT('2D SPACE',''
  ) );
#14080 = PCURVE('',#1021,#14081);
#14081 = DEFINITIONAL_REPRESENTATION('',(#14082),#14086);
#14082 = LINE('',#14083,#14084);
#14083 = CARTESIAN_POINT('',(4.0725,-0.));
#14084 = VECTOR('',#14085,1.);
#14085 = DIRECTION('',(0.,-1.));
#14086 = ( GEOMETRIC_REPRESENTATION_CONTEXT(2) 
PARAMETRIC_REPRESENTATION_CONTEXT() REPRESENTATION_CONTEXT('2D SPACE',''
  ) );
#14087 = ORIENTED_EDGE('',*,*,#7642,.T.);
#14088 = ORIENTED_EDGE('',*,*,#14016,.F.);
#14089 = ORIENTED_EDGE('',*,*,#977,.F.);
#14090 = ADVANCED_FACE('',(#14091),#6022,.T.);
#14091 = FACE_BOUND('',#14092,.F.);
#14092 = EDGE_LOOP('',(#14093,#14094,#14113,#14114));
#14093 = ORIENTED_EDGE('',*,*,#6005,.F.);
#14094 = ORIENTED_EDGE('',*,*,#14095,.F.);
#14095 = EDGE_CURVE('',#11758,#5978,#14096,.T.);
#14096 = SURFACE_CURVE('',#14097,(#14101,#14107),.PCURVE_S1.);
#14097 = LINE('',#14098,#14099);
#14098 = CARTESIAN_POINT('',(12.803395107904,-13.49196330082,0.));
#14099 = VECTOR('',#14100,1.);
#14100 = DIRECTION('',(-0.,-0.,-1.));
#14101 = PCURVE('',#6022,#14102);
#14102 = DEFINITIONAL_REPRESENTATION('',(#14103),#14106);
#14103 = B_SPLINE_CURVE_WITH_KNOTS('',1,(#14104,#14105),.UNSPECIFIED.,
  .F.,.F.,(2,2),(-7.0000006,6.E-07),.PIECEWISE_BEZIER_KNOTS.);
#14104 = CARTESIAN_POINT('',(-5.471607205002,-7.0000006));
#14105 = CARTESIAN_POINT('',(-5.471607205002,6.E-07));
#14106 = ( GEOMETRIC_REPRESENTATION_CONTEXT(2) 
PARAMETRIC_REPRESENTATION_CONTEXT() REPRESENTATION_CONTEXT('2D SPACE',''
  ) );
#14107 = PCURVE('',#5993,#14108);
#14108 = DEFINITIONAL_REPRESENTATION('',(#14109),#14112);
#14109 = B_SPLINE_CURVE_WITH_KNOTS('',1,(#14110,#14111),.UNSPECIFIED.,
  .F.,.F.,(2,2),(-7.0000006,6.E-07),.PIECEWISE_BEZIER_KNOTS.);
#14110 = CARTESIAN_POINT('',(1.86,-7.0000006));
#14111 = CARTESIAN_POINT('',(1.86,6.E-07));
#14112 = ( GEOMETRIC_REPRESENTATION_CONTEXT(2) 
PARAMETRIC_REPRESENTATION_CONTEXT() REPRESENTATION_CONTEXT('2D SPACE',''
  ) );
#14113 = ORIENTED_EDGE('',*,*,#11780,.T.);
#14114 = ORIENTED_EDGE('',*,*,#14045,.T.);
#14115 = ADVANCED_FACE('',(#14116),#1021,.T.);
#14116 = FACE_BOUND('',#14117,.T.);
#14117 = EDGE_LOOP('',(#14118,#14119,#14138,#14139));
#14118 = ORIENTED_EDGE('',*,*,#1005,.F.);
#14119 = ORIENTED_EDGE('',*,*,#14120,.F.);
#14120 = EDGE_CURVE('',#7666,#1006,#14121,.T.);
#14121 = SURFACE_CURVE('',#14122,(#14126,#14132),.PCURVE_S1.);
#14122 = LINE('',#14123,#14124);
#14123 = CARTESIAN_POINT('',(12.079733698941,14.143550960161,0.));
#14124 = VECTOR('',#14125,1.);
#14125 = DIRECTION('',(-0.,-0.,-1.));
#14126 = PCURVE('',#1021,#14127);
#14127 = DEFINITIONAL_REPRESENTATION('',(#14128),#14131);
#14128 = B_SPLINE_CURVE_WITH_KNOTS('',1,(#14129,#14130),.UNSPECIFIED.,
  .F.,.F.,(2,2),(-7.0000006,6.E-07),.PIECEWISE_BEZIER_KNOTS.);
#14129 = CARTESIAN_POINT('',(1.86,-7.0000006));
#14130 = CARTESIAN_POINT('',(1.86,6.E-07));
#14131 = ( GEOMETRIC_REPRESENTATION_CONTEXT(2) 
PARAMETRIC_REPRESENTATION_CONTEXT() REPRESENTATION_CONTEXT('2D SPACE',''
  ) );
#14132 = PCURVE('',#1050,#14133);
#14133 = DEFINITIONAL_REPRESENTATION('',(#14134),#14137);
#14134 = B_SPLINE_CURVE_WITH_KNOTS('',1,(#14135,#14136),.UNSPECIFIED.,
  .F.,.F.,(2,2),(-7.0000006,6.E-07),.PIECEWISE_BEZIER_KNOTS.);
#14135 = CARTESIAN_POINT('',(-0.863937979737,-7.0000006));
#14136 = CARTESIAN_POINT('',(-0.863937979737,6.E-07));
#14137 = ( GEOMETRIC_REPRESENTATION_CONTEXT(2) 
PARAMETRIC_REPRESENTATION_CONTEXT() REPRESENTATION_CONTEXT('2D SPACE',''
  ) );
#14138 = ORIENTED_EDGE('',*,*,#7665,.T.);
#14139 = ORIENTED_EDGE('',*,*,#14067,.F.);
#14140 = ADVANCED_FACE('',(#14141),#5993,.T.);
#14141 = FACE_BOUND('',#14142,.T.);
#14142 = EDGE_LOOP('',(#14143,#14144,#14145,#14146));
#14143 = ORIENTED_EDGE('',*,*,#5977,.F.);
#14144 = ORIENTED_EDGE('',*,*,#14095,.F.);
#14145 = ORIENTED_EDGE('',*,*,#11757,.T.);
#14146 = ORIENTED_EDGE('',*,*,#14147,.F.);
#14147 = EDGE_CURVE('',#5950,#11735,#14148,.T.);
#14148 = SURFACE_CURVE('',#14149,(#14153,#14160),.PCURVE_S1.);
#14149 = LINE('',#14150,#14151);
#14150 = CARTESIAN_POINT('',(11.280410609181,-11.88707250496,0.));
#14151 = VECTOR('',#14152,1.);
#14152 = DIRECTION('',(0.,0.,1.));
#14153 = PCURVE('',#5993,#14154);
#14154 = DEFINITIONAL_REPRESENTATION('',(#14155),#14159);
#14155 = LINE('',#14156,#14157);
#14156 = CARTESIAN_POINT('',(4.0725,-0.));
#14157 = VECTOR('',#14158,1.);
#14158 = DIRECTION('',(0.,-1.));
#14159 = ( GEOMETRIC_REPRESENTATION_CONTEXT(2) 
PARAMETRIC_REPRESENTATION_CONTEXT() REPRESENTATION_CONTEXT('2D SPACE',''
  ) );
#14160 = PCURVE('',#5965,#14161);
#14161 = DEFINITIONAL_REPRESENTATION('',(#14162),#14166);
#14162 = LINE('',#14163,#14164);
#14163 = CARTESIAN_POINT('',(0.,0.));
#14164 = VECTOR('',#14165,1.);
#14165 = DIRECTION('',(0.,-1.));
#14166 = ( GEOMETRIC_REPRESENTATION_CONTEXT(2) 
PARAMETRIC_REPRESENTATION_CONTEXT() REPRESENTATION_CONTEXT('2D SPACE',''
  ) );
#14167 = ADVANCED_FACE('',(#14168),#1050,.T.);
#14168 = FACE_BOUND('',#14169,.F.);
#14169 = EDGE_LOOP('',(#14170,#14171,#14172,#14173));
#14170 = ORIENTED_EDGE('',*,*,#1033,.F.);
#14171 = ORIENTED_EDGE('',*,*,#14120,.F.);
#14172 = ORIENTED_EDGE('',*,*,#7688,.T.);
#14173 = ORIENTED_EDGE('',*,*,#14174,.T.);
#14174 = EDGE_CURVE('',#7689,#1034,#14175,.T.);
#14175 = SURFACE_CURVE('',#14176,(#14180,#14186),.PCURVE_S1.);
#14176 = LINE('',#14177,#14178);
#14177 = CARTESIAN_POINT('',(11.322962579562,14.756372129417,0.));
#14178 = VECTOR('',#14179,1.);
#14179 = DIRECTION('',(-0.,-0.,-1.));
#14180 = PCURVE('',#1050,#14181);
#14181 = DEFINITIONAL_REPRESENTATION('',(#14182),#14185);
#14182 = B_SPLINE_CURVE_WITH_KNOTS('',1,(#14183,#14184),.UNSPECIFIED.,
  .F.,.F.,(2,2),(-7.0000006,6.E-07),.PIECEWISE_BEZIER_KNOTS.);
#14183 = CARTESIAN_POINT('',(-0.916297857297,-7.0000006));
#14184 = CARTESIAN_POINT('',(-0.916297857297,6.E-07));
#14185 = ( GEOMETRIC_REPRESENTATION_CONTEXT(2) 
PARAMETRIC_REPRESENTATION_CONTEXT() REPRESENTATION_CONTEXT('2D SPACE',''
  ) );
#14186 = PCURVE('',#1078,#14187);
#14187 = DEFINITIONAL_REPRESENTATION('',(#14188),#14191);
#14188 = B_SPLINE_CURVE_WITH_KNOTS('',1,(#14189,#14190),.UNSPECIFIED.,
  .F.,.F.,(2,2),(-7.0000006,6.E-07),.PIECEWISE_BEZIER_KNOTS.);
#14189 = CARTESIAN_POINT('',(2.2125,-7.0000006));
#14190 = CARTESIAN_POINT('',(2.2125,6.E-07));
#14191 = ( GEOMETRIC_REPRESENTATION_CONTEXT(2) 
PARAMETRIC_REPRESENTATION_CONTEXT() REPRESENTATION_CONTEXT('2D SPACE',''
  ) );
#14192 = ADVANCED_FACE('',(#14193),#5965,.T.);
#14193 = FACE_BOUND('',#14194,.T.);
#14194 = EDGE_LOOP('',(#14195,#14196,#14197,#14218));
#14195 = ORIENTED_EDGE('',*,*,#14147,.T.);
#14196 = ORIENTED_EDGE('',*,*,#11734,.T.);
#14197 = ORIENTED_EDGE('',*,*,#14198,.F.);
#14198 = EDGE_CURVE('',#5922,#11712,#14199,.T.);
#14199 = SURFACE_CURVE('',#14200,(#14204,#14211),.PCURVE_S1.);
#14200 = LINE('',#14201,#14202);
#14201 = CARTESIAN_POINT('',(10.642829892011,-12.46115276127,0.));
#14202 = VECTOR('',#14203,1.);
#14203 = DIRECTION('',(0.,0.,1.));
#14204 = PCURVE('',#5965,#14205);
#14205 = DEFINITIONAL_REPRESENTATION('',(#14206),#14210);
#14206 = LINE('',#14207,#14208);
#14207 = CARTESIAN_POINT('',(0.857949480791,0.));
#14208 = VECTOR('',#14209,1.);
#14209 = DIRECTION('',(0.,-1.));
#14210 = ( GEOMETRIC_REPRESENTATION_CONTEXT(2) 
PARAMETRIC_REPRESENTATION_CONTEXT() REPRESENTATION_CONTEXT('2D SPACE',''
  ) );
#14211 = PCURVE('',#5937,#14212);
#14212 = DEFINITIONAL_REPRESENTATION('',(#14213),#14217);
#14213 = LINE('',#14214,#14215);
#14214 = CARTESIAN_POINT('',(0.,0.));
#14215 = VECTOR('',#14216,1.);
#14216 = DIRECTION('',(0.,-1.));
#14217 = ( GEOMETRIC_REPRESENTATION_CONTEXT(2) 
PARAMETRIC_REPRESENTATION_CONTEXT() REPRESENTATION_CONTEXT('2D SPACE',''
  ) );
#14218 = ORIENTED_EDGE('',*,*,#5949,.F.);
#14219 = ADVANCED_FACE('',(#14220),#1078,.T.);
#14220 = FACE_BOUND('',#14221,.T.);
#14221 = EDGE_LOOP('',(#14222,#14223,#14244,#14245));
#14222 = ORIENTED_EDGE('',*,*,#1062,.F.);
#14223 = ORIENTED_EDGE('',*,*,#14224,.T.);
#14224 = EDGE_CURVE('',#1063,#7713,#14225,.T.);
#14225 = SURFACE_CURVE('',#14226,(#14230,#14237),.PCURVE_S1.);
#14226 = LINE('',#14227,#14228);
#14227 = CARTESIAN_POINT('',(9.97607791788,13.001077864023,0.));
#14228 = VECTOR('',#14229,1.);
#14229 = DIRECTION('',(0.,0.,1.));
#14230 = PCURVE('',#1078,#14231);
#14231 = DEFINITIONAL_REPRESENTATION('',(#14232),#14236);
#14232 = LINE('',#14233,#14234);
#14233 = CARTESIAN_POINT('',(0.,0.));
#14234 = VECTOR('',#14235,1.);
#14235 = DIRECTION('',(0.,-1.));
#14236 = ( GEOMETRIC_REPRESENTATION_CONTEXT(2) 
PARAMETRIC_REPRESENTATION_CONTEXT() REPRESENTATION_CONTEXT('2D SPACE',''
  ) );
#14237 = PCURVE('',#1106,#14238);
#14238 = DEFINITIONAL_REPRESENTATION('',(#14239),#14243);
#14239 = LINE('',#14240,#14241);
#14240 = CARTESIAN_POINT('',(0.857949480791,0.));
#14241 = VECTOR('',#14242,1.);
#14242 = DIRECTION('',(0.,-1.));
#14243 = ( GEOMETRIC_REPRESENTATION_CONTEXT(2) 
PARAMETRIC_REPRESENTATION_CONTEXT() REPRESENTATION_CONTEXT('2D SPACE',''
  ) );
#14244 = ORIENTED_EDGE('',*,*,#7712,.T.);
#14245 = ORIENTED_EDGE('',*,*,#14174,.T.);
#14246 = ADVANCED_FACE('',(#14247),#5937,.T.);
#14247 = FACE_BOUND('',#14248,.T.);
#14248 = EDGE_LOOP('',(#14249,#14250,#14251,#14252));
#14249 = ORIENTED_EDGE('',*,*,#5921,.F.);
#14250 = ORIENTED_EDGE('',*,*,#14198,.T.);
#14251 = ORIENTED_EDGE('',*,*,#11711,.T.);
#14252 = ORIENTED_EDGE('',*,*,#14253,.T.);
#14253 = EDGE_CURVE('',#11688,#5893,#14254,.T.);
#14254 = SURFACE_CURVE('',#14255,(#14259,#14265),.PCURVE_S1.);
#14255 = LINE('',#14256,#14257);
#14256 = CARTESIAN_POINT('',(12.079733698941,-14.14355096016,0.));
#14257 = VECTOR('',#14258,1.);
#14258 = DIRECTION('',(-0.,-0.,-1.));
#14259 = PCURVE('',#5937,#14260);
#14260 = DEFINITIONAL_REPRESENTATION('',(#14261),#14264);
#14261 = B_SPLINE_CURVE_WITH_KNOTS('',1,(#14262,#14263),.UNSPECIFIED.,
  .F.,.F.,(2,2),(-7.0000006,6.E-07),.PIECEWISE_BEZIER_KNOTS.);
#14262 = CARTESIAN_POINT('',(2.2125,-7.0000006));
#14263 = CARTESIAN_POINT('',(2.2125,6.E-07));
#14264 = ( GEOMETRIC_REPRESENTATION_CONTEXT(2) 
PARAMETRIC_REPRESENTATION_CONTEXT() REPRESENTATION_CONTEXT('2D SPACE',''
  ) );
#14265 = PCURVE('',#5909,#14266);
#14266 = DEFINITIONAL_REPRESENTATION('',(#14267),#14270);
#14267 = B_SPLINE_CURVE_WITH_KNOTS('',1,(#14268,#14269),.UNSPECIFIED.,
  .F.,.F.,(2,2),(-7.0000006,6.E-07),.PIECEWISE_BEZIER_KNOTS.);
#14268 = CARTESIAN_POINT('',(-5.419247327442,-7.0000006));
#14269 = CARTESIAN_POINT('',(-5.419247327442,6.E-07));
#14270 = ( GEOMETRIC_REPRESENTATION_CONTEXT(2) 
PARAMETRIC_REPRESENTATION_CONTEXT() REPRESENTATION_CONTEXT('2D SPACE',''
  ) );
#14271 = ADVANCED_FACE('',(#14272),#1106,.T.);
#14272 = FACE_BOUND('',#14273,.T.);
#14273 = EDGE_LOOP('',(#14274,#14295,#14296,#14297));
#14274 = ORIENTED_EDGE('',*,*,#14275,.T.);
#14275 = EDGE_CURVE('',#1091,#7736,#14276,.T.);
#14276 = SURFACE_CURVE('',#14277,(#14281,#14288),.PCURVE_S1.);
#14277 = LINE('',#14278,#14279);
#14278 = CARTESIAN_POINT('',(9.281982207606,13.505367916043,0.));
#14279 = VECTOR('',#14280,1.);
#14280 = DIRECTION('',(0.,0.,1.));
#14281 = PCURVE('',#1106,#14282);
#14282 = DEFINITIONAL_REPRESENTATION('',(#14283),#14287);
#14283 = LINE('',#14284,#14285);
#14284 = CARTESIAN_POINT('',(0.,0.));
#14285 = VECTOR('',#14286,1.);
#14286 = DIRECTION('',(0.,-1.));
#14287 = ( GEOMETRIC_REPRESENTATION_CONTEXT(2) 
PARAMETRIC_REPRESENTATION_CONTEXT() REPRESENTATION_CONTEXT('2D SPACE',''
  ) );
#14288 = PCURVE('',#1134,#14289);
#14289 = DEFINITIONAL_REPRESENTATION('',(#14290),#14294);
#14290 = LINE('',#14291,#14292);
#14291 = CARTESIAN_POINT('',(4.0725,-0.));
#14292 = VECTOR('',#14293,1.);
#14293 = DIRECTION('',(0.,-1.));
#14294 = ( GEOMETRIC_REPRESENTATION_CONTEXT(2) 
PARAMETRIC_REPRESENTATION_CONTEXT() REPRESENTATION_CONTEXT('2D SPACE',''
  ) );
#14295 = ORIENTED_EDGE('',*,*,#7735,.T.);
#14296 = ORIENTED_EDGE('',*,*,#14224,.F.);
#14297 = ORIENTED_EDGE('',*,*,#1090,.F.);
#14298 = ADVANCED_FACE('',(#14299),#5909,.T.);
#14299 = FACE_BOUND('',#14300,.F.);
#14300 = EDGE_LOOP('',(#14301,#14302,#14321,#14322));
#14301 = ORIENTED_EDGE('',*,*,#5892,.F.);
#14302 = ORIENTED_EDGE('',*,*,#14303,.F.);
#14303 = EDGE_CURVE('',#11665,#5865,#14304,.T.);
#14304 = SURFACE_CURVE('',#14305,(#14309,#14315),.PCURVE_S1.);
#14305 = LINE('',#14306,#14307);
#14306 = CARTESIAN_POINT('',(11.322962579562,-14.75637212941,0.));
#14307 = VECTOR('',#14308,1.);
#14308 = DIRECTION('',(-0.,-0.,-1.));
#14309 = PCURVE('',#5909,#14310);
#14310 = DEFINITIONAL_REPRESENTATION('',(#14311),#14314);
#14311 = B_SPLINE_CURVE_WITH_KNOTS('',1,(#14312,#14313),.UNSPECIFIED.,
  .F.,.F.,(2,2),(-7.0000006,6.E-07),.PIECEWISE_BEZIER_KNOTS.);
#14312 = CARTESIAN_POINT('',(-5.366887449883,-7.0000006));
#14313 = CARTESIAN_POINT('',(-5.366887449883,6.E-07));
#14314 = ( GEOMETRIC_REPRESENTATION_CONTEXT(2) 
PARAMETRIC_REPRESENTATION_CONTEXT() REPRESENTATION_CONTEXT('2D SPACE',''
  ) );
#14315 = PCURVE('',#5880,#14316);
#14316 = DEFINITIONAL_REPRESENTATION('',(#14317),#14320);
#14317 = B_SPLINE_CURVE_WITH_KNOTS('',1,(#14318,#14319),.UNSPECIFIED.,
  .F.,.F.,(2,2),(-7.0000006,6.E-07),.PIECEWISE_BEZIER_KNOTS.);
#14318 = CARTESIAN_POINT('',(1.86,-7.0000006));
#14319 = CARTESIAN_POINT('',(1.86,6.E-07));
#14320 = ( GEOMETRIC_REPRESENTATION_CONTEXT(2) 
PARAMETRIC_REPRESENTATION_CONTEXT() REPRESENTATION_CONTEXT('2D SPACE',''
  ) );
#14321 = ORIENTED_EDGE('',*,*,#11687,.T.);
#14322 = ORIENTED_EDGE('',*,*,#14253,.T.);
#14323 = ADVANCED_FACE('',(#14324),#1134,.T.);
#14324 = FACE_BOUND('',#14325,.T.);
#14325 = EDGE_LOOP('',(#14326,#14327,#14346,#14347));
#14326 = ORIENTED_EDGE('',*,*,#1118,.F.);
#14327 = ORIENTED_EDGE('',*,*,#14328,.F.);
#14328 = EDGE_CURVE('',#7759,#1119,#14329,.T.);
#14329 = SURFACE_CURVE('',#14330,(#14334,#14340),.PCURVE_S1.);
#14330 = LINE('',#14331,#14332);
#14331 = CARTESIAN_POINT('',(10.535156006802,15.328747108369,0.));
#14332 = VECTOR('',#14333,1.);
#14333 = DIRECTION('',(-0.,-0.,-1.));
#14334 = PCURVE('',#1134,#14335);
#14335 = DEFINITIONAL_REPRESENTATION('',(#14336),#14339);
#14336 = B_SPLINE_CURVE_WITH_KNOTS('',1,(#14337,#14338),.UNSPECIFIED.,
  .F.,.F.,(2,2),(-7.0000006,6.E-07),.PIECEWISE_BEZIER_KNOTS.);
#14337 = CARTESIAN_POINT('',(1.86,-7.0000006));
#14338 = CARTESIAN_POINT('',(1.86,6.E-07));
#14339 = ( GEOMETRIC_REPRESENTATION_CONTEXT(2) 
PARAMETRIC_REPRESENTATION_CONTEXT() REPRESENTATION_CONTEXT('2D SPACE',''
  ) );
#14340 = PCURVE('',#1163,#14341);
#14341 = DEFINITIONAL_REPRESENTATION('',(#14342),#14345);
#14342 = B_SPLINE_CURVE_WITH_KNOTS('',1,(#14343,#14344),.UNSPECIFIED.,
  .F.,.F.,(2,2),(-7.0000006,6.E-07),.PIECEWISE_BEZIER_KNOTS.);
#14343 = CARTESIAN_POINT('',(-0.968657734857,-7.0000006));
#14344 = CARTESIAN_POINT('',(-0.968657734857,6.E-07));
#14345 = ( GEOMETRIC_REPRESENTATION_CONTEXT(2) 
PARAMETRIC_REPRESENTATION_CONTEXT() REPRESENTATION_CONTEXT('2D SPACE',''
  ) );
#14346 = ORIENTED_EDGE('',*,*,#7758,.T.);
#14347 = ORIENTED_EDGE('',*,*,#14275,.F.);
#14348 = ADVANCED_FACE('',(#14349),#5880,.T.);
#14349 = FACE_BOUND('',#14350,.T.);
#14350 = EDGE_LOOP('',(#14351,#14352,#14353,#14354));
#14351 = ORIENTED_EDGE('',*,*,#5864,.F.);
#14352 = ORIENTED_EDGE('',*,*,#14303,.F.);
#14353 = ORIENTED_EDGE('',*,*,#11664,.T.);
#14354 = ORIENTED_EDGE('',*,*,#14355,.F.);
#14355 = EDGE_CURVE('',#5837,#11642,#14356,.T.);
#14356 = SURFACE_CURVE('',#14357,(#14361,#14368),.PCURVE_S1.);
#14357 = LINE('',#14358,#14359);
#14358 = CARTESIAN_POINT('',(9.97607791788,-13.00107786402,0.));
#14359 = VECTOR('',#14360,1.);
#14360 = DIRECTION('',(0.,0.,1.));
#14361 = PCURVE('',#5880,#14362);
#14362 = DEFINITIONAL_REPRESENTATION('',(#14363),#14367);
#14363 = LINE('',#14364,#14365);
#14364 = CARTESIAN_POINT('',(4.0725,-0.));
#14365 = VECTOR('',#14366,1.);
#14366 = DIRECTION('',(0.,-1.));
#14367 = ( GEOMETRIC_REPRESENTATION_CONTEXT(2) 
PARAMETRIC_REPRESENTATION_CONTEXT() REPRESENTATION_CONTEXT('2D SPACE',''
  ) );
#14368 = PCURVE('',#5852,#14369);
#14369 = DEFINITIONAL_REPRESENTATION('',(#14370),#14374);
#14370 = LINE('',#14371,#14372);
#14371 = CARTESIAN_POINT('',(0.,0.));
#14372 = VECTOR('',#14373,1.);
#14373 = DIRECTION('',(0.,-1.));
#14374 = ( GEOMETRIC_REPRESENTATION_CONTEXT(2) 
PARAMETRIC_REPRESENTATION_CONTEXT() REPRESENTATION_CONTEXT('2D SPACE',''
  ) );
#14375 = ADVANCED_FACE('',(#14376),#1163,.T.);
#14376 = FACE_BOUND('',#14377,.F.);
#14377 = EDGE_LOOP('',(#14378,#14379,#14380,#14381));
#14378 = ORIENTED_EDGE('',*,*,#1146,.F.);
#14379 = ORIENTED_EDGE('',*,*,#14328,.F.);
#14380 = ORIENTED_EDGE('',*,*,#7781,.T.);
#14381 = ORIENTED_EDGE('',*,*,#14382,.T.);
#14382 = EDGE_CURVE('',#7782,#1147,#14383,.T.);
#14383 = SURFACE_CURVE('',#14384,(#14388,#14394),.PCURVE_S1.);
#14384 = LINE('',#14385,#14386);
#14385 = CARTESIAN_POINT('',(9.718473303717,15.859107056986,0.));
#14386 = VECTOR('',#14387,1.);
#14387 = DIRECTION('',(-0.,-0.,-1.));
#14388 = PCURVE('',#1163,#14389);
#14389 = DEFINITIONAL_REPRESENTATION('',(#14390),#14393);
#14390 = B_SPLINE_CURVE_WITH_KNOTS('',1,(#14391,#14392),.UNSPECIFIED.,
  .F.,.F.,(2,2),(-7.0000006,6.E-07),.PIECEWISE_BEZIER_KNOTS.);
#14391 = CARTESIAN_POINT('',(-1.021017612417,-7.0000006));
#14392 = CARTESIAN_POINT('',(-1.021017612417,6.E-07));
#14393 = ( GEOMETRIC_REPRESENTATION_CONTEXT(2) 
PARAMETRIC_REPRESENTATION_CONTEXT() REPRESENTATION_CONTEXT('2D SPACE',''
  ) );
#14394 = PCURVE('',#1191,#14395);
#14395 = DEFINITIONAL_REPRESENTATION('',(#14396),#14399);
#14396 = B_SPLINE_CURVE_WITH_KNOTS('',1,(#14397,#14398),.UNSPECIFIED.,
  .F.,.F.,(2,2),(-7.0000006,6.E-07),.PIECEWISE_BEZIER_KNOTS.);
#14397 = CARTESIAN_POINT('',(2.2125,-7.0000006));
#14398 = CARTESIAN_POINT('',(2.2125,6.E-07));
#14399 = ( GEOMETRIC_REPRESENTATION_CONTEXT(2) 
PARAMETRIC_REPRESENTATION_CONTEXT() REPRESENTATION_CONTEXT('2D SPACE',''
  ) );
#14400 = ADVANCED_FACE('',(#14401),#5852,.T.);
#14401 = FACE_BOUND('',#14402,.T.);
#14402 = EDGE_LOOP('',(#14403,#14404,#14405,#14426));
#14403 = ORIENTED_EDGE('',*,*,#14355,.T.);
#14404 = ORIENTED_EDGE('',*,*,#11641,.T.);
#14405 = ORIENTED_EDGE('',*,*,#14406,.F.);
#14406 = EDGE_CURVE('',#5809,#11619,#14407,.T.);
#14407 = SURFACE_CURVE('',#14408,(#14412,#14419),.PCURVE_S1.);
#14408 = LINE('',#14409,#14410);
#14409 = CARTESIAN_POINT('',(9.281982207606,-13.50536791604,0.));
#14410 = VECTOR('',#14411,1.);
#14411 = DIRECTION('',(0.,0.,1.));
#14412 = PCURVE('',#5852,#14413);
#14413 = DEFINITIONAL_REPRESENTATION('',(#14414),#14418);
#14414 = LINE('',#14415,#14416);
#14415 = CARTESIAN_POINT('',(0.857949480791,0.));
#14416 = VECTOR('',#14417,1.);
#14417 = DIRECTION('',(0.,-1.));
#14418 = ( GEOMETRIC_REPRESENTATION_CONTEXT(2) 
PARAMETRIC_REPRESENTATION_CONTEXT() REPRESENTATION_CONTEXT('2D SPACE',''
  ) );
#14419 = PCURVE('',#5824,#14420);
#14420 = DEFINITIONAL_REPRESENTATION('',(#14421),#14425);
#14421 = LINE('',#14422,#14423);
#14422 = CARTESIAN_POINT('',(0.,0.));
#14423 = VECTOR('',#14424,1.);
#14424 = DIRECTION('',(0.,-1.));
#14425 = ( GEOMETRIC_REPRESENTATION_CONTEXT(2) 
PARAMETRIC_REPRESENTATION_CONTEXT() REPRESENTATION_CONTEXT('2D SPACE',''
  ) );
#14426 = ORIENTED_EDGE('',*,*,#5836,.F.);
#14427 = ADVANCED_FACE('',(#14428),#1191,.T.);
#14428 = FACE_BOUND('',#14429,.T.);
#14429 = EDGE_LOOP('',(#14430,#14431,#14452,#14453));
#14430 = ORIENTED_EDGE('',*,*,#1175,.F.);
#14431 = ORIENTED_EDGE('',*,*,#14432,.T.);
#14432 = EDGE_CURVE('',#1176,#7806,#14433,.T.);
#14433 = SURFACE_CURVE('',#14434,(#14438,#14445),.PCURVE_S1.);
#14434 = LINE('',#14435,#14436);
#14435 = CARTESIAN_POINT('',(8.562445229283,13.972640693353,0.));
#14436 = VECTOR('',#14437,1.);
#14437 = DIRECTION('',(0.,0.,1.));
#14438 = PCURVE('',#1191,#14439);
#14439 = DEFINITIONAL_REPRESENTATION('',(#14440),#14444);
#14440 = LINE('',#14441,#14442);
#14441 = CARTESIAN_POINT('',(0.,0.));
#14442 = VECTOR('',#14443,1.);
#14443 = DIRECTION('',(0.,-1.));
#14444 = ( GEOMETRIC_REPRESENTATION_CONTEXT(2) 
PARAMETRIC_REPRESENTATION_CONTEXT() REPRESENTATION_CONTEXT('2D SPACE',''
  ) );
#14445 = PCURVE('',#1219,#14446);
#14446 = DEFINITIONAL_REPRESENTATION('',(#14447),#14451);
#14447 = LINE('',#14448,#14449);
#14448 = CARTESIAN_POINT('',(0.857949480791,0.));
#14449 = VECTOR('',#14450,1.);
#14450 = DIRECTION('',(0.,-1.));
#14451 = ( GEOMETRIC_REPRESENTATION_CONTEXT(2) 
PARAMETRIC_REPRESENTATION_CONTEXT() REPRESENTATION_CONTEXT('2D SPACE',''
  ) );
#14452 = ORIENTED_EDGE('',*,*,#7805,.T.);
#14453 = ORIENTED_EDGE('',*,*,#14382,.T.);
#14454 = ADVANCED_FACE('',(#14455),#5824,.T.);
#14455 = FACE_BOUND('',#14456,.T.);
#14456 = EDGE_LOOP('',(#14457,#14458,#14459,#14460));
#14457 = ORIENTED_EDGE('',*,*,#5808,.F.);
#14458 = ORIENTED_EDGE('',*,*,#14406,.T.);
#14459 = ORIENTED_EDGE('',*,*,#11618,.T.);
#14460 = ORIENTED_EDGE('',*,*,#14461,.T.);
#14461 = EDGE_CURVE('',#11595,#5780,#14462,.T.);
#14462 = SURFACE_CURVE('',#14463,(#14467,#14473),.PCURVE_S1.);
#14463 = LINE('',#14464,#14465);
#14464 = CARTESIAN_POINT('',(10.535156006802,-15.32874710836,0.));
#14465 = VECTOR('',#14466,1.);
#14466 = DIRECTION('',(-0.,-0.,-1.));
#14467 = PCURVE('',#5824,#14468);
#14468 = DEFINITIONAL_REPRESENTATION('',(#14469),#14472);
#14469 = B_SPLINE_CURVE_WITH_KNOTS('',1,(#14470,#14471),.UNSPECIFIED.,
  .F.,.F.,(2,2),(-7.0000006,6.E-07),.PIECEWISE_BEZIER_KNOTS.);
#14470 = CARTESIAN_POINT('',(2.2125,-7.0000006));
#14471 = CARTESIAN_POINT('',(2.2125,6.E-07));
#14472 = ( GEOMETRIC_REPRESENTATION_CONTEXT(2) 
PARAMETRIC_REPRESENTATION_CONTEXT() REPRESENTATION_CONTEXT('2D SPACE',''
  ) );
#14473 = PCURVE('',#5796,#14474);
#14474 = DEFINITIONAL_REPRESENTATION('',(#14475),#14478);
#14475 = B_SPLINE_CURVE_WITH_KNOTS('',1,(#14476,#14477),.UNSPECIFIED.,
  .F.,.F.,(2,2),(-7.0000006,6.E-07),.PIECEWISE_BEZIER_KNOTS.);
#14476 = CARTESIAN_POINT('',(-5.314527572323,-7.0000006));
#14477 = CARTESIAN_POINT('',(-5.314527572323,6.E-07));
#14478 = ( GEOMETRIC_REPRESENTATION_CONTEXT(2) 
PARAMETRIC_REPRESENTATION_CONTEXT() REPRESENTATION_CONTEXT('2D SPACE',''
  ) );
#14479 = ADVANCED_FACE('',(#14480),#1219,.T.);
#14480 = FACE_BOUND('',#14481,.T.);
#14481 = EDGE_LOOP('',(#14482,#14503,#14504,#14505));
#14482 = ORIENTED_EDGE('',*,*,#14483,.T.);
#14483 = EDGE_CURVE('',#1204,#7829,#14484,.T.);
#14484 = SURFACE_CURVE('',#14485,(#14489,#14496),.PCURVE_S1.);
#14485 = LINE('',#14486,#14487);
#14486 = CARTESIAN_POINT('',(7.819439183754,14.401615433748,0.));
#14487 = VECTOR('',#14488,1.);
#14488 = DIRECTION('',(0.,0.,1.));
#14489 = PCURVE('',#1219,#14490);
#14490 = DEFINITIONAL_REPRESENTATION('',(#14491),#14495);
#14491 = LINE('',#14492,#14493);
#14492 = CARTESIAN_POINT('',(0.,0.));
#14493 = VECTOR('',#14494,1.);
#14494 = DIRECTION('',(0.,-1.));
#14495 = ( GEOMETRIC_REPRESENTATION_CONTEXT(2) 
PARAMETRIC_REPRESENTATION_CONTEXT() REPRESENTATION_CONTEXT('2D SPACE',''
  ) );
#14496 = PCURVE('',#1247,#14497);
#14497 = DEFINITIONAL_REPRESENTATION('',(#14498),#14502);
#14498 = LINE('',#14499,#14500);
#14499 = CARTESIAN_POINT('',(4.0725,-0.));
#14500 = VECTOR('',#14501,1.);
#14501 = DIRECTION('',(0.,-1.));
#14502 = ( GEOMETRIC_REPRESENTATION_CONTEXT(2) 
PARAMETRIC_REPRESENTATION_CONTEXT() REPRESENTATION_CONTEXT('2D SPACE',''
  ) );
#14503 = ORIENTED_EDGE('',*,*,#7828,.T.);
#14504 = ORIENTED_EDGE('',*,*,#14432,.F.);
#14505 = ORIENTED_EDGE('',*,*,#1203,.F.);
#14506 = ADVANCED_FACE('',(#14507),#5796,.T.);
#14507 = FACE_BOUND('',#14508,.F.);
#14508 = EDGE_LOOP('',(#14509,#14510,#14529,#14530));
#14509 = ORIENTED_EDGE('',*,*,#5779,.F.);
#14510 = ORIENTED_EDGE('',*,*,#14511,.F.);
#14511 = EDGE_CURVE('',#11572,#5752,#14512,.T.);
#14512 = SURFACE_CURVE('',#14513,(#14517,#14523),.PCURVE_S1.);
#14513 = LINE('',#14514,#14515);
#14514 = CARTESIAN_POINT('',(9.718473303717,-15.85910705698,0.));
#14515 = VECTOR('',#14516,1.);
#14516 = DIRECTION('',(-0.,-0.,-1.));
#14517 = PCURVE('',#5796,#14518);
#14518 = DEFINITIONAL_REPRESENTATION('',(#14519),#14522);
#14519 = B_SPLINE_CURVE_WITH_KNOTS('',1,(#14520,#14521),.UNSPECIFIED.,
  .F.,.F.,(2,2),(-7.0000006,6.E-07),.PIECEWISE_BEZIER_KNOTS.);
#14520 = CARTESIAN_POINT('',(-5.262167694763,-7.0000006));
#14521 = CARTESIAN_POINT('',(-5.262167694763,6.E-07));
#14522 = ( GEOMETRIC_REPRESENTATION_CONTEXT(2) 
PARAMETRIC_REPRESENTATION_CONTEXT() REPRESENTATION_CONTEXT('2D SPACE',''
  ) );
#14523 = PCURVE('',#5767,#14524);
#14524 = DEFINITIONAL_REPRESENTATION('',(#14525),#14528);
#14525 = B_SPLINE_CURVE_WITH_KNOTS('',1,(#14526,#14527),.UNSPECIFIED.,
  .F.,.F.,(2,2),(-7.0000006,6.E-07),.PIECEWISE_BEZIER_KNOTS.);
#14526 = CARTESIAN_POINT('',(1.86,-7.0000006));
#14527 = CARTESIAN_POINT('',(1.86,6.E-07));
#14528 = ( GEOMETRIC_REPRESENTATION_CONTEXT(2) 
PARAMETRIC_REPRESENTATION_CONTEXT() REPRESENTATION_CONTEXT('2D SPACE',''
  ) );
#14529 = ORIENTED_EDGE('',*,*,#11594,.T.);
#14530 = ORIENTED_EDGE('',*,*,#14461,.T.);
#14531 = ADVANCED_FACE('',(#14532),#1247,.T.);
#14532 = FACE_BOUND('',#14533,.T.);
#14533 = EDGE_LOOP('',(#14534,#14535,#14554,#14555));
#14534 = ORIENTED_EDGE('',*,*,#1231,.F.);
#14535 = ORIENTED_EDGE('',*,*,#14536,.F.);
#14536 = EDGE_CURVE('',#7852,#1232,#14537,.T.);
#14537 = SURFACE_CURVE('',#14538,(#14542,#14548),.PCURVE_S1.);
#14538 = LINE('',#14539,#14540);
#14539 = CARTESIAN_POINT('',(8.875152940829,16.345998295513,0.));
#14540 = VECTOR('',#14541,1.);
#14541 = DIRECTION('',(-0.,-0.,-1.));
#14542 = PCURVE('',#1247,#14543);
#14543 = DEFINITIONAL_REPRESENTATION('',(#14544),#14547);
#14544 = B_SPLINE_CURVE_WITH_KNOTS('',1,(#14545,#14546),.UNSPECIFIED.,
  .F.,.F.,(2,2),(-7.0000006,6.E-07),.PIECEWISE_BEZIER_KNOTS.);
#14545 = CARTESIAN_POINT('',(1.86,-7.0000006));
#14546 = CARTESIAN_POINT('',(1.86,6.E-07));
#14547 = ( GEOMETRIC_REPRESENTATION_CONTEXT(2) 
PARAMETRIC_REPRESENTATION_CONTEXT() REPRESENTATION_CONTEXT('2D SPACE',''
  ) );
#14548 = PCURVE('',#1276,#14549);
#14549 = DEFINITIONAL_REPRESENTATION('',(#14550),#14553);
#14550 = B_SPLINE_CURVE_WITH_KNOTS('',1,(#14551,#14552),.UNSPECIFIED.,
  .F.,.F.,(2,2),(-7.0000006,6.E-07),.PIECEWISE_BEZIER_KNOTS.);
#14551 = CARTESIAN_POINT('',(-1.073377489977,-7.0000006));
#14552 = CARTESIAN_POINT('',(-1.073377489977,6.E-07));
#14553 = ( GEOMETRIC_REPRESENTATION_CONTEXT(2) 
PARAMETRIC_REPRESENTATION_CONTEXT() REPRESENTATION_CONTEXT('2D SPACE',''
  ) );
#14554 = ORIENTED_EDGE('',*,*,#7851,.T.);
#14555 = ORIENTED_EDGE('',*,*,#14483,.F.);
#14556 = ADVANCED_FACE('',(#14557),#5767,.T.);
#14557 = FACE_BOUND('',#14558,.T.);
#14558 = EDGE_LOOP('',(#14559,#14560,#14561,#14562));
#14559 = ORIENTED_EDGE('',*,*,#5751,.F.);
#14560 = ORIENTED_EDGE('',*,*,#14511,.F.);
#14561 = ORIENTED_EDGE('',*,*,#11571,.T.);
#14562 = ORIENTED_EDGE('',*,*,#14563,.F.);
#14563 = EDGE_CURVE('',#5724,#11549,#14564,.T.);
#14564 = SURFACE_CURVE('',#14565,(#14569,#14576),.PCURVE_S1.);
#14565 = LINE('',#14566,#14567);
#14566 = CARTESIAN_POINT('',(8.562445229283,-13.97264069335,0.));
#14567 = VECTOR('',#14568,1.);
#14568 = DIRECTION('',(0.,0.,1.));
#14569 = PCURVE('',#5767,#14570);
#14570 = DEFINITIONAL_REPRESENTATION('',(#14571),#14575);
#14571 = LINE('',#14572,#14573);
#14572 = CARTESIAN_POINT('',(4.0725,-0.));
#14573 = VECTOR('',#14574,1.);
#14574 = DIRECTION('',(0.,-1.));
#14575 = ( GEOMETRIC_REPRESENTATION_CONTEXT(2) 
PARAMETRIC_REPRESENTATION_CONTEXT() REPRESENTATION_CONTEXT('2D SPACE',''
  ) );
#14576 = PCURVE('',#5739,#14577);
#14577 = DEFINITIONAL_REPRESENTATION('',(#14578),#14582);
#14578 = LINE('',#14579,#14580);
#14579 = CARTESIAN_POINT('',(0.,0.));
#14580 = VECTOR('',#14581,1.);
#14581 = DIRECTION('',(0.,-1.));
#14582 = ( GEOMETRIC_REPRESENTATION_CONTEXT(2) 
PARAMETRIC_REPRESENTATION_CONTEXT() REPRESENTATION_CONTEXT('2D SPACE',''
  ) );
#14583 = ADVANCED_FACE('',(#14584),#1276,.T.);
#14584 = FACE_BOUND('',#14585,.F.);
#14585 = EDGE_LOOP('',(#14586,#14587,#14588,#14589));
#14586 = ORIENTED_EDGE('',*,*,#1259,.F.);
#14587 = ORIENTED_EDGE('',*,*,#14536,.F.);
#14588 = ORIENTED_EDGE('',*,*,#7874,.T.);
#14589 = ORIENTED_EDGE('',*,*,#14590,.T.);
#14590 = EDGE_CURVE('',#7875,#1260,#14591,.T.);
#14591 = SURFACE_CURVE('',#14592,(#14596,#14602),.PCURVE_S1.);
#14592 = LINE('',#14593,#14594);
#14593 = CARTESIAN_POINT('',(8.007506400634,16.788086288907,0.));
#14594 = VECTOR('',#14595,1.);
#14595 = DIRECTION('',(-0.,-0.,-1.));
#14596 = PCURVE('',#1276,#14597);
#14597 = DEFINITIONAL_REPRESENTATION('',(#14598),#14601);
#14598 = B_SPLINE_CURVE_WITH_KNOTS('',1,(#14599,#14600),.UNSPECIFIED.,
  .F.,.F.,(2,2),(-7.0000006,6.E-07),.PIECEWISE_BEZIER_KNOTS.);
#14599 = CARTESIAN_POINT('',(-1.125737367536,-7.0000006));
#14600 = CARTESIAN_POINT('',(-1.125737367536,6.E-07));
#14601 = ( GEOMETRIC_REPRESENTATION_CONTEXT(2) 
PARAMETRIC_REPRESENTATION_CONTEXT() REPRESENTATION_CONTEXT('2D SPACE',''
  ) );
#14602 = PCURVE('',#1304,#14603);
#14603 = DEFINITIONAL_REPRESENTATION('',(#14604),#14607);
#14604 = B_SPLINE_CURVE_WITH_KNOTS('',1,(#14605,#14606),.UNSPECIFIED.,
  .F.,.F.,(2,2),(-7.0000006,6.E-07),.PIECEWISE_BEZIER_KNOTS.);
#14605 = CARTESIAN_POINT('',(2.2125,-7.0000006));
#14606 = CARTESIAN_POINT('',(2.2125,6.E-07));
#14607 = ( GEOMETRIC_REPRESENTATION_CONTEXT(2) 
PARAMETRIC_REPRESENTATION_CONTEXT() REPRESENTATION_CONTEXT('2D SPACE',''
  ) );
#14608 = ADVANCED_FACE('',(#14609),#5739,.T.);
#14609 = FACE_BOUND('',#14610,.T.);
#14610 = EDGE_LOOP('',(#14611,#14612,#14613,#14634));
#14611 = ORIENTED_EDGE('',*,*,#14563,.T.);
#14612 = ORIENTED_EDGE('',*,*,#11548,.T.);
#14613 = ORIENTED_EDGE('',*,*,#14614,.F.);
#14614 = EDGE_CURVE('',#5696,#11526,#14615,.T.);
#14615 = SURFACE_CURVE('',#14616,(#14620,#14627),.PCURVE_S1.);
#14616 = LINE('',#14617,#14618);
#14617 = CARTESIAN_POINT('',(7.819439183754,-14.40161543374,0.));
#14618 = VECTOR('',#14619,1.);
#14619 = DIRECTION('',(0.,0.,1.));
#14620 = PCURVE('',#5739,#14621);
#14621 = DEFINITIONAL_REPRESENTATION('',(#14622),#14626);
#14622 = LINE('',#14623,#14624);
#14623 = CARTESIAN_POINT('',(0.857949480791,0.));
#14624 = VECTOR('',#14625,1.);
#14625 = DIRECTION('',(0.,-1.));
#14626 = ( GEOMETRIC_REPRESENTATION_CONTEXT(2) 
PARAMETRIC_REPRESENTATION_CONTEXT() REPRESENTATION_CONTEXT('2D SPACE',''
  ) );
#14627 = PCURVE('',#5711,#14628);
#14628 = DEFINITIONAL_REPRESENTATION('',(#14629),#14633);
#14629 = LINE('',#14630,#14631);
#14630 = CARTESIAN_POINT('',(0.,0.));
#14631 = VECTOR('',#14632,1.);
#14632 = DIRECTION('',(0.,-1.));
#14633 = ( GEOMETRIC_REPRESENTATION_CONTEXT(2) 
PARAMETRIC_REPRESENTATION_CONTEXT() REPRESENTATION_CONTEXT('2D SPACE',''
  ) );
#14634 = ORIENTED_EDGE('',*,*,#5723,.F.);
#14635 = ADVANCED_FACE('',(#14636),#1304,.T.);
#14636 = FACE_BOUND('',#14637,.T.);
#14637 = EDGE_LOOP('',(#14638,#14639,#14660,#14661));
#14638 = ORIENTED_EDGE('',*,*,#1288,.F.);
#14639 = ORIENTED_EDGE('',*,*,#14640,.T.);
#14640 = EDGE_CURVE('',#1289,#7899,#14641,.T.);
#14641 = SURFACE_CURVE('',#14642,(#14646,#14653),.PCURVE_S1.);
#14642 = LINE('',#14643,#14644);
#14643 = CARTESIAN_POINT('',(7.055000598946,14.791116347283,0.));
#14644 = VECTOR('',#14645,1.);
#14645 = DIRECTION('',(0.,0.,1.));
#14646 = PCURVE('',#1304,#14647);
#14647 = DEFINITIONAL_REPRESENTATION('',(#14648),#14652);
#14648 = LINE('',#14649,#14650);
#14649 = CARTESIAN_POINT('',(0.,0.));
#14650 = VECTOR('',#14651,1.);
#14651 = DIRECTION('',(0.,-1.));
#14652 = ( GEOMETRIC_REPRESENTATION_CONTEXT(2) 
PARAMETRIC_REPRESENTATION_CONTEXT() REPRESENTATION_CONTEXT('2D SPACE',''
  ) );
#14653 = PCURVE('',#1332,#14654);
#14654 = DEFINITIONAL_REPRESENTATION('',(#14655),#14659);
#14655 = LINE('',#14656,#14657);
#14656 = CARTESIAN_POINT('',(0.857949480791,0.));
#14657 = VECTOR('',#14658,1.);
#14658 = DIRECTION('',(0.,-1.));
#14659 = ( GEOMETRIC_REPRESENTATION_CONTEXT(2) 
PARAMETRIC_REPRESENTATION_CONTEXT() REPRESENTATION_CONTEXT('2D SPACE',''
  ) );
#14660 = ORIENTED_EDGE('',*,*,#7898,.T.);
#14661 = ORIENTED_EDGE('',*,*,#14590,.T.);
#14662 = ADVANCED_FACE('',(#14663),#5711,.T.);
#14663 = FACE_BOUND('',#14664,.T.);
#14664 = EDGE_LOOP('',(#14665,#14666,#14667,#14668));
#14665 = ORIENTED_EDGE('',*,*,#5695,.F.);
#14666 = ORIENTED_EDGE('',*,*,#14614,.T.);
#14667 = ORIENTED_EDGE('',*,*,#11525,.T.);
#14668 = ORIENTED_EDGE('',*,*,#14669,.T.);
#14669 = EDGE_CURVE('',#11502,#5667,#14670,.T.);
#14670 = SURFACE_CURVE('',#14671,(#14675,#14681),.PCURVE_S1.);
#14671 = LINE('',#14672,#14673);
#14672 = CARTESIAN_POINT('',(8.875152940829,-16.34599829551,0.));
#14673 = VECTOR('',#14674,1.);
#14674 = DIRECTION('',(-0.,-0.,-1.));
#14675 = PCURVE('',#5711,#14676);
#14676 = DEFINITIONAL_REPRESENTATION('',(#14677),#14680);
#14677 = B_SPLINE_CURVE_WITH_KNOTS('',1,(#14678,#14679),.UNSPECIFIED.,
  .F.,.F.,(2,2),(-7.0000006,6.E-07),.PIECEWISE_BEZIER_KNOTS.);
#14678 = CARTESIAN_POINT('',(2.2125,-7.0000006));
#14679 = CARTESIAN_POINT('',(2.2125,6.E-07));
#14680 = ( GEOMETRIC_REPRESENTATION_CONTEXT(2) 
PARAMETRIC_REPRESENTATION_CONTEXT() REPRESENTATION_CONTEXT('2D SPACE',''
  ) );
#14681 = PCURVE('',#5683,#14682);
#14682 = DEFINITIONAL_REPRESENTATION('',(#14683),#14686);
#14683 = B_SPLINE_CURVE_WITH_KNOTS('',1,(#14684,#14685),.UNSPECIFIED.,
  .F.,.F.,(2,2),(-7.0000006,6.E-07),.PIECEWISE_BEZIER_KNOTS.);
#14684 = CARTESIAN_POINT('',(-5.209807817203,-7.0000006));
#14685 = CARTESIAN_POINT('',(-5.209807817203,6.E-07));
#14686 = ( GEOMETRIC_REPRESENTATION_CONTEXT(2) 
PARAMETRIC_REPRESENTATION_CONTEXT() REPRESENTATION_CONTEXT('2D SPACE',''
  ) );
#14687 = ADVANCED_FACE('',(#14688),#1332,.T.);
#14688 = FACE_BOUND('',#14689,.T.);
#14689 = EDGE_LOOP('',(#14690,#14711,#14712,#14713));
#14690 = ORIENTED_EDGE('',*,*,#14691,.T.);
#14691 = EDGE_CURVE('',#1317,#7922,#14692,.T.);
#14692 = SURFACE_CURVE('',#14693,(#14697,#14704),.PCURVE_S1.);
#14693 = LINE('',#14694,#14695);
#14694 = CARTESIAN_POINT('',(6.271224747883,15.140075839029,0.));
#14695 = VECTOR('',#14696,1.);
#14696 = DIRECTION('',(0.,0.,1.));
#14697 = PCURVE('',#1332,#14698);
#14698 = DEFINITIONAL_REPRESENTATION('',(#14699),#14703);
#14699 = LINE('',#14700,#14701);
#14700 = CARTESIAN_POINT('',(0.,0.));
#14701 = VECTOR('',#14702,1.);
#14702 = DIRECTION('',(0.,-1.));
#14703 = ( GEOMETRIC_REPRESENTATION_CONTEXT(2) 
PARAMETRIC_REPRESENTATION_CONTEXT() REPRESENTATION_CONTEXT('2D SPACE',''
  ) );
#14704 = PCURVE('',#1360,#14705);
#14705 = DEFINITIONAL_REPRESENTATION('',(#14706),#14710);
#14706 = LINE('',#14707,#14708);
#14707 = CARTESIAN_POINT('',(4.0725,-0.));
#14708 = VECTOR('',#14709,1.);
#14709 = DIRECTION('',(0.,-1.));
#14710 = ( GEOMETRIC_REPRESENTATION_CONTEXT(2) 
PARAMETRIC_REPRESENTATION_CONTEXT() REPRESENTATION_CONTEXT('2D SPACE',''
  ) );
#14711 = ORIENTED_EDGE('',*,*,#7921,.T.);
#14712 = ORIENTED_EDGE('',*,*,#14640,.F.);
#14713 = ORIENTED_EDGE('',*,*,#1316,.F.);
#14714 = ADVANCED_FACE('',(#14715),#5683,.T.);
#14715 = FACE_BOUND('',#14716,.F.);
#14716 = EDGE_LOOP('',(#14717,#14718,#14737,#14738));
#14717 = ORIENTED_EDGE('',*,*,#5666,.F.);
#14718 = ORIENTED_EDGE('',*,*,#14719,.F.);
#14719 = EDGE_CURVE('',#11479,#5639,#14720,.T.);
#14720 = SURFACE_CURVE('',#14721,(#14725,#14731),.PCURVE_S1.);
#14721 = LINE('',#14722,#14723);
#14722 = CARTESIAN_POINT('',(8.007506400634,-16.7880862889,0.));
#14723 = VECTOR('',#14724,1.);
#14724 = DIRECTION('',(-0.,-0.,-1.));
#14725 = PCURVE('',#5683,#14726);
#14726 = DEFINITIONAL_REPRESENTATION('',(#14727),#14730);
#14727 = B_SPLINE_CURVE_WITH_KNOTS('',1,(#14728,#14729),.UNSPECIFIED.,
  .F.,.F.,(2,2),(-7.0000006,6.E-07),.PIECEWISE_BEZIER_KNOTS.);
#14728 = CARTESIAN_POINT('',(-5.157447939643,-7.0000006));
#14729 = CARTESIAN_POINT('',(-5.157447939643,6.E-07));
#14730 = ( GEOMETRIC_REPRESENTATION_CONTEXT(2) 
PARAMETRIC_REPRESENTATION_CONTEXT() REPRESENTATION_CONTEXT('2D SPACE',''
  ) );
#14731 = PCURVE('',#5654,#14732);
#14732 = DEFINITIONAL_REPRESENTATION('',(#14733),#14736);
#14733 = B_SPLINE_CURVE_WITH_KNOTS('',1,(#14734,#14735),.UNSPECIFIED.,
  .F.,.F.,(2,2),(-7.0000006,6.E-07),.PIECEWISE_BEZIER_KNOTS.);
#14734 = CARTESIAN_POINT('',(1.86,-7.0000006));
#14735 = CARTESIAN_POINT('',(1.86,6.E-07));
#14736 = ( GEOMETRIC_REPRESENTATION_CONTEXT(2) 
PARAMETRIC_REPRESENTATION_CONTEXT() REPRESENTATION_CONTEXT('2D SPACE',''
  ) );
#14737 = ORIENTED_EDGE('',*,*,#11501,.T.);
#14738 = ORIENTED_EDGE('',*,*,#14669,.T.);
#14739 = ADVANCED_FACE('',(#14740),#1360,.T.);
#14740 = FACE_BOUND('',#14741,.T.);
#14741 = EDGE_LOOP('',(#14742,#14743,#14762,#14763));
#14742 = ORIENTED_EDGE('',*,*,#1344,.F.);
#14743 = ORIENTED_EDGE('',*,*,#14744,.F.);
#14744 = EDGE_CURVE('',#7945,#1345,#14745,.T.);
#14745 = SURFACE_CURVE('',#14746,(#14750,#14756),.PCURVE_S1.);
#14746 = LINE('',#14747,#14748);
#14747 = CARTESIAN_POINT('',(7.117911841991,17.18415930471,0.));
#14748 = VECTOR('',#14749,1.);
#14749 = DIRECTION('',(-0.,-0.,-1.));
#14750 = PCURVE('',#1360,#14751);
#14751 = DEFINITIONAL_REPRESENTATION('',(#14752),#14755);
#14752 = B_SPLINE_CURVE_WITH_KNOTS('',1,(#14753,#14754),.UNSPECIFIED.,
  .F.,.F.,(2,2),(-7.0000006,6.E-07),.PIECEWISE_BEZIER_KNOTS.);
#14753 = CARTESIAN_POINT('',(1.86,-7.0000006));
#14754 = CARTESIAN_POINT('',(1.86,6.E-07));
#14755 = ( GEOMETRIC_REPRESENTATION_CONTEXT(2) 
PARAMETRIC_REPRESENTATION_CONTEXT() REPRESENTATION_CONTEXT('2D SPACE',''
  ) );
#14756 = PCURVE('',#1389,#14757);
#14757 = DEFINITIONAL_REPRESENTATION('',(#14758),#14761);
#14758 = B_SPLINE_CURVE_WITH_KNOTS('',1,(#14759,#14760),.UNSPECIFIED.,
  .F.,.F.,(2,2),(-7.0000006,6.E-07),.PIECEWISE_BEZIER_KNOTS.);
#14759 = CARTESIAN_POINT('',(-1.178097245096,-7.0000006));
#14760 = CARTESIAN_POINT('',(-1.178097245096,6.E-07));
#14761 = ( GEOMETRIC_REPRESENTATION_CONTEXT(2) 
PARAMETRIC_REPRESENTATION_CONTEXT() REPRESENTATION_CONTEXT('2D SPACE',''
  ) );
#14762 = ORIENTED_EDGE('',*,*,#7944,.T.);
#14763 = ORIENTED_EDGE('',*,*,#14691,.F.);
#14764 = ADVANCED_FACE('',(#14765),#5654,.T.);
#14765 = FACE_BOUND('',#14766,.T.);
#14766 = EDGE_LOOP('',(#14767,#14768,#14769,#14770));
#14767 = ORIENTED_EDGE('',*,*,#5638,.F.);
#14768 = ORIENTED_EDGE('',*,*,#14719,.F.);
#14769 = ORIENTED_EDGE('',*,*,#11478,.T.);
#14770 = ORIENTED_EDGE('',*,*,#14771,.F.);
#14771 = EDGE_CURVE('',#5611,#11456,#14772,.T.);
#14772 = SURFACE_CURVE('',#14773,(#14777,#14784),.PCURVE_S1.);
#14773 = LINE('',#14774,#14775);
#14774 = CARTESIAN_POINT('',(7.055000598946,-14.79111634728,0.));
#14775 = VECTOR('',#14776,1.);
#14776 = DIRECTION('',(0.,0.,1.));
#14777 = PCURVE('',#5654,#14778);
#14778 = DEFINITIONAL_REPRESENTATION('',(#14779),#14783);
#14779 = LINE('',#14780,#14781);
#14780 = CARTESIAN_POINT('',(4.0725,-0.));
#14781 = VECTOR('',#14782,1.);
#14782 = DIRECTION('',(0.,-1.));
#14783 = ( GEOMETRIC_REPRESENTATION_CONTEXT(2) 
PARAMETRIC_REPRESENTATION_CONTEXT() REPRESENTATION_CONTEXT('2D SPACE',''
  ) );
#14784 = PCURVE('',#5626,#14785);
#14785 = DEFINITIONAL_REPRESENTATION('',(#14786),#14790);
#14786 = LINE('',#14787,#14788);
#14787 = CARTESIAN_POINT('',(0.,0.));
#14788 = VECTOR('',#14789,1.);
#14789 = DIRECTION('',(0.,-1.));
#14790 = ( GEOMETRIC_REPRESENTATION_CONTEXT(2) 
PARAMETRIC_REPRESENTATION_CONTEXT() REPRESENTATION_CONTEXT('2D SPACE',''
  ) );
#14791 = ADVANCED_FACE('',(#14792),#1389,.T.);
#14792 = FACE_BOUND('',#14793,.F.);
#14793 = EDGE_LOOP('',(#14794,#14795,#14796,#14797));
#14794 = ORIENTED_EDGE('',*,*,#1372,.F.);
#14795 = ORIENTED_EDGE('',*,*,#14744,.F.);
#14796 = ORIENTED_EDGE('',*,*,#7967,.T.);
#14797 = ORIENTED_EDGE('',*,*,#14798,.T.);
#14798 = EDGE_CURVE('',#7968,#1373,#14799,.T.);
#14799 = SURFACE_CURVE('',#14800,(#14804,#14810),.PCURVE_S1.);
#14800 = LINE('',#14801,#14802);
#14801 = CARTESIAN_POINT('',(6.208807581748,17.533131734315,0.));
#14802 = VECTOR('',#14803,1.);
#14803 = DIRECTION('',(-0.,-0.,-1.));
#14804 = PCURVE('',#1389,#14805);
#14805 = DEFINITIONAL_REPRESENTATION('',(#14806),#14809);
#14806 = B_SPLINE_CURVE_WITH_KNOTS('',1,(#14807,#14808),.UNSPECIFIED.,
  .F.,.F.,(2,2),(-7.0000006,6.E-07),.PIECEWISE_BEZIER_KNOTS.);
#14807 = CARTESIAN_POINT('',(-1.230457122656,-7.0000006));
#14808 = CARTESIAN_POINT('',(-1.230457122656,6.E-07));
#14809 = ( GEOMETRIC_REPRESENTATION_CONTEXT(2) 
PARAMETRIC_REPRESENTATION_CONTEXT() REPRESENTATION_CONTEXT('2D SPACE',''
  ) );
#14810 = PCURVE('',#1417,#14811);
#14811 = DEFINITIONAL_REPRESENTATION('',(#14812),#14815);
#14812 = B_SPLINE_CURVE_WITH_KNOTS('',1,(#14813,#14814),.UNSPECIFIED.,
  .F.,.F.,(2,2),(-7.0000006,6.E-07),.PIECEWISE_BEZIER_KNOTS.);
#14813 = CARTESIAN_POINT('',(2.2125,-7.0000006));
#14814 = CARTESIAN_POINT('',(2.2125,6.E-07));
#14815 = ( GEOMETRIC_REPRESENTATION_CONTEXT(2) 
PARAMETRIC_REPRESENTATION_CONTEXT() REPRESENTATION_CONTEXT('2D SPACE',''
  ) );
#14816 = ADVANCED_FACE('',(#14817),#5626,.T.);
#14817 = FACE_BOUND('',#14818,.T.);
#14818 = EDGE_LOOP('',(#14819,#14820,#14821,#14842));
#14819 = ORIENTED_EDGE('',*,*,#14771,.T.);
#14820 = ORIENTED_EDGE('',*,*,#11455,.T.);
#14821 = ORIENTED_EDGE('',*,*,#14822,.F.);
#14822 = EDGE_CURVE('',#5583,#11433,#14823,.T.);
#14823 = SURFACE_CURVE('',#14824,(#14828,#14835),.PCURVE_S1.);
#14824 = LINE('',#14825,#14826);
#14825 = CARTESIAN_POINT('',(6.271224747883,-15.14007583902,0.));
#14826 = VECTOR('',#14827,1.);
#14827 = DIRECTION('',(0.,0.,1.));
#14828 = PCURVE('',#5626,#14829);
#14829 = DEFINITIONAL_REPRESENTATION('',(#14830),#14834);
#14830 = LINE('',#14831,#14832);
#14831 = CARTESIAN_POINT('',(0.857949480791,0.));
#14832 = VECTOR('',#14833,1.);
#14833 = DIRECTION('',(0.,-1.));
#14834 = ( GEOMETRIC_REPRESENTATION_CONTEXT(2) 
PARAMETRIC_REPRESENTATION_CONTEXT() REPRESENTATION_CONTEXT('2D SPACE',''
  ) );
#14835 = PCURVE('',#5598,#14836);
#14836 = DEFINITIONAL_REPRESENTATION('',(#14837),#14841);
#14837 = LINE('',#14838,#14839);
#14838 = CARTESIAN_POINT('',(0.,0.));
#14839 = VECTOR('',#14840,1.);
#14840 = DIRECTION('',(0.,-1.));
#14841 = ( GEOMETRIC_REPRESENTATION_CONTEXT(2) 
PARAMETRIC_REPRESENTATION_CONTEXT() REPRESENTATION_CONTEXT('2D SPACE',''
  ) );
#14842 = ORIENTED_EDGE('',*,*,#5610,.F.);
#14843 = ADVANCED_FACE('',(#14844),#1417,.T.);
#14844 = FACE_BOUND('',#14845,.T.);
#14845 = EDGE_LOOP('',(#14846,#14847,#14868,#14869));
#14846 = ORIENTED_EDGE('',*,*,#1401,.F.);
#14847 = ORIENTED_EDGE('',*,*,#14848,.T.);
#14848 = EDGE_CURVE('',#1402,#7992,#14849,.T.);
#14849 = SURFACE_CURVE('',#14850,(#14854,#14861),.PCURVE_S1.);
#14850 = LINE('',#14851,#14852);
#14851 = CARTESIAN_POINT('',(5.470259905693,15.447537435273,0.));
#14852 = VECTOR('',#14853,1.);
#14853 = DIRECTION('',(0.,0.,1.));
#14854 = PCURVE('',#1417,#14855);
#14855 = DEFINITIONAL_REPRESENTATION('',(#14856),#14860);
#14856 = LINE('',#14857,#14858);
#14857 = CARTESIAN_POINT('',(0.,0.));
#14858 = VECTOR('',#14859,1.);
#14859 = DIRECTION('',(0.,-1.));
#14860 = ( GEOMETRIC_REPRESENTATION_CONTEXT(2) 
PARAMETRIC_REPRESENTATION_CONTEXT() REPRESENTATION_CONTEXT('2D SPACE',''
  ) );
#14861 = PCURVE('',#1445,#14862);
#14862 = DEFINITIONAL_REPRESENTATION('',(#14863),#14867);
#14863 = LINE('',#14864,#14865);
#14864 = CARTESIAN_POINT('',(0.857949480791,0.));
#14865 = VECTOR('',#14866,1.);
#14866 = DIRECTION('',(0.,-1.));
#14867 = ( GEOMETRIC_REPRESENTATION_CONTEXT(2) 
PARAMETRIC_REPRESENTATION_CONTEXT() REPRESENTATION_CONTEXT('2D SPACE',''
  ) );
#14868 = ORIENTED_EDGE('',*,*,#7991,.T.);
#14869 = ORIENTED_EDGE('',*,*,#14798,.T.);
#14870 = ADVANCED_FACE('',(#14871),#5598,.T.);
#14871 = FACE_BOUND('',#14872,.T.);
#14872 = EDGE_LOOP('',(#14873,#14874,#14875,#14876));
#14873 = ORIENTED_EDGE('',*,*,#5582,.F.);
#14874 = ORIENTED_EDGE('',*,*,#14822,.T.);
#14875 = ORIENTED_EDGE('',*,*,#11432,.T.);
#14876 = ORIENTED_EDGE('',*,*,#14877,.T.);
#14877 = EDGE_CURVE('',#11409,#5554,#14878,.T.);
#14878 = SURFACE_CURVE('',#14879,(#14883,#14889),.PCURVE_S1.);
#14879 = LINE('',#14880,#14881);
#14880 = CARTESIAN_POINT('',(7.117911841991,-17.18415930471,0.));
#14881 = VECTOR('',#14882,1.);
#14882 = DIRECTION('',(-0.,-0.,-1.));
#14883 = PCURVE('',#5598,#14884);
#14884 = DEFINITIONAL_REPRESENTATION('',(#14885),#14888);
#14885 = B_SPLINE_CURVE_WITH_KNOTS('',1,(#14886,#14887),.UNSPECIFIED.,
  .F.,.F.,(2,2),(-7.0000006,6.E-07),.PIECEWISE_BEZIER_KNOTS.);
#14886 = CARTESIAN_POINT('',(2.2125,-7.0000006));
#14887 = CARTESIAN_POINT('',(2.2125,6.E-07));
#14888 = ( GEOMETRIC_REPRESENTATION_CONTEXT(2) 
PARAMETRIC_REPRESENTATION_CONTEXT() REPRESENTATION_CONTEXT('2D SPACE',''
  ) );
#14889 = PCURVE('',#5570,#14890);
#14890 = DEFINITIONAL_REPRESENTATION('',(#14891),#14894);
#14891 = B_SPLINE_CURVE_WITH_KNOTS('',1,(#14892,#14893),.UNSPECIFIED.,
  .F.,.F.,(2,2),(-7.0000006,6.E-07),.PIECEWISE_BEZIER_KNOTS.);
#14892 = CARTESIAN_POINT('',(-5.105088062083,-7.0000006));
#14893 = CARTESIAN_POINT('',(-5.105088062083,6.E-07));
#14894 = ( GEOMETRIC_REPRESENTATION_CONTEXT(2) 
PARAMETRIC_REPRESENTATION_CONTEXT() REPRESENTATION_CONTEXT('2D SPACE',''
  ) );
#14895 = ADVANCED_FACE('',(#14896),#1445,.T.);
#14896 = FACE_BOUND('',#14897,.T.);
#14897 = EDGE_LOOP('',(#14898,#14919,#14920,#14921));
#14898 = ORIENTED_EDGE('',*,*,#14899,.T.);
#14899 = EDGE_CURVE('',#1430,#8015,#14900,.T.);
#14900 = SURFACE_CURVE('',#14901,(#14905,#14912),.PCURVE_S1.);
#14901 = LINE('',#14902,#14903);
#14902 = CARTESIAN_POINT('',(4.654301461336,15.712658405153,0.));
#14903 = VECTOR('',#14904,1.);
#14904 = DIRECTION('',(0.,0.,1.));
#14905 = PCURVE('',#1445,#14906);
#14906 = DEFINITIONAL_REPRESENTATION('',(#14907),#14911);
#14907 = LINE('',#14908,#14909);
#14908 = CARTESIAN_POINT('',(0.,0.));
#14909 = VECTOR('',#14910,1.);
#14910 = DIRECTION('',(0.,-1.));
#14911 = ( GEOMETRIC_REPRESENTATION_CONTEXT(2) 
PARAMETRIC_REPRESENTATION_CONTEXT() REPRESENTATION_CONTEXT('2D SPACE',''
  ) );
#14912 = PCURVE('',#1473,#14913);
#14913 = DEFINITIONAL_REPRESENTATION('',(#14914),#14918);
#14914 = LINE('',#14915,#14916);
#14915 = CARTESIAN_POINT('',(4.0725,-0.));
#14916 = VECTOR('',#14917,1.);
#14917 = DIRECTION('',(0.,-1.));
#14918 = ( GEOMETRIC_REPRESENTATION_CONTEXT(2) 
PARAMETRIC_REPRESENTATION_CONTEXT() REPRESENTATION_CONTEXT('2D SPACE',''
  ) );
#14919 = ORIENTED_EDGE('',*,*,#8014,.T.);
#14920 = ORIENTED_EDGE('',*,*,#14848,.F.);
#14921 = ORIENTED_EDGE('',*,*,#1429,.F.);
#14922 = ADVANCED_FACE('',(#14923),#5570,.T.);
#14923 = FACE_BOUND('',#14924,.F.);
#14924 = EDGE_LOOP('',(#14925,#14926,#14945,#14946));
#14925 = ORIENTED_EDGE('',*,*,#5553,.F.);
#14926 = ORIENTED_EDGE('',*,*,#14927,.F.);
#14927 = EDGE_CURVE('',#11386,#5526,#14928,.T.);
#14928 = SURFACE_CURVE('',#14929,(#14933,#14939),.PCURVE_S1.);
#14929 = LINE('',#14930,#14931);
#14930 = CARTESIAN_POINT('',(6.208807581748,-17.53313173431,0.));
#14931 = VECTOR('',#14932,1.);
#14932 = DIRECTION('',(-0.,-0.,-1.));
#14933 = PCURVE('',#5570,#14934);
#14934 = DEFINITIONAL_REPRESENTATION('',(#14935),#14938);
#14935 = B_SPLINE_CURVE_WITH_KNOTS('',1,(#14936,#14937),.UNSPECIFIED.,
  .F.,.F.,(2,2),(-7.0000006,6.E-07),.PIECEWISE_BEZIER_KNOTS.);
#14936 = CARTESIAN_POINT('',(-5.052728184524,-7.0000006));
#14937 = CARTESIAN_POINT('',(-5.052728184524,6.E-07));
#14938 = ( GEOMETRIC_REPRESENTATION_CONTEXT(2) 
PARAMETRIC_REPRESENTATION_CONTEXT() REPRESENTATION_CONTEXT('2D SPACE',''
  ) );
#14939 = PCURVE('',#5541,#14940);
#14940 = DEFINITIONAL_REPRESENTATION('',(#14941),#14944);
#14941 = B_SPLINE_CURVE_WITH_KNOTS('',1,(#14942,#14943),.UNSPECIFIED.,
  .F.,.F.,(2,2),(-7.0000006,6.E-07),.PIECEWISE_BEZIER_KNOTS.);
#14942 = CARTESIAN_POINT('',(1.86,-7.0000006));
#14943 = CARTESIAN_POINT('',(1.86,6.E-07));
#14944 = ( GEOMETRIC_REPRESENTATION_CONTEXT(2) 
PARAMETRIC_REPRESENTATION_CONTEXT() REPRESENTATION_CONTEXT('2D SPACE',''
  ) );
#14945 = ORIENTED_EDGE('',*,*,#11408,.T.);
#14946 = ORIENTED_EDGE('',*,*,#14877,.T.);
#14947 = ADVANCED_FACE('',(#14948),#1473,.T.);
#14948 = FACE_BOUND('',#14949,.T.);
#14949 = EDGE_LOOP('',(#14950,#14951,#14970,#14971));
#14950 = ORIENTED_EDGE('',*,*,#1457,.F.);
#14951 = ORIENTED_EDGE('',*,*,#14952,.F.);
#14952 = EDGE_CURVE('',#8038,#1458,#14953,.T.);
#14953 = SURFACE_CURVE('',#14954,(#14958,#14964),.PCURVE_S1.);
#14954 = LINE('',#14955,#14956);
#14955 = CARTESIAN_POINT('',(5.282685411493,17.834047068548,0.));
#14956 = VECTOR('',#14957,1.);
#14957 = DIRECTION('',(-0.,-0.,-1.));
#14958 = PCURVE('',#1473,#14959);
#14959 = DEFINITIONAL_REPRESENTATION('',(#14960),#14963);
#14960 = B_SPLINE_CURVE_WITH_KNOTS('',1,(#14961,#14962),.UNSPECIFIED.,
  .F.,.F.,(2,2),(-7.0000006,6.E-07),.PIECEWISE_BEZIER_KNOTS.);
#14961 = CARTESIAN_POINT('',(1.86,-7.0000006));
#14962 = CARTESIAN_POINT('',(1.86,6.E-07));
#14963 = ( GEOMETRIC_REPRESENTATION_CONTEXT(2) 
PARAMETRIC_REPRESENTATION_CONTEXT() REPRESENTATION_CONTEXT('2D SPACE',''
  ) );
#14964 = PCURVE('',#1502,#14965);
#14965 = DEFINITIONAL_REPRESENTATION('',(#14966),#14969);
#14966 = B_SPLINE_CURVE_WITH_KNOTS('',1,(#14967,#14968),.UNSPECIFIED.,
  .F.,.F.,(2,2),(-7.0000006,6.E-07),.PIECEWISE_BEZIER_KNOTS.);
#14967 = CARTESIAN_POINT('',(-1.282817000216,-7.0000006));
#14968 = CARTESIAN_POINT('',(-1.282817000216,6.E-07));
#14969 = ( GEOMETRIC_REPRESENTATION_CONTEXT(2) 
PARAMETRIC_REPRESENTATION_CONTEXT() REPRESENTATION_CONTEXT('2D SPACE',''
  ) );
#14970 = ORIENTED_EDGE('',*,*,#8037,.T.);
#14971 = ORIENTED_EDGE('',*,*,#14899,.F.);
#14972 = ADVANCED_FACE('',(#14973),#5541,.T.);
#14973 = FACE_BOUND('',#14974,.T.);
#14974 = EDGE_LOOP('',(#14975,#14976,#14977,#14978));
#14975 = ORIENTED_EDGE('',*,*,#5525,.F.);
#14976 = ORIENTED_EDGE('',*,*,#14927,.F.);
#14977 = ORIENTED_EDGE('',*,*,#11385,.T.);
#14978 = ORIENTED_EDGE('',*,*,#14979,.F.);
#14979 = EDGE_CURVE('',#5498,#11363,#14980,.T.);
#14980 = SURFACE_CURVE('',#14981,(#14985,#14992),.PCURVE_S1.);
#14981 = LINE('',#14982,#14983);
#14982 = CARTESIAN_POINT('',(5.470259905693,-15.44753743527,0.));
#14983 = VECTOR('',#14984,1.);
#14984 = DIRECTION('',(0.,0.,1.));
#14985 = PCURVE('',#5541,#14986);
#14986 = DEFINITIONAL_REPRESENTATION('',(#14987),#14991);
#14987 = LINE('',#14988,#14989);
#14988 = CARTESIAN_POINT('',(4.0725,-0.));
#14989 = VECTOR('',#14990,1.);
#14990 = DIRECTION('',(0.,-1.));
#14991 = ( GEOMETRIC_REPRESENTATION_CONTEXT(2) 
PARAMETRIC_REPRESENTATION_CONTEXT() REPRESENTATION_CONTEXT('2D SPACE',''
  ) );
#14992 = PCURVE('',#5513,#14993);
#14993 = DEFINITIONAL_REPRESENTATION('',(#14994),#14998);
#14994 = LINE('',#14995,#14996);
#14995 = CARTESIAN_POINT('',(0.,0.));
#14996 = VECTOR('',#14997,1.);
#14997 = DIRECTION('',(0.,-1.));
#14998 = ( GEOMETRIC_REPRESENTATION_CONTEXT(2) 
PARAMETRIC_REPRESENTATION_CONTEXT() REPRESENTATION_CONTEXT('2D SPACE',''
  ) );
#14999 = ADVANCED_FACE('',(#15000),#1502,.T.);
#15000 = FACE_BOUND('',#15001,.F.);
#15001 = EDGE_LOOP('',(#15002,#15003,#15004,#15005));
#15002 = ORIENTED_EDGE('',*,*,#1485,.F.);
#15003 = ORIENTED_EDGE('',*,*,#14952,.F.);
#15004 = ORIENTED_EDGE('',*,*,#8060,.T.);
#15005 = ORIENTED_EDGE('',*,*,#15006,.T.);
#15006 = EDGE_CURVE('',#8061,#1486,#15007,.T.);
#15007 = SURFACE_CURVE('',#15008,(#15012,#15018),.PCURVE_S1.);
#15008 = LINE('',#15009,#15010);
#15009 = CARTESIAN_POINT('',(4.34208376772,18.086080519397,0.));
#15010 = VECTOR('',#15011,1.);
#15011 = DIRECTION('',(-0.,-0.,-1.));
#15012 = PCURVE('',#1502,#15013);
#15013 = DEFINITIONAL_REPRESENTATION('',(#15014),#15017);
#15014 = B_SPLINE_CURVE_WITH_KNOTS('',1,(#15015,#15016),.UNSPECIFIED.,
  .F.,.F.,(2,2),(-7.0000006,6.E-07),.PIECEWISE_BEZIER_KNOTS.);
#15015 = CARTESIAN_POINT('',(-1.335176877776,-7.0000006));
#15016 = CARTESIAN_POINT('',(-1.335176877776,6.E-07));
#15017 = ( GEOMETRIC_REPRESENTATION_CONTEXT(2) 
PARAMETRIC_REPRESENTATION_CONTEXT() REPRESENTATION_CONTEXT('2D SPACE',''
  ) );
#15018 = PCURVE('',#1530,#15019);
#15019 = DEFINITIONAL_REPRESENTATION('',(#15020),#15023);
#15020 = B_SPLINE_CURVE_WITH_KNOTS('',1,(#15021,#15022),.UNSPECIFIED.,
  .F.,.F.,(2,2),(-7.0000006,6.E-07),.PIECEWISE_BEZIER_KNOTS.);
#15021 = CARTESIAN_POINT('',(2.2125,-7.0000006));
#15022 = CARTESIAN_POINT('',(2.2125,6.E-07));
#15023 = ( GEOMETRIC_REPRESENTATION_CONTEXT(2) 
PARAMETRIC_REPRESENTATION_CONTEXT() REPRESENTATION_CONTEXT('2D SPACE',''
  ) );
#15024 = ADVANCED_FACE('',(#15025),#5513,.T.);
#15025 = FACE_BOUND('',#15026,.T.);
#15026 = EDGE_LOOP('',(#15027,#15028,#15029,#15050));
#15027 = ORIENTED_EDGE('',*,*,#14979,.T.);
#15028 = ORIENTED_EDGE('',*,*,#11362,.T.);
#15029 = ORIENTED_EDGE('',*,*,#15030,.F.);
#15030 = EDGE_CURVE('',#5470,#11340,#15031,.T.);
#15031 = SURFACE_CURVE('',#15032,(#15036,#15043),.PCURVE_S1.);
#15032 = LINE('',#15033,#15034);
#15033 = CARTESIAN_POINT('',(4.654301461336,-15.71265840515,0.));
#15034 = VECTOR('',#15035,1.);
#15035 = DIRECTION('',(0.,0.,1.));
#15036 = PCURVE('',#5513,#15037);
#15037 = DEFINITIONAL_REPRESENTATION('',(#15038),#15042);
#15038 = LINE('',#15039,#15040);
#15039 = CARTESIAN_POINT('',(0.857949480791,0.));
#15040 = VECTOR('',#15041,1.);
#15041 = DIRECTION('',(0.,-1.));
#15042 = ( GEOMETRIC_REPRESENTATION_CONTEXT(2) 
PARAMETRIC_REPRESENTATION_CONTEXT() REPRESENTATION_CONTEXT('2D SPACE',''
  ) );
#15043 = PCURVE('',#5485,#15044);
#15044 = DEFINITIONAL_REPRESENTATION('',(#15045),#15049);
#15045 = LINE('',#15046,#15047);
#15046 = CARTESIAN_POINT('',(0.,0.));
#15047 = VECTOR('',#15048,1.);
#15048 = DIRECTION('',(0.,-1.));
#15049 = ( GEOMETRIC_REPRESENTATION_CONTEXT(2) 
PARAMETRIC_REPRESENTATION_CONTEXT() REPRESENTATION_CONTEXT('2D SPACE',''
  ) );
#15050 = ORIENTED_EDGE('',*,*,#5497,.F.);
#15051 = ADVANCED_FACE('',(#15052),#1530,.T.);
#15052 = FACE_BOUND('',#15053,.T.);
#15053 = EDGE_LOOP('',(#15054,#15055,#15076,#15077));
#15054 = ORIENTED_EDGE('',*,*,#1514,.F.);
#15055 = ORIENTED_EDGE('',*,*,#15056,.T.);
#15056 = EDGE_CURVE('',#1515,#8085,#15057,.T.);
#15057 = SURFACE_CURVE('',#15058,(#15062,#15069),.PCURVE_S1.);
#15058 = LINE('',#15059,#15060);
#15059 = CARTESIAN_POINT('',(3.825585900189,15.934712070517,0.));
#15060 = VECTOR('',#15061,1.);
#15061 = DIRECTION('',(0.,0.,1.));
#15062 = PCURVE('',#1530,#15063);
#15063 = DEFINITIONAL_REPRESENTATION('',(#15064),#15068);
#15064 = LINE('',#15065,#15066);
#15065 = CARTESIAN_POINT('',(0.,0.));
#15066 = VECTOR('',#15067,1.);
#15067 = DIRECTION('',(0.,-1.));
#15068 = ( GEOMETRIC_REPRESENTATION_CONTEXT(2) 
PARAMETRIC_REPRESENTATION_CONTEXT() REPRESENTATION_CONTEXT('2D SPACE',''
  ) );
#15069 = PCURVE('',#1558,#15070);
#15070 = DEFINITIONAL_REPRESENTATION('',(#15071),#15075);
#15071 = LINE('',#15072,#15073);
#15072 = CARTESIAN_POINT('',(0.857949480791,0.));
#15073 = VECTOR('',#15074,1.);
#15074 = DIRECTION('',(0.,-1.));
#15075 = ( GEOMETRIC_REPRESENTATION_CONTEXT(2) 
PARAMETRIC_REPRESENTATION_CONTEXT() REPRESENTATION_CONTEXT('2D SPACE',''
  ) );
#15076 = ORIENTED_EDGE('',*,*,#8084,.T.);
#15077 = ORIENTED_EDGE('',*,*,#15006,.T.);
#15078 = ADVANCED_FACE('',(#15079),#5485,.T.);
#15079 = FACE_BOUND('',#15080,.T.);
#15080 = EDGE_LOOP('',(#15081,#15082,#15083,#15084));
#15081 = ORIENTED_EDGE('',*,*,#5469,.F.);
#15082 = ORIENTED_EDGE('',*,*,#15030,.T.);
#15083 = ORIENTED_EDGE('',*,*,#11339,.T.);
#15084 = ORIENTED_EDGE('',*,*,#15085,.T.);
#15085 = EDGE_CURVE('',#11316,#5441,#15086,.T.);
#15086 = SURFACE_CURVE('',#15087,(#15091,#15097),.PCURVE_S1.);
#15087 = LINE('',#15088,#15089);
#15088 = CARTESIAN_POINT('',(5.282685411493,-17.83404706854,0.));
#15089 = VECTOR('',#15090,1.);
#15090 = DIRECTION('',(-0.,-0.,-1.));
#15091 = PCURVE('',#5485,#15092);
#15092 = DEFINITIONAL_REPRESENTATION('',(#15093),#15096);
#15093 = B_SPLINE_CURVE_WITH_KNOTS('',1,(#15094,#15095),.UNSPECIFIED.,
  .F.,.F.,(2,2),(-7.0000006,6.E-07),.PIECEWISE_BEZIER_KNOTS.);
#15094 = CARTESIAN_POINT('',(2.2125,-7.0000006));
#15095 = CARTESIAN_POINT('',(2.2125,6.E-07));
#15096 = ( GEOMETRIC_REPRESENTATION_CONTEXT(2) 
PARAMETRIC_REPRESENTATION_CONTEXT() REPRESENTATION_CONTEXT('2D SPACE',''
  ) );
#15097 = PCURVE('',#5457,#15098);
#15098 = DEFINITIONAL_REPRESENTATION('',(#15099),#15102);
#15099 = B_SPLINE_CURVE_WITH_KNOTS('',1,(#15100,#15101),.UNSPECIFIED.,
  .F.,.F.,(2,2),(-7.0000006,6.E-07),.PIECEWISE_BEZIER_KNOTS.);
#15100 = CARTESIAN_POINT('',(-5.000368306964,-7.0000006));
#15101 = CARTESIAN_POINT('',(-5.000368306964,6.E-07));
#15102 = ( GEOMETRIC_REPRESENTATION_CONTEXT(2) 
PARAMETRIC_REPRESENTATION_CONTEXT() REPRESENTATION_CONTEXT('2D SPACE',''
  ) );
#15103 = ADVANCED_FACE('',(#15104),#1558,.T.);
#15104 = FACE_BOUND('',#15105,.T.);
#15105 = EDGE_LOOP('',(#15106,#15127,#15128,#15129));
#15106 = ORIENTED_EDGE('',*,*,#15107,.T.);
#15107 = EDGE_CURVE('',#1543,#8108,#15108,.T.);
#15108 = SURFACE_CURVE('',#15109,(#15113,#15120),.PCURVE_S1.);
#15109 = LINE('',#15110,#15111);
#15110 = CARTESIAN_POINT('',(2.986384674003,16.113089797704,0.));
#15111 = VECTOR('',#15112,1.);
#15112 = DIRECTION('',(0.,0.,1.));
#15113 = PCURVE('',#1558,#15114);
#15114 = DEFINITIONAL_REPRESENTATION('',(#15115),#15119);
#15115 = LINE('',#15116,#15117);
#15116 = CARTESIAN_POINT('',(0.,0.));
#15117 = VECTOR('',#15118,1.);
#15118 = DIRECTION('',(0.,-1.));
#15119 = ( GEOMETRIC_REPRESENTATION_CONTEXT(2) 
PARAMETRIC_REPRESENTATION_CONTEXT() REPRESENTATION_CONTEXT('2D SPACE',''
  ) );
#15120 = PCURVE('',#1586,#15121);
#15121 = DEFINITIONAL_REPRESENTATION('',(#15122),#15126);
#15122 = LINE('',#15123,#15124);
#15123 = CARTESIAN_POINT('',(4.0725,-0.));
#15124 = VECTOR('',#15125,1.);
#15125 = DIRECTION('',(0.,-1.));
#15126 = ( GEOMETRIC_REPRESENTATION_CONTEXT(2) 
PARAMETRIC_REPRESENTATION_CONTEXT() REPRESENTATION_CONTEXT('2D SPACE',''
  ) );
#15127 = ORIENTED_EDGE('',*,*,#8107,.T.);
#15128 = ORIENTED_EDGE('',*,*,#15056,.F.);
#15129 = ORIENTED_EDGE('',*,*,#1542,.F.);
#15130 = ADVANCED_FACE('',(#15131),#5457,.T.);
#15131 = FACE_BOUND('',#15132,.F.);
#15132 = EDGE_LOOP('',(#15133,#15134,#15153,#15154));
#15133 = ORIENTED_EDGE('',*,*,#5440,.F.);
#15134 = ORIENTED_EDGE('',*,*,#15135,.F.);
#15135 = EDGE_CURVE('',#11293,#5413,#15136,.T.);
#15136 = SURFACE_CURVE('',#15137,(#15141,#15147),.PCURVE_S1.);
#15137 = LINE('',#15138,#15139);
#15138 = CARTESIAN_POINT('',(4.34208376772,-18.08608051939,0.));
#15139 = VECTOR('',#15140,1.);
#15140 = DIRECTION('',(-0.,-0.,-1.));
#15141 = PCURVE('',#5457,#15142);
#15142 = DEFINITIONAL_REPRESENTATION('',(#15143),#15146);
#15143 = B_SPLINE_CURVE_WITH_KNOTS('',1,(#15144,#15145),.UNSPECIFIED.,
  .F.,.F.,(2,2),(-7.0000006,6.E-07),.PIECEWISE_BEZIER_KNOTS.);
#15144 = CARTESIAN_POINT('',(-4.948008429404,-7.0000006));
#15145 = CARTESIAN_POINT('',(-4.948008429404,6.E-07));
#15146 = ( GEOMETRIC_REPRESENTATION_CONTEXT(2) 
PARAMETRIC_REPRESENTATION_CONTEXT() REPRESENTATION_CONTEXT('2D SPACE',''
  ) );
#15147 = PCURVE('',#5428,#15148);
#15148 = DEFINITIONAL_REPRESENTATION('',(#15149),#15152);
#15149 = B_SPLINE_CURVE_WITH_KNOTS('',1,(#15150,#15151),.UNSPECIFIED.,
  .F.,.F.,(2,2),(-7.0000006,6.E-07),.PIECEWISE_BEZIER_KNOTS.);
#15150 = CARTESIAN_POINT('',(1.86,-7.0000006));
#15151 = CARTESIAN_POINT('',(1.86,6.E-07));
#15152 = ( GEOMETRIC_REPRESENTATION_CONTEXT(2) 
PARAMETRIC_REPRESENTATION_CONTEXT() REPRESENTATION_CONTEXT('2D SPACE',''
  ) );
#15153 = ORIENTED_EDGE('',*,*,#11315,.T.);
#15154 = ORIENTED_EDGE('',*,*,#15085,.T.);
#15155 = ADVANCED_FACE('',(#15156),#1586,.T.);
#15156 = FACE_BOUND('',#15157,.T.);
#15157 = EDGE_LOOP('',(#15158,#15159,#15178,#15179));
#15158 = ORIENTED_EDGE('',*,*,#1570,.F.);
#15159 = ORIENTED_EDGE('',*,*,#15160,.F.);
#15160 = EDGE_CURVE('',#8131,#1571,#15161,.T.);
#15161 = SURFACE_CURVE('',#15162,(#15166,#15172),.PCURVE_S1.);
#15162 = LINE('',#15163,#15164);
#15163 = CARTESIAN_POINT('',(3.389580774154,18.28854128069,0.));
#15164 = VECTOR('',#15165,1.);
#15165 = DIRECTION('',(-0.,-0.,-1.));
#15166 = PCURVE('',#1586,#15167);
#15167 = DEFINITIONAL_REPRESENTATION('',(#15168),#15171);
#15168 = B_SPLINE_CURVE_WITH_KNOTS('',1,(#15169,#15170),.UNSPECIFIED.,
  .F.,.F.,(2,2),(-7.0000006,6.E-07),.PIECEWISE_BEZIER_KNOTS.);
#15169 = CARTESIAN_POINT('',(1.86,-7.0000006));
#15170 = CARTESIAN_POINT('',(1.86,6.E-07));
#15171 = ( GEOMETRIC_REPRESENTATION_CONTEXT(2) 
PARAMETRIC_REPRESENTATION_CONTEXT() REPRESENTATION_CONTEXT('2D SPACE',''
  ) );
#15172 = PCURVE('',#1615,#15173);
#15173 = DEFINITIONAL_REPRESENTATION('',(#15174),#15177);
#15174 = B_SPLINE_CURVE_WITH_KNOTS('',1,(#15175,#15176),.UNSPECIFIED.,
  .F.,.F.,(2,2),(-7.0000006,6.E-07),.PIECEWISE_BEZIER_KNOTS.);
#15175 = CARTESIAN_POINT('',(-1.387536755335,-7.0000006));
#15176 = CARTESIAN_POINT('',(-1.387536755335,6.E-07));
#15177 = ( GEOMETRIC_REPRESENTATION_CONTEXT(2) 
PARAMETRIC_REPRESENTATION_CONTEXT() REPRESENTATION_CONTEXT('2D SPACE',''
  ) );
#15178 = ORIENTED_EDGE('',*,*,#8130,.T.);
#15179 = ORIENTED_EDGE('',*,*,#15107,.F.);
#15180 = ADVANCED_FACE('',(#15181),#5428,.T.);
#15181 = FACE_BOUND('',#15182,.T.);
#15182 = EDGE_LOOP('',(#15183,#15184,#15185,#15186));
#15183 = ORIENTED_EDGE('',*,*,#5412,.F.);
#15184 = ORIENTED_EDGE('',*,*,#15135,.F.);
#15185 = ORIENTED_EDGE('',*,*,#11292,.T.);
#15186 = ORIENTED_EDGE('',*,*,#15187,.F.);
#15187 = EDGE_CURVE('',#5385,#11270,#15188,.T.);
#15188 = SURFACE_CURVE('',#15189,(#15193,#15200),.PCURVE_S1.);
#15189 = LINE('',#15190,#15191);
#15190 = CARTESIAN_POINT('',(3.825585900189,-15.93471207051,0.));
#15191 = VECTOR('',#15192,1.);
#15192 = DIRECTION('',(0.,0.,1.));
#15193 = PCURVE('',#5428,#15194);
#15194 = DEFINITIONAL_REPRESENTATION('',(#15195),#15199);
#15195 = LINE('',#15196,#15197);
#15196 = CARTESIAN_POINT('',(4.0725,-0.));
#15197 = VECTOR('',#15198,1.);
#15198 = DIRECTION('',(0.,-1.));
#15199 = ( GEOMETRIC_REPRESENTATION_CONTEXT(2) 
PARAMETRIC_REPRESENTATION_CONTEXT() REPRESENTATION_CONTEXT('2D SPACE',''
  ) );
#15200 = PCURVE('',#5400,#15201);
#15201 = DEFINITIONAL_REPRESENTATION('',(#15202),#15206);
#15202 = LINE('',#15203,#15204);
#15203 = CARTESIAN_POINT('',(0.,0.));
#15204 = VECTOR('',#15205,1.);
#15205 = DIRECTION('',(0.,-1.));
#15206 = ( GEOMETRIC_REPRESENTATION_CONTEXT(2) 
PARAMETRIC_REPRESENTATION_CONTEXT() REPRESENTATION_CONTEXT('2D SPACE',''
  ) );
#15207 = ADVANCED_FACE('',(#15208),#1615,.T.);
#15208 = FACE_BOUND('',#15209,.F.);
#15209 = EDGE_LOOP('',(#15210,#15211,#15212,#15213));
#15210 = ORIENTED_EDGE('',*,*,#1598,.F.);
#15211 = ORIENTED_EDGE('',*,*,#15160,.F.);
#15212 = ORIENTED_EDGE('',*,*,#8153,.T.);
#15213 = ORIENTED_EDGE('',*,*,#15214,.T.);
#15214 = EDGE_CURVE('',#8154,#1599,#15215,.T.);
#15215 = SURFACE_CURVE('',#15216,(#15220,#15226),.PCURVE_S1.);
#15216 = LINE('',#15217,#15218);
#15217 = CARTESIAN_POINT('',(2.427787175293,18.440874421553,0.));
#15218 = VECTOR('',#15219,1.);
#15219 = DIRECTION('',(-0.,-0.,-1.));
#15220 = PCURVE('',#1615,#15221);
#15221 = DEFINITIONAL_REPRESENTATION('',(#15222),#15225);
#15222 = B_SPLINE_CURVE_WITH_KNOTS('',1,(#15223,#15224),.UNSPECIFIED.,
  .F.,.F.,(2,2),(-7.0000006,6.E-07),.PIECEWISE_BEZIER_KNOTS.);
#15223 = CARTESIAN_POINT('',(-1.439896632895,-7.0000006));
#15224 = CARTESIAN_POINT('',(-1.439896632895,6.E-07));
#15225 = ( GEOMETRIC_REPRESENTATION_CONTEXT(2) 
PARAMETRIC_REPRESENTATION_CONTEXT() REPRESENTATION_CONTEXT('2D SPACE',''
  ) );
#15226 = PCURVE('',#1643,#15227);
#15227 = DEFINITIONAL_REPRESENTATION('',(#15228),#15231);
#15228 = B_SPLINE_CURVE_WITH_KNOTS('',1,(#15229,#15230),.UNSPECIFIED.,
  .F.,.F.,(2,2),(-7.0000006,6.E-07),.PIECEWISE_BEZIER_KNOTS.);
#15229 = CARTESIAN_POINT('',(2.2125,-7.0000006));
#15230 = CARTESIAN_POINT('',(2.2125,6.E-07));
#15231 = ( GEOMETRIC_REPRESENTATION_CONTEXT(2) 
PARAMETRIC_REPRESENTATION_CONTEXT() REPRESENTATION_CONTEXT('2D SPACE',''
  ) );
#15232 = ADVANCED_FACE('',(#15233),#5400,.T.);
#15233 = FACE_BOUND('',#15234,.T.);
#15234 = EDGE_LOOP('',(#15235,#15236,#15237,#15258));
#15235 = ORIENTED_EDGE('',*,*,#15187,.T.);
#15236 = ORIENTED_EDGE('',*,*,#11269,.T.);
#15237 = ORIENTED_EDGE('',*,*,#15238,.F.);
#15238 = EDGE_CURVE('',#5357,#11247,#15239,.T.);
#15239 = SURFACE_CURVE('',#15240,(#15244,#15251),.PCURVE_S1.);
#15240 = LINE('',#15241,#15242);
#15241 = CARTESIAN_POINT('',(2.986384674003,-16.1130897977,0.));
#15242 = VECTOR('',#15243,1.);
#15243 = DIRECTION('',(0.,0.,1.));
#15244 = PCURVE('',#5400,#15245);
#15245 = DEFINITIONAL_REPRESENTATION('',(#15246),#15250);
#15246 = LINE('',#15247,#15248);
#15247 = CARTESIAN_POINT('',(0.857949480791,0.));
#15248 = VECTOR('',#15249,1.);
#15249 = DIRECTION('',(0.,-1.));
#15250 = ( GEOMETRIC_REPRESENTATION_CONTEXT(2) 
PARAMETRIC_REPRESENTATION_CONTEXT() REPRESENTATION_CONTEXT('2D SPACE',''
  ) );
#15251 = PCURVE('',#5372,#15252);
#15252 = DEFINITIONAL_REPRESENTATION('',(#15253),#15257);
#15253 = LINE('',#15254,#15255);
#15254 = CARTESIAN_POINT('',(0.,0.));
#15255 = VECTOR('',#15256,1.);
#15256 = DIRECTION('',(0.,-1.));
#15257 = ( GEOMETRIC_REPRESENTATION_CONTEXT(2) 
PARAMETRIC_REPRESENTATION_CONTEXT() REPRESENTATION_CONTEXT('2D SPACE',''
  ) );
#15258 = ORIENTED_EDGE('',*,*,#5384,.F.);
#15259 = ADVANCED_FACE('',(#15260),#1643,.T.);
#15260 = FACE_BOUND('',#15261,.T.);
#15261 = EDGE_LOOP('',(#15262,#15263,#15284,#15285));
#15262 = ORIENTED_EDGE('',*,*,#1627,.F.);
#15263 = ORIENTED_EDGE('',*,*,#15264,.T.);
#15264 = EDGE_CURVE('',#1628,#8178,#15265,.T.);
#15265 = SURFACE_CURVE('',#15266,(#15270,#15277),.PCURVE_S1.);
#15266 = LINE('',#15267,#15268);
#15267 = CARTESIAN_POINT('',(2.138997975006,16.247302665763,0.));
#15268 = VECTOR('',#15269,1.);
#15269 = DIRECTION('',(0.,0.,1.));
#15270 = PCURVE('',#1643,#15271);
#15271 = DEFINITIONAL_REPRESENTATION('',(#15272),#15276);
#15272 = LINE('',#15273,#15274);
#15273 = CARTESIAN_POINT('',(0.,0.));
#15274 = VECTOR('',#15275,1.);
#15275 = DIRECTION('',(0.,-1.));
#15276 = ( GEOMETRIC_REPRESENTATION_CONTEXT(2) 
PARAMETRIC_REPRESENTATION_CONTEXT() REPRESENTATION_CONTEXT('2D SPACE',''
  ) );
#15277 = PCURVE('',#1671,#15278);
#15278 = DEFINITIONAL_REPRESENTATION('',(#15279),#15283);
#15279 = LINE('',#15280,#15281);
#15280 = CARTESIAN_POINT('',(0.857949480791,0.));
#15281 = VECTOR('',#15282,1.);
#15282 = DIRECTION('',(0.,-1.));
#15283 = ( GEOMETRIC_REPRESENTATION_CONTEXT(2) 
PARAMETRIC_REPRESENTATION_CONTEXT() REPRESENTATION_CONTEXT('2D SPACE',''
  ) );
#15284 = ORIENTED_EDGE('',*,*,#8177,.T.);
#15285 = ORIENTED_EDGE('',*,*,#15214,.T.);
#15286 = ADVANCED_FACE('',(#15287),#5372,.T.);
#15287 = FACE_BOUND('',#15288,.T.);
#15288 = EDGE_LOOP('',(#15289,#15290,#15291,#15292));
#15289 = ORIENTED_EDGE('',*,*,#5356,.F.);
#15290 = ORIENTED_EDGE('',*,*,#15238,.T.);
#15291 = ORIENTED_EDGE('',*,*,#11246,.T.);
#15292 = ORIENTED_EDGE('',*,*,#15293,.T.);
#15293 = EDGE_CURVE('',#11223,#5328,#15294,.T.);
#15294 = SURFACE_CURVE('',#15295,(#15299,#15305),.PCURVE_S1.);
#15295 = LINE('',#15296,#15297);
#15296 = CARTESIAN_POINT('',(3.389580774154,-18.28854128069,0.));
#15297 = VECTOR('',#15298,1.);
#15298 = DIRECTION('',(-0.,-0.,-1.));
#15299 = PCURVE('',#5372,#15300);
#15300 = DEFINITIONAL_REPRESENTATION('',(#15301),#15304);
#15301 = B_SPLINE_CURVE_WITH_KNOTS('',1,(#15302,#15303),.UNSPECIFIED.,
  .F.,.F.,(2,2),(-7.0000006,6.E-07),.PIECEWISE_BEZIER_KNOTS.);
#15302 = CARTESIAN_POINT('',(2.2125,-7.0000006));
#15303 = CARTESIAN_POINT('',(2.2125,6.E-07));
#15304 = ( GEOMETRIC_REPRESENTATION_CONTEXT(2) 
PARAMETRIC_REPRESENTATION_CONTEXT() REPRESENTATION_CONTEXT('2D SPACE',''
  ) );
#15305 = PCURVE('',#5344,#15306);
#15306 = DEFINITIONAL_REPRESENTATION('',(#15307),#15310);
#15307 = B_SPLINE_CURVE_WITH_KNOTS('',1,(#15308,#15309),.UNSPECIFIED.,
  .F.,.F.,(2,2),(-7.0000006,6.E-07),.PIECEWISE_BEZIER_KNOTS.);
#15308 = CARTESIAN_POINT('',(-4.895648551844,-7.0000006));
#15309 = CARTESIAN_POINT('',(-4.895648551844,6.E-07));
#15310 = ( GEOMETRIC_REPRESENTATION_CONTEXT(2) 
PARAMETRIC_REPRESENTATION_CONTEXT() REPRESENTATION_CONTEXT('2D SPACE',''
  ) );
#15311 = ADVANCED_FACE('',(#15312),#1671,.T.);
#15312 = FACE_BOUND('',#15313,.T.);
#15313 = EDGE_LOOP('',(#15314,#15335,#15336,#15337));
#15314 = ORIENTED_EDGE('',*,*,#15315,.T.);
#15315 = EDGE_CURVE('',#1656,#8201,#15316,.T.);
#15316 = SURFACE_CURVE('',#15317,(#15321,#15328),.PCURVE_S1.);
#15317 = LINE('',#15318,#15319);
#15318 = CARTESIAN_POINT('',(1.28574843124,16.336982806552,0.));
#15319 = VECTOR('',#15320,1.);
#15320 = DIRECTION('',(0.,0.,1.));
#15321 = PCURVE('',#1671,#15322);
#15322 = DEFINITIONAL_REPRESENTATION('',(#15323),#15327);
#15323 = LINE('',#15324,#15325);
#15324 = CARTESIAN_POINT('',(0.,0.));
#15325 = VECTOR('',#15326,1.);
#15326 = DIRECTION('',(0.,-1.));
#15327 = ( GEOMETRIC_REPRESENTATION_CONTEXT(2) 
PARAMETRIC_REPRESENTATION_CONTEXT() REPRESENTATION_CONTEXT('2D SPACE',''
  ) );
#15328 = PCURVE('',#1699,#15329);
#15329 = DEFINITIONAL_REPRESENTATION('',(#15330),#15334);
#15330 = LINE('',#15331,#15332);
#15331 = CARTESIAN_POINT('',(4.0725,-0.));
#15332 = VECTOR('',#15333,1.);
#15333 = DIRECTION('',(0.,-1.));
#15334 = ( GEOMETRIC_REPRESENTATION_CONTEXT(2) 
PARAMETRIC_REPRESENTATION_CONTEXT() REPRESENTATION_CONTEXT('2D SPACE',''
  ) );
#15335 = ORIENTED_EDGE('',*,*,#8200,.T.);
#15336 = ORIENTED_EDGE('',*,*,#15264,.F.);
#15337 = ORIENTED_EDGE('',*,*,#1655,.F.);
#15338 = ADVANCED_FACE('',(#15339),#5344,.T.);
#15339 = FACE_BOUND('',#15340,.F.);
#15340 = EDGE_LOOP('',(#15341,#15342,#15361,#15362));
#15341 = ORIENTED_EDGE('',*,*,#5327,.F.);
#15342 = ORIENTED_EDGE('',*,*,#15343,.F.);
#15343 = EDGE_CURVE('',#11200,#5300,#15344,.T.);
#15344 = SURFACE_CURVE('',#15345,(#15349,#15355),.PCURVE_S1.);
#15345 = LINE('',#15346,#15347);
#15346 = CARTESIAN_POINT('',(2.427787175293,-18.44087442155,0.));
#15347 = VECTOR('',#15348,1.);
#15348 = DIRECTION('',(-0.,-0.,-1.));
#15349 = PCURVE('',#5344,#15350);
#15350 = DEFINITIONAL_REPRESENTATION('',(#15351),#15354);
#15351 = B_SPLINE_CURVE_WITH_KNOTS('',1,(#15352,#15353),.UNSPECIFIED.,
  .F.,.F.,(2,2),(-7.0000006,6.E-07),.PIECEWISE_BEZIER_KNOTS.);
#15352 = CARTESIAN_POINT('',(-4.843288674284,-7.0000006));
#15353 = CARTESIAN_POINT('',(-4.843288674284,6.E-07));
#15354 = ( GEOMETRIC_REPRESENTATION_CONTEXT(2) 
PARAMETRIC_REPRESENTATION_CONTEXT() REPRESENTATION_CONTEXT('2D SPACE',''
  ) );
#15355 = PCURVE('',#5315,#15356);
#15356 = DEFINITIONAL_REPRESENTATION('',(#15357),#15360);
#15357 = B_SPLINE_CURVE_WITH_KNOTS('',1,(#15358,#15359),.UNSPECIFIED.,
  .F.,.F.,(2,2),(-7.0000006,6.E-07),.PIECEWISE_BEZIER_KNOTS.);
#15358 = CARTESIAN_POINT('',(1.86,-7.0000006));
#15359 = CARTESIAN_POINT('',(1.86,6.E-07));
#15360 = ( GEOMETRIC_REPRESENTATION_CONTEXT(2) 
PARAMETRIC_REPRESENTATION_CONTEXT() REPRESENTATION_CONTEXT('2D SPACE',''
  ) );
#15361 = ORIENTED_EDGE('',*,*,#11222,.T.);
#15362 = ORIENTED_EDGE('',*,*,#15293,.T.);
#15363 = ADVANCED_FACE('',(#15364),#1699,.T.);
#15364 = FACE_BOUND('',#15365,.T.);
#15365 = EDGE_LOOP('',(#15366,#15367,#15386,#15387));
#15366 = ORIENTED_EDGE('',*,*,#1683,.F.);
#15367 = ORIENTED_EDGE('',*,*,#15368,.F.);
#15368 = EDGE_CURVE('',#8224,#1684,#15369,.T.);
#15369 = SURFACE_CURVE('',#15370,(#15374,#15380),.PCURVE_S1.);
#15370 = LINE('',#15371,#15372);
#15371 = CARTESIAN_POINT('',(1.459339180538,18.542662407436,0.));
#15372 = VECTOR('',#15373,1.);
#15373 = DIRECTION('',(-0.,-0.,-1.));
#15374 = PCURVE('',#1699,#15375);
#15375 = DEFINITIONAL_REPRESENTATION('',(#15376),#15379);
#15376 = B_SPLINE_CURVE_WITH_KNOTS('',1,(#15377,#15378),.UNSPECIFIED.,
  .F.,.F.,(2,2),(-7.0000006,6.E-07),.PIECEWISE_BEZIER_KNOTS.);
#15377 = CARTESIAN_POINT('',(1.86,-7.0000006));
#15378 = CARTESIAN_POINT('',(1.86,6.E-07));
#15379 = ( GEOMETRIC_REPRESENTATION_CONTEXT(2) 
PARAMETRIC_REPRESENTATION_CONTEXT() REPRESENTATION_CONTEXT('2D SPACE',''
  ) );
#15380 = PCURVE('',#1728,#15381);
#15381 = DEFINITIONAL_REPRESENTATION('',(#15382),#15385);
#15382 = B_SPLINE_CURVE_WITH_KNOTS('',1,(#15383,#15384),.UNSPECIFIED.,
  .F.,.F.,(2,2),(-7.0000006,6.E-07),.PIECEWISE_BEZIER_KNOTS.);
#15383 = CARTESIAN_POINT('',(-1.492256510455,-7.0000006));
#15384 = CARTESIAN_POINT('',(-1.492256510455,6.E-07));
#15385 = ( GEOMETRIC_REPRESENTATION_CONTEXT(2) 
PARAMETRIC_REPRESENTATION_CONTEXT() REPRESENTATION_CONTEXT('2D SPACE',''
  ) );
#15386 = ORIENTED_EDGE('',*,*,#8223,.T.);
#15387 = ORIENTED_EDGE('',*,*,#15315,.F.);
#15388 = ADVANCED_FACE('',(#15389),#5315,.T.);
#15389 = FACE_BOUND('',#15390,.T.);
#15390 = EDGE_LOOP('',(#15391,#15392,#15393,#15394));
#15391 = ORIENTED_EDGE('',*,*,#5299,.F.);
#15392 = ORIENTED_EDGE('',*,*,#15343,.F.);
#15393 = ORIENTED_EDGE('',*,*,#11199,.T.);
#15394 = ORIENTED_EDGE('',*,*,#15395,.F.);
#15395 = EDGE_CURVE('',#5272,#11177,#15396,.T.);
#15396 = SURFACE_CURVE('',#15397,(#15401,#15408),.PCURVE_S1.);
#15397 = LINE('',#15398,#15399);
#15398 = CARTESIAN_POINT('',(2.138997975006,-16.24730266576,0.));
#15399 = VECTOR('',#15400,1.);
#15400 = DIRECTION('',(0.,0.,1.));
#15401 = PCURVE('',#5315,#15402);
#15402 = DEFINITIONAL_REPRESENTATION('',(#15403),#15407);
#15403 = LINE('',#15404,#15405);
#15404 = CARTESIAN_POINT('',(4.0725,-0.));
#15405 = VECTOR('',#15406,1.);
#15406 = DIRECTION('',(0.,-1.));
#15407 = ( GEOMETRIC_REPRESENTATION_CONTEXT(2) 
PARAMETRIC_REPRESENTATION_CONTEXT() REPRESENTATION_CONTEXT('2D SPACE',''
  ) );
#15408 = PCURVE('',#5287,#15409);
#15409 = DEFINITIONAL_REPRESENTATION('',(#15410),#15414);
#15410 = LINE('',#15411,#15412);
#15411 = CARTESIAN_POINT('',(0.,0.));
#15412 = VECTOR('',#15413,1.);
#15413 = DIRECTION('',(0.,-1.));
#15414 = ( GEOMETRIC_REPRESENTATION_CONTEXT(2) 
PARAMETRIC_REPRESENTATION_CONTEXT() REPRESENTATION_CONTEXT('2D SPACE',''
  ) );
#15415 = ADVANCED_FACE('',(#15416),#1728,.T.);
#15416 = FACE_BOUND('',#15417,.F.);
#15417 = EDGE_LOOP('',(#15418,#15419,#15420,#15421));
#15418 = ORIENTED_EDGE('',*,*,#1711,.F.);
#15419 = ORIENTED_EDGE('',*,*,#15368,.F.);
#15420 = ORIENTED_EDGE('',*,*,#8246,.T.);
#15421 = ORIENTED_EDGE('',*,*,#15422,.T.);
#15422 = EDGE_CURVE('',#8247,#1712,#15423,.T.);
#15423 = SURFACE_CURVE('',#15424,(#15428,#15434),.PCURVE_S1.);
#15424 = LINE('',#15425,#15426);
#15425 = CARTESIAN_POINT('',(0.486891238526,18.593626244545,0.));
#15426 = VECTOR('',#15427,1.);
#15427 = DIRECTION('',(-0.,-0.,-1.));
#15428 = PCURVE('',#1728,#15429);
#15429 = DEFINITIONAL_REPRESENTATION('',(#15430),#15433);
#15430 = B_SPLINE_CURVE_WITH_KNOTS('',1,(#15431,#15432),.UNSPECIFIED.,
  .F.,.F.,(2,2),(-7.0000006,6.E-07),.PIECEWISE_BEZIER_KNOTS.);
#15431 = CARTESIAN_POINT('',(-1.544616388015,-7.0000006));
#15432 = CARTESIAN_POINT('',(-1.544616388015,6.E-07));
#15433 = ( GEOMETRIC_REPRESENTATION_CONTEXT(2) 
PARAMETRIC_REPRESENTATION_CONTEXT() REPRESENTATION_CONTEXT('2D SPACE',''
  ) );
#15434 = PCURVE('',#1756,#15435);
#15435 = DEFINITIONAL_REPRESENTATION('',(#15436),#15439);
#15436 = B_SPLINE_CURVE_WITH_KNOTS('',1,(#15437,#15438),.UNSPECIFIED.,
  .F.,.F.,(2,2),(-7.0000006,6.E-07),.PIECEWISE_BEZIER_KNOTS.);
#15437 = CARTESIAN_POINT('',(2.2125,-7.0000006));
#15438 = CARTESIAN_POINT('',(2.2125,6.E-07));
#15439 = ( GEOMETRIC_REPRESENTATION_CONTEXT(2) 
PARAMETRIC_REPRESENTATION_CONTEXT() REPRESENTATION_CONTEXT('2D SPACE',''
  ) );
#15440 = ADVANCED_FACE('',(#15441),#5287,.T.);
#15441 = FACE_BOUND('',#15442,.T.);
#15442 = EDGE_LOOP('',(#15443,#15444,#15445,#15466));
#15443 = ORIENTED_EDGE('',*,*,#15395,.T.);
#15444 = ORIENTED_EDGE('',*,*,#11176,.T.);
#15445 = ORIENTED_EDGE('',*,*,#15446,.F.);
#15446 = EDGE_CURVE('',#5244,#11154,#15447,.T.);
#15447 = SURFACE_CURVE('',#15448,(#15452,#15459),.PCURVE_S1.);
#15448 = LINE('',#15449,#15450);
#15449 = CARTESIAN_POINT('',(1.28574843124,-16.33698280655,0.));
#15450 = VECTOR('',#15451,1.);
#15451 = DIRECTION('',(0.,0.,1.));
#15452 = PCURVE('',#5287,#15453);
#15453 = DEFINITIONAL_REPRESENTATION('',(#15454),#15458);
#15454 = LINE('',#15455,#15456);
#15455 = CARTESIAN_POINT('',(0.857949480791,0.));
#15456 = VECTOR('',#15457,1.);
#15457 = DIRECTION('',(0.,-1.));
#15458 = ( GEOMETRIC_REPRESENTATION_CONTEXT(2) 
PARAMETRIC_REPRESENTATION_CONTEXT() REPRESENTATION_CONTEXT('2D SPACE',''
  ) );
#15459 = PCURVE('',#5259,#15460);
#15460 = DEFINITIONAL_REPRESENTATION('',(#15461),#15465);
#15461 = LINE('',#15462,#15463);
#15462 = CARTESIAN_POINT('',(0.,0.));
#15463 = VECTOR('',#15464,1.);
#15464 = DIRECTION('',(0.,-1.));
#15465 = ( GEOMETRIC_REPRESENTATION_CONTEXT(2) 
PARAMETRIC_REPRESENTATION_CONTEXT() REPRESENTATION_CONTEXT('2D SPACE',''
  ) );
#15466 = ORIENTED_EDGE('',*,*,#5271,.F.);
#15467 = ADVANCED_FACE('',(#15468),#1756,.T.);
#15468 = FACE_BOUND('',#15469,.T.);
#15469 = EDGE_LOOP('',(#15470,#15471,#15492,#15493));
#15470 = ORIENTED_EDGE('',*,*,#1740,.F.);
#15471 = ORIENTED_EDGE('',*,*,#15472,.T.);
#15472 = EDGE_CURVE('',#1741,#8271,#15473,.T.);
#15473 = SURFACE_CURVE('',#15474,(#15478,#15485),.PCURVE_S1.);
#15474 = LINE('',#15475,#15476);
#15475 = CARTESIAN_POINT('',(0.428974740395,16.381884413037,0.));
#15476 = VECTOR('',#15477,1.);
#15477 = DIRECTION('',(0.,0.,1.));
#15478 = PCURVE('',#1756,#15479);
#15479 = DEFINITIONAL_REPRESENTATION('',(#15480),#15484);
#15480 = LINE('',#15481,#15482);
#15481 = CARTESIAN_POINT('',(0.,0.));
#15482 = VECTOR('',#15483,1.);
#15483 = DIRECTION('',(0.,-1.));
#15484 = ( GEOMETRIC_REPRESENTATION_CONTEXT(2) 
PARAMETRIC_REPRESENTATION_CONTEXT() REPRESENTATION_CONTEXT('2D SPACE',''
  ) );
#15485 = PCURVE('',#1784,#15486);
#15486 = DEFINITIONAL_REPRESENTATION('',(#15487),#15491);
#15487 = LINE('',#15488,#15489);
#15488 = CARTESIAN_POINT('',(0.857949480791,0.));
#15489 = VECTOR('',#15490,1.);
#15490 = DIRECTION('',(0.,-1.));
#15491 = ( GEOMETRIC_REPRESENTATION_CONTEXT(2) 
PARAMETRIC_REPRESENTATION_CONTEXT() REPRESENTATION_CONTEXT('2D SPACE',''
  ) );
#15492 = ORIENTED_EDGE('',*,*,#8270,.T.);
#15493 = ORIENTED_EDGE('',*,*,#15422,.T.);
#15494 = ADVANCED_FACE('',(#15495),#5259,.T.);
#15495 = FACE_BOUND('',#15496,.T.);
#15496 = EDGE_LOOP('',(#15497,#15498,#15499,#15500));
#15497 = ORIENTED_EDGE('',*,*,#5243,.F.);
#15498 = ORIENTED_EDGE('',*,*,#15446,.T.);
#15499 = ORIENTED_EDGE('',*,*,#11153,.T.);
#15500 = ORIENTED_EDGE('',*,*,#15501,.T.);
#15501 = EDGE_CURVE('',#11130,#5215,#15502,.T.);
#15502 = SURFACE_CURVE('',#15503,(#15507,#15513),.PCURVE_S1.);
#15503 = LINE('',#15504,#15505);
#15504 = CARTESIAN_POINT('',(1.459339180538,-18.54266240743,0.));
#15505 = VECTOR('',#15506,1.);
#15506 = DIRECTION('',(-0.,-0.,-1.));
#15507 = PCURVE('',#5259,#15508);
#15508 = DEFINITIONAL_REPRESENTATION('',(#15509),#15512);
#15509 = B_SPLINE_CURVE_WITH_KNOTS('',1,(#15510,#15511),.UNSPECIFIED.,
  .F.,.F.,(2,2),(-7.0000006,6.E-07),.PIECEWISE_BEZIER_KNOTS.);
#15510 = CARTESIAN_POINT('',(2.2125,-7.0000006));
#15511 = CARTESIAN_POINT('',(2.2125,6.E-07));
#15512 = ( GEOMETRIC_REPRESENTATION_CONTEXT(2) 
PARAMETRIC_REPRESENTATION_CONTEXT() REPRESENTATION_CONTEXT('2D SPACE',''
  ) );
#15513 = PCURVE('',#5231,#15514);
#15514 = DEFINITIONAL_REPRESENTATION('',(#15515),#15518);
#15515 = B_SPLINE_CURVE_WITH_KNOTS('',1,(#15516,#15517),.UNSPECIFIED.,
  .F.,.F.,(2,2),(-7.0000006,6.E-07),.PIECEWISE_BEZIER_KNOTS.);
#15516 = CARTESIAN_POINT('',(-4.790928796724,-7.0000006));
#15517 = CARTESIAN_POINT('',(-4.790928796724,6.E-07));
#15518 = ( GEOMETRIC_REPRESENTATION_CONTEXT(2) 
PARAMETRIC_REPRESENTATION_CONTEXT() REPRESENTATION_CONTEXT('2D SPACE',''
  ) );
#15519 = ADVANCED_FACE('',(#15520),#1784,.T.);
#15520 = FACE_BOUND('',#15521,.T.);
#15521 = EDGE_LOOP('',(#15522,#15543,#15544,#15545));
#15522 = ORIENTED_EDGE('',*,*,#15523,.T.);
#15523 = EDGE_CURVE('',#1769,#8294,#15524,.T.);
#15524 = SURFACE_CURVE('',#15525,(#15529,#15536),.PCURVE_S1.);
#15525 = LINE('',#15526,#15527);
#15526 = CARTESIAN_POINT('',(-0.428974740395,16.381884413037,0.));
#15527 = VECTOR('',#15528,1.);
#15528 = DIRECTION('',(0.,0.,1.));
#15529 = PCURVE('',#1784,#15530);
#15530 = DEFINITIONAL_REPRESENTATION('',(#15531),#15535);
#15531 = LINE('',#15532,#15533);
#15532 = CARTESIAN_POINT('',(0.,0.));
#15533 = VECTOR('',#15534,1.);
#15534 = DIRECTION('',(0.,-1.));
#15535 = ( GEOMETRIC_REPRESENTATION_CONTEXT(2) 
PARAMETRIC_REPRESENTATION_CONTEXT() REPRESENTATION_CONTEXT('2D SPACE',''
  ) );
#15536 = PCURVE('',#1812,#15537);
#15537 = DEFINITIONAL_REPRESENTATION('',(#15538),#15542);
#15538 = LINE('',#15539,#15540);
#15539 = CARTESIAN_POINT('',(4.0725,0.));
#15540 = VECTOR('',#15541,1.);
#15541 = DIRECTION('',(0.,-1.));
#15542 = ( GEOMETRIC_REPRESENTATION_CONTEXT(2) 
PARAMETRIC_REPRESENTATION_CONTEXT() REPRESENTATION_CONTEXT('2D SPACE',''
  ) );
#15543 = ORIENTED_EDGE('',*,*,#8293,.T.);
#15544 = ORIENTED_EDGE('',*,*,#15472,.F.);
#15545 = ORIENTED_EDGE('',*,*,#1768,.F.);
#15546 = ADVANCED_FACE('',(#15547),#5231,.T.);
#15547 = FACE_BOUND('',#15548,.F.);
#15548 = EDGE_LOOP('',(#15549,#15550,#15569,#15570));
#15549 = ORIENTED_EDGE('',*,*,#5214,.F.);
#15550 = ORIENTED_EDGE('',*,*,#15551,.F.);
#15551 = EDGE_CURVE('',#11107,#5187,#15552,.T.);
#15552 = SURFACE_CURVE('',#15553,(#15557,#15563),.PCURVE_S1.);
#15553 = LINE('',#15554,#15555);
#15554 = CARTESIAN_POINT('',(0.486891238526,-18.59362624454,0.));
#15555 = VECTOR('',#15556,1.);
#15556 = DIRECTION('',(-0.,-0.,-1.));
#15557 = PCURVE('',#5231,#15558);
#15558 = DEFINITIONAL_REPRESENTATION('',(#15559),#15562);
#15559 = B_SPLINE_CURVE_WITH_KNOTS('',1,(#15560,#15561),.UNSPECIFIED.,
  .F.,.F.,(2,2),(-7.0000006,6.E-07),.PIECEWISE_BEZIER_KNOTS.);
#15560 = CARTESIAN_POINT('',(-4.738568919165,-7.0000006));
#15561 = CARTESIAN_POINT('',(-4.738568919165,6.E-07));
#15562 = ( GEOMETRIC_REPRESENTATION_CONTEXT(2) 
PARAMETRIC_REPRESENTATION_CONTEXT() REPRESENTATION_CONTEXT('2D SPACE',''
  ) );
#15563 = PCURVE('',#5202,#15564);
#15564 = DEFINITIONAL_REPRESENTATION('',(#15565),#15568);
#15565 = B_SPLINE_CURVE_WITH_KNOTS('',1,(#15566,#15567),.UNSPECIFIED.,
  .F.,.F.,(2,2),(-7.0000006,6.E-07),.PIECEWISE_BEZIER_KNOTS.);
#15566 = CARTESIAN_POINT('',(1.86,-7.0000006));
#15567 = CARTESIAN_POINT('',(1.86,6.E-07));
#15568 = ( GEOMETRIC_REPRESENTATION_CONTEXT(2) 
PARAMETRIC_REPRESENTATION_CONTEXT() REPRESENTATION_CONTEXT('2D SPACE',''
  ) );
#15569 = ORIENTED_EDGE('',*,*,#11129,.T.);
#15570 = ORIENTED_EDGE('',*,*,#15501,.T.);
#15571 = ADVANCED_FACE('',(#15572),#1812,.T.);
#15572 = FACE_BOUND('',#15573,.T.);
#15573 = EDGE_LOOP('',(#15574,#15575,#15594,#15595));
#15574 = ORIENTED_EDGE('',*,*,#1796,.F.);
#15575 = ORIENTED_EDGE('',*,*,#15576,.F.);
#15576 = EDGE_CURVE('',#8317,#1797,#15577,.T.);
#15577 = SURFACE_CURVE('',#15578,(#15582,#15588),.PCURVE_S1.);
#15578 = LINE('',#15579,#15580);
#15579 = CARTESIAN_POINT('',(-0.486891238526,18.593626244545,0.));
#15580 = VECTOR('',#15581,1.);
#15581 = DIRECTION('',(-0.,-0.,-1.));
#15582 = PCURVE('',#1812,#15583);
#15583 = DEFINITIONAL_REPRESENTATION('',(#15584),#15587);
#15584 = B_SPLINE_CURVE_WITH_KNOTS('',1,(#15585,#15586),.UNSPECIFIED.,
  .F.,.F.,(2,2),(-7.0000006,6.E-07),.PIECEWISE_BEZIER_KNOTS.);
#15585 = CARTESIAN_POINT('',(1.86,-7.0000006));
#15586 = CARTESIAN_POINT('',(1.86,6.E-07));
#15587 = ( GEOMETRIC_REPRESENTATION_CONTEXT(2) 
PARAMETRIC_REPRESENTATION_CONTEXT() REPRESENTATION_CONTEXT('2D SPACE',''
  ) );
#15588 = PCURVE('',#1841,#15589);
#15589 = DEFINITIONAL_REPRESENTATION('',(#15590),#15593);
#15590 = B_SPLINE_CURVE_WITH_KNOTS('',1,(#15591,#15592),.UNSPECIFIED.,
  .F.,.F.,(2,2),(-7.0000006,6.E-07),.PIECEWISE_BEZIER_KNOTS.);
#15591 = CARTESIAN_POINT('',(-1.596976265575,-7.0000006));
#15592 = CARTESIAN_POINT('',(-1.596976265575,6.E-07));
#15593 = ( GEOMETRIC_REPRESENTATION_CONTEXT(2) 
PARAMETRIC_REPRESENTATION_CONTEXT() REPRESENTATION_CONTEXT('2D SPACE',''
  ) );
#15594 = ORIENTED_EDGE('',*,*,#8316,.T.);
#15595 = ORIENTED_EDGE('',*,*,#15523,.F.);
#15596 = ADVANCED_FACE('',(#15597),#5202,.T.);
#15597 = FACE_BOUND('',#15598,.T.);
#15598 = EDGE_LOOP('',(#15599,#15600,#15601,#15602));
#15599 = ORIENTED_EDGE('',*,*,#5186,.F.);
#15600 = ORIENTED_EDGE('',*,*,#15551,.F.);
#15601 = ORIENTED_EDGE('',*,*,#11106,.T.);
#15602 = ORIENTED_EDGE('',*,*,#15603,.F.);
#15603 = EDGE_CURVE('',#5159,#11084,#15604,.T.);
#15604 = SURFACE_CURVE('',#15605,(#15609,#15616),.PCURVE_S1.);
#15605 = LINE('',#15606,#15607);
#15606 = CARTESIAN_POINT('',(0.428974740395,-16.38188441303,0.));
#15607 = VECTOR('',#15608,1.);
#15608 = DIRECTION('',(0.,0.,1.));
#15609 = PCURVE('',#5202,#15610);
#15610 = DEFINITIONAL_REPRESENTATION('',(#15611),#15615);
#15611 = LINE('',#15612,#15613);
#15612 = CARTESIAN_POINT('',(4.0725,0.));
#15613 = VECTOR('',#15614,1.);
#15614 = DIRECTION('',(0.,-1.));
#15615 = ( GEOMETRIC_REPRESENTATION_CONTEXT(2) 
PARAMETRIC_REPRESENTATION_CONTEXT() REPRESENTATION_CONTEXT('2D SPACE',''
  ) );
#15616 = PCURVE('',#5174,#15617);
#15617 = DEFINITIONAL_REPRESENTATION('',(#15618),#15622);
#15618 = LINE('',#15619,#15620);
#15619 = CARTESIAN_POINT('',(0.,0.));
#15620 = VECTOR('',#15621,1.);
#15621 = DIRECTION('',(0.,-1.));
#15622 = ( GEOMETRIC_REPRESENTATION_CONTEXT(2) 
PARAMETRIC_REPRESENTATION_CONTEXT() REPRESENTATION_CONTEXT('2D SPACE',''
  ) );
#15623 = ADVANCED_FACE('',(#15624),#1841,.T.);
#15624 = FACE_BOUND('',#15625,.F.);
#15625 = EDGE_LOOP('',(#15626,#15627,#15628,#15629));
#15626 = ORIENTED_EDGE('',*,*,#1824,.F.);
#15627 = ORIENTED_EDGE('',*,*,#15576,.F.);
#15628 = ORIENTED_EDGE('',*,*,#8339,.T.);
#15629 = ORIENTED_EDGE('',*,*,#15630,.T.);
#15630 = EDGE_CURVE('',#8340,#1825,#15631,.T.);
#15631 = SURFACE_CURVE('',#15632,(#15636,#15642),.PCURVE_S1.);
#15632 = LINE('',#15633,#15634);
#15633 = CARTESIAN_POINT('',(-1.459339180538,18.542662407436,0.));
#15634 = VECTOR('',#15635,1.);
#15635 = DIRECTION('',(-0.,-0.,-1.));
#15636 = PCURVE('',#1841,#15637);
#15637 = DEFINITIONAL_REPRESENTATION('',(#15638),#15641);
#15638 = B_SPLINE_CURVE_WITH_KNOTS('',1,(#15639,#15640),.UNSPECIFIED.,
  .F.,.F.,(2,2),(-7.0000006,6.E-07),.PIECEWISE_BEZIER_KNOTS.);
#15639 = CARTESIAN_POINT('',(-1.649336143135,-7.0000006));
#15640 = CARTESIAN_POINT('',(-1.649336143135,6.E-07));
#15641 = ( GEOMETRIC_REPRESENTATION_CONTEXT(2) 
PARAMETRIC_REPRESENTATION_CONTEXT() REPRESENTATION_CONTEXT('2D SPACE',''
  ) );
#15642 = PCURVE('',#1869,#15643);
#15643 = DEFINITIONAL_REPRESENTATION('',(#15644),#15647);
#15644 = B_SPLINE_CURVE_WITH_KNOTS('',1,(#15645,#15646),.UNSPECIFIED.,
  .F.,.F.,(2,2),(-7.0000006,6.E-07),.PIECEWISE_BEZIER_KNOTS.);
#15645 = CARTESIAN_POINT('',(2.2125,-7.0000006));
#15646 = CARTESIAN_POINT('',(2.2125,6.E-07));
#15647 = ( GEOMETRIC_REPRESENTATION_CONTEXT(2) 
PARAMETRIC_REPRESENTATION_CONTEXT() REPRESENTATION_CONTEXT('2D SPACE',''
  ) );
#15648 = ADVANCED_FACE('',(#15649),#5174,.T.);
#15649 = FACE_BOUND('',#15650,.T.);
#15650 = EDGE_LOOP('',(#15651,#15652,#15653,#15674));
#15651 = ORIENTED_EDGE('',*,*,#15603,.T.);
#15652 = ORIENTED_EDGE('',*,*,#11083,.T.);
#15653 = ORIENTED_EDGE('',*,*,#15654,.F.);
#15654 = EDGE_CURVE('',#5131,#11061,#15655,.T.);
#15655 = SURFACE_CURVE('',#15656,(#15660,#15667),.PCURVE_S1.);
#15656 = LINE('',#15657,#15658);
#15657 = CARTESIAN_POINT('',(-0.428974740395,-16.38188441303,0.));
#15658 = VECTOR('',#15659,1.);
#15659 = DIRECTION('',(0.,0.,1.));
#15660 = PCURVE('',#5174,#15661);
#15661 = DEFINITIONAL_REPRESENTATION('',(#15662),#15666);
#15662 = LINE('',#15663,#15664);
#15663 = CARTESIAN_POINT('',(0.857949480791,0.));
#15664 = VECTOR('',#15665,1.);
#15665 = DIRECTION('',(0.,-1.));
#15666 = ( GEOMETRIC_REPRESENTATION_CONTEXT(2) 
PARAMETRIC_REPRESENTATION_CONTEXT() REPRESENTATION_CONTEXT('2D SPACE',''
  ) );
#15667 = PCURVE('',#5146,#15668);
#15668 = DEFINITIONAL_REPRESENTATION('',(#15669),#15673);
#15669 = LINE('',#15670,#15671);
#15670 = CARTESIAN_POINT('',(0.,0.));
#15671 = VECTOR('',#15672,1.);
#15672 = DIRECTION('',(0.,-1.));
#15673 = ( GEOMETRIC_REPRESENTATION_CONTEXT(2) 
PARAMETRIC_REPRESENTATION_CONTEXT() REPRESENTATION_CONTEXT('2D SPACE',''
  ) );
#15674 = ORIENTED_EDGE('',*,*,#5158,.F.);
#15675 = ADVANCED_FACE('',(#15676),#1869,.T.);
#15676 = FACE_BOUND('',#15677,.T.);
#15677 = EDGE_LOOP('',(#15678,#15679,#15700,#15701));
#15678 = ORIENTED_EDGE('',*,*,#1853,.F.);
#15679 = ORIENTED_EDGE('',*,*,#15680,.T.);
#15680 = EDGE_CURVE('',#1854,#8364,#15681,.T.);
#15681 = SURFACE_CURVE('',#15682,(#15686,#15693),.PCURVE_S1.);
#15682 = LINE('',#15683,#15684);
#15683 = CARTESIAN_POINT('',(-1.28574843124,16.336982806552,0.));
#15684 = VECTOR('',#15685,1.);
#15685 = DIRECTION('',(0.,0.,1.));
#15686 = PCURVE('',#1869,#15687);
#15687 = DEFINITIONAL_REPRESENTATION('',(#15688),#15692);
#15688 = LINE('',#15689,#15690);
#15689 = CARTESIAN_POINT('',(0.,0.));
#15690 = VECTOR('',#15691,1.);
#15691 = DIRECTION('',(0.,-1.));
#15692 = ( GEOMETRIC_REPRESENTATION_CONTEXT(2) 
PARAMETRIC_REPRESENTATION_CONTEXT() REPRESENTATION_CONTEXT('2D SPACE',''
  ) );
#15693 = PCURVE('',#1897,#15694);
#15694 = DEFINITIONAL_REPRESENTATION('',(#15695),#15699);
#15695 = LINE('',#15696,#15697);
#15696 = CARTESIAN_POINT('',(0.857949480791,0.));
#15697 = VECTOR('',#15698,1.);
#15698 = DIRECTION('',(0.,-1.));
#15699 = ( GEOMETRIC_REPRESENTATION_CONTEXT(2) 
PARAMETRIC_REPRESENTATION_CONTEXT() REPRESENTATION_CONTEXT('2D SPACE',''
  ) );
#15700 = ORIENTED_EDGE('',*,*,#8363,.T.);
#15701 = ORIENTED_EDGE('',*,*,#15630,.T.);
#15702 = ADVANCED_FACE('',(#15703),#5146,.T.);
#15703 = FACE_BOUND('',#15704,.T.);
#15704 = EDGE_LOOP('',(#15705,#15706,#15707,#15708));
#15705 = ORIENTED_EDGE('',*,*,#5130,.F.);
#15706 = ORIENTED_EDGE('',*,*,#15654,.T.);
#15707 = ORIENTED_EDGE('',*,*,#11060,.T.);
#15708 = ORIENTED_EDGE('',*,*,#15709,.T.);
#15709 = EDGE_CURVE('',#11037,#5102,#15710,.T.);
#15710 = SURFACE_CURVE('',#15711,(#15715,#15721),.PCURVE_S1.);
#15711 = LINE('',#15712,#15713);
#15712 = CARTESIAN_POINT('',(-0.486891238526,-18.59362624454,0.));
#15713 = VECTOR('',#15714,1.);
#15714 = DIRECTION('',(-0.,-0.,-1.));
#15715 = PCURVE('',#5146,#15716);
#15716 = DEFINITIONAL_REPRESENTATION('',(#15717),#15720);
#15717 = B_SPLINE_CURVE_WITH_KNOTS('',1,(#15718,#15719),.UNSPECIFIED.,
  .F.,.F.,(2,2),(-7.0000006,6.E-07),.PIECEWISE_BEZIER_KNOTS.);
#15718 = CARTESIAN_POINT('',(2.2125,-7.0000006));
#15719 = CARTESIAN_POINT('',(2.2125,6.E-07));
#15720 = ( GEOMETRIC_REPRESENTATION_CONTEXT(2) 
PARAMETRIC_REPRESENTATION_CONTEXT() REPRESENTATION_CONTEXT('2D SPACE',''
  ) );
#15721 = PCURVE('',#5118,#15722);
#15722 = DEFINITIONAL_REPRESENTATION('',(#15723),#15726);
#15723 = B_SPLINE_CURVE_WITH_KNOTS('',1,(#15724,#15725),.UNSPECIFIED.,
  .F.,.F.,(2,2),(-7.0000006,6.E-07),.PIECEWISE_BEZIER_KNOTS.);
#15724 = CARTESIAN_POINT('',(-4.686209041605,-7.0000006));
#15725 = CARTESIAN_POINT('',(-4.686209041605,6.E-07));
#15726 = ( GEOMETRIC_REPRESENTATION_CONTEXT(2) 
PARAMETRIC_REPRESENTATION_CONTEXT() REPRESENTATION_CONTEXT('2D SPACE',''
  ) );
#15727 = ADVANCED_FACE('',(#15728),#1897,.T.);
#15728 = FACE_BOUND('',#15729,.T.);
#15729 = EDGE_LOOP('',(#15730,#15751,#15752,#15753));
#15730 = ORIENTED_EDGE('',*,*,#15731,.T.);
#15731 = EDGE_CURVE('',#1882,#8387,#15732,.T.);
#15732 = SURFACE_CURVE('',#15733,(#15737,#15744),.PCURVE_S1.);
#15733 = LINE('',#15734,#15735);
#15734 = CARTESIAN_POINT('',(-2.138997975006,16.247302665763,0.));
#15735 = VECTOR('',#15736,1.);
#15736 = DIRECTION('',(0.,0.,1.));
#15737 = PCURVE('',#1897,#15738);
#15738 = DEFINITIONAL_REPRESENTATION('',(#15739),#15743);
#15739 = LINE('',#15740,#15741);
#15740 = CARTESIAN_POINT('',(0.,0.));
#15741 = VECTOR('',#15742,1.);
#15742 = DIRECTION('',(0.,-1.));
#15743 = ( GEOMETRIC_REPRESENTATION_CONTEXT(2) 
PARAMETRIC_REPRESENTATION_CONTEXT() REPRESENTATION_CONTEXT('2D SPACE',''
  ) );
#15744 = PCURVE('',#1925,#15745);
#15745 = DEFINITIONAL_REPRESENTATION('',(#15746),#15750);
#15746 = LINE('',#15747,#15748);
#15747 = CARTESIAN_POINT('',(4.0725,0.));
#15748 = VECTOR('',#15749,1.);
#15749 = DIRECTION('',(0.,-1.));
#15750 = ( GEOMETRIC_REPRESENTATION_CONTEXT(2) 
PARAMETRIC_REPRESENTATION_CONTEXT() REPRESENTATION_CONTEXT('2D SPACE',''
  ) );
#15751 = ORIENTED_EDGE('',*,*,#8386,.T.);
#15752 = ORIENTED_EDGE('',*,*,#15680,.F.);
#15753 = ORIENTED_EDGE('',*,*,#1881,.F.);
#15754 = ADVANCED_FACE('',(#15755),#5118,.T.);
#15755 = FACE_BOUND('',#15756,.F.);
#15756 = EDGE_LOOP('',(#15757,#15758,#15777,#15778));
#15757 = ORIENTED_EDGE('',*,*,#5101,.F.);
#15758 = ORIENTED_EDGE('',*,*,#15759,.F.);
#15759 = EDGE_CURVE('',#11014,#5074,#15760,.T.);
#15760 = SURFACE_CURVE('',#15761,(#15765,#15771),.PCURVE_S1.);
#15761 = LINE('',#15762,#15763);
#15762 = CARTESIAN_POINT('',(-1.459339180538,-18.54266240743,0.));
#15763 = VECTOR('',#15764,1.);
#15764 = DIRECTION('',(-0.,-0.,-1.));
#15765 = PCURVE('',#5118,#15766);
#15766 = DEFINITIONAL_REPRESENTATION('',(#15767),#15770);
#15767 = B_SPLINE_CURVE_WITH_KNOTS('',1,(#15768,#15769),.UNSPECIFIED.,
  .F.,.F.,(2,2),(-7.0000006,6.E-07),.PIECEWISE_BEZIER_KNOTS.);
#15768 = CARTESIAN_POINT('',(-4.633849164045,-7.0000006));
#15769 = CARTESIAN_POINT('',(-4.633849164045,6.E-07));
#15770 = ( GEOMETRIC_REPRESENTATION_CONTEXT(2) 
PARAMETRIC_REPRESENTATION_CONTEXT() REPRESENTATION_CONTEXT('2D SPACE',''
  ) );
#15771 = PCURVE('',#5089,#15772);
#15772 = DEFINITIONAL_REPRESENTATION('',(#15773),#15776);
#15773 = B_SPLINE_CURVE_WITH_KNOTS('',1,(#15774,#15775),.UNSPECIFIED.,
  .F.,.F.,(2,2),(-7.0000006,6.E-07),.PIECEWISE_BEZIER_KNOTS.);
#15774 = CARTESIAN_POINT('',(1.86,-7.0000006));
#15775 = CARTESIAN_POINT('',(1.86,6.E-07));
#15776 = ( GEOMETRIC_REPRESENTATION_CONTEXT(2) 
PARAMETRIC_REPRESENTATION_CONTEXT() REPRESENTATION_CONTEXT('2D SPACE',''
  ) );
#15777 = ORIENTED_EDGE('',*,*,#11036,.T.);
#15778 = ORIENTED_EDGE('',*,*,#15709,.T.);
#15779 = ADVANCED_FACE('',(#15780),#1925,.T.);
#15780 = FACE_BOUND('',#15781,.T.);
#15781 = EDGE_LOOP('',(#15782,#15783,#15802,#15803));
#15782 = ORIENTED_EDGE('',*,*,#1909,.F.);
#15783 = ORIENTED_EDGE('',*,*,#15784,.F.);
#15784 = EDGE_CURVE('',#8410,#1910,#15785,.T.);
#15785 = SURFACE_CURVE('',#15786,(#15790,#15796),.PCURVE_S1.);
#15786 = LINE('',#15787,#15788);
#15787 = CARTESIAN_POINT('',(-2.427787175293,18.440874421553,0.));
#15788 = VECTOR('',#15789,1.);
#15789 = DIRECTION('',(-0.,-0.,-1.));
#15790 = PCURVE('',#1925,#15791);
#15791 = DEFINITIONAL_REPRESENTATION('',(#15792),#15795);
#15792 = B_SPLINE_CURVE_WITH_KNOTS('',1,(#15793,#15794),.UNSPECIFIED.,
  .F.,.F.,(2,2),(-7.0000006,6.E-07),.PIECEWISE_BEZIER_KNOTS.);
#15793 = CARTESIAN_POINT('',(1.86,-7.0000006));
#15794 = CARTESIAN_POINT('',(1.86,6.E-07));
#15795 = ( GEOMETRIC_REPRESENTATION_CONTEXT(2) 
PARAMETRIC_REPRESENTATION_CONTEXT() REPRESENTATION_CONTEXT('2D SPACE',''
  ) );
#15796 = PCURVE('',#1954,#15797);
#15797 = DEFINITIONAL_REPRESENTATION('',(#15798),#15801);
#15798 = B_SPLINE_CURVE_WITH_KNOTS('',1,(#15799,#15800),.UNSPECIFIED.,
  .F.,.F.,(2,2),(-7.0000006,6.E-07),.PIECEWISE_BEZIER_KNOTS.);
#15799 = CARTESIAN_POINT('',(-1.701696020694,-7.0000006));
#15800 = CARTESIAN_POINT('',(-1.701696020694,6.E-07));
#15801 = ( GEOMETRIC_REPRESENTATION_CONTEXT(2) 
PARAMETRIC_REPRESENTATION_CONTEXT() REPRESENTATION_CONTEXT('2D SPACE',''
  ) );
#15802 = ORIENTED_EDGE('',*,*,#8409,.T.);
#15803 = ORIENTED_EDGE('',*,*,#15731,.F.);
#15804 = ADVANCED_FACE('',(#15805),#5089,.T.);
#15805 = FACE_BOUND('',#15806,.T.);
#15806 = EDGE_LOOP('',(#15807,#15808,#15809,#15810));
#15807 = ORIENTED_EDGE('',*,*,#5073,.F.);
#15808 = ORIENTED_EDGE('',*,*,#15759,.F.);
#15809 = ORIENTED_EDGE('',*,*,#11013,.T.);
#15810 = ORIENTED_EDGE('',*,*,#15811,.F.);
#15811 = EDGE_CURVE('',#5046,#10991,#15812,.T.);
#15812 = SURFACE_CURVE('',#15813,(#15817,#15824),.PCURVE_S1.);
#15813 = LINE('',#15814,#15815);
#15814 = CARTESIAN_POINT('',(-1.28574843124,-16.33698280655,0.));
#15815 = VECTOR('',#15816,1.);
#15816 = DIRECTION('',(0.,0.,1.));
#15817 = PCURVE('',#5089,#15818);
#15818 = DEFINITIONAL_REPRESENTATION('',(#15819),#15823);
#15819 = LINE('',#15820,#15821);
#15820 = CARTESIAN_POINT('',(4.0725,0.));
#15821 = VECTOR('',#15822,1.);
#15822 = DIRECTION('',(0.,-1.));
#15823 = ( GEOMETRIC_REPRESENTATION_CONTEXT(2) 
PARAMETRIC_REPRESENTATION_CONTEXT() REPRESENTATION_CONTEXT('2D SPACE',''
  ) );
#15824 = PCURVE('',#5061,#15825);
#15825 = DEFINITIONAL_REPRESENTATION('',(#15826),#15830);
#15826 = LINE('',#15827,#15828);
#15827 = CARTESIAN_POINT('',(0.,0.));
#15828 = VECTOR('',#15829,1.);
#15829 = DIRECTION('',(0.,-1.));
#15830 = ( GEOMETRIC_REPRESENTATION_CONTEXT(2) 
PARAMETRIC_REPRESENTATION_CONTEXT() REPRESENTATION_CONTEXT('2D SPACE',''
  ) );
#15831 = ADVANCED_FACE('',(#15832),#1954,.T.);
#15832 = FACE_BOUND('',#15833,.F.);
#15833 = EDGE_LOOP('',(#15834,#15835,#15836,#15837));
#15834 = ORIENTED_EDGE('',*,*,#1937,.F.);
#15835 = ORIENTED_EDGE('',*,*,#15784,.F.);
#15836 = ORIENTED_EDGE('',*,*,#8432,.T.);
#15837 = ORIENTED_EDGE('',*,*,#15838,.T.);
#15838 = EDGE_CURVE('',#8433,#1938,#15839,.T.);
#15839 = SURFACE_CURVE('',#15840,(#15844,#15850),.PCURVE_S1.);
#15840 = LINE('',#15841,#15842);
#15841 = CARTESIAN_POINT('',(-3.389580774154,18.28854128069,0.));
#15842 = VECTOR('',#15843,1.);
#15843 = DIRECTION('',(-0.,-0.,-1.));
#15844 = PCURVE('',#1954,#15845);
#15845 = DEFINITIONAL_REPRESENTATION('',(#15846),#15849);
#15846 = B_SPLINE_CURVE_WITH_KNOTS('',1,(#15847,#15848),.UNSPECIFIED.,
  .F.,.F.,(2,2),(-7.0000006,6.E-07),.PIECEWISE_BEZIER_KNOTS.);
#15847 = CARTESIAN_POINT('',(-1.754055898254,-7.0000006));
#15848 = CARTESIAN_POINT('',(-1.754055898254,6.E-07));
#15849 = ( GEOMETRIC_REPRESENTATION_CONTEXT(2) 
PARAMETRIC_REPRESENTATION_CONTEXT() REPRESENTATION_CONTEXT('2D SPACE',''
  ) );
#15850 = PCURVE('',#1982,#15851);
#15851 = DEFINITIONAL_REPRESENTATION('',(#15852),#15855);
#15852 = B_SPLINE_CURVE_WITH_KNOTS('',1,(#15853,#15854),.UNSPECIFIED.,
  .F.,.F.,(2,2),(-7.0000006,6.E-07),.PIECEWISE_BEZIER_KNOTS.);
#15853 = CARTESIAN_POINT('',(2.2125,-7.0000006));
#15854 = CARTESIAN_POINT('',(2.2125,6.E-07));
#15855 = ( GEOMETRIC_REPRESENTATION_CONTEXT(2) 
PARAMETRIC_REPRESENTATION_CONTEXT() REPRESENTATION_CONTEXT('2D SPACE',''
  ) );
#15856 = ADVANCED_FACE('',(#15857),#5061,.T.);
#15857 = FACE_BOUND('',#15858,.T.);
#15858 = EDGE_LOOP('',(#15859,#15860,#15861,#15882));
#15859 = ORIENTED_EDGE('',*,*,#15811,.T.);
#15860 = ORIENTED_EDGE('',*,*,#10990,.T.);
#15861 = ORIENTED_EDGE('',*,*,#15862,.F.);
#15862 = EDGE_CURVE('',#5018,#10968,#15863,.T.);
#15863 = SURFACE_CURVE('',#15864,(#15868,#15875),.PCURVE_S1.);
#15864 = LINE('',#15865,#15866);
#15865 = CARTESIAN_POINT('',(-2.138997975006,-16.24730266576,0.));
#15866 = VECTOR('',#15867,1.);
#15867 = DIRECTION('',(0.,0.,1.));
#15868 = PCURVE('',#5061,#15869);
#15869 = DEFINITIONAL_REPRESENTATION('',(#15870),#15874);
#15870 = LINE('',#15871,#15872);
#15871 = CARTESIAN_POINT('',(0.857949480791,0.));
#15872 = VECTOR('',#15873,1.);
#15873 = DIRECTION('',(0.,-1.));
#15874 = ( GEOMETRIC_REPRESENTATION_CONTEXT(2) 
PARAMETRIC_REPRESENTATION_CONTEXT() REPRESENTATION_CONTEXT('2D SPACE',''
  ) );
#15875 = PCURVE('',#5033,#15876);
#15876 = DEFINITIONAL_REPRESENTATION('',(#15877),#15881);
#15877 = LINE('',#15878,#15879);
#15878 = CARTESIAN_POINT('',(0.,0.));
#15879 = VECTOR('',#15880,1.);
#15880 = DIRECTION('',(0.,-1.));
#15881 = ( GEOMETRIC_REPRESENTATION_CONTEXT(2) 
PARAMETRIC_REPRESENTATION_CONTEXT() REPRESENTATION_CONTEXT('2D SPACE',''
  ) );
#15882 = ORIENTED_EDGE('',*,*,#5045,.F.);
#15883 = ADVANCED_FACE('',(#15884),#1982,.T.);
#15884 = FACE_BOUND('',#15885,.T.);
#15885 = EDGE_LOOP('',(#15886,#15887,#15908,#15909));
#15886 = ORIENTED_EDGE('',*,*,#1966,.F.);
#15887 = ORIENTED_EDGE('',*,*,#15888,.T.);
#15888 = EDGE_CURVE('',#1967,#8457,#15889,.T.);
#15889 = SURFACE_CURVE('',#15890,(#15894,#15901),.PCURVE_S1.);
#15890 = LINE('',#15891,#15892);
#15891 = CARTESIAN_POINT('',(-2.986384674003,16.113089797704,0.));
#15892 = VECTOR('',#15893,1.);
#15893 = DIRECTION('',(0.,0.,1.));
#15894 = PCURVE('',#1982,#15895);
#15895 = DEFINITIONAL_REPRESENTATION('',(#15896),#15900);
#15896 = LINE('',#15897,#15898);
#15897 = CARTESIAN_POINT('',(0.,0.));
#15898 = VECTOR('',#15899,1.);
#15899 = DIRECTION('',(0.,-1.));
#15900 = ( GEOMETRIC_REPRESENTATION_CONTEXT(2) 
PARAMETRIC_REPRESENTATION_CONTEXT() REPRESENTATION_CONTEXT('2D SPACE',''
  ) );
#15901 = PCURVE('',#2010,#15902);
#15902 = DEFINITIONAL_REPRESENTATION('',(#15903),#15907);
#15903 = LINE('',#15904,#15905);
#15904 = CARTESIAN_POINT('',(0.857949480791,0.));
#15905 = VECTOR('',#15906,1.);
#15906 = DIRECTION('',(0.,-1.));
#15907 = ( GEOMETRIC_REPRESENTATION_CONTEXT(2) 
PARAMETRIC_REPRESENTATION_CONTEXT() REPRESENTATION_CONTEXT('2D SPACE',''
  ) );
#15908 = ORIENTED_EDGE('',*,*,#8456,.T.);
#15909 = ORIENTED_EDGE('',*,*,#15838,.T.);
#15910 = ADVANCED_FACE('',(#15911),#5033,.T.);
#15911 = FACE_BOUND('',#15912,.T.);
#15912 = EDGE_LOOP('',(#15913,#15914,#15915,#15916));
#15913 = ORIENTED_EDGE('',*,*,#5017,.F.);
#15914 = ORIENTED_EDGE('',*,*,#15862,.T.);
#15915 = ORIENTED_EDGE('',*,*,#10967,.T.);
#15916 = ORIENTED_EDGE('',*,*,#15917,.T.);
#15917 = EDGE_CURVE('',#10944,#4989,#15918,.T.);
#15918 = SURFACE_CURVE('',#15919,(#15923,#15929),.PCURVE_S1.);
#15919 = LINE('',#15920,#15921);
#15920 = CARTESIAN_POINT('',(-2.427787175293,-18.44087442155,0.));
#15921 = VECTOR('',#15922,1.);
#15922 = DIRECTION('',(-0.,-0.,-1.));
#15923 = PCURVE('',#5033,#15924);
#15924 = DEFINITIONAL_REPRESENTATION('',(#15925),#15928);
#15925 = B_SPLINE_CURVE_WITH_KNOTS('',1,(#15926,#15927),.UNSPECIFIED.,
  .F.,.F.,(2,2),(-7.0000006,6.E-07),.PIECEWISE_BEZIER_KNOTS.);
#15926 = CARTESIAN_POINT('',(2.2125,-7.0000006));
#15927 = CARTESIAN_POINT('',(2.2125,6.E-07));
#15928 = ( GEOMETRIC_REPRESENTATION_CONTEXT(2) 
PARAMETRIC_REPRESENTATION_CONTEXT() REPRESENTATION_CONTEXT('2D SPACE',''
  ) );
#15929 = PCURVE('',#5005,#15930);
#15930 = DEFINITIONAL_REPRESENTATION('',(#15931),#15934);
#15931 = B_SPLINE_CURVE_WITH_KNOTS('',1,(#15932,#15933),.UNSPECIFIED.,
  .F.,.F.,(2,2),(-7.0000006,6.E-07),.PIECEWISE_BEZIER_KNOTS.);
#15932 = CARTESIAN_POINT('',(-4.581489286485,-7.0000006));
#15933 = CARTESIAN_POINT('',(-4.581489286485,6.E-07));
#15934 = ( GEOMETRIC_REPRESENTATION_CONTEXT(2) 
PARAMETRIC_REPRESENTATION_CONTEXT() REPRESENTATION_CONTEXT('2D SPACE',''
  ) );
#15935 = ADVANCED_FACE('',(#15936),#2010,.T.);
#15936 = FACE_BOUND('',#15937,.T.);
#15937 = EDGE_LOOP('',(#15938,#15959,#15960,#15961));
#15938 = ORIENTED_EDGE('',*,*,#15939,.T.);
#15939 = EDGE_CURVE('',#1995,#8480,#15940,.T.);
#15940 = SURFACE_CURVE('',#15941,(#15945,#15952),.PCURVE_S1.);
#15941 = LINE('',#15942,#15943);
#15942 = CARTESIAN_POINT('',(-3.825585900189,15.934712070517,0.));
#15943 = VECTOR('',#15944,1.);
#15944 = DIRECTION('',(0.,0.,1.));
#15945 = PCURVE('',#2010,#15946);
#15946 = DEFINITIONAL_REPRESENTATION('',(#15947),#15951);
#15947 = LINE('',#15948,#15949);
#15948 = CARTESIAN_POINT('',(0.,0.));
#15949 = VECTOR('',#15950,1.);
#15950 = DIRECTION('',(0.,-1.));
#15951 = ( GEOMETRIC_REPRESENTATION_CONTEXT(2) 
PARAMETRIC_REPRESENTATION_CONTEXT() REPRESENTATION_CONTEXT('2D SPACE',''
  ) );
#15952 = PCURVE('',#2038,#15953);
#15953 = DEFINITIONAL_REPRESENTATION('',(#15954),#15958);
#15954 = LINE('',#15955,#15956);
#15955 = CARTESIAN_POINT('',(4.0725,0.));
#15956 = VECTOR('',#15957,1.);
#15957 = DIRECTION('',(0.,-1.));
#15958 = ( GEOMETRIC_REPRESENTATION_CONTEXT(2) 
PARAMETRIC_REPRESENTATION_CONTEXT() REPRESENTATION_CONTEXT('2D SPACE',''
  ) );
#15959 = ORIENTED_EDGE('',*,*,#8479,.T.);
#15960 = ORIENTED_EDGE('',*,*,#15888,.F.);
#15961 = ORIENTED_EDGE('',*,*,#1994,.F.);
#15962 = ADVANCED_FACE('',(#15963),#5005,.T.);
#15963 = FACE_BOUND('',#15964,.F.);
#15964 = EDGE_LOOP('',(#15965,#15966,#15985,#15986));
#15965 = ORIENTED_EDGE('',*,*,#4988,.F.);
#15966 = ORIENTED_EDGE('',*,*,#15967,.F.);
#15967 = EDGE_CURVE('',#10921,#4961,#15968,.T.);
#15968 = SURFACE_CURVE('',#15969,(#15973,#15979),.PCURVE_S1.);
#15969 = LINE('',#15970,#15971);
#15970 = CARTESIAN_POINT('',(-3.389580774154,-18.28854128069,0.));
#15971 = VECTOR('',#15972,1.);
#15972 = DIRECTION('',(-0.,-0.,-1.));
#15973 = PCURVE('',#5005,#15974);
#15974 = DEFINITIONAL_REPRESENTATION('',(#15975),#15978);
#15975 = B_SPLINE_CURVE_WITH_KNOTS('',1,(#15976,#15977),.UNSPECIFIED.,
  .F.,.F.,(2,2),(-7.0000006,6.E-07),.PIECEWISE_BEZIER_KNOTS.);
#15976 = CARTESIAN_POINT('',(-4.529129408925,-7.0000006));
#15977 = CARTESIAN_POINT('',(-4.529129408925,6.E-07));
#15978 = ( GEOMETRIC_REPRESENTATION_CONTEXT(2) 
PARAMETRIC_REPRESENTATION_CONTEXT() REPRESENTATION_CONTEXT('2D SPACE',''
  ) );
#15979 = PCURVE('',#4976,#15980);
#15980 = DEFINITIONAL_REPRESENTATION('',(#15981),#15984);
#15981 = B_SPLINE_CURVE_WITH_KNOTS('',1,(#15982,#15983),.UNSPECIFIED.,
  .F.,.F.,(2,2),(-7.0000006,6.E-07),.PIECEWISE_BEZIER_KNOTS.);
#15982 = CARTESIAN_POINT('',(1.86,-7.0000006));
#15983 = CARTESIAN_POINT('',(1.86,6.E-07));
#15984 = ( GEOMETRIC_REPRESENTATION_CONTEXT(2) 
PARAMETRIC_REPRESENTATION_CONTEXT() REPRESENTATION_CONTEXT('2D SPACE',''
  ) );
#15985 = ORIENTED_EDGE('',*,*,#10943,.T.);
#15986 = ORIENTED_EDGE('',*,*,#15917,.T.);
#15987 = ADVANCED_FACE('',(#15988),#2038,.T.);
#15988 = FACE_BOUND('',#15989,.T.);
#15989 = EDGE_LOOP('',(#15990,#15991,#16010,#16011));
#15990 = ORIENTED_EDGE('',*,*,#2022,.F.);
#15991 = ORIENTED_EDGE('',*,*,#15992,.F.);
#15992 = EDGE_CURVE('',#8503,#2023,#15993,.T.);
#15993 = SURFACE_CURVE('',#15994,(#15998,#16004),.PCURVE_S1.);
#15994 = LINE('',#15995,#15996);
#15995 = CARTESIAN_POINT('',(-4.34208376772,18.086080519397,0.));
#15996 = VECTOR('',#15997,1.);
#15997 = DIRECTION('',(-0.,-0.,-1.));
#15998 = PCURVE('',#2038,#15999);
#15999 = DEFINITIONAL_REPRESENTATION('',(#16000),#16003);
#16000 = B_SPLINE_CURVE_WITH_KNOTS('',1,(#16001,#16002),.UNSPECIFIED.,
  .F.,.F.,(2,2),(-7.0000006,6.E-07),.PIECEWISE_BEZIER_KNOTS.);
#16001 = CARTESIAN_POINT('',(1.86,-7.0000006));
#16002 = CARTESIAN_POINT('',(1.86,6.E-07));
#16003 = ( GEOMETRIC_REPRESENTATION_CONTEXT(2) 
PARAMETRIC_REPRESENTATION_CONTEXT() REPRESENTATION_CONTEXT('2D SPACE',''
  ) );
#16004 = PCURVE('',#2067,#16005);
#16005 = DEFINITIONAL_REPRESENTATION('',(#16006),#16009);
#16006 = B_SPLINE_CURVE_WITH_KNOTS('',1,(#16007,#16008),.UNSPECIFIED.,
  .F.,.F.,(2,2),(-7.0000006,6.E-07),.PIECEWISE_BEZIER_KNOTS.);
#16007 = CARTESIAN_POINT('',(-1.806415775814,-7.0000006));
#16008 = CARTESIAN_POINT('',(-1.806415775814,6.E-07));
#16009 = ( GEOMETRIC_REPRESENTATION_CONTEXT(2) 
PARAMETRIC_REPRESENTATION_CONTEXT() REPRESENTATION_CONTEXT('2D SPACE',''
  ) );
#16010 = ORIENTED_EDGE('',*,*,#8502,.T.);
#16011 = ORIENTED_EDGE('',*,*,#15939,.F.);
#16012 = ADVANCED_FACE('',(#16013),#4976,.T.);
#16013 = FACE_BOUND('',#16014,.T.);
#16014 = EDGE_LOOP('',(#16015,#16016,#16017,#16018));
#16015 = ORIENTED_EDGE('',*,*,#4960,.F.);
#16016 = ORIENTED_EDGE('',*,*,#15967,.F.);
#16017 = ORIENTED_EDGE('',*,*,#10920,.T.);
#16018 = ORIENTED_EDGE('',*,*,#16019,.F.);
#16019 = EDGE_CURVE('',#4933,#10898,#16020,.T.);
#16020 = SURFACE_CURVE('',#16021,(#16025,#16032),.PCURVE_S1.);
#16021 = LINE('',#16022,#16023);
#16022 = CARTESIAN_POINT('',(-2.986384674003,-16.1130897977,0.));
#16023 = VECTOR('',#16024,1.);
#16024 = DIRECTION('',(0.,0.,1.));
#16025 = PCURVE('',#4976,#16026);
#16026 = DEFINITIONAL_REPRESENTATION('',(#16027),#16031);
#16027 = LINE('',#16028,#16029);
#16028 = CARTESIAN_POINT('',(4.0725,0.));
#16029 = VECTOR('',#16030,1.);
#16030 = DIRECTION('',(0.,-1.));
#16031 = ( GEOMETRIC_REPRESENTATION_CONTEXT(2) 
PARAMETRIC_REPRESENTATION_CONTEXT() REPRESENTATION_CONTEXT('2D SPACE',''
  ) );
#16032 = PCURVE('',#4948,#16033);
#16033 = DEFINITIONAL_REPRESENTATION('',(#16034),#16038);
#16034 = LINE('',#16035,#16036);
#16035 = CARTESIAN_POINT('',(0.,0.));
#16036 = VECTOR('',#16037,1.);
#16037 = DIRECTION('',(0.,-1.));
#16038 = ( GEOMETRIC_REPRESENTATION_CONTEXT(2) 
PARAMETRIC_REPRESENTATION_CONTEXT() REPRESENTATION_CONTEXT('2D SPACE',''
  ) );
#16039 = ADVANCED_FACE('',(#16040),#2067,.T.);
#16040 = FACE_BOUND('',#16041,.F.);
#16041 = EDGE_LOOP('',(#16042,#16043,#16044,#16045));
#16042 = ORIENTED_EDGE('',*,*,#2050,.F.);
#16043 = ORIENTED_EDGE('',*,*,#15992,.F.);
#16044 = ORIENTED_EDGE('',*,*,#8525,.T.);
#16045 = ORIENTED_EDGE('',*,*,#16046,.T.);
#16046 = EDGE_CURVE('',#8526,#2051,#16047,.T.);
#16047 = SURFACE_CURVE('',#16048,(#16052,#16058),.PCURVE_S1.);
#16048 = LINE('',#16049,#16050);
#16049 = CARTESIAN_POINT('',(-5.282685411493,17.834047068548,0.));
#16050 = VECTOR('',#16051,1.);
#16051 = DIRECTION('',(-0.,-0.,-1.));
#16052 = PCURVE('',#2067,#16053);
#16053 = DEFINITIONAL_REPRESENTATION('',(#16054),#16057);
#16054 = B_SPLINE_CURVE_WITH_KNOTS('',1,(#16055,#16056),.UNSPECIFIED.,
  .F.,.F.,(2,2),(-7.0000006,6.E-07),.PIECEWISE_BEZIER_KNOTS.);
#16055 = CARTESIAN_POINT('',(-1.858775653374,-7.0000006));
#16056 = CARTESIAN_POINT('',(-1.858775653374,6.E-07));
#16057 = ( GEOMETRIC_REPRESENTATION_CONTEXT(2) 
PARAMETRIC_REPRESENTATION_CONTEXT() REPRESENTATION_CONTEXT('2D SPACE',''
  ) );
#16058 = PCURVE('',#2095,#16059);
#16059 = DEFINITIONAL_REPRESENTATION('',(#16060),#16063);
#16060 = B_SPLINE_CURVE_WITH_KNOTS('',1,(#16061,#16062),.UNSPECIFIED.,
  .F.,.F.,(2,2),(-7.0000006,6.E-07),.PIECEWISE_BEZIER_KNOTS.);
#16061 = CARTESIAN_POINT('',(2.2125,-7.0000006));
#16062 = CARTESIAN_POINT('',(2.2125,6.E-07));
#16063 = ( GEOMETRIC_REPRESENTATION_CONTEXT(2) 
PARAMETRIC_REPRESENTATION_CONTEXT() REPRESENTATION_CONTEXT('2D SPACE',''
  ) );
#16064 = ADVANCED_FACE('',(#16065),#4948,.T.);
#16065 = FACE_BOUND('',#16066,.T.);
#16066 = EDGE_LOOP('',(#16067,#16068,#16069,#16090));
#16067 = ORIENTED_EDGE('',*,*,#16019,.T.);
#16068 = ORIENTED_EDGE('',*,*,#10897,.T.);
#16069 = ORIENTED_EDGE('',*,*,#16070,.F.);
#16070 = EDGE_CURVE('',#4905,#10875,#16071,.T.);
#16071 = SURFACE_CURVE('',#16072,(#16076,#16083),.PCURVE_S1.);
#16072 = LINE('',#16073,#16074);
#16073 = CARTESIAN_POINT('',(-3.825585900189,-15.93471207051,0.));
#16074 = VECTOR('',#16075,1.);
#16075 = DIRECTION('',(0.,0.,1.));
#16076 = PCURVE('',#4948,#16077);
#16077 = DEFINITIONAL_REPRESENTATION('',(#16078),#16082);
#16078 = LINE('',#16079,#16080);
#16079 = CARTESIAN_POINT('',(0.857949480791,0.));
#16080 = VECTOR('',#16081,1.);
#16081 = DIRECTION('',(0.,-1.));
#16082 = ( GEOMETRIC_REPRESENTATION_CONTEXT(2) 
PARAMETRIC_REPRESENTATION_CONTEXT() REPRESENTATION_CONTEXT('2D SPACE',''
  ) );
#16083 = PCURVE('',#4920,#16084);
#16084 = DEFINITIONAL_REPRESENTATION('',(#16085),#16089);
#16085 = LINE('',#16086,#16087);
#16086 = CARTESIAN_POINT('',(0.,0.));
#16087 = VECTOR('',#16088,1.);
#16088 = DIRECTION('',(0.,-1.));
#16089 = ( GEOMETRIC_REPRESENTATION_CONTEXT(2) 
PARAMETRIC_REPRESENTATION_CONTEXT() REPRESENTATION_CONTEXT('2D SPACE',''
  ) );
#16090 = ORIENTED_EDGE('',*,*,#4932,.F.);
#16091 = ADVANCED_FACE('',(#16092),#2095,.T.);
#16092 = FACE_BOUND('',#16093,.T.);
#16093 = EDGE_LOOP('',(#16094,#16095,#16116,#16117));
#16094 = ORIENTED_EDGE('',*,*,#2079,.F.);
#16095 = ORIENTED_EDGE('',*,*,#16096,.T.);
#16096 = EDGE_CURVE('',#2080,#8550,#16097,.T.);
#16097 = SURFACE_CURVE('',#16098,(#16102,#16109),.PCURVE_S1.);
#16098 = LINE('',#16099,#16100);
#16099 = CARTESIAN_POINT('',(-4.654301461336,15.712658405153,0.));
#16100 = VECTOR('',#16101,1.);
#16101 = DIRECTION('',(0.,0.,1.));
#16102 = PCURVE('',#2095,#16103);
#16103 = DEFINITIONAL_REPRESENTATION('',(#16104),#16108);
#16104 = LINE('',#16105,#16106);
#16105 = CARTESIAN_POINT('',(0.,0.));
#16106 = VECTOR('',#16107,1.);
#16107 = DIRECTION('',(0.,-1.));
#16108 = ( GEOMETRIC_REPRESENTATION_CONTEXT(2) 
PARAMETRIC_REPRESENTATION_CONTEXT() REPRESENTATION_CONTEXT('2D SPACE',''
  ) );
#16109 = PCURVE('',#2123,#16110);
#16110 = DEFINITIONAL_REPRESENTATION('',(#16111),#16115);
#16111 = LINE('',#16112,#16113);
#16112 = CARTESIAN_POINT('',(0.857949480791,0.));
#16113 = VECTOR('',#16114,1.);
#16114 = DIRECTION('',(0.,-1.));
#16115 = ( GEOMETRIC_REPRESENTATION_CONTEXT(2) 
PARAMETRIC_REPRESENTATION_CONTEXT() REPRESENTATION_CONTEXT('2D SPACE',''
  ) );
#16116 = ORIENTED_EDGE('',*,*,#8549,.T.);
#16117 = ORIENTED_EDGE('',*,*,#16046,.T.);
#16118 = ADVANCED_FACE('',(#16119),#4920,.T.);
#16119 = FACE_BOUND('',#16120,.T.);
#16120 = EDGE_LOOP('',(#16121,#16122,#16123,#16124));
#16121 = ORIENTED_EDGE('',*,*,#4904,.F.);
#16122 = ORIENTED_EDGE('',*,*,#16070,.T.);
#16123 = ORIENTED_EDGE('',*,*,#10874,.T.);
#16124 = ORIENTED_EDGE('',*,*,#16125,.T.);
#16125 = EDGE_CURVE('',#10851,#4876,#16126,.T.);
#16126 = SURFACE_CURVE('',#16127,(#16131,#16137),.PCURVE_S1.);
#16127 = LINE('',#16128,#16129);
#16128 = CARTESIAN_POINT('',(-4.34208376772,-18.08608051939,0.));
#16129 = VECTOR('',#16130,1.);
#16130 = DIRECTION('',(-0.,-0.,-1.));
#16131 = PCURVE('',#4920,#16132);
#16132 = DEFINITIONAL_REPRESENTATION('',(#16133),#16136);
#16133 = B_SPLINE_CURVE_WITH_KNOTS('',1,(#16134,#16135),.UNSPECIFIED.,
  .F.,.F.,(2,2),(-7.0000006,6.E-07),.PIECEWISE_BEZIER_KNOTS.);
#16134 = CARTESIAN_POINT('',(2.2125,-7.0000006));
#16135 = CARTESIAN_POINT('',(2.2125,6.E-07));
#16136 = ( GEOMETRIC_REPRESENTATION_CONTEXT(2) 
PARAMETRIC_REPRESENTATION_CONTEXT() REPRESENTATION_CONTEXT('2D SPACE',''
  ) );
#16137 = PCURVE('',#4892,#16138);
#16138 = DEFINITIONAL_REPRESENTATION('',(#16139),#16142);
#16139 = B_SPLINE_CURVE_WITH_KNOTS('',1,(#16140,#16141),.UNSPECIFIED.,
  .F.,.F.,(2,2),(-7.0000006,6.E-07),.PIECEWISE_BEZIER_KNOTS.);
#16140 = CARTESIAN_POINT('',(-4.476769531365,-7.0000006));
#16141 = CARTESIAN_POINT('',(-4.476769531365,6.E-07));
#16142 = ( GEOMETRIC_REPRESENTATION_CONTEXT(2) 
PARAMETRIC_REPRESENTATION_CONTEXT() REPRESENTATION_CONTEXT('2D SPACE',''
  ) );
#16143 = ADVANCED_FACE('',(#16144),#2123,.T.);
#16144 = FACE_BOUND('',#16145,.T.);
#16145 = EDGE_LOOP('',(#16146,#16167,#16168,#16169));
#16146 = ORIENTED_EDGE('',*,*,#16147,.T.);
#16147 = EDGE_CURVE('',#2108,#8573,#16148,.T.);
#16148 = SURFACE_CURVE('',#16149,(#16153,#16160),.PCURVE_S1.);
#16149 = LINE('',#16150,#16151);
#16150 = CARTESIAN_POINT('',(-5.470259905693,15.447537435273,0.));
#16151 = VECTOR('',#16152,1.);
#16152 = DIRECTION('',(0.,0.,1.));
#16153 = PCURVE('',#2123,#16154);
#16154 = DEFINITIONAL_REPRESENTATION('',(#16155),#16159);
#16155 = LINE('',#16156,#16157);
#16156 = CARTESIAN_POINT('',(0.,0.));
#16157 = VECTOR('',#16158,1.);
#16158 = DIRECTION('',(0.,-1.));
#16159 = ( GEOMETRIC_REPRESENTATION_CONTEXT(2) 
PARAMETRIC_REPRESENTATION_CONTEXT() REPRESENTATION_CONTEXT('2D SPACE',''
  ) );
#16160 = PCURVE('',#2151,#16161);
#16161 = DEFINITIONAL_REPRESENTATION('',(#16162),#16166);
#16162 = LINE('',#16163,#16164);
#16163 = CARTESIAN_POINT('',(4.0725,0.));
#16164 = VECTOR('',#16165,1.);
#16165 = DIRECTION('',(0.,-1.));
#16166 = ( GEOMETRIC_REPRESENTATION_CONTEXT(2) 
PARAMETRIC_REPRESENTATION_CONTEXT() REPRESENTATION_CONTEXT('2D SPACE',''
  ) );
#16167 = ORIENTED_EDGE('',*,*,#8572,.T.);
#16168 = ORIENTED_EDGE('',*,*,#16096,.F.);
#16169 = ORIENTED_EDGE('',*,*,#2107,.F.);
#16170 = ADVANCED_FACE('',(#16171),#4892,.T.);
#16171 = FACE_BOUND('',#16172,.F.);
#16172 = EDGE_LOOP('',(#16173,#16174,#16193,#16194));
#16173 = ORIENTED_EDGE('',*,*,#4875,.F.);
#16174 = ORIENTED_EDGE('',*,*,#16175,.F.);
#16175 = EDGE_CURVE('',#10828,#4848,#16176,.T.);
#16176 = SURFACE_CURVE('',#16177,(#16181,#16187),.PCURVE_S1.);
#16177 = LINE('',#16178,#16179);
#16178 = CARTESIAN_POINT('',(-5.282685411493,-17.83404706854,0.));
#16179 = VECTOR('',#16180,1.);
#16180 = DIRECTION('',(-0.,-0.,-1.));
#16181 = PCURVE('',#4892,#16182);
#16182 = DEFINITIONAL_REPRESENTATION('',(#16183),#16186);
#16183 = B_SPLINE_CURVE_WITH_KNOTS('',1,(#16184,#16185),.UNSPECIFIED.,
  .F.,.F.,(2,2),(-7.0000006,6.E-07),.PIECEWISE_BEZIER_KNOTS.);
#16184 = CARTESIAN_POINT('',(-4.424409653806,-7.0000006));
#16185 = CARTESIAN_POINT('',(-4.424409653806,6.E-07));
#16186 = ( GEOMETRIC_REPRESENTATION_CONTEXT(2) 
PARAMETRIC_REPRESENTATION_CONTEXT() REPRESENTATION_CONTEXT('2D SPACE',''
  ) );
#16187 = PCURVE('',#4863,#16188);
#16188 = DEFINITIONAL_REPRESENTATION('',(#16189),#16192);
#16189 = B_SPLINE_CURVE_WITH_KNOTS('',1,(#16190,#16191),.UNSPECIFIED.,
  .F.,.F.,(2,2),(-7.0000006,6.E-07),.PIECEWISE_BEZIER_KNOTS.);
#16190 = CARTESIAN_POINT('',(1.86,-7.0000006));
#16191 = CARTESIAN_POINT('',(1.86,6.E-07));
#16192 = ( GEOMETRIC_REPRESENTATION_CONTEXT(2) 
PARAMETRIC_REPRESENTATION_CONTEXT() REPRESENTATION_CONTEXT('2D SPACE',''
  ) );
#16193 = ORIENTED_EDGE('',*,*,#10850,.T.);
#16194 = ORIENTED_EDGE('',*,*,#16125,.T.);
#16195 = ADVANCED_FACE('',(#16196),#2151,.T.);
#16196 = FACE_BOUND('',#16197,.T.);
#16197 = EDGE_LOOP('',(#16198,#16199,#16218,#16219));
#16198 = ORIENTED_EDGE('',*,*,#2135,.F.);
#16199 = ORIENTED_EDGE('',*,*,#16200,.F.);
#16200 = EDGE_CURVE('',#8596,#2136,#16201,.T.);
#16201 = SURFACE_CURVE('',#16202,(#16206,#16212),.PCURVE_S1.);
#16202 = LINE('',#16203,#16204);
#16203 = CARTESIAN_POINT('',(-6.208807581748,17.533131734315,0.));
#16204 = VECTOR('',#16205,1.);
#16205 = DIRECTION('',(-0.,-0.,-1.));
#16206 = PCURVE('',#2151,#16207);
#16207 = DEFINITIONAL_REPRESENTATION('',(#16208),#16211);
#16208 = B_SPLINE_CURVE_WITH_KNOTS('',1,(#16209,#16210),.UNSPECIFIED.,
  .F.,.F.,(2,2),(-7.0000006,6.E-07),.PIECEWISE_BEZIER_KNOTS.);
#16209 = CARTESIAN_POINT('',(1.86,-7.0000006));
#16210 = CARTESIAN_POINT('',(1.86,6.E-07));
#16211 = ( GEOMETRIC_REPRESENTATION_CONTEXT(2) 
PARAMETRIC_REPRESENTATION_CONTEXT() REPRESENTATION_CONTEXT('2D SPACE',''
  ) );
#16212 = PCURVE('',#2180,#16213);
#16213 = DEFINITIONAL_REPRESENTATION('',(#16214),#16217);
#16214 = B_SPLINE_CURVE_WITH_KNOTS('',1,(#16215,#16216),.UNSPECIFIED.,
  .F.,.F.,(2,2),(-7.0000006,6.E-07),.PIECEWISE_BEZIER_KNOTS.);
#16215 = CARTESIAN_POINT('',(-1.911135530934,-7.0000006));
#16216 = CARTESIAN_POINT('',(-1.911135530934,6.E-07));
#16217 = ( GEOMETRIC_REPRESENTATION_CONTEXT(2) 
PARAMETRIC_REPRESENTATION_CONTEXT() REPRESENTATION_CONTEXT('2D SPACE',''
  ) );
#16218 = ORIENTED_EDGE('',*,*,#8595,.T.);
#16219 = ORIENTED_EDGE('',*,*,#16147,.F.);
#16220 = ADVANCED_FACE('',(#16221),#4863,.T.);
#16221 = FACE_BOUND('',#16222,.T.);
#16222 = EDGE_LOOP('',(#16223,#16224,#16225,#16226));
#16223 = ORIENTED_EDGE('',*,*,#4847,.F.);
#16224 = ORIENTED_EDGE('',*,*,#16175,.F.);
#16225 = ORIENTED_EDGE('',*,*,#10827,.T.);
#16226 = ORIENTED_EDGE('',*,*,#16227,.F.);
#16227 = EDGE_CURVE('',#4820,#10805,#16228,.T.);
#16228 = SURFACE_CURVE('',#16229,(#16233,#16240),.PCURVE_S1.);
#16229 = LINE('',#16230,#16231);
#16230 = CARTESIAN_POINT('',(-4.654301461336,-15.71265840515,0.));
#16231 = VECTOR('',#16232,1.);
#16232 = DIRECTION('',(0.,0.,1.));
#16233 = PCURVE('',#4863,#16234);
#16234 = DEFINITIONAL_REPRESENTATION('',(#16235),#16239);
#16235 = LINE('',#16236,#16237);
#16236 = CARTESIAN_POINT('',(4.0725,0.));
#16237 = VECTOR('',#16238,1.);
#16238 = DIRECTION('',(0.,-1.));
#16239 = ( GEOMETRIC_REPRESENTATION_CONTEXT(2) 
PARAMETRIC_REPRESENTATION_CONTEXT() REPRESENTATION_CONTEXT('2D SPACE',''
  ) );
#16240 = PCURVE('',#4835,#16241);
#16241 = DEFINITIONAL_REPRESENTATION('',(#16242),#16246);
#16242 = LINE('',#16243,#16244);
#16243 = CARTESIAN_POINT('',(0.,0.));
#16244 = VECTOR('',#16245,1.);
#16245 = DIRECTION('',(0.,-1.));
#16246 = ( GEOMETRIC_REPRESENTATION_CONTEXT(2) 
PARAMETRIC_REPRESENTATION_CONTEXT() REPRESENTATION_CONTEXT('2D SPACE',''
  ) );
#16247 = ADVANCED_FACE('',(#16248),#2180,.T.);
#16248 = FACE_BOUND('',#16249,.F.);
#16249 = EDGE_LOOP('',(#16250,#16251,#16252,#16253));
#16250 = ORIENTED_EDGE('',*,*,#2163,.F.);
#16251 = ORIENTED_EDGE('',*,*,#16200,.F.);
#16252 = ORIENTED_EDGE('',*,*,#8618,.T.);
#16253 = ORIENTED_EDGE('',*,*,#16254,.T.);
#16254 = EDGE_CURVE('',#8619,#2164,#16255,.T.);
#16255 = SURFACE_CURVE('',#16256,(#16260,#16266),.PCURVE_S1.);
#16256 = LINE('',#16257,#16258);
#16257 = CARTESIAN_POINT('',(-7.117911841991,17.18415930471,0.));
#16258 = VECTOR('',#16259,1.);
#16259 = DIRECTION('',(-0.,-0.,-1.));
#16260 = PCURVE('',#2180,#16261);
#16261 = DEFINITIONAL_REPRESENTATION('',(#16262),#16265);
#16262 = B_SPLINE_CURVE_WITH_KNOTS('',1,(#16263,#16264),.UNSPECIFIED.,
  .F.,.F.,(2,2),(-7.0000006,6.E-07),.PIECEWISE_BEZIER_KNOTS.);
#16263 = CARTESIAN_POINT('',(-1.963495408494,-7.0000006));
#16264 = CARTESIAN_POINT('',(-1.963495408494,6.E-07));
#16265 = ( GEOMETRIC_REPRESENTATION_CONTEXT(2) 
PARAMETRIC_REPRESENTATION_CONTEXT() REPRESENTATION_CONTEXT('2D SPACE',''
  ) );
#16266 = PCURVE('',#2208,#16267);
#16267 = DEFINITIONAL_REPRESENTATION('',(#16268),#16271);
#16268 = B_SPLINE_CURVE_WITH_KNOTS('',1,(#16269,#16270),.UNSPECIFIED.,
  .F.,.F.,(2,2),(-7.0000006,6.E-07),.PIECEWISE_BEZIER_KNOTS.);
#16269 = CARTESIAN_POINT('',(2.2125,-7.0000006));
#16270 = CARTESIAN_POINT('',(2.2125,6.E-07));
#16271 = ( GEOMETRIC_REPRESENTATION_CONTEXT(2) 
PARAMETRIC_REPRESENTATION_CONTEXT() REPRESENTATION_CONTEXT('2D SPACE',''
  ) );
#16272 = ADVANCED_FACE('',(#16273),#4835,.T.);
#16273 = FACE_BOUND('',#16274,.T.);
#16274 = EDGE_LOOP('',(#16275,#16276,#16277,#16298));
#16275 = ORIENTED_EDGE('',*,*,#16227,.T.);
#16276 = ORIENTED_EDGE('',*,*,#10804,.T.);
#16277 = ORIENTED_EDGE('',*,*,#16278,.F.);
#16278 = EDGE_CURVE('',#4792,#10782,#16279,.T.);
#16279 = SURFACE_CURVE('',#16280,(#16284,#16291),.PCURVE_S1.);
#16280 = LINE('',#16281,#16282);
#16281 = CARTESIAN_POINT('',(-5.470259905693,-15.44753743527,0.));
#16282 = VECTOR('',#16283,1.);
#16283 = DIRECTION('',(0.,0.,1.));
#16284 = PCURVE('',#4835,#16285);
#16285 = DEFINITIONAL_REPRESENTATION('',(#16286),#16290);
#16286 = LINE('',#16287,#16288);
#16287 = CARTESIAN_POINT('',(0.857949480791,0.));
#16288 = VECTOR('',#16289,1.);
#16289 = DIRECTION('',(0.,-1.));
#16290 = ( GEOMETRIC_REPRESENTATION_CONTEXT(2) 
PARAMETRIC_REPRESENTATION_CONTEXT() REPRESENTATION_CONTEXT('2D SPACE',''
  ) );
#16291 = PCURVE('',#4807,#16292);
#16292 = DEFINITIONAL_REPRESENTATION('',(#16293),#16297);
#16293 = LINE('',#16294,#16295);
#16294 = CARTESIAN_POINT('',(0.,0.));
#16295 = VECTOR('',#16296,1.);
#16296 = DIRECTION('',(0.,-1.));
#16297 = ( GEOMETRIC_REPRESENTATION_CONTEXT(2) 
PARAMETRIC_REPRESENTATION_CONTEXT() REPRESENTATION_CONTEXT('2D SPACE',''
  ) );
#16298 = ORIENTED_EDGE('',*,*,#4819,.F.);
#16299 = ADVANCED_FACE('',(#16300),#2208,.T.);
#16300 = FACE_BOUND('',#16301,.T.);
#16301 = EDGE_LOOP('',(#16302,#16303,#16324,#16325));
#16302 = ORIENTED_EDGE('',*,*,#2192,.F.);
#16303 = ORIENTED_EDGE('',*,*,#16304,.T.);
#16304 = EDGE_CURVE('',#2193,#8643,#16305,.T.);
#16305 = SURFACE_CURVE('',#16306,(#16310,#16317),.PCURVE_S1.);
#16306 = LINE('',#16307,#16308);
#16307 = CARTESIAN_POINT('',(-6.271224747883,15.140075839029,0.));
#16308 = VECTOR('',#16309,1.);
#16309 = DIRECTION('',(0.,0.,1.));
#16310 = PCURVE('',#2208,#16311);
#16311 = DEFINITIONAL_REPRESENTATION('',(#16312),#16316);
#16312 = LINE('',#16313,#16314);
#16313 = CARTESIAN_POINT('',(0.,0.));
#16314 = VECTOR('',#16315,1.);
#16315 = DIRECTION('',(0.,-1.));
#16316 = ( GEOMETRIC_REPRESENTATION_CONTEXT(2) 
PARAMETRIC_REPRESENTATION_CONTEXT() REPRESENTATION_CONTEXT('2D SPACE',''
  ) );
#16317 = PCURVE('',#2236,#16318);
#16318 = DEFINITIONAL_REPRESENTATION('',(#16319),#16323);
#16319 = LINE('',#16320,#16321);
#16320 = CARTESIAN_POINT('',(0.857949480791,0.));
#16321 = VECTOR('',#16322,1.);
#16322 = DIRECTION('',(0.,-1.));
#16323 = ( GEOMETRIC_REPRESENTATION_CONTEXT(2) 
PARAMETRIC_REPRESENTATION_CONTEXT() REPRESENTATION_CONTEXT('2D SPACE',''
  ) );
#16324 = ORIENTED_EDGE('',*,*,#8642,.T.);
#16325 = ORIENTED_EDGE('',*,*,#16254,.T.);
#16326 = ADVANCED_FACE('',(#16327),#4807,.T.);
#16327 = FACE_BOUND('',#16328,.T.);
#16328 = EDGE_LOOP('',(#16329,#16330,#16331,#16332));
#16329 = ORIENTED_EDGE('',*,*,#4791,.F.);
#16330 = ORIENTED_EDGE('',*,*,#16278,.T.);
#16331 = ORIENTED_EDGE('',*,*,#10781,.T.);
#16332 = ORIENTED_EDGE('',*,*,#16333,.T.);
#16333 = EDGE_CURVE('',#10758,#4763,#16334,.T.);
#16334 = SURFACE_CURVE('',#16335,(#16339,#16345),.PCURVE_S1.);
#16335 = LINE('',#16336,#16337);
#16336 = CARTESIAN_POINT('',(-6.208807581748,-17.53313173431,0.));
#16337 = VECTOR('',#16338,1.);
#16338 = DIRECTION('',(-0.,-0.,-1.));
#16339 = PCURVE('',#4807,#16340);
#16340 = DEFINITIONAL_REPRESENTATION('',(#16341),#16344);
#16341 = B_SPLINE_CURVE_WITH_KNOTS('',1,(#16342,#16343),.UNSPECIFIED.,
  .F.,.F.,(2,2),(-7.0000006,6.E-07),.PIECEWISE_BEZIER_KNOTS.);
#16342 = CARTESIAN_POINT('',(2.2125,-7.0000006));
#16343 = CARTESIAN_POINT('',(2.2125,6.E-07));
#16344 = ( GEOMETRIC_REPRESENTATION_CONTEXT(2) 
PARAMETRIC_REPRESENTATION_CONTEXT() REPRESENTATION_CONTEXT('2D SPACE',''
  ) );
#16345 = PCURVE('',#4779,#16346);
#16346 = DEFINITIONAL_REPRESENTATION('',(#16347),#16350);
#16347 = B_SPLINE_CURVE_WITH_KNOTS('',1,(#16348,#16349),.UNSPECIFIED.,
  .F.,.F.,(2,2),(-7.0000006,6.E-07),.PIECEWISE_BEZIER_KNOTS.);
#16348 = CARTESIAN_POINT('',(-4.372049776246,-7.0000006));
#16349 = CARTESIAN_POINT('',(-4.372049776246,6.E-07));
#16350 = ( GEOMETRIC_REPRESENTATION_CONTEXT(2) 
PARAMETRIC_REPRESENTATION_CONTEXT() REPRESENTATION_CONTEXT('2D SPACE',''
  ) );
#16351 = ADVANCED_FACE('',(#16352),#2236,.T.);
#16352 = FACE_BOUND('',#16353,.T.);
#16353 = EDGE_LOOP('',(#16354,#16375,#16376,#16377));
#16354 = ORIENTED_EDGE('',*,*,#16355,.T.);
#16355 = EDGE_CURVE('',#2221,#8666,#16356,.T.);
#16356 = SURFACE_CURVE('',#16357,(#16361,#16368),.PCURVE_S1.);
#16357 = LINE('',#16358,#16359);
#16358 = CARTESIAN_POINT('',(-7.055000598946,14.791116347283,0.));
#16359 = VECTOR('',#16360,1.);
#16360 = DIRECTION('',(0.,0.,1.));
#16361 = PCURVE('',#2236,#16362);
#16362 = DEFINITIONAL_REPRESENTATION('',(#16363),#16367);
#16363 = LINE('',#16364,#16365);
#16364 = CARTESIAN_POINT('',(0.,0.));
#16365 = VECTOR('',#16366,1.);
#16366 = DIRECTION('',(0.,-1.));
#16367 = ( GEOMETRIC_REPRESENTATION_CONTEXT(2) 
PARAMETRIC_REPRESENTATION_CONTEXT() REPRESENTATION_CONTEXT('2D SPACE',''
  ) );
#16368 = PCURVE('',#2264,#16369);
#16369 = DEFINITIONAL_REPRESENTATION('',(#16370),#16374);
#16370 = LINE('',#16371,#16372);
#16371 = CARTESIAN_POINT('',(4.0725,0.));
#16372 = VECTOR('',#16373,1.);
#16373 = DIRECTION('',(0.,-1.));
#16374 = ( GEOMETRIC_REPRESENTATION_CONTEXT(2) 
PARAMETRIC_REPRESENTATION_CONTEXT() REPRESENTATION_CONTEXT('2D SPACE',''
  ) );
#16375 = ORIENTED_EDGE('',*,*,#8665,.T.);
#16376 = ORIENTED_EDGE('',*,*,#16304,.F.);
#16377 = ORIENTED_EDGE('',*,*,#2220,.F.);
#16378 = ADVANCED_FACE('',(#16379),#4779,.T.);
#16379 = FACE_BOUND('',#16380,.F.);
#16380 = EDGE_LOOP('',(#16381,#16382,#16401,#16402));
#16381 = ORIENTED_EDGE('',*,*,#4762,.F.);
#16382 = ORIENTED_EDGE('',*,*,#16383,.F.);
#16383 = EDGE_CURVE('',#10735,#4735,#16384,.T.);
#16384 = SURFACE_CURVE('',#16385,(#16389,#16395),.PCURVE_S1.);
#16385 = LINE('',#16386,#16387);
#16386 = CARTESIAN_POINT('',(-7.117911841991,-17.18415930471,0.));
#16387 = VECTOR('',#16388,1.);
#16388 = DIRECTION('',(-0.,-0.,-1.));
#16389 = PCURVE('',#4779,#16390);
#16390 = DEFINITIONAL_REPRESENTATION('',(#16391),#16394);
#16391 = B_SPLINE_CURVE_WITH_KNOTS('',1,(#16392,#16393),.UNSPECIFIED.,
  .F.,.F.,(2,2),(-7.0000006,6.E-07),.PIECEWISE_BEZIER_KNOTS.);
#16392 = CARTESIAN_POINT('',(-4.319689898686,-7.0000006));
#16393 = CARTESIAN_POINT('',(-4.319689898686,6.E-07));
#16394 = ( GEOMETRIC_REPRESENTATION_CONTEXT(2) 
PARAMETRIC_REPRESENTATION_CONTEXT() REPRESENTATION_CONTEXT('2D SPACE',''
  ) );
#16395 = PCURVE('',#4750,#16396);
#16396 = DEFINITIONAL_REPRESENTATION('',(#16397),#16400);
#16397 = B_SPLINE_CURVE_WITH_KNOTS('',1,(#16398,#16399),.UNSPECIFIED.,
  .F.,.F.,(2,2),(-7.0000006,6.E-07),.PIECEWISE_BEZIER_KNOTS.);
#16398 = CARTESIAN_POINT('',(1.86,-7.0000006));
#16399 = CARTESIAN_POINT('',(1.86,6.E-07));
#16400 = ( GEOMETRIC_REPRESENTATION_CONTEXT(2) 
PARAMETRIC_REPRESENTATION_CONTEXT() REPRESENTATION_CONTEXT('2D SPACE',''
  ) );
#16401 = ORIENTED_EDGE('',*,*,#10757,.T.);
#16402 = ORIENTED_EDGE('',*,*,#16333,.T.);
#16403 = ADVANCED_FACE('',(#16404),#2264,.T.);
#16404 = FACE_BOUND('',#16405,.T.);
#16405 = EDGE_LOOP('',(#16406,#16407,#16426,#16427));
#16406 = ORIENTED_EDGE('',*,*,#2248,.F.);
#16407 = ORIENTED_EDGE('',*,*,#16408,.F.);
#16408 = EDGE_CURVE('',#8689,#2249,#16409,.T.);
#16409 = SURFACE_CURVE('',#16410,(#16414,#16420),.PCURVE_S1.);
#16410 = LINE('',#16411,#16412);
#16411 = CARTESIAN_POINT('',(-8.007506400634,16.788086288907,0.));
#16412 = VECTOR('',#16413,1.);
#16413 = DIRECTION('',(-0.,-0.,-1.));
#16414 = PCURVE('',#2264,#16415);
#16415 = DEFINITIONAL_REPRESENTATION('',(#16416),#16419);
#16416 = B_SPLINE_CURVE_WITH_KNOTS('',1,(#16417,#16418),.UNSPECIFIED.,
  .F.,.F.,(2,2),(-7.0000006,6.E-07),.PIECEWISE_BEZIER_KNOTS.);
#16417 = CARTESIAN_POINT('',(1.86,-7.0000006));
#16418 = CARTESIAN_POINT('',(1.86,6.E-07));
#16419 = ( GEOMETRIC_REPRESENTATION_CONTEXT(2) 
PARAMETRIC_REPRESENTATION_CONTEXT() REPRESENTATION_CONTEXT('2D SPACE',''
  ) );
#16420 = PCURVE('',#2293,#16421);
#16421 = DEFINITIONAL_REPRESENTATION('',(#16422),#16425);
#16422 = B_SPLINE_CURVE_WITH_KNOTS('',1,(#16423,#16424),.UNSPECIFIED.,
  .F.,.F.,(2,2),(-7.0000006,6.E-07),.PIECEWISE_BEZIER_KNOTS.);
#16423 = CARTESIAN_POINT('',(-2.015855286053,-7.0000006));
#16424 = CARTESIAN_POINT('',(-2.015855286053,6.E-07));
#16425 = ( GEOMETRIC_REPRESENTATION_CONTEXT(2) 
PARAMETRIC_REPRESENTATION_CONTEXT() REPRESENTATION_CONTEXT('2D SPACE',''
  ) );
#16426 = ORIENTED_EDGE('',*,*,#8688,.T.);
#16427 = ORIENTED_EDGE('',*,*,#16355,.F.);
#16428 = ADVANCED_FACE('',(#16429),#4750,.T.);
#16429 = FACE_BOUND('',#16430,.T.);
#16430 = EDGE_LOOP('',(#16431,#16432,#16433,#16434));
#16431 = ORIENTED_EDGE('',*,*,#4734,.F.);
#16432 = ORIENTED_EDGE('',*,*,#16383,.F.);
#16433 = ORIENTED_EDGE('',*,*,#10734,.T.);
#16434 = ORIENTED_EDGE('',*,*,#16435,.F.);
#16435 = EDGE_CURVE('',#4707,#10712,#16436,.T.);
#16436 = SURFACE_CURVE('',#16437,(#16441,#16448),.PCURVE_S1.);
#16437 = LINE('',#16438,#16439);
#16438 = CARTESIAN_POINT('',(-6.271224747883,-15.14007583902,0.));
#16439 = VECTOR('',#16440,1.);
#16440 = DIRECTION('',(0.,0.,1.));
#16441 = PCURVE('',#4750,#16442);
#16442 = DEFINITIONAL_REPRESENTATION('',(#16443),#16447);
#16443 = LINE('',#16444,#16445);
#16444 = CARTESIAN_POINT('',(4.0725,0.));
#16445 = VECTOR('',#16446,1.);
#16446 = DIRECTION('',(0.,-1.));
#16447 = ( GEOMETRIC_REPRESENTATION_CONTEXT(2) 
PARAMETRIC_REPRESENTATION_CONTEXT() REPRESENTATION_CONTEXT('2D SPACE',''
  ) );
#16448 = PCURVE('',#4722,#16449);
#16449 = DEFINITIONAL_REPRESENTATION('',(#16450),#16454);
#16450 = LINE('',#16451,#16452);
#16451 = CARTESIAN_POINT('',(0.,0.));
#16452 = VECTOR('',#16453,1.);
#16453 = DIRECTION('',(0.,-1.));
#16454 = ( GEOMETRIC_REPRESENTATION_CONTEXT(2) 
PARAMETRIC_REPRESENTATION_CONTEXT() REPRESENTATION_CONTEXT('2D SPACE',''
  ) );
#16455 = ADVANCED_FACE('',(#16456),#2293,.T.);
#16456 = FACE_BOUND('',#16457,.F.);
#16457 = EDGE_LOOP('',(#16458,#16459,#16460,#16461));
#16458 = ORIENTED_EDGE('',*,*,#2276,.F.);
#16459 = ORIENTED_EDGE('',*,*,#16408,.F.);
#16460 = ORIENTED_EDGE('',*,*,#8711,.T.);
#16461 = ORIENTED_EDGE('',*,*,#16462,.T.);
#16462 = EDGE_CURVE('',#8712,#2277,#16463,.T.);
#16463 = SURFACE_CURVE('',#16464,(#16468,#16474),.PCURVE_S1.);
#16464 = LINE('',#16465,#16466);
#16465 = CARTESIAN_POINT('',(-8.875152940829,16.345998295513,0.));
#16466 = VECTOR('',#16467,1.);
#16467 = DIRECTION('',(-0.,-0.,-1.));
#16468 = PCURVE('',#2293,#16469);
#16469 = DEFINITIONAL_REPRESENTATION('',(#16470),#16473);
#16470 = B_SPLINE_CURVE_WITH_KNOTS('',1,(#16471,#16472),.UNSPECIFIED.,
  .F.,.F.,(2,2),(-7.0000006,6.E-07),.PIECEWISE_BEZIER_KNOTS.);
#16471 = CARTESIAN_POINT('',(-2.068215163613,-7.0000006));
#16472 = CARTESIAN_POINT('',(-2.068215163613,6.E-07));
#16473 = ( GEOMETRIC_REPRESENTATION_CONTEXT(2) 
PARAMETRIC_REPRESENTATION_CONTEXT() REPRESENTATION_CONTEXT('2D SPACE',''
  ) );
#16474 = PCURVE('',#2321,#16475);
#16475 = DEFINITIONAL_REPRESENTATION('',(#16476),#16479);
#16476 = B_SPLINE_CURVE_WITH_KNOTS('',1,(#16477,#16478),.UNSPECIFIED.,
  .F.,.F.,(2,2),(-7.0000006,6.E-07),.PIECEWISE_BEZIER_KNOTS.);
#16477 = CARTESIAN_POINT('',(2.2125,-7.0000006));
#16478 = CARTESIAN_POINT('',(2.2125,6.E-07));
#16479 = ( GEOMETRIC_REPRESENTATION_CONTEXT(2) 
PARAMETRIC_REPRESENTATION_CONTEXT() REPRESENTATION_CONTEXT('2D SPACE',''
  ) );
#16480 = ADVANCED_FACE('',(#16481),#4722,.T.);
#16481 = FACE_BOUND('',#16482,.T.);
#16482 = EDGE_LOOP('',(#16483,#16484,#16485,#16506));
#16483 = ORIENTED_EDGE('',*,*,#16435,.T.);
#16484 = ORIENTED_EDGE('',*,*,#10711,.T.);
#16485 = ORIENTED_EDGE('',*,*,#16486,.F.);
#16486 = EDGE_CURVE('',#4679,#10689,#16487,.T.);
#16487 = SURFACE_CURVE('',#16488,(#16492,#16499),.PCURVE_S1.);
#16488 = LINE('',#16489,#16490);
#16489 = CARTESIAN_POINT('',(-7.055000598946,-14.79111634728,0.));
#16490 = VECTOR('',#16491,1.);
#16491 = DIRECTION('',(0.,0.,1.));
#16492 = PCURVE('',#4722,#16493);
#16493 = DEFINITIONAL_REPRESENTATION('',(#16494),#16498);
#16494 = LINE('',#16495,#16496);
#16495 = CARTESIAN_POINT('',(0.857949480791,0.));
#16496 = VECTOR('',#16497,1.);
#16497 = DIRECTION('',(0.,-1.));
#16498 = ( GEOMETRIC_REPRESENTATION_CONTEXT(2) 
PARAMETRIC_REPRESENTATION_CONTEXT() REPRESENTATION_CONTEXT('2D SPACE',''
  ) );
#16499 = PCURVE('',#4694,#16500);
#16500 = DEFINITIONAL_REPRESENTATION('',(#16501),#16505);
#16501 = LINE('',#16502,#16503);
#16502 = CARTESIAN_POINT('',(0.,0.));
#16503 = VECTOR('',#16504,1.);
#16504 = DIRECTION('',(0.,-1.));
#16505 = ( GEOMETRIC_REPRESENTATION_CONTEXT(2) 
PARAMETRIC_REPRESENTATION_CONTEXT() REPRESENTATION_CONTEXT('2D SPACE',''
  ) );
#16506 = ORIENTED_EDGE('',*,*,#4706,.F.);
#16507 = ADVANCED_FACE('',(#16508),#2321,.T.);
#16508 = FACE_BOUND('',#16509,.T.);
#16509 = EDGE_LOOP('',(#16510,#16511,#16532,#16533));
#16510 = ORIENTED_EDGE('',*,*,#2305,.F.);
#16511 = ORIENTED_EDGE('',*,*,#16512,.T.);
#16512 = EDGE_CURVE('',#2306,#8736,#16513,.T.);
#16513 = SURFACE_CURVE('',#16514,(#16518,#16525),.PCURVE_S1.);
#16514 = LINE('',#16515,#16516);
#16515 = CARTESIAN_POINT('',(-7.819439183754,14.401615433748,0.));
#16516 = VECTOR('',#16517,1.);
#16517 = DIRECTION('',(0.,0.,1.));
#16518 = PCURVE('',#2321,#16519);
#16519 = DEFINITIONAL_REPRESENTATION('',(#16520),#16524);
#16520 = LINE('',#16521,#16522);
#16521 = CARTESIAN_POINT('',(0.,0.));
#16522 = VECTOR('',#16523,1.);
#16523 = DIRECTION('',(0.,-1.));
#16524 = ( GEOMETRIC_REPRESENTATION_CONTEXT(2) 
PARAMETRIC_REPRESENTATION_CONTEXT() REPRESENTATION_CONTEXT('2D SPACE',''
  ) );
#16525 = PCURVE('',#2349,#16526);
#16526 = DEFINITIONAL_REPRESENTATION('',(#16527),#16531);
#16527 = LINE('',#16528,#16529);
#16528 = CARTESIAN_POINT('',(0.857949480791,0.));
#16529 = VECTOR('',#16530,1.);
#16530 = DIRECTION('',(0.,-1.));
#16531 = ( GEOMETRIC_REPRESENTATION_CONTEXT(2) 
PARAMETRIC_REPRESENTATION_CONTEXT() REPRESENTATION_CONTEXT('2D SPACE',''
  ) );
#16532 = ORIENTED_EDGE('',*,*,#8735,.T.);
#16533 = ORIENTED_EDGE('',*,*,#16462,.T.);
#16534 = ADVANCED_FACE('',(#16535),#4694,.T.);
#16535 = FACE_BOUND('',#16536,.T.);
#16536 = EDGE_LOOP('',(#16537,#16538,#16539,#16540));
#16537 = ORIENTED_EDGE('',*,*,#4678,.F.);
#16538 = ORIENTED_EDGE('',*,*,#16486,.T.);
#16539 = ORIENTED_EDGE('',*,*,#10688,.T.);
#16540 = ORIENTED_EDGE('',*,*,#16541,.T.);
#16541 = EDGE_CURVE('',#10665,#4650,#16542,.T.);
#16542 = SURFACE_CURVE('',#16543,(#16547,#16553),.PCURVE_S1.);
#16543 = LINE('',#16544,#16545);
#16544 = CARTESIAN_POINT('',(-8.007506400634,-16.7880862889,0.));
#16545 = VECTOR('',#16546,1.);
#16546 = DIRECTION('',(-0.,-0.,-1.));
#16547 = PCURVE('',#4694,#16548);
#16548 = DEFINITIONAL_REPRESENTATION('',(#16549),#16552);
#16549 = B_SPLINE_CURVE_WITH_KNOTS('',1,(#16550,#16551),.UNSPECIFIED.,
  .F.,.F.,(2,2),(-7.0000006,6.E-07),.PIECEWISE_BEZIER_KNOTS.);
#16550 = CARTESIAN_POINT('',(2.2125,-7.0000006));
#16551 = CARTESIAN_POINT('',(2.2125,6.E-07));
#16552 = ( GEOMETRIC_REPRESENTATION_CONTEXT(2) 
PARAMETRIC_REPRESENTATION_CONTEXT() REPRESENTATION_CONTEXT('2D SPACE',''
  ) );
#16553 = PCURVE('',#4666,#16554);
#16554 = DEFINITIONAL_REPRESENTATION('',(#16555),#16558);
#16555 = B_SPLINE_CURVE_WITH_KNOTS('',1,(#16556,#16557),.UNSPECIFIED.,
  .F.,.F.,(2,2),(-7.0000006,6.E-07),.PIECEWISE_BEZIER_KNOTS.);
#16556 = CARTESIAN_POINT('',(-4.267330021126,-7.0000006));
#16557 = CARTESIAN_POINT('',(-4.267330021126,6.E-07));
#16558 = ( GEOMETRIC_REPRESENTATION_CONTEXT(2) 
PARAMETRIC_REPRESENTATION_CONTEXT() REPRESENTATION_CONTEXT('2D SPACE',''
  ) );
#16559 = ADVANCED_FACE('',(#16560),#2349,.T.);
#16560 = FACE_BOUND('',#16561,.T.);
#16561 = EDGE_LOOP('',(#16562,#16583,#16584,#16585));
#16562 = ORIENTED_EDGE('',*,*,#16563,.T.);
#16563 = EDGE_CURVE('',#2334,#8759,#16564,.T.);
#16564 = SURFACE_CURVE('',#16565,(#16569,#16576),.PCURVE_S1.);
#16565 = LINE('',#16566,#16567);
#16566 = CARTESIAN_POINT('',(-8.562445229283,13.972640693353,0.));
#16567 = VECTOR('',#16568,1.);
#16568 = DIRECTION('',(0.,0.,1.));
#16569 = PCURVE('',#2349,#16570);
#16570 = DEFINITIONAL_REPRESENTATION('',(#16571),#16575);
#16571 = LINE('',#16572,#16573);
#16572 = CARTESIAN_POINT('',(0.,0.));
#16573 = VECTOR('',#16574,1.);
#16574 = DIRECTION('',(0.,-1.));
#16575 = ( GEOMETRIC_REPRESENTATION_CONTEXT(2) 
PARAMETRIC_REPRESENTATION_CONTEXT() REPRESENTATION_CONTEXT('2D SPACE',''
  ) );
#16576 = PCURVE('',#2377,#16577);
#16577 = DEFINITIONAL_REPRESENTATION('',(#16578),#16582);
#16578 = LINE('',#16579,#16580);
#16579 = CARTESIAN_POINT('',(4.0725,0.));
#16580 = VECTOR('',#16581,1.);
#16581 = DIRECTION('',(0.,-1.));
#16582 = ( GEOMETRIC_REPRESENTATION_CONTEXT(2) 
PARAMETRIC_REPRESENTATION_CONTEXT() REPRESENTATION_CONTEXT('2D SPACE',''
  ) );
#16583 = ORIENTED_EDGE('',*,*,#8758,.T.);
#16584 = ORIENTED_EDGE('',*,*,#16512,.F.);
#16585 = ORIENTED_EDGE('',*,*,#2333,.F.);
#16586 = ADVANCED_FACE('',(#16587),#4666,.T.);
#16587 = FACE_BOUND('',#16588,.F.);
#16588 = EDGE_LOOP('',(#16589,#16590,#16609,#16610));
#16589 = ORIENTED_EDGE('',*,*,#4649,.F.);
#16590 = ORIENTED_EDGE('',*,*,#16591,.F.);
#16591 = EDGE_CURVE('',#10642,#4622,#16592,.T.);
#16592 = SURFACE_CURVE('',#16593,(#16597,#16603),.PCURVE_S1.);
#16593 = LINE('',#16594,#16595);
#16594 = CARTESIAN_POINT('',(-8.875152940829,-16.34599829551,0.));
#16595 = VECTOR('',#16596,1.);
#16596 = DIRECTION('',(-0.,-0.,-1.));
#16597 = PCURVE('',#4666,#16598);
#16598 = DEFINITIONAL_REPRESENTATION('',(#16599),#16602);
#16599 = B_SPLINE_CURVE_WITH_KNOTS('',1,(#16600,#16601),.UNSPECIFIED.,
  .F.,.F.,(2,2),(-7.0000006,6.E-07),.PIECEWISE_BEZIER_KNOTS.);
#16600 = CARTESIAN_POINT('',(-4.214970143566,-7.0000006));
#16601 = CARTESIAN_POINT('',(-4.214970143566,6.E-07));
#16602 = ( GEOMETRIC_REPRESENTATION_CONTEXT(2) 
PARAMETRIC_REPRESENTATION_CONTEXT() REPRESENTATION_CONTEXT('2D SPACE',''
  ) );
#16603 = PCURVE('',#4637,#16604);
#16604 = DEFINITIONAL_REPRESENTATION('',(#16605),#16608);
#16605 = B_SPLINE_CURVE_WITH_KNOTS('',1,(#16606,#16607),.UNSPECIFIED.,
  .F.,.F.,(2,2),(-7.0000006,6.E-07),.PIECEWISE_BEZIER_KNOTS.);
#16606 = CARTESIAN_POINT('',(1.86,-7.0000006));
#16607 = CARTESIAN_POINT('',(1.86,6.E-07));
#16608 = ( GEOMETRIC_REPRESENTATION_CONTEXT(2) 
PARAMETRIC_REPRESENTATION_CONTEXT() REPRESENTATION_CONTEXT('2D SPACE',''
  ) );
#16609 = ORIENTED_EDGE('',*,*,#10664,.T.);
#16610 = ORIENTED_EDGE('',*,*,#16541,.T.);
#16611 = ADVANCED_FACE('',(#16612),#2377,.T.);
#16612 = FACE_BOUND('',#16613,.T.);
#16613 = EDGE_LOOP('',(#16614,#16615,#16634,#16635));
#16614 = ORIENTED_EDGE('',*,*,#2361,.F.);
#16615 = ORIENTED_EDGE('',*,*,#16616,.F.);
#16616 = EDGE_CURVE('',#8782,#2362,#16617,.T.);
#16617 = SURFACE_CURVE('',#16618,(#16622,#16628),.PCURVE_S1.);
#16618 = LINE('',#16619,#16620);
#16619 = CARTESIAN_POINT('',(-9.718473303717,15.859107056986,0.));
#16620 = VECTOR('',#16621,1.);
#16621 = DIRECTION('',(-0.,-0.,-1.));
#16622 = PCURVE('',#2377,#16623);
#16623 = DEFINITIONAL_REPRESENTATION('',(#16624),#16627);
#16624 = B_SPLINE_CURVE_WITH_KNOTS('',1,(#16625,#16626),.UNSPECIFIED.,
  .F.,.F.,(2,2),(-7.0000006,6.E-07),.PIECEWISE_BEZIER_KNOTS.);
#16625 = CARTESIAN_POINT('',(1.86,-7.0000006));
#16626 = CARTESIAN_POINT('',(1.86,6.E-07));
#16627 = ( GEOMETRIC_REPRESENTATION_CONTEXT(2) 
PARAMETRIC_REPRESENTATION_CONTEXT() REPRESENTATION_CONTEXT('2D SPACE',''
  ) );
#16628 = PCURVE('',#2406,#16629);
#16629 = DEFINITIONAL_REPRESENTATION('',(#16630),#16633);
#16630 = B_SPLINE_CURVE_WITH_KNOTS('',1,(#16631,#16632),.UNSPECIFIED.,
  .F.,.F.,(2,2),(-7.0000006,6.E-07),.PIECEWISE_BEZIER_KNOTS.);
#16631 = CARTESIAN_POINT('',(-2.120575041173,-7.0000006));
#16632 = CARTESIAN_POINT('',(-2.120575041173,6.E-07));
#16633 = ( GEOMETRIC_REPRESENTATION_CONTEXT(2) 
PARAMETRIC_REPRESENTATION_CONTEXT() REPRESENTATION_CONTEXT('2D SPACE',''
  ) );
#16634 = ORIENTED_EDGE('',*,*,#8781,.T.);
#16635 = ORIENTED_EDGE('',*,*,#16563,.F.);
#16636 = ADVANCED_FACE('',(#16637),#4637,.T.);
#16637 = FACE_BOUND('',#16638,.T.);
#16638 = EDGE_LOOP('',(#16639,#16640,#16641,#16642));
#16639 = ORIENTED_EDGE('',*,*,#4621,.F.);
#16640 = ORIENTED_EDGE('',*,*,#16591,.F.);
#16641 = ORIENTED_EDGE('',*,*,#10641,.T.);
#16642 = ORIENTED_EDGE('',*,*,#16643,.F.);
#16643 = EDGE_CURVE('',#4594,#10619,#16644,.T.);
#16644 = SURFACE_CURVE('',#16645,(#16649,#16656),.PCURVE_S1.);
#16645 = LINE('',#16646,#16647);
#16646 = CARTESIAN_POINT('',(-7.819439183754,-14.40161543374,0.));
#16647 = VECTOR('',#16648,1.);
#16648 = DIRECTION('',(0.,0.,1.));
#16649 = PCURVE('',#4637,#16650);
#16650 = DEFINITIONAL_REPRESENTATION('',(#16651),#16655);
#16651 = LINE('',#16652,#16653);
#16652 = CARTESIAN_POINT('',(4.0725,0.));
#16653 = VECTOR('',#16654,1.);
#16654 = DIRECTION('',(0.,-1.));
#16655 = ( GEOMETRIC_REPRESENTATION_CONTEXT(2) 
PARAMETRIC_REPRESENTATION_CONTEXT() REPRESENTATION_CONTEXT('2D SPACE',''
  ) );
#16656 = PCURVE('',#4609,#16657);
#16657 = DEFINITIONAL_REPRESENTATION('',(#16658),#16662);
#16658 = LINE('',#16659,#16660);
#16659 = CARTESIAN_POINT('',(0.,0.));
#16660 = VECTOR('',#16661,1.);
#16661 = DIRECTION('',(0.,-1.));
#16662 = ( GEOMETRIC_REPRESENTATION_CONTEXT(2) 
PARAMETRIC_REPRESENTATION_CONTEXT() REPRESENTATION_CONTEXT('2D SPACE',''
  ) );
#16663 = ADVANCED_FACE('',(#16664),#2406,.T.);
#16664 = FACE_BOUND('',#16665,.F.);
#16665 = EDGE_LOOP('',(#16666,#16667,#16668,#16669));
#16666 = ORIENTED_EDGE('',*,*,#2389,.F.);
#16667 = ORIENTED_EDGE('',*,*,#16616,.F.);
#16668 = ORIENTED_EDGE('',*,*,#8804,.T.);
#16669 = ORIENTED_EDGE('',*,*,#16670,.T.);
#16670 = EDGE_CURVE('',#8805,#2390,#16671,.T.);
#16671 = SURFACE_CURVE('',#16672,(#16676,#16682),.PCURVE_S1.);
#16672 = LINE('',#16673,#16674);
#16673 = CARTESIAN_POINT('',(-10.5351560068,15.328747108369,0.));
#16674 = VECTOR('',#16675,1.);
#16675 = DIRECTION('',(-0.,-0.,-1.));
#16676 = PCURVE('',#2406,#16677);
#16677 = DEFINITIONAL_REPRESENTATION('',(#16678),#16681);
#16678 = B_SPLINE_CURVE_WITH_KNOTS('',1,(#16679,#16680),.UNSPECIFIED.,
  .F.,.F.,(2,2),(-7.0000006,6.E-07),.PIECEWISE_BEZIER_KNOTS.);
#16679 = CARTESIAN_POINT('',(-2.172934918733,-7.0000006));
#16680 = CARTESIAN_POINT('',(-2.172934918733,6.E-07));
#16681 = ( GEOMETRIC_REPRESENTATION_CONTEXT(2) 
PARAMETRIC_REPRESENTATION_CONTEXT() REPRESENTATION_CONTEXT('2D SPACE',''
  ) );
#16682 = PCURVE('',#2434,#16683);
#16683 = DEFINITIONAL_REPRESENTATION('',(#16684),#16687);
#16684 = B_SPLINE_CURVE_WITH_KNOTS('',1,(#16685,#16686),.UNSPECIFIED.,
  .F.,.F.,(2,2),(-7.0000006,6.E-07),.PIECEWISE_BEZIER_KNOTS.);
#16685 = CARTESIAN_POINT('',(2.2125,-7.0000006));
#16686 = CARTESIAN_POINT('',(2.2125,6.E-07));
#16687 = ( GEOMETRIC_REPRESENTATION_CONTEXT(2) 
PARAMETRIC_REPRESENTATION_CONTEXT() REPRESENTATION_CONTEXT('2D SPACE',''
  ) );
#16688 = ADVANCED_FACE('',(#16689),#4609,.T.);
#16689 = FACE_BOUND('',#16690,.T.);
#16690 = EDGE_LOOP('',(#16691,#16692,#16693,#16714));
#16691 = ORIENTED_EDGE('',*,*,#16643,.T.);
#16692 = ORIENTED_EDGE('',*,*,#10618,.T.);
#16693 = ORIENTED_EDGE('',*,*,#16694,.F.);
#16694 = EDGE_CURVE('',#4566,#10596,#16695,.T.);
#16695 = SURFACE_CURVE('',#16696,(#16700,#16707),.PCURVE_S1.);
#16696 = LINE('',#16697,#16698);
#16697 = CARTESIAN_POINT('',(-8.562445229283,-13.97264069335,0.));
#16698 = VECTOR('',#16699,1.);
#16699 = DIRECTION('',(0.,0.,1.));
#16700 = PCURVE('',#4609,#16701);
#16701 = DEFINITIONAL_REPRESENTATION('',(#16702),#16706);
#16702 = LINE('',#16703,#16704);
#16703 = CARTESIAN_POINT('',(0.857949480791,0.));
#16704 = VECTOR('',#16705,1.);
#16705 = DIRECTION('',(0.,-1.));
#16706 = ( GEOMETRIC_REPRESENTATION_CONTEXT(2) 
PARAMETRIC_REPRESENTATION_CONTEXT() REPRESENTATION_CONTEXT('2D SPACE',''
  ) );
#16707 = PCURVE('',#4581,#16708);
#16708 = DEFINITIONAL_REPRESENTATION('',(#16709),#16713);
#16709 = LINE('',#16710,#16711);
#16710 = CARTESIAN_POINT('',(0.,0.));
#16711 = VECTOR('',#16712,1.);
#16712 = DIRECTION('',(0.,-1.));
#16713 = ( GEOMETRIC_REPRESENTATION_CONTEXT(2) 
PARAMETRIC_REPRESENTATION_CONTEXT() REPRESENTATION_CONTEXT('2D SPACE',''
  ) );
#16714 = ORIENTED_EDGE('',*,*,#4593,.F.);
#16715 = ADVANCED_FACE('',(#16716),#2434,.T.);
#16716 = FACE_BOUND('',#16717,.T.);
#16717 = EDGE_LOOP('',(#16718,#16719,#16740,#16741));
#16718 = ORIENTED_EDGE('',*,*,#2418,.F.);
#16719 = ORIENTED_EDGE('',*,*,#16720,.T.);
#16720 = EDGE_CURVE('',#2419,#8829,#16721,.T.);
#16721 = SURFACE_CURVE('',#16722,(#16726,#16733),.PCURVE_S1.);
#16722 = LINE('',#16723,#16724);
#16723 = CARTESIAN_POINT('',(-9.281982207606,13.505367916043,0.));
#16724 = VECTOR('',#16725,1.);
#16725 = DIRECTION('',(0.,0.,1.));
#16726 = PCURVE('',#2434,#16727);
#16727 = DEFINITIONAL_REPRESENTATION('',(#16728),#16732);
#16728 = LINE('',#16729,#16730);
#16729 = CARTESIAN_POINT('',(0.,0.));
#16730 = VECTOR('',#16731,1.);
#16731 = DIRECTION('',(0.,-1.));
#16732 = ( GEOMETRIC_REPRESENTATION_CONTEXT(2) 
PARAMETRIC_REPRESENTATION_CONTEXT() REPRESENTATION_CONTEXT('2D SPACE',''
  ) );
#16733 = PCURVE('',#2462,#16734);
#16734 = DEFINITIONAL_REPRESENTATION('',(#16735),#16739);
#16735 = LINE('',#16736,#16737);
#16736 = CARTESIAN_POINT('',(0.857949480791,0.));
#16737 = VECTOR('',#16738,1.);
#16738 = DIRECTION('',(0.,-1.));
#16739 = ( GEOMETRIC_REPRESENTATION_CONTEXT(2) 
PARAMETRIC_REPRESENTATION_CONTEXT() REPRESENTATION_CONTEXT('2D SPACE',''
  ) );
#16740 = ORIENTED_EDGE('',*,*,#8828,.T.);
#16741 = ORIENTED_EDGE('',*,*,#16670,.T.);
#16742 = ADVANCED_FACE('',(#16743),#4581,.T.);
#16743 = FACE_BOUND('',#16744,.T.);
#16744 = EDGE_LOOP('',(#16745,#16746,#16747,#16748));
#16745 = ORIENTED_EDGE('',*,*,#4565,.F.);
#16746 = ORIENTED_EDGE('',*,*,#16694,.T.);
#16747 = ORIENTED_EDGE('',*,*,#10595,.T.);
#16748 = ORIENTED_EDGE('',*,*,#16749,.T.);
#16749 = EDGE_CURVE('',#10572,#4537,#16750,.T.);
#16750 = SURFACE_CURVE('',#16751,(#16755,#16761),.PCURVE_S1.);
#16751 = LINE('',#16752,#16753);
#16752 = CARTESIAN_POINT('',(-9.718473303717,-15.85910705698,0.));
#16753 = VECTOR('',#16754,1.);
#16754 = DIRECTION('',(-0.,-0.,-1.));
#16755 = PCURVE('',#4581,#16756);
#16756 = DEFINITIONAL_REPRESENTATION('',(#16757),#16760);
#16757 = B_SPLINE_CURVE_WITH_KNOTS('',1,(#16758,#16759),.UNSPECIFIED.,
  .F.,.F.,(2,2),(-7.0000006,6.E-07),.PIECEWISE_BEZIER_KNOTS.);
#16758 = CARTESIAN_POINT('',(2.2125,-7.0000006));
#16759 = CARTESIAN_POINT('',(2.2125,6.E-07));
#16760 = ( GEOMETRIC_REPRESENTATION_CONTEXT(2) 
PARAMETRIC_REPRESENTATION_CONTEXT() REPRESENTATION_CONTEXT('2D SPACE',''
  ) );
#16761 = PCURVE('',#4553,#16762);
#16762 = DEFINITIONAL_REPRESENTATION('',(#16763),#16766);
#16763 = B_SPLINE_CURVE_WITH_KNOTS('',1,(#16764,#16765),.UNSPECIFIED.,
  .F.,.F.,(2,2),(-7.0000006,6.E-07),.PIECEWISE_BEZIER_KNOTS.);
#16764 = CARTESIAN_POINT('',(-4.162610266006,-7.0000006));
#16765 = CARTESIAN_POINT('',(-4.162610266006,6.E-07));
#16766 = ( GEOMETRIC_REPRESENTATION_CONTEXT(2) 
PARAMETRIC_REPRESENTATION_CONTEXT() REPRESENTATION_CONTEXT('2D SPACE',''
  ) );
#16767 = ADVANCED_FACE('',(#16768),#2462,.T.);
#16768 = FACE_BOUND('',#16769,.T.);
#16769 = EDGE_LOOP('',(#16770,#16791,#16792,#16793));
#16770 = ORIENTED_EDGE('',*,*,#16771,.T.);
#16771 = EDGE_CURVE('',#2447,#8852,#16772,.T.);
#16772 = SURFACE_CURVE('',#16773,(#16777,#16784),.PCURVE_S1.);
#16773 = LINE('',#16774,#16775);
#16774 = CARTESIAN_POINT('',(-9.97607791788,13.001077864023,0.));
#16775 = VECTOR('',#16776,1.);
#16776 = DIRECTION('',(0.,0.,1.));
#16777 = PCURVE('',#2462,#16778);
#16778 = DEFINITIONAL_REPRESENTATION('',(#16779),#16783);
#16779 = LINE('',#16780,#16781);
#16780 = CARTESIAN_POINT('',(0.,0.));
#16781 = VECTOR('',#16782,1.);
#16782 = DIRECTION('',(0.,-1.));
#16783 = ( GEOMETRIC_REPRESENTATION_CONTEXT(2) 
PARAMETRIC_REPRESENTATION_CONTEXT() REPRESENTATION_CONTEXT('2D SPACE',''
  ) );
#16784 = PCURVE('',#2490,#16785);
#16785 = DEFINITIONAL_REPRESENTATION('',(#16786),#16790);
#16786 = LINE('',#16787,#16788);
#16787 = CARTESIAN_POINT('',(4.0725,0.));
#16788 = VECTOR('',#16789,1.);
#16789 = DIRECTION('',(0.,-1.));
#16790 = ( GEOMETRIC_REPRESENTATION_CONTEXT(2) 
PARAMETRIC_REPRESENTATION_CONTEXT() REPRESENTATION_CONTEXT('2D SPACE',''
  ) );
#16791 = ORIENTED_EDGE('',*,*,#8851,.T.);
#16792 = ORIENTED_EDGE('',*,*,#16720,.F.);
#16793 = ORIENTED_EDGE('',*,*,#2446,.F.);
#16794 = ADVANCED_FACE('',(#16795),#4553,.T.);
#16795 = FACE_BOUND('',#16796,.F.);
#16796 = EDGE_LOOP('',(#16797,#16798,#16817,#16818));
#16797 = ORIENTED_EDGE('',*,*,#4536,.F.);
#16798 = ORIENTED_EDGE('',*,*,#16799,.F.);
#16799 = EDGE_CURVE('',#10549,#4509,#16800,.T.);
#16800 = SURFACE_CURVE('',#16801,(#16805,#16811),.PCURVE_S1.);
#16801 = LINE('',#16802,#16803);
#16802 = CARTESIAN_POINT('',(-10.5351560068,-15.32874710836,0.));
#16803 = VECTOR('',#16804,1.);
#16804 = DIRECTION('',(-0.,-0.,-1.));
#16805 = PCURVE('',#4553,#16806);
#16806 = DEFINITIONAL_REPRESENTATION('',(#16807),#16810);
#16807 = B_SPLINE_CURVE_WITH_KNOTS('',1,(#16808,#16809),.UNSPECIFIED.,
  .F.,.F.,(2,2),(-7.0000006,6.E-07),.PIECEWISE_BEZIER_KNOTS.);
#16808 = CARTESIAN_POINT('',(-4.110250388447,-7.0000006));
#16809 = CARTESIAN_POINT('',(-4.110250388447,6.E-07));
#16810 = ( GEOMETRIC_REPRESENTATION_CONTEXT(2) 
PARAMETRIC_REPRESENTATION_CONTEXT() REPRESENTATION_CONTEXT('2D SPACE',''
  ) );
#16811 = PCURVE('',#4524,#16812);
#16812 = DEFINITIONAL_REPRESENTATION('',(#16813),#16816);
#16813 = B_SPLINE_CURVE_WITH_KNOTS('',1,(#16814,#16815),.UNSPECIFIED.,
  .F.,.F.,(2,2),(-7.0000006,6.E-07),.PIECEWISE_BEZIER_KNOTS.);
#16814 = CARTESIAN_POINT('',(1.86,-7.0000006));
#16815 = CARTESIAN_POINT('',(1.86,6.E-07));
#16816 = ( GEOMETRIC_REPRESENTATION_CONTEXT(2) 
PARAMETRIC_REPRESENTATION_CONTEXT() REPRESENTATION_CONTEXT('2D SPACE',''
  ) );
#16817 = ORIENTED_EDGE('',*,*,#10571,.T.);
#16818 = ORIENTED_EDGE('',*,*,#16749,.T.);
#16819 = ADVANCED_FACE('',(#16820),#2490,.T.);
#16820 = FACE_BOUND('',#16821,.T.);
#16821 = EDGE_LOOP('',(#16822,#16823,#16842,#16843));
#16822 = ORIENTED_EDGE('',*,*,#2474,.F.);
#16823 = ORIENTED_EDGE('',*,*,#16824,.F.);
#16824 = EDGE_CURVE('',#8875,#2475,#16825,.T.);
#16825 = SURFACE_CURVE('',#16826,(#16830,#16836),.PCURVE_S1.);
#16826 = LINE('',#16827,#16828);
#16827 = CARTESIAN_POINT('',(-11.32296257956,14.756372129417,0.));
#16828 = VECTOR('',#16829,1.);
#16829 = DIRECTION('',(-0.,-0.,-1.));
#16830 = PCURVE('',#2490,#16831);
#16831 = DEFINITIONAL_REPRESENTATION('',(#16832),#16835);
#16832 = B_SPLINE_CURVE_WITH_KNOTS('',1,(#16833,#16834),.UNSPECIFIED.,
  .F.,.F.,(2,2),(-7.0000006,6.E-07),.PIECEWISE_BEZIER_KNOTS.);
#16833 = CARTESIAN_POINT('',(1.86,-7.0000006));
#16834 = CARTESIAN_POINT('',(1.86,6.E-07));
#16835 = ( GEOMETRIC_REPRESENTATION_CONTEXT(2) 
PARAMETRIC_REPRESENTATION_CONTEXT() REPRESENTATION_CONTEXT('2D SPACE',''
  ) );
#16836 = PCURVE('',#2519,#16837);
#16837 = DEFINITIONAL_REPRESENTATION('',(#16838),#16841);
#16838 = B_SPLINE_CURVE_WITH_KNOTS('',1,(#16839,#16840),.UNSPECIFIED.,
  .F.,.F.,(2,2),(-7.0000006,6.E-07),.PIECEWISE_BEZIER_KNOTS.);
#16839 = CARTESIAN_POINT('',(-2.225294796293,-7.0000006));
#16840 = CARTESIAN_POINT('',(-2.225294796293,6.E-07));
#16841 = ( GEOMETRIC_REPRESENTATION_CONTEXT(2) 
PARAMETRIC_REPRESENTATION_CONTEXT() REPRESENTATION_CONTEXT('2D SPACE',''
  ) );
#16842 = ORIENTED_EDGE('',*,*,#8874,.T.);
#16843 = ORIENTED_EDGE('',*,*,#16771,.F.);
#16844 = ADVANCED_FACE('',(#16845),#4524,.T.);
#16845 = FACE_BOUND('',#16846,.T.);
#16846 = EDGE_LOOP('',(#16847,#16848,#16849,#16850));
#16847 = ORIENTED_EDGE('',*,*,#4508,.F.);
#16848 = ORIENTED_EDGE('',*,*,#16799,.F.);
#16849 = ORIENTED_EDGE('',*,*,#10548,.T.);
#16850 = ORIENTED_EDGE('',*,*,#16851,.F.);
#16851 = EDGE_CURVE('',#4481,#10526,#16852,.T.);
#16852 = SURFACE_CURVE('',#16853,(#16857,#16864),.PCURVE_S1.);
#16853 = LINE('',#16854,#16855);
#16854 = CARTESIAN_POINT('',(-9.281982207606,-13.50536791604,0.));
#16855 = VECTOR('',#16856,1.);
#16856 = DIRECTION('',(0.,0.,1.));
#16857 = PCURVE('',#4524,#16858);
#16858 = DEFINITIONAL_REPRESENTATION('',(#16859),#16863);
#16859 = LINE('',#16860,#16861);
#16860 = CARTESIAN_POINT('',(4.0725,0.));
#16861 = VECTOR('',#16862,1.);
#16862 = DIRECTION('',(0.,-1.));
#16863 = ( GEOMETRIC_REPRESENTATION_CONTEXT(2) 
PARAMETRIC_REPRESENTATION_CONTEXT() REPRESENTATION_CONTEXT('2D SPACE',''
  ) );
#16864 = PCURVE('',#4496,#16865);
#16865 = DEFINITIONAL_REPRESENTATION('',(#16866),#16870);
#16866 = LINE('',#16867,#16868);
#16867 = CARTESIAN_POINT('',(0.,0.));
#16868 = VECTOR('',#16869,1.);
#16869 = DIRECTION('',(0.,-1.));
#16870 = ( GEOMETRIC_REPRESENTATION_CONTEXT(2) 
PARAMETRIC_REPRESENTATION_CONTEXT() REPRESENTATION_CONTEXT('2D SPACE',''
  ) );
#16871 = ADVANCED_FACE('',(#16872),#2519,.T.);
#16872 = FACE_BOUND('',#16873,.F.);
#16873 = EDGE_LOOP('',(#16874,#16875,#16876,#16877));
#16874 = ORIENTED_EDGE('',*,*,#2502,.F.);
#16875 = ORIENTED_EDGE('',*,*,#16824,.F.);
#16876 = ORIENTED_EDGE('',*,*,#8897,.T.);
#16877 = ORIENTED_EDGE('',*,*,#16878,.T.);
#16878 = EDGE_CURVE('',#8898,#2503,#16879,.T.);
#16879 = SURFACE_CURVE('',#16880,(#16884,#16890),.PCURVE_S1.);
#16880 = LINE('',#16881,#16882);
#16881 = CARTESIAN_POINT('',(-12.07973369894,14.143550960161,0.));
#16882 = VECTOR('',#16883,1.);
#16883 = DIRECTION('',(-0.,-0.,-1.));
#16884 = PCURVE('',#2519,#16885);
#16885 = DEFINITIONAL_REPRESENTATION('',(#16886),#16889);
#16886 = B_SPLINE_CURVE_WITH_KNOTS('',1,(#16887,#16888),.UNSPECIFIED.,
  .F.,.F.,(2,2),(-7.0000006,6.E-07),.PIECEWISE_BEZIER_KNOTS.);
#16887 = CARTESIAN_POINT('',(-2.277654673853,-7.0000006));
#16888 = CARTESIAN_POINT('',(-2.277654673853,6.E-07));
#16889 = ( GEOMETRIC_REPRESENTATION_CONTEXT(2) 
PARAMETRIC_REPRESENTATION_CONTEXT() REPRESENTATION_CONTEXT('2D SPACE',''
  ) );
#16890 = PCURVE('',#2547,#16891);
#16891 = DEFINITIONAL_REPRESENTATION('',(#16892),#16895);
#16892 = B_SPLINE_CURVE_WITH_KNOTS('',1,(#16893,#16894),.UNSPECIFIED.,
  .F.,.F.,(2,2),(-7.0000006,6.E-07),.PIECEWISE_BEZIER_KNOTS.);
#16893 = CARTESIAN_POINT('',(2.2125,-7.0000006));
#16894 = CARTESIAN_POINT('',(2.2125,6.E-07));
#16895 = ( GEOMETRIC_REPRESENTATION_CONTEXT(2) 
PARAMETRIC_REPRESENTATION_CONTEXT() REPRESENTATION_CONTEXT('2D SPACE',''
  ) );
#16896 = ADVANCED_FACE('',(#16897),#4496,.T.);
#16897 = FACE_BOUND('',#16898,.T.);
#16898 = EDGE_LOOP('',(#16899,#16900,#16901,#16922));
#16899 = ORIENTED_EDGE('',*,*,#16851,.T.);
#16900 = ORIENTED_EDGE('',*,*,#10525,.T.);
#16901 = ORIENTED_EDGE('',*,*,#16902,.F.);
#16902 = EDGE_CURVE('',#4453,#10503,#16903,.T.);
#16903 = SURFACE_CURVE('',#16904,(#16908,#16915),.PCURVE_S1.);
#16904 = LINE('',#16905,#16906);
#16905 = CARTESIAN_POINT('',(-9.97607791788,-13.00107786402,0.));
#16906 = VECTOR('',#16907,1.);
#16907 = DIRECTION('',(0.,0.,1.));
#16908 = PCURVE('',#4496,#16909);
#16909 = DEFINITIONAL_REPRESENTATION('',(#16910),#16914);
#16910 = LINE('',#16911,#16912);
#16911 = CARTESIAN_POINT('',(0.857949480791,0.));
#16912 = VECTOR('',#16913,1.);
#16913 = DIRECTION('',(0.,-1.));
#16914 = ( GEOMETRIC_REPRESENTATION_CONTEXT(2) 
PARAMETRIC_REPRESENTATION_CONTEXT() REPRESENTATION_CONTEXT('2D SPACE',''
  ) );
#16915 = PCURVE('',#4468,#16916);
#16916 = DEFINITIONAL_REPRESENTATION('',(#16917),#16921);
#16917 = LINE('',#16918,#16919);
#16918 = CARTESIAN_POINT('',(0.,0.));
#16919 = VECTOR('',#16920,1.);
#16920 = DIRECTION('',(0.,-1.));
#16921 = ( GEOMETRIC_REPRESENTATION_CONTEXT(2) 
PARAMETRIC_REPRESENTATION_CONTEXT() REPRESENTATION_CONTEXT('2D SPACE',''
  ) );
#16922 = ORIENTED_EDGE('',*,*,#4480,.F.);
#16923 = ADVANCED_FACE('',(#16924),#2547,.T.);
#16924 = FACE_BOUND('',#16925,.T.);
#16925 = EDGE_LOOP('',(#16926,#16927,#16948,#16949));
#16926 = ORIENTED_EDGE('',*,*,#2531,.F.);
#16927 = ORIENTED_EDGE('',*,*,#16928,.T.);
#16928 = EDGE_CURVE('',#2532,#8922,#16929,.T.);
#16929 = SURFACE_CURVE('',#16930,(#16934,#16941),.PCURVE_S1.);
#16930 = LINE('',#16931,#16932);
#16931 = CARTESIAN_POINT('',(-10.64282989201,12.461152761271,0.));
#16932 = VECTOR('',#16933,1.);
#16933 = DIRECTION('',(0.,0.,1.));
#16934 = PCURVE('',#2547,#16935);
#16935 = DEFINITIONAL_REPRESENTATION('',(#16936),#16940);
#16936 = LINE('',#16937,#16938);
#16937 = CARTESIAN_POINT('',(0.,0.));
#16938 = VECTOR('',#16939,1.);
#16939 = DIRECTION('',(0.,-1.));
#16940 = ( GEOMETRIC_REPRESENTATION_CONTEXT(2) 
PARAMETRIC_REPRESENTATION_CONTEXT() REPRESENTATION_CONTEXT('2D SPACE',''
  ) );
#16941 = PCURVE('',#2575,#16942);
#16942 = DEFINITIONAL_REPRESENTATION('',(#16943),#16947);
#16943 = LINE('',#16944,#16945);
#16944 = CARTESIAN_POINT('',(0.857949480791,0.));
#16945 = VECTOR('',#16946,1.);
#16946 = DIRECTION('',(0.,-1.));
#16947 = ( GEOMETRIC_REPRESENTATION_CONTEXT(2) 
PARAMETRIC_REPRESENTATION_CONTEXT() REPRESENTATION_CONTEXT('2D SPACE',''
  ) );
#16948 = ORIENTED_EDGE('',*,*,#8921,.T.);
#16949 = ORIENTED_EDGE('',*,*,#16878,.T.);
#16950 = ADVANCED_FACE('',(#16951),#4468,.T.);
#16951 = FACE_BOUND('',#16952,.T.);
#16952 = EDGE_LOOP('',(#16953,#16954,#16955,#16956));
#16953 = ORIENTED_EDGE('',*,*,#4452,.F.);
#16954 = ORIENTED_EDGE('',*,*,#16902,.T.);
#16955 = ORIENTED_EDGE('',*,*,#10502,.T.);
#16956 = ORIENTED_EDGE('',*,*,#16957,.T.);
#16957 = EDGE_CURVE('',#10479,#4424,#16958,.T.);
#16958 = SURFACE_CURVE('',#16959,(#16963,#16969),.PCURVE_S1.);
#16959 = LINE('',#16960,#16961);
#16960 = CARTESIAN_POINT('',(-11.32296257956,-14.75637212941,0.));
#16961 = VECTOR('',#16962,1.);
#16962 = DIRECTION('',(-0.,-0.,-1.));
#16963 = PCURVE('',#4468,#16964);
#16964 = DEFINITIONAL_REPRESENTATION('',(#16965),#16968);
#16965 = B_SPLINE_CURVE_WITH_KNOTS('',1,(#16966,#16967),.UNSPECIFIED.,
  .F.,.F.,(2,2),(-7.0000006,6.E-07),.PIECEWISE_BEZIER_KNOTS.);
#16966 = CARTESIAN_POINT('',(2.2125,-7.0000006));
#16967 = CARTESIAN_POINT('',(2.2125,6.E-07));
#16968 = ( GEOMETRIC_REPRESENTATION_CONTEXT(2) 
PARAMETRIC_REPRESENTATION_CONTEXT() REPRESENTATION_CONTEXT('2D SPACE',''
  ) );
#16969 = PCURVE('',#4440,#16970);
#16970 = DEFINITIONAL_REPRESENTATION('',(#16971),#16974);
#16971 = B_SPLINE_CURVE_WITH_KNOTS('',1,(#16972,#16973),.UNSPECIFIED.,
  .F.,.F.,(2,2),(-7.0000006,6.E-07),.PIECEWISE_BEZIER_KNOTS.);
#16972 = CARTESIAN_POINT('',(-4.057890510887,-7.0000006));
#16973 = CARTESIAN_POINT('',(-4.057890510887,6.E-07));
#16974 = ( GEOMETRIC_REPRESENTATION_CONTEXT(2) 
PARAMETRIC_REPRESENTATION_CONTEXT() REPRESENTATION_CONTEXT('2D SPACE',''
  ) );
#16975 = ADVANCED_FACE('',(#16976),#2575,.T.);
#16976 = FACE_BOUND('',#16977,.T.);
#16977 = EDGE_LOOP('',(#16978,#16999,#17000,#17001));
#16978 = ORIENTED_EDGE('',*,*,#16979,.T.);
#16979 = EDGE_CURVE('',#2560,#8945,#16980,.T.);
#16980 = SURFACE_CURVE('',#16981,(#16985,#16992),.PCURVE_S1.);
#16981 = LINE('',#16982,#16983);
#16982 = CARTESIAN_POINT('',(-11.28041060918,11.887072504964,0.));
#16983 = VECTOR('',#16984,1.);
#16984 = DIRECTION('',(0.,0.,1.));
#16985 = PCURVE('',#2575,#16986);
#16986 = DEFINITIONAL_REPRESENTATION('',(#16987),#16991);
#16987 = LINE('',#16988,#16989);
#16988 = CARTESIAN_POINT('',(0.,0.));
#16989 = VECTOR('',#16990,1.);
#16990 = DIRECTION('',(0.,-1.));
#16991 = ( GEOMETRIC_REPRESENTATION_CONTEXT(2) 
PARAMETRIC_REPRESENTATION_CONTEXT() REPRESENTATION_CONTEXT('2D SPACE',''
  ) );
#16992 = PCURVE('',#2603,#16993);
#16993 = DEFINITIONAL_REPRESENTATION('',(#16994),#16998);
#16994 = LINE('',#16995,#16996);
#16995 = CARTESIAN_POINT('',(4.0725,0.));
#16996 = VECTOR('',#16997,1.);
#16997 = DIRECTION('',(0.,-1.));
#16998 = ( GEOMETRIC_REPRESENTATION_CONTEXT(2) 
PARAMETRIC_REPRESENTATION_CONTEXT() REPRESENTATION_CONTEXT('2D SPACE',''
  ) );
#16999 = ORIENTED_EDGE('',*,*,#8944,.T.);
#17000 = ORIENTED_EDGE('',*,*,#16928,.F.);
#17001 = ORIENTED_EDGE('',*,*,#2559,.F.);
#17002 = ADVANCED_FACE('',(#17003),#4440,.T.);
#17003 = FACE_BOUND('',#17004,.F.);
#17004 = EDGE_LOOP('',(#17005,#17006,#17025,#17026));
#17005 = ORIENTED_EDGE('',*,*,#4423,.F.);
#17006 = ORIENTED_EDGE('',*,*,#17007,.F.);
#17007 = EDGE_CURVE('',#10456,#4396,#17008,.T.);
#17008 = SURFACE_CURVE('',#17009,(#17013,#17019),.PCURVE_S1.);
#17009 = LINE('',#17010,#17011);
#17010 = CARTESIAN_POINT('',(-12.07973369894,-14.14355096016,0.));
#17011 = VECTOR('',#17012,1.);
#17012 = DIRECTION('',(-0.,-0.,-1.));
#17013 = PCURVE('',#4440,#17014);
#17014 = DEFINITIONAL_REPRESENTATION('',(#17015),#17018);
#17015 = B_SPLINE_CURVE_WITH_KNOTS('',1,(#17016,#17017),.UNSPECIFIED.,
  .F.,.F.,(2,2),(-7.0000006,6.E-07),.PIECEWISE_BEZIER_KNOTS.);
#17016 = CARTESIAN_POINT('',(-4.005530633327,-7.0000006));
#17017 = CARTESIAN_POINT('',(-4.005530633327,6.E-07));
#17018 = ( GEOMETRIC_REPRESENTATION_CONTEXT(2) 
PARAMETRIC_REPRESENTATION_CONTEXT() REPRESENTATION_CONTEXT('2D SPACE',''
  ) );
#17019 = PCURVE('',#4411,#17020);
#17020 = DEFINITIONAL_REPRESENTATION('',(#17021),#17024);
#17021 = B_SPLINE_CURVE_WITH_KNOTS('',1,(#17022,#17023),.UNSPECIFIED.,
  .F.,.F.,(2,2),(-7.0000006,6.E-07),.PIECEWISE_BEZIER_KNOTS.);
#17022 = CARTESIAN_POINT('',(1.86,-7.0000006));
#17023 = CARTESIAN_POINT('',(1.86,6.E-07));
#17024 = ( GEOMETRIC_REPRESENTATION_CONTEXT(2) 
PARAMETRIC_REPRESENTATION_CONTEXT() REPRESENTATION_CONTEXT('2D SPACE',''
  ) );
#17025 = ORIENTED_EDGE('',*,*,#10478,.T.);
#17026 = ORIENTED_EDGE('',*,*,#16957,.T.);
#17027 = ADVANCED_FACE('',(#17028),#2603,.T.);
#17028 = FACE_BOUND('',#17029,.T.);
#17029 = EDGE_LOOP('',(#17030,#17031,#17050,#17051));
#17030 = ORIENTED_EDGE('',*,*,#2587,.F.);
#17031 = ORIENTED_EDGE('',*,*,#17032,.F.);
#17032 = EDGE_CURVE('',#8968,#2588,#17033,.T.);
#17033 = SURFACE_CURVE('',#17034,(#17038,#17044),.PCURVE_S1.);
#17034 = LINE('',#17035,#17036);
#17035 = CARTESIAN_POINT('',(-12.8033951079,13.491963300829,0.));
#17036 = VECTOR('',#17037,1.);
#17037 = DIRECTION('',(-0.,-0.,-1.));
#17038 = PCURVE('',#2603,#17039);
#17039 = DEFINITIONAL_REPRESENTATION('',(#17040),#17043);
#17040 = B_SPLINE_CURVE_WITH_KNOTS('',1,(#17041,#17042),.UNSPECIFIED.,
  .F.,.F.,(2,2),(-7.0000006,6.E-07),.PIECEWISE_BEZIER_KNOTS.);
#17041 = CARTESIAN_POINT('',(1.86,-7.0000006));
#17042 = CARTESIAN_POINT('',(1.86,6.E-07));
#17043 = ( GEOMETRIC_REPRESENTATION_CONTEXT(2) 
PARAMETRIC_REPRESENTATION_CONTEXT() REPRESENTATION_CONTEXT('2D SPACE',''
  ) );
#17044 = PCURVE('',#2632,#17045);
#17045 = DEFINITIONAL_REPRESENTATION('',(#17046),#17049);
#17046 = B_SPLINE_CURVE_WITH_KNOTS('',1,(#17047,#17048),.UNSPECIFIED.,
  .F.,.F.,(2,2),(-7.0000006,6.E-07),.PIECEWISE_BEZIER_KNOTS.);
#17047 = CARTESIAN_POINT('',(-2.330014551412,-7.0000006));
#17048 = CARTESIAN_POINT('',(-2.330014551412,6.E-07));
#17049 = ( GEOMETRIC_REPRESENTATION_CONTEXT(2) 
PARAMETRIC_REPRESENTATION_CONTEXT() REPRESENTATION_CONTEXT('2D SPACE',''
  ) );
#17050 = ORIENTED_EDGE('',*,*,#8967,.T.);
#17051 = ORIENTED_EDGE('',*,*,#16979,.F.);
#17052 = ADVANCED_FACE('',(#17053),#4411,.T.);
#17053 = FACE_BOUND('',#17054,.T.);
#17054 = EDGE_LOOP('',(#17055,#17056,#17057,#17058));
#17055 = ORIENTED_EDGE('',*,*,#4395,.F.);
#17056 = ORIENTED_EDGE('',*,*,#17007,.F.);
#17057 = ORIENTED_EDGE('',*,*,#10455,.T.);
#17058 = ORIENTED_EDGE('',*,*,#17059,.F.);
#17059 = EDGE_CURVE('',#4368,#10433,#17060,.T.);
#17060 = SURFACE_CURVE('',#17061,(#17065,#17072),.PCURVE_S1.);
#17061 = LINE('',#17062,#17063);
#17062 = CARTESIAN_POINT('',(-10.64282989201,-12.46115276127,0.));
#17063 = VECTOR('',#17064,1.);
#17064 = DIRECTION('',(0.,0.,1.));
#17065 = PCURVE('',#4411,#17066);
#17066 = DEFINITIONAL_REPRESENTATION('',(#17067),#17071);
#17067 = LINE('',#17068,#17069);
#17068 = CARTESIAN_POINT('',(4.0725,0.));
#17069 = VECTOR('',#17070,1.);
#17070 = DIRECTION('',(0.,-1.));
#17071 = ( GEOMETRIC_REPRESENTATION_CONTEXT(2) 
PARAMETRIC_REPRESENTATION_CONTEXT() REPRESENTATION_CONTEXT('2D SPACE',''
  ) );
#17072 = PCURVE('',#4383,#17073);
#17073 = DEFINITIONAL_REPRESENTATION('',(#17074),#17078);
#17074 = LINE('',#17075,#17076);
#17075 = CARTESIAN_POINT('',(0.,0.));
#17076 = VECTOR('',#17077,1.);
#17077 = DIRECTION('',(0.,-1.));
#17078 = ( GEOMETRIC_REPRESENTATION_CONTEXT(2) 
PARAMETRIC_REPRESENTATION_CONTEXT() REPRESENTATION_CONTEXT('2D SPACE',''
  ) );
#17079 = ADVANCED_FACE('',(#17080),#2632,.T.);
#17080 = FACE_BOUND('',#17081,.F.);
#17081 = EDGE_LOOP('',(#17082,#17083,#17084,#17085));
#17082 = ORIENTED_EDGE('',*,*,#2615,.F.);
#17083 = ORIENTED_EDGE('',*,*,#17032,.F.);
#17084 = ORIENTED_EDGE('',*,*,#8990,.T.);
#17085 = ORIENTED_EDGE('',*,*,#17086,.T.);
#17086 = EDGE_CURVE('',#8991,#2616,#17087,.T.);
#17087 = SURFACE_CURVE('',#17088,(#17092,#17098),.PCURVE_S1.);
#17088 = LINE('',#17089,#17090);
#17089 = CARTESIAN_POINT('',(-13.49196330082,12.803395107904,0.));
#17090 = VECTOR('',#17091,1.);
#17091 = DIRECTION('',(-0.,-0.,-1.));
#17092 = PCURVE('',#2632,#17093);
#17093 = DEFINITIONAL_REPRESENTATION('',(#17094),#17097);
#17094 = B_SPLINE_CURVE_WITH_KNOTS('',1,(#17095,#17096),.UNSPECIFIED.,
  .F.,.F.,(2,2),(-7.0000006,6.E-07),.PIECEWISE_BEZIER_KNOTS.);
#17095 = CARTESIAN_POINT('',(-2.382374428972,-7.0000006));
#17096 = CARTESIAN_POINT('',(-2.382374428972,6.E-07));
#17097 = ( GEOMETRIC_REPRESENTATION_CONTEXT(2) 
PARAMETRIC_REPRESENTATION_CONTEXT() REPRESENTATION_CONTEXT('2D SPACE',''
  ) );
#17098 = PCURVE('',#2660,#17099);
#17099 = DEFINITIONAL_REPRESENTATION('',(#17100),#17103);
#17100 = B_SPLINE_CURVE_WITH_KNOTS('',1,(#17101,#17102),.UNSPECIFIED.,
  .F.,.F.,(2,2),(-7.0000006,6.E-07),.PIECEWISE_BEZIER_KNOTS.);
#17101 = CARTESIAN_POINT('',(2.2125,-7.0000006));
#17102 = CARTESIAN_POINT('',(2.2125,6.E-07));
#17103 = ( GEOMETRIC_REPRESENTATION_CONTEXT(2) 
PARAMETRIC_REPRESENTATION_CONTEXT() REPRESENTATION_CONTEXT('2D SPACE',''
  ) );
#17104 = ADVANCED_FACE('',(#17105),#4383,.T.);
#17105 = FACE_BOUND('',#17106,.T.);
#17106 = EDGE_LOOP('',(#17107,#17108,#17109,#17130));
#17107 = ORIENTED_EDGE('',*,*,#17059,.T.);
#17108 = ORIENTED_EDGE('',*,*,#10432,.T.);
#17109 = ORIENTED_EDGE('',*,*,#17110,.F.);
#17110 = EDGE_CURVE('',#4340,#10410,#17111,.T.);
#17111 = SURFACE_CURVE('',#17112,(#17116,#17123),.PCURVE_S1.);
#17112 = LINE('',#17113,#17114);
#17113 = CARTESIAN_POINT('',(-11.28041060918,-11.88707250496,0.));
#17114 = VECTOR('',#17115,1.);
#17115 = DIRECTION('',(0.,0.,1.));
#17116 = PCURVE('',#4383,#17117);
#17117 = DEFINITIONAL_REPRESENTATION('',(#17118),#17122);
#17118 = LINE('',#17119,#17120);
#17119 = CARTESIAN_POINT('',(0.857949480791,0.));
#17120 = VECTOR('',#17121,1.);
#17121 = DIRECTION('',(0.,-1.));
#17122 = ( GEOMETRIC_REPRESENTATION_CONTEXT(2) 
PARAMETRIC_REPRESENTATION_CONTEXT() REPRESENTATION_CONTEXT('2D SPACE',''
  ) );
#17123 = PCURVE('',#4355,#17124);
#17124 = DEFINITIONAL_REPRESENTATION('',(#17125),#17129);
#17125 = LINE('',#17126,#17127);
#17126 = CARTESIAN_POINT('',(0.,0.));
#17127 = VECTOR('',#17128,1.);
#17128 = DIRECTION('',(0.,-1.));
#17129 = ( GEOMETRIC_REPRESENTATION_CONTEXT(2) 
PARAMETRIC_REPRESENTATION_CONTEXT() REPRESENTATION_CONTEXT('2D SPACE',''
  ) );
#17130 = ORIENTED_EDGE('',*,*,#4367,.F.);
#17131 = ADVANCED_FACE('',(#17132),#2660,.T.);
#17132 = FACE_BOUND('',#17133,.T.);
#17133 = EDGE_LOOP('',(#17134,#17135,#17156,#17157));
#17134 = ORIENTED_EDGE('',*,*,#2644,.F.);
#17135 = ORIENTED_EDGE('',*,*,#17136,.T.);
#17136 = EDGE_CURVE('',#2645,#9015,#17137,.T.);
#17137 = SURFACE_CURVE('',#17138,(#17142,#17149),.PCURVE_S1.);
#17138 = LINE('',#17139,#17140);
#17139 = CARTESIAN_POINT('',(-11.88707250496,11.280410609181,0.));
#17140 = VECTOR('',#17141,1.);
#17141 = DIRECTION('',(0.,0.,1.));
#17142 = PCURVE('',#2660,#17143);
#17143 = DEFINITIONAL_REPRESENTATION('',(#17144),#17148);
#17144 = LINE('',#17145,#17146);
#17145 = CARTESIAN_POINT('',(0.,0.));
#17146 = VECTOR('',#17147,1.);
#17147 = DIRECTION('',(0.,-1.));
#17148 = ( GEOMETRIC_REPRESENTATION_CONTEXT(2) 
PARAMETRIC_REPRESENTATION_CONTEXT() REPRESENTATION_CONTEXT('2D SPACE',''
  ) );
#17149 = PCURVE('',#2688,#17150);
#17150 = DEFINITIONAL_REPRESENTATION('',(#17151),#17155);
#17151 = LINE('',#17152,#17153);
#17152 = CARTESIAN_POINT('',(0.857949480791,0.));
#17153 = VECTOR('',#17154,1.);
#17154 = DIRECTION('',(0.,-1.));
#17155 = ( GEOMETRIC_REPRESENTATION_CONTEXT(2) 
PARAMETRIC_REPRESENTATION_CONTEXT() REPRESENTATION_CONTEXT('2D SPACE',''
  ) );
#17156 = ORIENTED_EDGE('',*,*,#9014,.T.);
#17157 = ORIENTED_EDGE('',*,*,#17086,.T.);
#17158 = ADVANCED_FACE('',(#17159),#4355,.T.);
#17159 = FACE_BOUND('',#17160,.T.);
#17160 = EDGE_LOOP('',(#17161,#17162,#17163,#17164));
#17161 = ORIENTED_EDGE('',*,*,#4339,.F.);
#17162 = ORIENTED_EDGE('',*,*,#17110,.T.);
#17163 = ORIENTED_EDGE('',*,*,#10409,.T.);
#17164 = ORIENTED_EDGE('',*,*,#17165,.T.);
#17165 = EDGE_CURVE('',#10386,#4311,#17166,.T.);
#17166 = SURFACE_CURVE('',#17167,(#17171,#17177),.PCURVE_S1.);
#17167 = LINE('',#17168,#17169);
#17168 = CARTESIAN_POINT('',(-12.8033951079,-13.49196330082,0.));
#17169 = VECTOR('',#17170,1.);
#17170 = DIRECTION('',(-0.,-0.,-1.));
#17171 = PCURVE('',#4355,#17172);
#17172 = DEFINITIONAL_REPRESENTATION('',(#17173),#17176);
#17173 = B_SPLINE_CURVE_WITH_KNOTS('',1,(#17174,#17175),.UNSPECIFIED.,
  .F.,.F.,(2,2),(-7.0000006,6.E-07),.PIECEWISE_BEZIER_KNOTS.);
#17174 = CARTESIAN_POINT('',(2.2125,-7.0000006));
#17175 = CARTESIAN_POINT('',(2.2125,6.E-07));
#17176 = ( GEOMETRIC_REPRESENTATION_CONTEXT(2) 
PARAMETRIC_REPRESENTATION_CONTEXT() REPRESENTATION_CONTEXT('2D SPACE',''
  ) );
#17177 = PCURVE('',#4327,#17178);
#17178 = DEFINITIONAL_REPRESENTATION('',(#17179),#17182);
#17179 = B_SPLINE_CURVE_WITH_KNOTS('',1,(#17180,#17181),.UNSPECIFIED.,
  .F.,.F.,(2,2),(-7.0000006,6.E-07),.PIECEWISE_BEZIER_KNOTS.);
#17180 = CARTESIAN_POINT('',(-3.953170755767,-7.0000006));
#17181 = CARTESIAN_POINT('',(-3.953170755767,6.E-07));
#17182 = ( GEOMETRIC_REPRESENTATION_CONTEXT(2) 
PARAMETRIC_REPRESENTATION_CONTEXT() REPRESENTATION_CONTEXT('2D SPACE',''
  ) );
#17183 = ADVANCED_FACE('',(#17184),#2688,.T.);
#17184 = FACE_BOUND('',#17185,.T.);
#17185 = EDGE_LOOP('',(#17186,#17207,#17208,#17209));
#17186 = ORIENTED_EDGE('',*,*,#17187,.T.);
#17187 = EDGE_CURVE('',#2673,#9038,#17188,.T.);
#17188 = SURFACE_CURVE('',#17189,(#17193,#17200),.PCURVE_S1.);
#17189 = LINE('',#17190,#17191);
#17190 = CARTESIAN_POINT('',(-12.46115276127,10.642829892011,0.));
#17191 = VECTOR('',#17192,1.);
#17192 = DIRECTION('',(0.,0.,1.));
#17193 = PCURVE('',#2688,#17194);
#17194 = DEFINITIONAL_REPRESENTATION('',(#17195),#17199);
#17195 = LINE('',#17196,#17197);
#17196 = CARTESIAN_POINT('',(0.,0.));
#17197 = VECTOR('',#17198,1.);
#17198 = DIRECTION('',(0.,-1.));
#17199 = ( GEOMETRIC_REPRESENTATION_CONTEXT(2) 
PARAMETRIC_REPRESENTATION_CONTEXT() REPRESENTATION_CONTEXT('2D SPACE',''
  ) );
#17200 = PCURVE('',#2716,#17201);
#17201 = DEFINITIONAL_REPRESENTATION('',(#17202),#17206);
#17202 = LINE('',#17203,#17204);
#17203 = CARTESIAN_POINT('',(4.0725,0.));
#17204 = VECTOR('',#17205,1.);
#17205 = DIRECTION('',(0.,-1.));
#17206 = ( GEOMETRIC_REPRESENTATION_CONTEXT(2) 
PARAMETRIC_REPRESENTATION_CONTEXT() REPRESENTATION_CONTEXT('2D SPACE',''
  ) );
#17207 = ORIENTED_EDGE('',*,*,#9037,.T.);
#17208 = ORIENTED_EDGE('',*,*,#17136,.F.);
#17209 = ORIENTED_EDGE('',*,*,#2672,.F.);
#17210 = ADVANCED_FACE('',(#17211),#4327,.T.);
#17211 = FACE_BOUND('',#17212,.F.);
#17212 = EDGE_LOOP('',(#17213,#17214,#17233,#17234));
#17213 = ORIENTED_EDGE('',*,*,#4310,.F.);
#17214 = ORIENTED_EDGE('',*,*,#17215,.F.);
#17215 = EDGE_CURVE('',#10363,#4283,#17216,.T.);
#17216 = SURFACE_CURVE('',#17217,(#17221,#17227),.PCURVE_S1.);
#17217 = LINE('',#17218,#17219);
#17218 = CARTESIAN_POINT('',(-13.49196330082,-12.8033951079,0.));
#17219 = VECTOR('',#17220,1.);
#17220 = DIRECTION('',(-0.,-0.,-1.));
#17221 = PCURVE('',#4327,#17222);
#17222 = DEFINITIONAL_REPRESENTATION('',(#17223),#17226);
#17223 = B_SPLINE_CURVE_WITH_KNOTS('',1,(#17224,#17225),.UNSPECIFIED.,
  .F.,.F.,(2,2),(-7.0000006,6.E-07),.PIECEWISE_BEZIER_KNOTS.);
#17224 = CARTESIAN_POINT('',(-3.900810878207,-7.0000006));
#17225 = CARTESIAN_POINT('',(-3.900810878207,6.E-07));
#17226 = ( GEOMETRIC_REPRESENTATION_CONTEXT(2) 
PARAMETRIC_REPRESENTATION_CONTEXT() REPRESENTATION_CONTEXT('2D SPACE',''
  ) );
#17227 = PCURVE('',#4298,#17228);
#17228 = DEFINITIONAL_REPRESENTATION('',(#17229),#17232);
#17229 = B_SPLINE_CURVE_WITH_KNOTS('',1,(#17230,#17231),.UNSPECIFIED.,
  .F.,.F.,(2,2),(-7.0000006,6.E-07),.PIECEWISE_BEZIER_KNOTS.);
#17230 = CARTESIAN_POINT('',(1.86,-7.0000006));
#17231 = CARTESIAN_POINT('',(1.86,6.E-07));
#17232 = ( GEOMETRIC_REPRESENTATION_CONTEXT(2) 
PARAMETRIC_REPRESENTATION_CONTEXT() REPRESENTATION_CONTEXT('2D SPACE',''
  ) );
#17233 = ORIENTED_EDGE('',*,*,#10385,.T.);
#17234 = ORIENTED_EDGE('',*,*,#17165,.T.);
#17235 = ADVANCED_FACE('',(#17236),#2716,.T.);
#17236 = FACE_BOUND('',#17237,.T.);
#17237 = EDGE_LOOP('',(#17238,#17239,#17258,#17259));
#17238 = ORIENTED_EDGE('',*,*,#2700,.F.);
#17239 = ORIENTED_EDGE('',*,*,#17240,.F.);
#17240 = EDGE_CURVE('',#9061,#2701,#17241,.T.);
#17241 = SURFACE_CURVE('',#17242,(#17246,#17252),.PCURVE_S1.);
#17242 = LINE('',#17243,#17244);
#17243 = CARTESIAN_POINT('',(-14.14355096016,12.079733698941,0.));
#17244 = VECTOR('',#17245,1.);
#17245 = DIRECTION('',(-0.,-0.,-1.));
#17246 = PCURVE('',#2716,#17247);
#17247 = DEFINITIONAL_REPRESENTATION('',(#17248),#17251);
#17248 = B_SPLINE_CURVE_WITH_KNOTS('',1,(#17249,#17250),.UNSPECIFIED.,
  .F.,.F.,(2,2),(-7.0000006,6.E-07),.PIECEWISE_BEZIER_KNOTS.);
#17249 = CARTESIAN_POINT('',(1.86,-7.0000006));
#17250 = CARTESIAN_POINT('',(1.86,6.E-07));
#17251 = ( GEOMETRIC_REPRESENTATION_CONTEXT(2) 
PARAMETRIC_REPRESENTATION_CONTEXT() REPRESENTATION_CONTEXT('2D SPACE',''
  ) );
#17252 = PCURVE('',#2745,#17253);
#17253 = DEFINITIONAL_REPRESENTATION('',(#17254),#17257);
#17254 = B_SPLINE_CURVE_WITH_KNOTS('',1,(#17255,#17256),.UNSPECIFIED.,
  .F.,.F.,(2,2),(-7.0000006,6.E-07),.PIECEWISE_BEZIER_KNOTS.);
#17255 = CARTESIAN_POINT('',(-2.434734306532,-7.0000006));
#17256 = CARTESIAN_POINT('',(-2.434734306532,6.E-07));
#17257 = ( GEOMETRIC_REPRESENTATION_CONTEXT(2) 
PARAMETRIC_REPRESENTATION_CONTEXT() REPRESENTATION_CONTEXT('2D SPACE',''
  ) );
#17258 = ORIENTED_EDGE('',*,*,#9060,.T.);
#17259 = ORIENTED_EDGE('',*,*,#17187,.F.);
#17260 = ADVANCED_FACE('',(#17261),#4298,.T.);
#17261 = FACE_BOUND('',#17262,.T.);
#17262 = EDGE_LOOP('',(#17263,#17264,#17265,#17266));
#17263 = ORIENTED_EDGE('',*,*,#4282,.F.);
#17264 = ORIENTED_EDGE('',*,*,#17215,.F.);
#17265 = ORIENTED_EDGE('',*,*,#10362,.T.);
#17266 = ORIENTED_EDGE('',*,*,#17267,.F.);
#17267 = EDGE_CURVE('',#4255,#10340,#17268,.T.);
#17268 = SURFACE_CURVE('',#17269,(#17273,#17280),.PCURVE_S1.);
#17269 = LINE('',#17270,#17271);
#17270 = CARTESIAN_POINT('',(-11.88707250496,-11.28041060918,0.));
#17271 = VECTOR('',#17272,1.);
#17272 = DIRECTION('',(0.,0.,1.));
#17273 = PCURVE('',#4298,#17274);
#17274 = DEFINITIONAL_REPRESENTATION('',(#17275),#17279);
#17275 = LINE('',#17276,#17277);
#17276 = CARTESIAN_POINT('',(4.0725,0.));
#17277 = VECTOR('',#17278,1.);
#17278 = DIRECTION('',(0.,-1.));
#17279 = ( GEOMETRIC_REPRESENTATION_CONTEXT(2) 
PARAMETRIC_REPRESENTATION_CONTEXT() REPRESENTATION_CONTEXT('2D SPACE',''
  ) );
#17280 = PCURVE('',#4270,#17281);
#17281 = DEFINITIONAL_REPRESENTATION('',(#17282),#17286);
#17282 = LINE('',#17283,#17284);
#17283 = CARTESIAN_POINT('',(0.,0.));
#17284 = VECTOR('',#17285,1.);
#17285 = DIRECTION('',(0.,-1.));
#17286 = ( GEOMETRIC_REPRESENTATION_CONTEXT(2) 
PARAMETRIC_REPRESENTATION_CONTEXT() REPRESENTATION_CONTEXT('2D SPACE',''
  ) );
#17287 = ADVANCED_FACE('',(#17288),#2745,.T.);
#17288 = FACE_BOUND('',#17289,.F.);
#17289 = EDGE_LOOP('',(#17290,#17291,#17292,#17293));
#17290 = ORIENTED_EDGE('',*,*,#2728,.F.);
#17291 = ORIENTED_EDGE('',*,*,#17240,.F.);
#17292 = ORIENTED_EDGE('',*,*,#9083,.T.);
#17293 = ORIENTED_EDGE('',*,*,#17294,.T.);
#17294 = EDGE_CURVE('',#9084,#2729,#17295,.T.);
#17295 = SURFACE_CURVE('',#17296,(#17300,#17306),.PCURVE_S1.);
#17296 = LINE('',#17297,#17298);
#17297 = CARTESIAN_POINT('',(-14.75637212941,11.322962579562,0.));
#17298 = VECTOR('',#17299,1.);
#17299 = DIRECTION('',(-0.,-0.,-1.));
#17300 = PCURVE('',#2745,#17301);
#17301 = DEFINITIONAL_REPRESENTATION('',(#17302),#17305);
#17302 = B_SPLINE_CURVE_WITH_KNOTS('',1,(#17303,#17304),.UNSPECIFIED.,
  .F.,.F.,(2,2),(-7.0000006,6.E-07),.PIECEWISE_BEZIER_KNOTS.);
#17303 = CARTESIAN_POINT('',(-2.487094184092,-7.0000006));
#17304 = CARTESIAN_POINT('',(-2.487094184092,6.E-07));
#17305 = ( GEOMETRIC_REPRESENTATION_CONTEXT(2) 
PARAMETRIC_REPRESENTATION_CONTEXT() REPRESENTATION_CONTEXT('2D SPACE',''
  ) );
#17306 = PCURVE('',#2773,#17307);
#17307 = DEFINITIONAL_REPRESENTATION('',(#17308),#17311);
#17308 = B_SPLINE_CURVE_WITH_KNOTS('',1,(#17309,#17310),.UNSPECIFIED.,
  .F.,.F.,(2,2),(-7.0000006,6.E-07),.PIECEWISE_BEZIER_KNOTS.);
#17309 = CARTESIAN_POINT('',(2.2125,-7.0000006));
#17310 = CARTESIAN_POINT('',(2.2125,6.E-07));
#17311 = ( GEOMETRIC_REPRESENTATION_CONTEXT(2) 
PARAMETRIC_REPRESENTATION_CONTEXT() REPRESENTATION_CONTEXT('2D SPACE',''
  ) );
#17312 = ADVANCED_FACE('',(#17313),#4270,.T.);
#17313 = FACE_BOUND('',#17314,.T.);
#17314 = EDGE_LOOP('',(#17315,#17316,#17317,#17338));
#17315 = ORIENTED_EDGE('',*,*,#17267,.T.);
#17316 = ORIENTED_EDGE('',*,*,#10339,.T.);
#17317 = ORIENTED_EDGE('',*,*,#17318,.F.);
#17318 = EDGE_CURVE('',#4227,#10317,#17319,.T.);
#17319 = SURFACE_CURVE('',#17320,(#17324,#17331),.PCURVE_S1.);
#17320 = LINE('',#17321,#17322);
#17321 = CARTESIAN_POINT('',(-12.46115276127,-10.64282989201,0.));
#17322 = VECTOR('',#17323,1.);
#17323 = DIRECTION('',(0.,0.,1.));
#17324 = PCURVE('',#4270,#17325);
#17325 = DEFINITIONAL_REPRESENTATION('',(#17326),#17330);
#17326 = LINE('',#17327,#17328);
#17327 = CARTESIAN_POINT('',(0.857949480791,0.));
#17328 = VECTOR('',#17329,1.);
#17329 = DIRECTION('',(0.,-1.));
#17330 = ( GEOMETRIC_REPRESENTATION_CONTEXT(2) 
PARAMETRIC_REPRESENTATION_CONTEXT() REPRESENTATION_CONTEXT('2D SPACE',''
  ) );
#17331 = PCURVE('',#4242,#17332);
#17332 = DEFINITIONAL_REPRESENTATION('',(#17333),#17337);
#17333 = LINE('',#17334,#17335);
#17334 = CARTESIAN_POINT('',(0.,0.));
#17335 = VECTOR('',#17336,1.);
#17336 = DIRECTION('',(0.,-1.));
#17337 = ( GEOMETRIC_REPRESENTATION_CONTEXT(2) 
PARAMETRIC_REPRESENTATION_CONTEXT() REPRESENTATION_CONTEXT('2D SPACE',''
  ) );
#17338 = ORIENTED_EDGE('',*,*,#4254,.F.);
#17339 = ADVANCED_FACE('',(#17340),#2773,.T.);
#17340 = FACE_BOUND('',#17341,.T.);
#17341 = EDGE_LOOP('',(#17342,#17343,#17364,#17365));
#17342 = ORIENTED_EDGE('',*,*,#2757,.F.);
#17343 = ORIENTED_EDGE('',*,*,#17344,.T.);
#17344 = EDGE_CURVE('',#2758,#9108,#17345,.T.);
#17345 = SURFACE_CURVE('',#17346,(#17350,#17357),.PCURVE_S1.);
#17346 = LINE('',#17347,#17348);
#17347 = CARTESIAN_POINT('',(-13.00107786402,9.97607791788,0.));
#17348 = VECTOR('',#17349,1.);
#17349 = DIRECTION('',(0.,0.,1.));
#17350 = PCURVE('',#2773,#17351);
#17351 = DEFINITIONAL_REPRESENTATION('',(#17352),#17356);
#17352 = LINE('',#17353,#17354);
#17353 = CARTESIAN_POINT('',(0.,0.));
#17354 = VECTOR('',#17355,1.);
#17355 = DIRECTION('',(0.,-1.));
#17356 = ( GEOMETRIC_REPRESENTATION_CONTEXT(2) 
PARAMETRIC_REPRESENTATION_CONTEXT() REPRESENTATION_CONTEXT('2D SPACE',''
  ) );
#17357 = PCURVE('',#2801,#17358);
#17358 = DEFINITIONAL_REPRESENTATION('',(#17359),#17363);
#17359 = LINE('',#17360,#17361);
#17360 = CARTESIAN_POINT('',(0.857949480791,0.));
#17361 = VECTOR('',#17362,1.);
#17362 = DIRECTION('',(0.,-1.));
#17363 = ( GEOMETRIC_REPRESENTATION_CONTEXT(2) 
PARAMETRIC_REPRESENTATION_CONTEXT() REPRESENTATION_CONTEXT('2D SPACE',''
  ) );
#17364 = ORIENTED_EDGE('',*,*,#9107,.T.);
#17365 = ORIENTED_EDGE('',*,*,#17294,.T.);
#17366 = ADVANCED_FACE('',(#17367),#4242,.T.);
#17367 = FACE_BOUND('',#17368,.T.);
#17368 = EDGE_LOOP('',(#17369,#17370,#17371,#17372));
#17369 = ORIENTED_EDGE('',*,*,#4226,.F.);
#17370 = ORIENTED_EDGE('',*,*,#17318,.T.);
#17371 = ORIENTED_EDGE('',*,*,#10316,.T.);
#17372 = ORIENTED_EDGE('',*,*,#17373,.T.);
#17373 = EDGE_CURVE('',#10293,#4198,#17374,.T.);
#17374 = SURFACE_CURVE('',#17375,(#17379,#17385),.PCURVE_S1.);
#17375 = LINE('',#17376,#17377);
#17376 = CARTESIAN_POINT('',(-14.14355096016,-12.07973369894,0.));
#17377 = VECTOR('',#17378,1.);
#17378 = DIRECTION('',(-0.,-0.,-1.));
#17379 = PCURVE('',#4242,#17380);
#17380 = DEFINITIONAL_REPRESENTATION('',(#17381),#17384);
#17381 = B_SPLINE_CURVE_WITH_KNOTS('',1,(#17382,#17383),.UNSPECIFIED.,
  .F.,.F.,(2,2),(-7.0000006,6.E-07),.PIECEWISE_BEZIER_KNOTS.);
#17382 = CARTESIAN_POINT('',(2.2125,-7.0000006));
#17383 = CARTESIAN_POINT('',(2.2125,6.E-07));
#17384 = ( GEOMETRIC_REPRESENTATION_CONTEXT(2) 
PARAMETRIC_REPRESENTATION_CONTEXT() REPRESENTATION_CONTEXT('2D SPACE',''
  ) );
#17385 = PCURVE('',#4214,#17386);
#17386 = DEFINITIONAL_REPRESENTATION('',(#17387),#17390);
#17387 = B_SPLINE_CURVE_WITH_KNOTS('',1,(#17388,#17389),.UNSPECIFIED.,
  .F.,.F.,(2,2),(-7.0000006,6.E-07),.PIECEWISE_BEZIER_KNOTS.);
#17388 = CARTESIAN_POINT('',(-3.848451000647,-7.0000006));
#17389 = CARTESIAN_POINT('',(-3.848451000647,6.E-07));
#17390 = ( GEOMETRIC_REPRESENTATION_CONTEXT(2) 
PARAMETRIC_REPRESENTATION_CONTEXT() REPRESENTATION_CONTEXT('2D SPACE',''
  ) );
#17391 = ADVANCED_FACE('',(#17392),#2801,.T.);
#17392 = FACE_BOUND('',#17393,.T.);
#17393 = EDGE_LOOP('',(#17394,#17415,#17416,#17417));
#17394 = ORIENTED_EDGE('',*,*,#17395,.T.);
#17395 = EDGE_CURVE('',#2786,#9131,#17396,.T.);
#17396 = SURFACE_CURVE('',#17397,(#17401,#17408),.PCURVE_S1.);
#17397 = LINE('',#17398,#17399);
#17398 = CARTESIAN_POINT('',(-13.50536791604,9.281982207606,0.));
#17399 = VECTOR('',#17400,1.);
#17400 = DIRECTION('',(0.,0.,1.));
#17401 = PCURVE('',#2801,#17402);
#17402 = DEFINITIONAL_REPRESENTATION('',(#17403),#17407);
#17403 = LINE('',#17404,#17405);
#17404 = CARTESIAN_POINT('',(0.,0.));
#17405 = VECTOR('',#17406,1.);
#17406 = DIRECTION('',(0.,-1.));
#17407 = ( GEOMETRIC_REPRESENTATION_CONTEXT(2) 
PARAMETRIC_REPRESENTATION_CONTEXT() REPRESENTATION_CONTEXT('2D SPACE',''
  ) );
#17408 = PCURVE('',#2829,#17409);
#17409 = DEFINITIONAL_REPRESENTATION('',(#17410),#17414);
#17410 = LINE('',#17411,#17412);
#17411 = CARTESIAN_POINT('',(4.0725,0.));
#17412 = VECTOR('',#17413,1.);
#17413 = DIRECTION('',(0.,-1.));
#17414 = ( GEOMETRIC_REPRESENTATION_CONTEXT(2) 
PARAMETRIC_REPRESENTATION_CONTEXT() REPRESENTATION_CONTEXT('2D SPACE',''
  ) );
#17415 = ORIENTED_EDGE('',*,*,#9130,.T.);
#17416 = ORIENTED_EDGE('',*,*,#17344,.F.);
#17417 = ORIENTED_EDGE('',*,*,#2785,.F.);
#17418 = ADVANCED_FACE('',(#17419),#4214,.T.);
#17419 = FACE_BOUND('',#17420,.F.);
#17420 = EDGE_LOOP('',(#17421,#17422,#17441,#17442));
#17421 = ORIENTED_EDGE('',*,*,#4197,.F.);
#17422 = ORIENTED_EDGE('',*,*,#17423,.F.);
#17423 = EDGE_CURVE('',#10270,#4170,#17424,.T.);
#17424 = SURFACE_CURVE('',#17425,(#17429,#17435),.PCURVE_S1.);
#17425 = LINE('',#17426,#17427);
#17426 = CARTESIAN_POINT('',(-14.75637212941,-11.32296257956,0.));
#17427 = VECTOR('',#17428,1.);
#17428 = DIRECTION('',(-0.,-0.,-1.));
#17429 = PCURVE('',#4214,#17430);
#17430 = DEFINITIONAL_REPRESENTATION('',(#17431),#17434);
#17431 = B_SPLINE_CURVE_WITH_KNOTS('',1,(#17432,#17433),.UNSPECIFIED.,
  .F.,.F.,(2,2),(-7.0000006,6.E-07),.PIECEWISE_BEZIER_KNOTS.);
#17432 = CARTESIAN_POINT('',(-3.796091123088,-7.0000006));
#17433 = CARTESIAN_POINT('',(-3.796091123088,6.E-07));
#17434 = ( GEOMETRIC_REPRESENTATION_CONTEXT(2) 
PARAMETRIC_REPRESENTATION_CONTEXT() REPRESENTATION_CONTEXT('2D SPACE',''
  ) );
#17435 = PCURVE('',#4185,#17436);
#17436 = DEFINITIONAL_REPRESENTATION('',(#17437),#17440);
#17437 = B_SPLINE_CURVE_WITH_KNOTS('',1,(#17438,#17439),.UNSPECIFIED.,
  .F.,.F.,(2,2),(-7.0000006,6.E-07),.PIECEWISE_BEZIER_KNOTS.);
#17438 = CARTESIAN_POINT('',(1.86,-7.0000006));
#17439 = CARTESIAN_POINT('',(1.86,6.E-07));
#17440 = ( GEOMETRIC_REPRESENTATION_CONTEXT(2) 
PARAMETRIC_REPRESENTATION_CONTEXT() REPRESENTATION_CONTEXT('2D SPACE',''
  ) );
#17441 = ORIENTED_EDGE('',*,*,#10292,.T.);
#17442 = ORIENTED_EDGE('',*,*,#17373,.T.);
#17443 = ADVANCED_FACE('',(#17444),#2829,.T.);
#17444 = FACE_BOUND('',#17445,.T.);
#17445 = EDGE_LOOP('',(#17446,#17447,#17466,#17467));
#17446 = ORIENTED_EDGE('',*,*,#2813,.F.);
#17447 = ORIENTED_EDGE('',*,*,#17448,.F.);
#17448 = EDGE_CURVE('',#9154,#2814,#17449,.T.);
#17449 = SURFACE_CURVE('',#17450,(#17454,#17460),.PCURVE_S1.);
#17450 = LINE('',#17451,#17452);
#17451 = CARTESIAN_POINT('',(-15.32874710836,10.535156006802,0.));
#17452 = VECTOR('',#17453,1.);
#17453 = DIRECTION('',(-0.,-0.,-1.));
#17454 = PCURVE('',#2829,#17455);
#17455 = DEFINITIONAL_REPRESENTATION('',(#17456),#17459);
#17456 = B_SPLINE_CURVE_WITH_KNOTS('',1,(#17457,#17458),.UNSPECIFIED.,
  .F.,.F.,(2,2),(-7.0000006,6.E-07),.PIECEWISE_BEZIER_KNOTS.);
#17457 = CARTESIAN_POINT('',(1.86,-7.0000006));
#17458 = CARTESIAN_POINT('',(1.86,6.E-07));
#17459 = ( GEOMETRIC_REPRESENTATION_CONTEXT(2) 
PARAMETRIC_REPRESENTATION_CONTEXT() REPRESENTATION_CONTEXT('2D SPACE',''
  ) );
#17460 = PCURVE('',#2858,#17461);
#17461 = DEFINITIONAL_REPRESENTATION('',(#17462),#17465);
#17462 = B_SPLINE_CURVE_WITH_KNOTS('',1,(#17463,#17464),.UNSPECIFIED.,
  .F.,.F.,(2,2),(-7.0000006,6.E-07),.PIECEWISE_BEZIER_KNOTS.);
#17463 = CARTESIAN_POINT('',(-2.539454061652,-7.0000006));
#17464 = CARTESIAN_POINT('',(-2.539454061652,6.E-07));
#17465 = ( GEOMETRIC_REPRESENTATION_CONTEXT(2) 
PARAMETRIC_REPRESENTATION_CONTEXT() REPRESENTATION_CONTEXT('2D SPACE',''
  ) );
#17466 = ORIENTED_EDGE('',*,*,#9153,.T.);
#17467 = ORIENTED_EDGE('',*,*,#17395,.F.);
#17468 = ADVANCED_FACE('',(#17469),#4185,.T.);
#17469 = FACE_BOUND('',#17470,.T.);
#17470 = EDGE_LOOP('',(#17471,#17472,#17473,#17474));
#17471 = ORIENTED_EDGE('',*,*,#4169,.F.);
#17472 = ORIENTED_EDGE('',*,*,#17423,.F.);
#17473 = ORIENTED_EDGE('',*,*,#10269,.T.);
#17474 = ORIENTED_EDGE('',*,*,#17475,.F.);
#17475 = EDGE_CURVE('',#4142,#10247,#17476,.T.);
#17476 = SURFACE_CURVE('',#17477,(#17481,#17488),.PCURVE_S1.);
#17477 = LINE('',#17478,#17479);
#17478 = CARTESIAN_POINT('',(-13.00107786402,-9.97607791788,0.));
#17479 = VECTOR('',#17480,1.);
#17480 = DIRECTION('',(0.,0.,1.));
#17481 = PCURVE('',#4185,#17482);
#17482 = DEFINITIONAL_REPRESENTATION('',(#17483),#17487);
#17483 = LINE('',#17484,#17485);
#17484 = CARTESIAN_POINT('',(4.0725,0.));
#17485 = VECTOR('',#17486,1.);
#17486 = DIRECTION('',(0.,-1.));
#17487 = ( GEOMETRIC_REPRESENTATION_CONTEXT(2) 
PARAMETRIC_REPRESENTATION_CONTEXT() REPRESENTATION_CONTEXT('2D SPACE',''
  ) );
#17488 = PCURVE('',#4157,#17489);
#17489 = DEFINITIONAL_REPRESENTATION('',(#17490),#17494);
#17490 = LINE('',#17491,#17492);
#17491 = CARTESIAN_POINT('',(0.,0.));
#17492 = VECTOR('',#17493,1.);
#17493 = DIRECTION('',(0.,-1.));
#17494 = ( GEOMETRIC_REPRESENTATION_CONTEXT(2) 
PARAMETRIC_REPRESENTATION_CONTEXT() REPRESENTATION_CONTEXT('2D SPACE',''
  ) );
#17495 = ADVANCED_FACE('',(#17496),#2858,.T.);
#17496 = FACE_BOUND('',#17497,.F.);
#17497 = EDGE_LOOP('',(#17498,#17499,#17500,#17501));
#17498 = ORIENTED_EDGE('',*,*,#2841,.F.);
#17499 = ORIENTED_EDGE('',*,*,#17448,.F.);
#17500 = ORIENTED_EDGE('',*,*,#9176,.T.);
#17501 = ORIENTED_EDGE('',*,*,#17502,.T.);
#17502 = EDGE_CURVE('',#9177,#2842,#17503,.T.);
#17503 = SURFACE_CURVE('',#17504,(#17508,#17514),.PCURVE_S1.);
#17504 = LINE('',#17505,#17506);
#17505 = CARTESIAN_POINT('',(-15.85910705698,9.718473303717,0.));
#17506 = VECTOR('',#17507,1.);
#17507 = DIRECTION('',(-0.,-0.,-1.));
#17508 = PCURVE('',#2858,#17509);
#17509 = DEFINITIONAL_REPRESENTATION('',(#17510),#17513);
#17510 = B_SPLINE_CURVE_WITH_KNOTS('',1,(#17511,#17512),.UNSPECIFIED.,
  .F.,.F.,(2,2),(-7.0000006,6.E-07),.PIECEWISE_BEZIER_KNOTS.);
#17511 = CARTESIAN_POINT('',(-2.591813939212,-7.0000006));
#17512 = CARTESIAN_POINT('',(-2.591813939212,6.E-07));
#17513 = ( GEOMETRIC_REPRESENTATION_CONTEXT(2) 
PARAMETRIC_REPRESENTATION_CONTEXT() REPRESENTATION_CONTEXT('2D SPACE',''
  ) );
#17514 = PCURVE('',#2886,#17515);
#17515 = DEFINITIONAL_REPRESENTATION('',(#17516),#17519);
#17516 = B_SPLINE_CURVE_WITH_KNOTS('',1,(#17517,#17518),.UNSPECIFIED.,
  .F.,.F.,(2,2),(-7.0000006,6.E-07),.PIECEWISE_BEZIER_KNOTS.);
#17517 = CARTESIAN_POINT('',(2.2125,-7.0000006));
#17518 = CARTESIAN_POINT('',(2.2125,6.E-07));
#17519 = ( GEOMETRIC_REPRESENTATION_CONTEXT(2) 
PARAMETRIC_REPRESENTATION_CONTEXT() REPRESENTATION_CONTEXT('2D SPACE',''
  ) );
#17520 = ADVANCED_FACE('',(#17521),#4157,.T.);
#17521 = FACE_BOUND('',#17522,.T.);
#17522 = EDGE_LOOP('',(#17523,#17524,#17525,#17546));
#17523 = ORIENTED_EDGE('',*,*,#17475,.T.);
#17524 = ORIENTED_EDGE('',*,*,#10246,.T.);
#17525 = ORIENTED_EDGE('',*,*,#17526,.F.);
#17526 = EDGE_CURVE('',#4114,#10224,#17527,.T.);
#17527 = SURFACE_CURVE('',#17528,(#17532,#17539),.PCURVE_S1.);
#17528 = LINE('',#17529,#17530);
#17529 = CARTESIAN_POINT('',(-13.50536791604,-9.281982207606,0.));
#17530 = VECTOR('',#17531,1.);
#17531 = DIRECTION('',(0.,0.,1.));
#17532 = PCURVE('',#4157,#17533);
#17533 = DEFINITIONAL_REPRESENTATION('',(#17534),#17538);
#17534 = LINE('',#17535,#17536);
#17535 = CARTESIAN_POINT('',(0.857949480791,0.));
#17536 = VECTOR('',#17537,1.);
#17537 = DIRECTION('',(0.,-1.));
#17538 = ( GEOMETRIC_REPRESENTATION_CONTEXT(2) 
PARAMETRIC_REPRESENTATION_CONTEXT() REPRESENTATION_CONTEXT('2D SPACE',''
  ) );
#17539 = PCURVE('',#4129,#17540);
#17540 = DEFINITIONAL_REPRESENTATION('',(#17541),#17545);
#17541 = LINE('',#17542,#17543);
#17542 = CARTESIAN_POINT('',(0.,0.));
#17543 = VECTOR('',#17544,1.);
#17544 = DIRECTION('',(0.,-1.));
#17545 = ( GEOMETRIC_REPRESENTATION_CONTEXT(2) 
PARAMETRIC_REPRESENTATION_CONTEXT() REPRESENTATION_CONTEXT('2D SPACE',''
  ) );
#17546 = ORIENTED_EDGE('',*,*,#4141,.F.);
#17547 = ADVANCED_FACE('',(#17548),#2886,.T.);
#17548 = FACE_BOUND('',#17549,.T.);
#17549 = EDGE_LOOP('',(#17550,#17551,#17572,#17573));
#17550 = ORIENTED_EDGE('',*,*,#2870,.F.);
#17551 = ORIENTED_EDGE('',*,*,#17552,.T.);
#17552 = EDGE_CURVE('',#2871,#9201,#17553,.T.);
#17553 = SURFACE_CURVE('',#17554,(#17558,#17565),.PCURVE_S1.);
#17554 = LINE('',#17555,#17556);
#17555 = CARTESIAN_POINT('',(-13.97264069335,8.562445229283,0.));
#17556 = VECTOR('',#17557,1.);
#17557 = DIRECTION('',(0.,0.,1.));
#17558 = PCURVE('',#2886,#17559);
#17559 = DEFINITIONAL_REPRESENTATION('',(#17560),#17564);
#17560 = LINE('',#17561,#17562);
#17561 = CARTESIAN_POINT('',(0.,0.));
#17562 = VECTOR('',#17563,1.);
#17563 = DIRECTION('',(0.,-1.));
#17564 = ( GEOMETRIC_REPRESENTATION_CONTEXT(2) 
PARAMETRIC_REPRESENTATION_CONTEXT() REPRESENTATION_CONTEXT('2D SPACE',''
  ) );
#17565 = PCURVE('',#2914,#17566);
#17566 = DEFINITIONAL_REPRESENTATION('',(#17567),#17571);
#17567 = LINE('',#17568,#17569);
#17568 = CARTESIAN_POINT('',(0.857949480791,0.));
#17569 = VECTOR('',#17570,1.);
#17570 = DIRECTION('',(0.,-1.));
#17571 = ( GEOMETRIC_REPRESENTATION_CONTEXT(2) 
PARAMETRIC_REPRESENTATION_CONTEXT() REPRESENTATION_CONTEXT('2D SPACE',''
  ) );
#17572 = ORIENTED_EDGE('',*,*,#9200,.T.);
#17573 = ORIENTED_EDGE('',*,*,#17502,.T.);
#17574 = ADVANCED_FACE('',(#17575),#4129,.T.);
#17575 = FACE_BOUND('',#17576,.T.);
#17576 = EDGE_LOOP('',(#17577,#17578,#17579,#17580));
#17577 = ORIENTED_EDGE('',*,*,#4113,.F.);
#17578 = ORIENTED_EDGE('',*,*,#17526,.T.);
#17579 = ORIENTED_EDGE('',*,*,#10223,.T.);
#17580 = ORIENTED_EDGE('',*,*,#17581,.T.);
#17581 = EDGE_CURVE('',#10200,#4085,#17582,.T.);
#17582 = SURFACE_CURVE('',#17583,(#17587,#17593),.PCURVE_S1.);
#17583 = LINE('',#17584,#17585);
#17584 = CARTESIAN_POINT('',(-15.32874710836,-10.5351560068,0.));
#17585 = VECTOR('',#17586,1.);
#17586 = DIRECTION('',(-0.,-0.,-1.));
#17587 = PCURVE('',#4129,#17588);
#17588 = DEFINITIONAL_REPRESENTATION('',(#17589),#17592);
#17589 = B_SPLINE_CURVE_WITH_KNOTS('',1,(#17590,#17591),.UNSPECIFIED.,
  .F.,.F.,(2,2),(-7.0000006,6.E-07),.PIECEWISE_BEZIER_KNOTS.);
#17590 = CARTESIAN_POINT('',(2.2125,-7.0000006));
#17591 = CARTESIAN_POINT('',(2.2125,6.E-07));
#17592 = ( GEOMETRIC_REPRESENTATION_CONTEXT(2) 
PARAMETRIC_REPRESENTATION_CONTEXT() REPRESENTATION_CONTEXT('2D SPACE',''
  ) );
#17593 = PCURVE('',#4101,#17594);
#17594 = DEFINITIONAL_REPRESENTATION('',(#17595),#17598);
#17595 = B_SPLINE_CURVE_WITH_KNOTS('',1,(#17596,#17597),.UNSPECIFIED.,
  .F.,.F.,(2,2),(-7.0000006,6.E-07),.PIECEWISE_BEZIER_KNOTS.);
#17596 = CARTESIAN_POINT('',(-3.743731245528,-7.0000006));
#17597 = CARTESIAN_POINT('',(-3.743731245528,6.E-07));
#17598 = ( GEOMETRIC_REPRESENTATION_CONTEXT(2) 
PARAMETRIC_REPRESENTATION_CONTEXT() REPRESENTATION_CONTEXT('2D SPACE',''
  ) );
#17599 = ADVANCED_FACE('',(#17600),#2914,.T.);
#17600 = FACE_BOUND('',#17601,.T.);
#17601 = EDGE_LOOP('',(#17602,#17623,#17624,#17625));
#17602 = ORIENTED_EDGE('',*,*,#17603,.T.);
#17603 = EDGE_CURVE('',#2899,#9224,#17604,.T.);
#17604 = SURFACE_CURVE('',#17605,(#17609,#17616),.PCURVE_S1.);
#17605 = LINE('',#17606,#17607);
#17606 = CARTESIAN_POINT('',(-14.40161543374,7.819439183754,0.));
#17607 = VECTOR('',#17608,1.);
#17608 = DIRECTION('',(0.,0.,1.));
#17609 = PCURVE('',#2914,#17610);
#17610 = DEFINITIONAL_REPRESENTATION('',(#17611),#17615);
#17611 = LINE('',#17612,#17613);
#17612 = CARTESIAN_POINT('',(0.,0.));
#17613 = VECTOR('',#17614,1.);
#17614 = DIRECTION('',(0.,-1.));
#17615 = ( GEOMETRIC_REPRESENTATION_CONTEXT(2) 
PARAMETRIC_REPRESENTATION_CONTEXT() REPRESENTATION_CONTEXT('2D SPACE',''
  ) );
#17616 = PCURVE('',#2942,#17617);
#17617 = DEFINITIONAL_REPRESENTATION('',(#17618),#17622);
#17618 = LINE('',#17619,#17620);
#17619 = CARTESIAN_POINT('',(4.0725,0.));
#17620 = VECTOR('',#17621,1.);
#17621 = DIRECTION('',(0.,-1.));
#17622 = ( GEOMETRIC_REPRESENTATION_CONTEXT(2) 
PARAMETRIC_REPRESENTATION_CONTEXT() REPRESENTATION_CONTEXT('2D SPACE',''
  ) );
#17623 = ORIENTED_EDGE('',*,*,#9223,.T.);
#17624 = ORIENTED_EDGE('',*,*,#17552,.F.);
#17625 = ORIENTED_EDGE('',*,*,#2898,.F.);
#17626 = ADVANCED_FACE('',(#17627),#4101,.T.);
#17627 = FACE_BOUND('',#17628,.F.);
#17628 = EDGE_LOOP('',(#17629,#17630,#17649,#17650));
#17629 = ORIENTED_EDGE('',*,*,#4084,.F.);
#17630 = ORIENTED_EDGE('',*,*,#17631,.F.);
#17631 = EDGE_CURVE('',#10177,#4057,#17632,.T.);
#17632 = SURFACE_CURVE('',#17633,(#17637,#17643),.PCURVE_S1.);
#17633 = LINE('',#17634,#17635);
#17634 = CARTESIAN_POINT('',(-15.85910705698,-9.718473303717,0.));
#17635 = VECTOR('',#17636,1.);
#17636 = DIRECTION('',(-0.,-0.,-1.));
#17637 = PCURVE('',#4101,#17638);
#17638 = DEFINITIONAL_REPRESENTATION('',(#17639),#17642);
#17639 = B_SPLINE_CURVE_WITH_KNOTS('',1,(#17640,#17641),.UNSPECIFIED.,
  .F.,.F.,(2,2),(-7.0000006,6.E-07),.PIECEWISE_BEZIER_KNOTS.);
#17640 = CARTESIAN_POINT('',(-3.691371367968,-7.0000006));
#17641 = CARTESIAN_POINT('',(-3.691371367968,6.E-07));
#17642 = ( GEOMETRIC_REPRESENTATION_CONTEXT(2) 
PARAMETRIC_REPRESENTATION_CONTEXT() REPRESENTATION_CONTEXT('2D SPACE',''
  ) );
#17643 = PCURVE('',#4072,#17644);
#17644 = DEFINITIONAL_REPRESENTATION('',(#17645),#17648);
#17645 = B_SPLINE_CURVE_WITH_KNOTS('',1,(#17646,#17647),.UNSPECIFIED.,
  .F.,.F.,(2,2),(-7.0000006,6.E-07),.PIECEWISE_BEZIER_KNOTS.);
#17646 = CARTESIAN_POINT('',(1.86,-7.0000006));
#17647 = CARTESIAN_POINT('',(1.86,6.E-07));
#17648 = ( GEOMETRIC_REPRESENTATION_CONTEXT(2) 
PARAMETRIC_REPRESENTATION_CONTEXT() REPRESENTATION_CONTEXT('2D SPACE',''
  ) );
#17649 = ORIENTED_EDGE('',*,*,#10199,.T.);
#17650 = ORIENTED_EDGE('',*,*,#17581,.T.);
#17651 = ADVANCED_FACE('',(#17652),#2942,.T.);
#17652 = FACE_BOUND('',#17653,.T.);
#17653 = EDGE_LOOP('',(#17654,#17655,#17674,#17675));
#17654 = ORIENTED_EDGE('',*,*,#2926,.F.);
#17655 = ORIENTED_EDGE('',*,*,#17656,.F.);
#17656 = EDGE_CURVE('',#9247,#2927,#17657,.T.);
#17657 = SURFACE_CURVE('',#17658,(#17662,#17668),.PCURVE_S1.);
#17658 = LINE('',#17659,#17660);
#17659 = CARTESIAN_POINT('',(-16.34599829551,8.875152940829,0.));
#17660 = VECTOR('',#17661,1.);
#17661 = DIRECTION('',(-0.,-0.,-1.));
#17662 = PCURVE('',#2942,#17663);
#17663 = DEFINITIONAL_REPRESENTATION('',(#17664),#17667);
#17664 = B_SPLINE_CURVE_WITH_KNOTS('',1,(#17665,#17666),.UNSPECIFIED.,
  .F.,.F.,(2,2),(-7.0000006,6.E-07),.PIECEWISE_BEZIER_KNOTS.);
#17665 = CARTESIAN_POINT('',(1.86,-7.0000006));
#17666 = CARTESIAN_POINT('',(1.86,6.E-07));
#17667 = ( GEOMETRIC_REPRESENTATION_CONTEXT(2) 
PARAMETRIC_REPRESENTATION_CONTEXT() REPRESENTATION_CONTEXT('2D SPACE',''
  ) );
#17668 = PCURVE('',#2971,#17669);
#17669 = DEFINITIONAL_REPRESENTATION('',(#17670),#17673);
#17670 = B_SPLINE_CURVE_WITH_KNOTS('',1,(#17671,#17672),.UNSPECIFIED.,
  .F.,.F.,(2,2),(-7.0000006,6.E-07),.PIECEWISE_BEZIER_KNOTS.);
#17671 = CARTESIAN_POINT('',(-2.644173816771,-7.0000006));
#17672 = CARTESIAN_POINT('',(-2.644173816771,6.E-07));
#17673 = ( GEOMETRIC_REPRESENTATION_CONTEXT(2) 
PARAMETRIC_REPRESENTATION_CONTEXT() REPRESENTATION_CONTEXT('2D SPACE',''
  ) );
#17674 = ORIENTED_EDGE('',*,*,#9246,.T.);
#17675 = ORIENTED_EDGE('',*,*,#17603,.F.);
#17676 = ADVANCED_FACE('',(#17677),#4072,.T.);
#17677 = FACE_BOUND('',#17678,.T.);
#17678 = EDGE_LOOP('',(#17679,#17680,#17681,#17682));
#17679 = ORIENTED_EDGE('',*,*,#4056,.F.);
#17680 = ORIENTED_EDGE('',*,*,#17631,.F.);
#17681 = ORIENTED_EDGE('',*,*,#10176,.T.);
#17682 = ORIENTED_EDGE('',*,*,#17683,.F.);
#17683 = EDGE_CURVE('',#4029,#10154,#17684,.T.);
#17684 = SURFACE_CURVE('',#17685,(#17689,#17696),.PCURVE_S1.);
#17685 = LINE('',#17686,#17687);
#17686 = CARTESIAN_POINT('',(-13.97264069335,-8.562445229283,0.));
#17687 = VECTOR('',#17688,1.);
#17688 = DIRECTION('',(0.,0.,1.));
#17689 = PCURVE('',#4072,#17690);
#17690 = DEFINITIONAL_REPRESENTATION('',(#17691),#17695);
#17691 = LINE('',#17692,#17693);
#17692 = CARTESIAN_POINT('',(4.0725,0.));
#17693 = VECTOR('',#17694,1.);
#17694 = DIRECTION('',(0.,-1.));
#17695 = ( GEOMETRIC_REPRESENTATION_CONTEXT(2) 
PARAMETRIC_REPRESENTATION_CONTEXT() REPRESENTATION_CONTEXT('2D SPACE',''
  ) );
#17696 = PCURVE('',#4044,#17697);
#17697 = DEFINITIONAL_REPRESENTATION('',(#17698),#17702);
#17698 = LINE('',#17699,#17700);
#17699 = CARTESIAN_POINT('',(0.,0.));
#17700 = VECTOR('',#17701,1.);
#17701 = DIRECTION('',(0.,-1.));
#17702 = ( GEOMETRIC_REPRESENTATION_CONTEXT(2) 
PARAMETRIC_REPRESENTATION_CONTEXT() REPRESENTATION_CONTEXT('2D SPACE',''
  ) );
#17703 = ADVANCED_FACE('',(#17704),#2971,.T.);
#17704 = FACE_BOUND('',#17705,.F.);
#17705 = EDGE_LOOP('',(#17706,#17707,#17708,#17709));
#17706 = ORIENTED_EDGE('',*,*,#2954,.F.);
#17707 = ORIENTED_EDGE('',*,*,#17656,.F.);
#17708 = ORIENTED_EDGE('',*,*,#9269,.T.);
#17709 = ORIENTED_EDGE('',*,*,#17710,.T.);
#17710 = EDGE_CURVE('',#9270,#2955,#17711,.T.);
#17711 = SURFACE_CURVE('',#17712,(#17716,#17722),.PCURVE_S1.);
#17712 = LINE('',#17713,#17714);
#17713 = CARTESIAN_POINT('',(-16.7880862889,8.007506400634,0.));
#17714 = VECTOR('',#17715,1.);
#17715 = DIRECTION('',(-0.,-0.,-1.));
#17716 = PCURVE('',#2971,#17717);
#17717 = DEFINITIONAL_REPRESENTATION('',(#17718),#17721);
#17718 = B_SPLINE_CURVE_WITH_KNOTS('',1,(#17719,#17720),.UNSPECIFIED.,
  .F.,.F.,(2,2),(-7.0000006,6.E-07),.PIECEWISE_BEZIER_KNOTS.);
#17719 = CARTESIAN_POINT('',(-2.696533694331,-7.0000006));
#17720 = CARTESIAN_POINT('',(-2.696533694331,6.E-07));
#17721 = ( GEOMETRIC_REPRESENTATION_CONTEXT(2) 
PARAMETRIC_REPRESENTATION_CONTEXT() REPRESENTATION_CONTEXT('2D SPACE',''
  ) );
#17722 = PCURVE('',#2999,#17723);
#17723 = DEFINITIONAL_REPRESENTATION('',(#17724),#17727);
#17724 = B_SPLINE_CURVE_WITH_KNOTS('',1,(#17725,#17726),.UNSPECIFIED.,
  .F.,.F.,(2,2),(-7.0000006,6.E-07),.PIECEWISE_BEZIER_KNOTS.);
#17725 = CARTESIAN_POINT('',(2.2125,-7.0000006));
#17726 = CARTESIAN_POINT('',(2.2125,6.E-07));
#17727 = ( GEOMETRIC_REPRESENTATION_CONTEXT(2) 
PARAMETRIC_REPRESENTATION_CONTEXT() REPRESENTATION_CONTEXT('2D SPACE',''
  ) );
#17728 = ADVANCED_FACE('',(#17729),#4044,.T.);
#17729 = FACE_BOUND('',#17730,.T.);
#17730 = EDGE_LOOP('',(#17731,#17732,#17733,#17754));
#17731 = ORIENTED_EDGE('',*,*,#17683,.T.);
#17732 = ORIENTED_EDGE('',*,*,#10153,.T.);
#17733 = ORIENTED_EDGE('',*,*,#17734,.F.);
#17734 = EDGE_CURVE('',#4001,#10131,#17735,.T.);
#17735 = SURFACE_CURVE('',#17736,(#17740,#17747),.PCURVE_S1.);
#17736 = LINE('',#17737,#17738);
#17737 = CARTESIAN_POINT('',(-14.40161543374,-7.819439183754,0.));
#17738 = VECTOR('',#17739,1.);
#17739 = DIRECTION('',(0.,0.,1.));
#17740 = PCURVE('',#4044,#17741);
#17741 = DEFINITIONAL_REPRESENTATION('',(#17742),#17746);
#17742 = LINE('',#17743,#17744);
#17743 = CARTESIAN_POINT('',(0.857949480791,0.));
#17744 = VECTOR('',#17745,1.);
#17745 = DIRECTION('',(0.,-1.));
#17746 = ( GEOMETRIC_REPRESENTATION_CONTEXT(2) 
PARAMETRIC_REPRESENTATION_CONTEXT() REPRESENTATION_CONTEXT('2D SPACE',''
  ) );
#17747 = PCURVE('',#4016,#17748);
#17748 = DEFINITIONAL_REPRESENTATION('',(#17749),#17753);
#17749 = LINE('',#17750,#17751);
#17750 = CARTESIAN_POINT('',(0.,0.));
#17751 = VECTOR('',#17752,1.);
#17752 = DIRECTION('',(0.,-1.));
#17753 = ( GEOMETRIC_REPRESENTATION_CONTEXT(2) 
PARAMETRIC_REPRESENTATION_CONTEXT() REPRESENTATION_CONTEXT('2D SPACE',''
  ) );
#17754 = ORIENTED_EDGE('',*,*,#4028,.F.);
#17755 = ADVANCED_FACE('',(#17756),#2999,.T.);
#17756 = FACE_BOUND('',#17757,.T.);
#17757 = EDGE_LOOP('',(#17758,#17759,#17780,#17781));
#17758 = ORIENTED_EDGE('',*,*,#2983,.F.);
#17759 = ORIENTED_EDGE('',*,*,#17760,.T.);
#17760 = EDGE_CURVE('',#2984,#9294,#17761,.T.);
#17761 = SURFACE_CURVE('',#17762,(#17766,#17773),.PCURVE_S1.);
#17762 = LINE('',#17763,#17764);
#17763 = CARTESIAN_POINT('',(-14.79111634728,7.055000598946,0.));
#17764 = VECTOR('',#17765,1.);
#17765 = DIRECTION('',(0.,0.,1.));
#17766 = PCURVE('',#2999,#17767);
#17767 = DEFINITIONAL_REPRESENTATION('',(#17768),#17772);
#17768 = LINE('',#17769,#17770);
#17769 = CARTESIAN_POINT('',(0.,0.));
#17770 = VECTOR('',#17771,1.);
#17771 = DIRECTION('',(0.,-1.));
#17772 = ( GEOMETRIC_REPRESENTATION_CONTEXT(2) 
PARAMETRIC_REPRESENTATION_CONTEXT() REPRESENTATION_CONTEXT('2D SPACE',''
  ) );
#17773 = PCURVE('',#3027,#17774);
#17774 = DEFINITIONAL_REPRESENTATION('',(#17775),#17779);
#17775 = LINE('',#17776,#17777);
#17776 = CARTESIAN_POINT('',(0.857949480791,0.));
#17777 = VECTOR('',#17778,1.);
#17778 = DIRECTION('',(0.,-1.));
#17779 = ( GEOMETRIC_REPRESENTATION_CONTEXT(2) 
PARAMETRIC_REPRESENTATION_CONTEXT() REPRESENTATION_CONTEXT('2D SPACE',''
  ) );
#17780 = ORIENTED_EDGE('',*,*,#9293,.T.);
#17781 = ORIENTED_EDGE('',*,*,#17710,.T.);
#17782 = ADVANCED_FACE('',(#17783),#4016,.T.);
#17783 = FACE_BOUND('',#17784,.T.);
#17784 = EDGE_LOOP('',(#17785,#17786,#17787,#17788));
#17785 = ORIENTED_EDGE('',*,*,#4000,.F.);
#17786 = ORIENTED_EDGE('',*,*,#17734,.T.);
#17787 = ORIENTED_EDGE('',*,*,#10130,.T.);
#17788 = ORIENTED_EDGE('',*,*,#17789,.T.);
#17789 = EDGE_CURVE('',#10107,#3972,#17790,.T.);
#17790 = SURFACE_CURVE('',#17791,(#17795,#17801),.PCURVE_S1.);
#17791 = LINE('',#17792,#17793);
#17792 = CARTESIAN_POINT('',(-16.34599829551,-8.875152940829,0.));
#17793 = VECTOR('',#17794,1.);
#17794 = DIRECTION('',(-0.,-0.,-1.));
#17795 = PCURVE('',#4016,#17796);
#17796 = DEFINITIONAL_REPRESENTATION('',(#17797),#17800);
#17797 = B_SPLINE_CURVE_WITH_KNOTS('',1,(#17798,#17799),.UNSPECIFIED.,
  .F.,.F.,(2,2),(-7.0000006,6.E-07),.PIECEWISE_BEZIER_KNOTS.);
#17798 = CARTESIAN_POINT('',(2.2125,-7.0000006));
#17799 = CARTESIAN_POINT('',(2.2125,6.E-07));
#17800 = ( GEOMETRIC_REPRESENTATION_CONTEXT(2) 
PARAMETRIC_REPRESENTATION_CONTEXT() REPRESENTATION_CONTEXT('2D SPACE',''
  ) );
#17801 = PCURVE('',#3988,#17802);
#17802 = DEFINITIONAL_REPRESENTATION('',(#17803),#17806);
#17803 = B_SPLINE_CURVE_WITH_KNOTS('',1,(#17804,#17805),.UNSPECIFIED.,
  .F.,.F.,(2,2),(-7.0000006,6.E-07),.PIECEWISE_BEZIER_KNOTS.);
#17804 = CARTESIAN_POINT('',(-3.639011490408,-7.0000006));
#17805 = CARTESIAN_POINT('',(-3.639011490408,6.E-07));
#17806 = ( GEOMETRIC_REPRESENTATION_CONTEXT(2) 
PARAMETRIC_REPRESENTATION_CONTEXT() REPRESENTATION_CONTEXT('2D SPACE',''
  ) );
#17807 = ADVANCED_FACE('',(#17808),#3027,.T.);
#17808 = FACE_BOUND('',#17809,.T.);
#17809 = EDGE_LOOP('',(#17810,#17831,#17832,#17833));
#17810 = ORIENTED_EDGE('',*,*,#17811,.T.);
#17811 = EDGE_CURVE('',#3012,#9317,#17812,.T.);
#17812 = SURFACE_CURVE('',#17813,(#17817,#17824),.PCURVE_S1.);
#17813 = LINE('',#17814,#17815);
#17814 = CARTESIAN_POINT('',(-15.14007583902,6.271224747883,0.));
#17815 = VECTOR('',#17816,1.);
#17816 = DIRECTION('',(0.,0.,1.));
#17817 = PCURVE('',#3027,#17818);
#17818 = DEFINITIONAL_REPRESENTATION('',(#17819),#17823);
#17819 = LINE('',#17820,#17821);
#17820 = CARTESIAN_POINT('',(0.,0.));
#17821 = VECTOR('',#17822,1.);
#17822 = DIRECTION('',(0.,-1.));
#17823 = ( GEOMETRIC_REPRESENTATION_CONTEXT(2) 
PARAMETRIC_REPRESENTATION_CONTEXT() REPRESENTATION_CONTEXT('2D SPACE',''
  ) );
#17824 = PCURVE('',#3055,#17825);
#17825 = DEFINITIONAL_REPRESENTATION('',(#17826),#17830);
#17826 = LINE('',#17827,#17828);
#17827 = CARTESIAN_POINT('',(4.0725,0.));
#17828 = VECTOR('',#17829,1.);
#17829 = DIRECTION('',(0.,-1.));
#17830 = ( GEOMETRIC_REPRESENTATION_CONTEXT(2) 
PARAMETRIC_REPRESENTATION_CONTEXT() REPRESENTATION_CONTEXT('2D SPACE',''
  ) );
#17831 = ORIENTED_EDGE('',*,*,#9316,.T.);
#17832 = ORIENTED_EDGE('',*,*,#17760,.F.);
#17833 = ORIENTED_EDGE('',*,*,#3011,.F.);
#17834 = ADVANCED_FACE('',(#17835),#3988,.T.);
#17835 = FACE_BOUND('',#17836,.F.);
#17836 = EDGE_LOOP('',(#17837,#17838,#17857,#17858));
#17837 = ORIENTED_EDGE('',*,*,#3971,.F.);
#17838 = ORIENTED_EDGE('',*,*,#17839,.F.);
#17839 = EDGE_CURVE('',#10084,#3944,#17840,.T.);
#17840 = SURFACE_CURVE('',#17841,(#17845,#17851),.PCURVE_S1.);
#17841 = LINE('',#17842,#17843);
#17842 = CARTESIAN_POINT('',(-16.7880862889,-8.007506400634,0.));
#17843 = VECTOR('',#17844,1.);
#17844 = DIRECTION('',(-0.,-0.,-1.));
#17845 = PCURVE('',#3988,#17846);
#17846 = DEFINITIONAL_REPRESENTATION('',(#17847),#17850);
#17847 = B_SPLINE_CURVE_WITH_KNOTS('',1,(#17848,#17849),.UNSPECIFIED.,
  .F.,.F.,(2,2),(-7.0000006,6.E-07),.PIECEWISE_BEZIER_KNOTS.);
#17848 = CARTESIAN_POINT('',(-3.586651612848,-7.0000006));
#17849 = CARTESIAN_POINT('',(-3.586651612848,6.E-07));
#17850 = ( GEOMETRIC_REPRESENTATION_CONTEXT(2) 
PARAMETRIC_REPRESENTATION_CONTEXT() REPRESENTATION_CONTEXT('2D SPACE',''
  ) );
#17851 = PCURVE('',#3959,#17852);
#17852 = DEFINITIONAL_REPRESENTATION('',(#17853),#17856);
#17853 = B_SPLINE_CURVE_WITH_KNOTS('',1,(#17854,#17855),.UNSPECIFIED.,
  .F.,.F.,(2,2),(-7.0000006,6.E-07),.PIECEWISE_BEZIER_KNOTS.);
#17854 = CARTESIAN_POINT('',(1.86,-7.0000006));
#17855 = CARTESIAN_POINT('',(1.86,6.E-07));
#17856 = ( GEOMETRIC_REPRESENTATION_CONTEXT(2) 
PARAMETRIC_REPRESENTATION_CONTEXT() REPRESENTATION_CONTEXT('2D SPACE',''
  ) );
#17857 = ORIENTED_EDGE('',*,*,#10106,.T.);
#17858 = ORIENTED_EDGE('',*,*,#17789,.T.);
#17859 = ADVANCED_FACE('',(#17860),#3055,.T.);
#17860 = FACE_BOUND('',#17861,.T.);
#17861 = EDGE_LOOP('',(#17862,#17863,#17882,#17883));
#17862 = ORIENTED_EDGE('',*,*,#3039,.F.);
#17863 = ORIENTED_EDGE('',*,*,#17864,.F.);
#17864 = EDGE_CURVE('',#9340,#3040,#17865,.T.);
#17865 = SURFACE_CURVE('',#17866,(#17870,#17876),.PCURVE_S1.);
#17866 = LINE('',#17867,#17868);
#17867 = CARTESIAN_POINT('',(-17.18415930471,7.117911841991,0.));
#17868 = VECTOR('',#17869,1.);
#17869 = DIRECTION('',(-0.,-0.,-1.));
#17870 = PCURVE('',#3055,#17871);
#17871 = DEFINITIONAL_REPRESENTATION('',(#17872),#17875);
#17872 = B_SPLINE_CURVE_WITH_KNOTS('',1,(#17873,#17874),.UNSPECIFIED.,
  .F.,.F.,(2,2),(-7.0000006,6.E-07),.PIECEWISE_BEZIER_KNOTS.);
#17873 = CARTESIAN_POINT('',(1.86,-7.0000006));
#17874 = CARTESIAN_POINT('',(1.86,6.E-07));
#17875 = ( GEOMETRIC_REPRESENTATION_CONTEXT(2) 
PARAMETRIC_REPRESENTATION_CONTEXT() REPRESENTATION_CONTEXT('2D SPACE',''
  ) );
#17876 = PCURVE('',#3084,#17877);
#17877 = DEFINITIONAL_REPRESENTATION('',(#17878),#17881);
#17878 = B_SPLINE_CURVE_WITH_KNOTS('',1,(#17879,#17880),.UNSPECIFIED.,
  .F.,.F.,(2,2),(-7.0000006,6.E-07),.PIECEWISE_BEZIER_KNOTS.);
#17879 = CARTESIAN_POINT('',(-2.748893571891,-7.0000006));
#17880 = CARTESIAN_POINT('',(-2.748893571891,6.E-07));
#17881 = ( GEOMETRIC_REPRESENTATION_CONTEXT(2) 
PARAMETRIC_REPRESENTATION_CONTEXT() REPRESENTATION_CONTEXT('2D SPACE',''
  ) );
#17882 = ORIENTED_EDGE('',*,*,#9339,.T.);
#17883 = ORIENTED_EDGE('',*,*,#17811,.F.);
#17884 = ADVANCED_FACE('',(#17885),#3959,.T.);
#17885 = FACE_BOUND('',#17886,.T.);
#17886 = EDGE_LOOP('',(#17887,#17888,#17889,#17890));
#17887 = ORIENTED_EDGE('',*,*,#3943,.F.);
#17888 = ORIENTED_EDGE('',*,*,#17839,.F.);
#17889 = ORIENTED_EDGE('',*,*,#10083,.T.);
#17890 = ORIENTED_EDGE('',*,*,#17891,.F.);
#17891 = EDGE_CURVE('',#3916,#10061,#17892,.T.);
#17892 = SURFACE_CURVE('',#17893,(#17897,#17904),.PCURVE_S1.);
#17893 = LINE('',#17894,#17895);
#17894 = CARTESIAN_POINT('',(-14.79111634728,-7.055000598946,0.));
#17895 = VECTOR('',#17896,1.);
#17896 = DIRECTION('',(0.,0.,1.));
#17897 = PCURVE('',#3959,#17898);
#17898 = DEFINITIONAL_REPRESENTATION('',(#17899),#17903);
#17899 = LINE('',#17900,#17901);
#17900 = CARTESIAN_POINT('',(4.0725,0.));
#17901 = VECTOR('',#17902,1.);
#17902 = DIRECTION('',(0.,-1.));
#17903 = ( GEOMETRIC_REPRESENTATION_CONTEXT(2) 
PARAMETRIC_REPRESENTATION_CONTEXT() REPRESENTATION_CONTEXT('2D SPACE',''
  ) );
#17904 = PCURVE('',#3931,#17905);
#17905 = DEFINITIONAL_REPRESENTATION('',(#17906),#17910);
#17906 = LINE('',#17907,#17908);
#17907 = CARTESIAN_POINT('',(0.,0.));
#17908 = VECTOR('',#17909,1.);
#17909 = DIRECTION('',(0.,-1.));
#17910 = ( GEOMETRIC_REPRESENTATION_CONTEXT(2) 
PARAMETRIC_REPRESENTATION_CONTEXT() REPRESENTATION_CONTEXT('2D SPACE',''
  ) );
#17911 = ADVANCED_FACE('',(#17912),#3084,.T.);
#17912 = FACE_BOUND('',#17913,.F.);
#17913 = EDGE_LOOP('',(#17914,#17915,#17916,#17917));
#17914 = ORIENTED_EDGE('',*,*,#3067,.F.);
#17915 = ORIENTED_EDGE('',*,*,#17864,.F.);
#17916 = ORIENTED_EDGE('',*,*,#9362,.T.);
#17917 = ORIENTED_EDGE('',*,*,#17918,.T.);
#17918 = EDGE_CURVE('',#9363,#3068,#17919,.T.);
#17919 = SURFACE_CURVE('',#17920,(#17924,#17930),.PCURVE_S1.);
#17920 = LINE('',#17921,#17922);
#17921 = CARTESIAN_POINT('',(-17.53313173431,6.208807581748,0.));
#17922 = VECTOR('',#17923,1.);
#17923 = DIRECTION('',(-0.,-0.,-1.));
#17924 = PCURVE('',#3084,#17925);
#17925 = DEFINITIONAL_REPRESENTATION('',(#17926),#17929);
#17926 = B_SPLINE_CURVE_WITH_KNOTS('',1,(#17927,#17928),.UNSPECIFIED.,
  .F.,.F.,(2,2),(-7.0000006,6.E-07),.PIECEWISE_BEZIER_KNOTS.);
#17927 = CARTESIAN_POINT('',(-2.801253449451,-7.0000006));
#17928 = CARTESIAN_POINT('',(-2.801253449451,6.E-07));
#17929 = ( GEOMETRIC_REPRESENTATION_CONTEXT(2) 
PARAMETRIC_REPRESENTATION_CONTEXT() REPRESENTATION_CONTEXT('2D SPACE',''
  ) );
#17930 = PCURVE('',#3112,#17931);
#17931 = DEFINITIONAL_REPRESENTATION('',(#17932),#17935);
#17932 = B_SPLINE_CURVE_WITH_KNOTS('',1,(#17933,#17934),.UNSPECIFIED.,
  .F.,.F.,(2,2),(-7.0000006,6.E-07),.PIECEWISE_BEZIER_KNOTS.);
#17933 = CARTESIAN_POINT('',(2.2125,-7.0000006));
#17934 = CARTESIAN_POINT('',(2.2125,6.E-07));
#17935 = ( GEOMETRIC_REPRESENTATION_CONTEXT(2) 
PARAMETRIC_REPRESENTATION_CONTEXT() REPRESENTATION_CONTEXT('2D SPACE',''
  ) );
#17936 = ADVANCED_FACE('',(#17937),#3931,.T.);
#17937 = FACE_BOUND('',#17938,.T.);
#17938 = EDGE_LOOP('',(#17939,#17940,#17941,#17962));
#17939 = ORIENTED_EDGE('',*,*,#17891,.T.);
#17940 = ORIENTED_EDGE('',*,*,#10060,.T.);
#17941 = ORIENTED_EDGE('',*,*,#17942,.F.);
#17942 = EDGE_CURVE('',#3888,#10038,#17943,.T.);
#17943 = SURFACE_CURVE('',#17944,(#17948,#17955),.PCURVE_S1.);
#17944 = LINE('',#17945,#17946);
#17945 = CARTESIAN_POINT('',(-15.14007583902,-6.271224747883,0.));
#17946 = VECTOR('',#17947,1.);
#17947 = DIRECTION('',(0.,0.,1.));
#17948 = PCURVE('',#3931,#17949);
#17949 = DEFINITIONAL_REPRESENTATION('',(#17950),#17954);
#17950 = LINE('',#17951,#17952);
#17951 = CARTESIAN_POINT('',(0.857949480791,0.));
#17952 = VECTOR('',#17953,1.);
#17953 = DIRECTION('',(0.,-1.));
#17954 = ( GEOMETRIC_REPRESENTATION_CONTEXT(2) 
PARAMETRIC_REPRESENTATION_CONTEXT() REPRESENTATION_CONTEXT('2D SPACE',''
  ) );
#17955 = PCURVE('',#3903,#17956);
#17956 = DEFINITIONAL_REPRESENTATION('',(#17957),#17961);
#17957 = LINE('',#17958,#17959);
#17958 = CARTESIAN_POINT('',(0.,0.));
#17959 = VECTOR('',#17960,1.);
#17960 = DIRECTION('',(0.,-1.));
#17961 = ( GEOMETRIC_REPRESENTATION_CONTEXT(2) 
PARAMETRIC_REPRESENTATION_CONTEXT() REPRESENTATION_CONTEXT('2D SPACE',''
  ) );
#17962 = ORIENTED_EDGE('',*,*,#3915,.F.);
#17963 = ADVANCED_FACE('',(#17964),#3112,.T.);
#17964 = FACE_BOUND('',#17965,.T.);
#17965 = EDGE_LOOP('',(#17966,#17967,#17988,#17989));
#17966 = ORIENTED_EDGE('',*,*,#3096,.F.);
#17967 = ORIENTED_EDGE('',*,*,#17968,.T.);
#17968 = EDGE_CURVE('',#3097,#9387,#17969,.T.);
#17969 = SURFACE_CURVE('',#17970,(#17974,#17981),.PCURVE_S1.);
#17970 = LINE('',#17971,#17972);
#17971 = CARTESIAN_POINT('',(-15.44753743527,5.470259905693,0.));
#17972 = VECTOR('',#17973,1.);
#17973 = DIRECTION('',(0.,0.,1.));
#17974 = PCURVE('',#3112,#17975);
#17975 = DEFINITIONAL_REPRESENTATION('',(#17976),#17980);
#17976 = LINE('',#17977,#17978);
#17977 = CARTESIAN_POINT('',(0.,0.));
#17978 = VECTOR('',#17979,1.);
#17979 = DIRECTION('',(0.,-1.));
#17980 = ( GEOMETRIC_REPRESENTATION_CONTEXT(2) 
PARAMETRIC_REPRESENTATION_CONTEXT() REPRESENTATION_CONTEXT('2D SPACE',''
  ) );
#17981 = PCURVE('',#3140,#17982);
#17982 = DEFINITIONAL_REPRESENTATION('',(#17983),#17987);
#17983 = LINE('',#17984,#17985);
#17984 = CARTESIAN_POINT('',(0.857949480791,0.));
#17985 = VECTOR('',#17986,1.);
#17986 = DIRECTION('',(0.,-1.));
#17987 = ( GEOMETRIC_REPRESENTATION_CONTEXT(2) 
PARAMETRIC_REPRESENTATION_CONTEXT() REPRESENTATION_CONTEXT('2D SPACE',''
  ) );
#17988 = ORIENTED_EDGE('',*,*,#9386,.T.);
#17989 = ORIENTED_EDGE('',*,*,#17918,.T.);
#17990 = ADVANCED_FACE('',(#17991),#3903,.T.);
#17991 = FACE_BOUND('',#17992,.T.);
#17992 = EDGE_LOOP('',(#17993,#17994,#17995,#17996));
#17993 = ORIENTED_EDGE('',*,*,#3887,.F.);
#17994 = ORIENTED_EDGE('',*,*,#17942,.T.);
#17995 = ORIENTED_EDGE('',*,*,#10037,.T.);
#17996 = ORIENTED_EDGE('',*,*,#17997,.T.);
#17997 = EDGE_CURVE('',#10014,#3859,#17998,.T.);
#17998 = SURFACE_CURVE('',#17999,(#18003,#18009),.PCURVE_S1.);
#17999 = LINE('',#18000,#18001);
#18000 = CARTESIAN_POINT('',(-17.18415930471,-7.117911841991,0.));
#18001 = VECTOR('',#18002,1.);
#18002 = DIRECTION('',(-0.,-0.,-1.));
#18003 = PCURVE('',#3903,#18004);
#18004 = DEFINITIONAL_REPRESENTATION('',(#18005),#18008);
#18005 = B_SPLINE_CURVE_WITH_KNOTS('',1,(#18006,#18007),.UNSPECIFIED.,
  .F.,.F.,(2,2),(-7.0000006,6.E-07),.PIECEWISE_BEZIER_KNOTS.);
#18006 = CARTESIAN_POINT('',(2.2125,-7.0000006));
#18007 = CARTESIAN_POINT('',(2.2125,6.E-07));
#18008 = ( GEOMETRIC_REPRESENTATION_CONTEXT(2) 
PARAMETRIC_REPRESENTATION_CONTEXT() REPRESENTATION_CONTEXT('2D SPACE',''
  ) );
#18009 = PCURVE('',#3875,#18010);
#18010 = DEFINITIONAL_REPRESENTATION('',(#18011),#18014);
#18011 = B_SPLINE_CURVE_WITH_KNOTS('',1,(#18012,#18013),.UNSPECIFIED.,
  .F.,.F.,(2,2),(-7.0000006,6.E-07),.PIECEWISE_BEZIER_KNOTS.);
#18012 = CARTESIAN_POINT('',(-3.534291735289,-7.0000006));
#18013 = CARTESIAN_POINT('',(-3.534291735289,6.E-07));
#18014 = ( GEOMETRIC_REPRESENTATION_CONTEXT(2) 
PARAMETRIC_REPRESENTATION_CONTEXT() REPRESENTATION_CONTEXT('2D SPACE',''
  ) );
#18015 = ADVANCED_FACE('',(#18016),#3140,.T.);
#18016 = FACE_BOUND('',#18017,.T.);
#18017 = EDGE_LOOP('',(#18018,#18039,#18040,#18041));
#18018 = ORIENTED_EDGE('',*,*,#18019,.T.);
#18019 = EDGE_CURVE('',#3125,#9410,#18020,.T.);
#18020 = SURFACE_CURVE('',#18021,(#18025,#18032),.PCURVE_S1.);
#18021 = LINE('',#18022,#18023);
#18022 = CARTESIAN_POINT('',(-15.71265840515,4.654301461336,0.));
#18023 = VECTOR('',#18024,1.);
#18024 = DIRECTION('',(0.,0.,1.));
#18025 = PCURVE('',#3140,#18026);
#18026 = DEFINITIONAL_REPRESENTATION('',(#18027),#18031);
#18027 = LINE('',#18028,#18029);
#18028 = CARTESIAN_POINT('',(0.,0.));
#18029 = VECTOR('',#18030,1.);
#18030 = DIRECTION('',(0.,-1.));
#18031 = ( GEOMETRIC_REPRESENTATION_CONTEXT(2) 
PARAMETRIC_REPRESENTATION_CONTEXT() REPRESENTATION_CONTEXT('2D SPACE',''
  ) );
#18032 = PCURVE('',#3168,#18033);
#18033 = DEFINITIONAL_REPRESENTATION('',(#18034),#18038);
#18034 = LINE('',#18035,#18036);
#18035 = CARTESIAN_POINT('',(4.0725,0.));
#18036 = VECTOR('',#18037,1.);
#18037 = DIRECTION('',(0.,-1.));
#18038 = ( GEOMETRIC_REPRESENTATION_CONTEXT(2) 
PARAMETRIC_REPRESENTATION_CONTEXT() REPRESENTATION_CONTEXT('2D SPACE',''
  ) );
#18039 = ORIENTED_EDGE('',*,*,#9409,.T.);
#18040 = ORIENTED_EDGE('',*,*,#17968,.F.);
#18041 = ORIENTED_EDGE('',*,*,#3124,.F.);
#18042 = ADVANCED_FACE('',(#18043),#3875,.T.);
#18043 = FACE_BOUND('',#18044,.F.);
#18044 = EDGE_LOOP('',(#18045,#18046,#18065,#18066));
#18045 = ORIENTED_EDGE('',*,*,#3858,.F.);
#18046 = ORIENTED_EDGE('',*,*,#18047,.F.);
#18047 = EDGE_CURVE('',#9991,#3831,#18048,.T.);
#18048 = SURFACE_CURVE('',#18049,(#18053,#18059),.PCURVE_S1.);
#18049 = LINE('',#18050,#18051);
#18050 = CARTESIAN_POINT('',(-17.53313173431,-6.208807581748,0.));
#18051 = VECTOR('',#18052,1.);
#18052 = DIRECTION('',(-0.,-0.,-1.));
#18053 = PCURVE('',#3875,#18054);
#18054 = DEFINITIONAL_REPRESENTATION('',(#18055),#18058);
#18055 = B_SPLINE_CURVE_WITH_KNOTS('',1,(#18056,#18057),.UNSPECIFIED.,
  .F.,.F.,(2,2),(-7.0000006,6.E-07),.PIECEWISE_BEZIER_KNOTS.);
#18056 = CARTESIAN_POINT('',(-3.481931857729,-7.0000006));
#18057 = CARTESIAN_POINT('',(-3.481931857729,6.E-07));
#18058 = ( GEOMETRIC_REPRESENTATION_CONTEXT(2) 
PARAMETRIC_REPRESENTATION_CONTEXT() REPRESENTATION_CONTEXT('2D SPACE',''
  ) );
#18059 = PCURVE('',#3846,#18060);
#18060 = DEFINITIONAL_REPRESENTATION('',(#18061),#18064);
#18061 = B_SPLINE_CURVE_WITH_KNOTS('',1,(#18062,#18063),.UNSPECIFIED.,
  .F.,.F.,(2,2),(-7.0000006,6.E-07),.PIECEWISE_BEZIER_KNOTS.);
#18062 = CARTESIAN_POINT('',(1.86,-7.0000006));
#18063 = CARTESIAN_POINT('',(1.86,6.E-07));
#18064 = ( GEOMETRIC_REPRESENTATION_CONTEXT(2) 
PARAMETRIC_REPRESENTATION_CONTEXT() REPRESENTATION_CONTEXT('2D SPACE',''
  ) );
#18065 = ORIENTED_EDGE('',*,*,#10013,.T.);
#18066 = ORIENTED_EDGE('',*,*,#17997,.T.);
#18067 = ADVANCED_FACE('',(#18068),#3168,.T.);
#18068 = FACE_BOUND('',#18069,.T.);
#18069 = EDGE_LOOP('',(#18070,#18071,#18090,#18091));
#18070 = ORIENTED_EDGE('',*,*,#3152,.F.);
#18071 = ORIENTED_EDGE('',*,*,#18072,.F.);
#18072 = EDGE_CURVE('',#9433,#3153,#18073,.T.);
#18073 = SURFACE_CURVE('',#18074,(#18078,#18084),.PCURVE_S1.);
#18074 = LINE('',#18075,#18076);
#18075 = CARTESIAN_POINT('',(-17.83404706854,5.282685411493,0.));
#18076 = VECTOR('',#18077,1.);
#18077 = DIRECTION('',(-0.,-0.,-1.));
#18078 = PCURVE('',#3168,#18079);
#18079 = DEFINITIONAL_REPRESENTATION('',(#18080),#18083);
#18080 = B_SPLINE_CURVE_WITH_KNOTS('',1,(#18081,#18082),.UNSPECIFIED.,
  .F.,.F.,(2,2),(-7.0000006,6.E-07),.PIECEWISE_BEZIER_KNOTS.);
#18081 = CARTESIAN_POINT('',(1.86,-7.0000006));
#18082 = CARTESIAN_POINT('',(1.86,6.E-07));
#18083 = ( GEOMETRIC_REPRESENTATION_CONTEXT(2) 
PARAMETRIC_REPRESENTATION_CONTEXT() REPRESENTATION_CONTEXT('2D SPACE',''
  ) );
#18084 = PCURVE('',#3197,#18085);
#18085 = DEFINITIONAL_REPRESENTATION('',(#18086),#18089);
#18086 = B_SPLINE_CURVE_WITH_KNOTS('',1,(#18087,#18088),.UNSPECIFIED.,
  .F.,.F.,(2,2),(-7.0000006,6.E-07),.PIECEWISE_BEZIER_KNOTS.);
#18087 = CARTESIAN_POINT('',(-2.853613327011,-7.0000006));
#18088 = CARTESIAN_POINT('',(-2.853613327011,6.E-07));
#18089 = ( GEOMETRIC_REPRESENTATION_CONTEXT(2) 
PARAMETRIC_REPRESENTATION_CONTEXT() REPRESENTATION_CONTEXT('2D SPACE',''
  ) );
#18090 = ORIENTED_EDGE('',*,*,#9432,.T.);
#18091 = ORIENTED_EDGE('',*,*,#18019,.F.);
#18092 = ADVANCED_FACE('',(#18093),#3846,.T.);
#18093 = FACE_BOUND('',#18094,.T.);
#18094 = EDGE_LOOP('',(#18095,#18096,#18097,#18098));
#18095 = ORIENTED_EDGE('',*,*,#3830,.F.);
#18096 = ORIENTED_EDGE('',*,*,#18047,.F.);
#18097 = ORIENTED_EDGE('',*,*,#9990,.T.);
#18098 = ORIENTED_EDGE('',*,*,#18099,.F.);
#18099 = EDGE_CURVE('',#3803,#9968,#18100,.T.);
#18100 = SURFACE_CURVE('',#18101,(#18105,#18112),.PCURVE_S1.);
#18101 = LINE('',#18102,#18103);
#18102 = CARTESIAN_POINT('',(-15.44753743527,-5.470259905693,0.));
#18103 = VECTOR('',#18104,1.);
#18104 = DIRECTION('',(0.,0.,1.));
#18105 = PCURVE('',#3846,#18106);
#18106 = DEFINITIONAL_REPRESENTATION('',(#18107),#18111);
#18107 = LINE('',#18108,#18109);
#18108 = CARTESIAN_POINT('',(4.0725,0.));
#18109 = VECTOR('',#18110,1.);
#18110 = DIRECTION('',(0.,-1.));
#18111 = ( GEOMETRIC_REPRESENTATION_CONTEXT(2) 
PARAMETRIC_REPRESENTATION_CONTEXT() REPRESENTATION_CONTEXT('2D SPACE',''
  ) );
#18112 = PCURVE('',#3818,#18113);
#18113 = DEFINITIONAL_REPRESENTATION('',(#18114),#18118);
#18114 = LINE('',#18115,#18116);
#18115 = CARTESIAN_POINT('',(0.,0.));
#18116 = VECTOR('',#18117,1.);
#18117 = DIRECTION('',(0.,-1.));
#18118 = ( GEOMETRIC_REPRESENTATION_CONTEXT(2) 
PARAMETRIC_REPRESENTATION_CONTEXT() REPRESENTATION_CONTEXT('2D SPACE',''
  ) );
#18119 = ADVANCED_FACE('',(#18120),#3197,.T.);
#18120 = FACE_BOUND('',#18121,.F.);
#18121 = EDGE_LOOP('',(#18122,#18123,#18124,#18125));
#18122 = ORIENTED_EDGE('',*,*,#3180,.F.);
#18123 = ORIENTED_EDGE('',*,*,#18072,.F.);
#18124 = ORIENTED_EDGE('',*,*,#9455,.T.);
#18125 = ORIENTED_EDGE('',*,*,#18126,.T.);
#18126 = EDGE_CURVE('',#9456,#3181,#18127,.T.);
#18127 = SURFACE_CURVE('',#18128,(#18132,#18138),.PCURVE_S1.);
#18128 = LINE('',#18129,#18130);
#18129 = CARTESIAN_POINT('',(-18.08608051939,4.34208376772,0.));
#18130 = VECTOR('',#18131,1.);
#18131 = DIRECTION('',(-0.,-0.,-1.));
#18132 = PCURVE('',#3197,#18133);
#18133 = DEFINITIONAL_REPRESENTATION('',(#18134),#18137);
#18134 = B_SPLINE_CURVE_WITH_KNOTS('',1,(#18135,#18136),.UNSPECIFIED.,
  .F.,.F.,(2,2),(-7.0000006,6.E-07),.PIECEWISE_BEZIER_KNOTS.);
#18135 = CARTESIAN_POINT('',(-2.905973204571,-7.0000006));
#18136 = CARTESIAN_POINT('',(-2.905973204571,6.E-07));
#18137 = ( GEOMETRIC_REPRESENTATION_CONTEXT(2) 
PARAMETRIC_REPRESENTATION_CONTEXT() REPRESENTATION_CONTEXT('2D SPACE',''
  ) );
#18138 = PCURVE('',#3225,#18139);
#18139 = DEFINITIONAL_REPRESENTATION('',(#18140),#18143);
#18140 = B_SPLINE_CURVE_WITH_KNOTS('',1,(#18141,#18142),.UNSPECIFIED.,
  .F.,.F.,(2,2),(-7.0000006,6.E-07),.PIECEWISE_BEZIER_KNOTS.);
#18141 = CARTESIAN_POINT('',(2.2125,-7.0000006));
#18142 = CARTESIAN_POINT('',(2.2125,6.E-07));
#18143 = ( GEOMETRIC_REPRESENTATION_CONTEXT(2) 
PARAMETRIC_REPRESENTATION_CONTEXT() REPRESENTATION_CONTEXT('2D SPACE',''
  ) );
#18144 = ADVANCED_FACE('',(#18145),#3818,.T.);
#18145 = FACE_BOUND('',#18146,.T.);
#18146 = EDGE_LOOP('',(#18147,#18148,#18149,#18170));
#18147 = ORIENTED_EDGE('',*,*,#18099,.T.);
#18148 = ORIENTED_EDGE('',*,*,#9967,.T.);
#18149 = ORIENTED_EDGE('',*,*,#18150,.F.);
#18150 = EDGE_CURVE('',#3775,#9945,#18151,.T.);
#18151 = SURFACE_CURVE('',#18152,(#18156,#18163),.PCURVE_S1.);
#18152 = LINE('',#18153,#18154);
#18153 = CARTESIAN_POINT('',(-15.71265840515,-4.654301461336,0.));
#18154 = VECTOR('',#18155,1.);
#18155 = DIRECTION('',(0.,0.,1.));
#18156 = PCURVE('',#3818,#18157);
#18157 = DEFINITIONAL_REPRESENTATION('',(#18158),#18162);
#18158 = LINE('',#18159,#18160);
#18159 = CARTESIAN_POINT('',(0.857949480791,0.));
#18160 = VECTOR('',#18161,1.);
#18161 = DIRECTION('',(0.,-1.));
#18162 = ( GEOMETRIC_REPRESENTATION_CONTEXT(2) 
PARAMETRIC_REPRESENTATION_CONTEXT() REPRESENTATION_CONTEXT('2D SPACE',''
  ) );
#18163 = PCURVE('',#3790,#18164);
#18164 = DEFINITIONAL_REPRESENTATION('',(#18165),#18169);
#18165 = LINE('',#18166,#18167);
#18166 = CARTESIAN_POINT('',(0.,0.));
#18167 = VECTOR('',#18168,1.);
#18168 = DIRECTION('',(0.,-1.));
#18169 = ( GEOMETRIC_REPRESENTATION_CONTEXT(2) 
PARAMETRIC_REPRESENTATION_CONTEXT() REPRESENTATION_CONTEXT('2D SPACE',''
  ) );
#18170 = ORIENTED_EDGE('',*,*,#3802,.F.);
#18171 = ADVANCED_FACE('',(#18172),#3225,.T.);
#18172 = FACE_BOUND('',#18173,.T.);
#18173 = EDGE_LOOP('',(#18174,#18175,#18196,#18197));
#18174 = ORIENTED_EDGE('',*,*,#3209,.F.);
#18175 = ORIENTED_EDGE('',*,*,#18176,.T.);
#18176 = EDGE_CURVE('',#3210,#9480,#18177,.T.);
#18177 = SURFACE_CURVE('',#18178,(#18182,#18189),.PCURVE_S1.);
#18178 = LINE('',#18179,#18180);
#18179 = CARTESIAN_POINT('',(-15.93471207051,3.825585900189,0.));
#18180 = VECTOR('',#18181,1.);
#18181 = DIRECTION('',(0.,0.,1.));
#18182 = PCURVE('',#3225,#18183);
#18183 = DEFINITIONAL_REPRESENTATION('',(#18184),#18188);
#18184 = LINE('',#18185,#18186);
#18185 = CARTESIAN_POINT('',(0.,0.));
#18186 = VECTOR('',#18187,1.);
#18187 = DIRECTION('',(0.,-1.));
#18188 = ( GEOMETRIC_REPRESENTATION_CONTEXT(2) 
PARAMETRIC_REPRESENTATION_CONTEXT() REPRESENTATION_CONTEXT('2D SPACE',''
  ) );
#18189 = PCURVE('',#3253,#18190);
#18190 = DEFINITIONAL_REPRESENTATION('',(#18191),#18195);
#18191 = LINE('',#18192,#18193);
#18192 = CARTESIAN_POINT('',(0.857949480791,0.));
#18193 = VECTOR('',#18194,1.);
#18194 = DIRECTION('',(0.,-1.));
#18195 = ( GEOMETRIC_REPRESENTATION_CONTEXT(2) 
PARAMETRIC_REPRESENTATION_CONTEXT() REPRESENTATION_CONTEXT('2D SPACE',''
  ) );
#18196 = ORIENTED_EDGE('',*,*,#9479,.T.);
#18197 = ORIENTED_EDGE('',*,*,#18126,.T.);
#18198 = ADVANCED_FACE('',(#18199),#3790,.T.);
#18199 = FACE_BOUND('',#18200,.T.);
#18200 = EDGE_LOOP('',(#18201,#18202,#18203,#18204));
#18201 = ORIENTED_EDGE('',*,*,#3774,.F.);
#18202 = ORIENTED_EDGE('',*,*,#18150,.T.);
#18203 = ORIENTED_EDGE('',*,*,#9944,.T.);
#18204 = ORIENTED_EDGE('',*,*,#18205,.T.);
#18205 = EDGE_CURVE('',#9921,#3746,#18206,.T.);
#18206 = SURFACE_CURVE('',#18207,(#18211,#18217),.PCURVE_S1.);
#18207 = LINE('',#18208,#18209);
#18208 = CARTESIAN_POINT('',(-17.83404706854,-5.282685411493,0.));
#18209 = VECTOR('',#18210,1.);
#18210 = DIRECTION('',(-0.,-0.,-1.));
#18211 = PCURVE('',#3790,#18212);
#18212 = DEFINITIONAL_REPRESENTATION('',(#18213),#18216);
#18213 = B_SPLINE_CURVE_WITH_KNOTS('',1,(#18214,#18215),.UNSPECIFIED.,
  .F.,.F.,(2,2),(-7.0000006,6.E-07),.PIECEWISE_BEZIER_KNOTS.);
#18214 = CARTESIAN_POINT('',(2.2125,-7.0000006));
#18215 = CARTESIAN_POINT('',(2.2125,6.E-07));
#18216 = ( GEOMETRIC_REPRESENTATION_CONTEXT(2) 
PARAMETRIC_REPRESENTATION_CONTEXT() REPRESENTATION_CONTEXT('2D SPACE',''
  ) );
#18217 = PCURVE('',#3762,#18218);
#18218 = DEFINITIONAL_REPRESENTATION('',(#18219),#18222);
#18219 = B_SPLINE_CURVE_WITH_KNOTS('',1,(#18220,#18221),.UNSPECIFIED.,
  .F.,.F.,(2,2),(-7.0000006,6.E-07),.PIECEWISE_BEZIER_KNOTS.);
#18220 = CARTESIAN_POINT('',(-3.429571980169,-7.0000006));
#18221 = CARTESIAN_POINT('',(-3.429571980169,6.E-07));
#18222 = ( GEOMETRIC_REPRESENTATION_CONTEXT(2) 
PARAMETRIC_REPRESENTATION_CONTEXT() REPRESENTATION_CONTEXT('2D SPACE',''
  ) );
#18223 = ADVANCED_FACE('',(#18224),#3253,.T.);
#18224 = FACE_BOUND('',#18225,.T.);
#18225 = EDGE_LOOP('',(#18226,#18247,#18248,#18249));
#18226 = ORIENTED_EDGE('',*,*,#18227,.T.);
#18227 = EDGE_CURVE('',#3238,#9503,#18228,.T.);
#18228 = SURFACE_CURVE('',#18229,(#18233,#18240),.PCURVE_S1.);
#18229 = LINE('',#18230,#18231);
#18230 = CARTESIAN_POINT('',(-16.1130897977,2.986384674003,0.));
#18231 = VECTOR('',#18232,1.);
#18232 = DIRECTION('',(0.,0.,1.));
#18233 = PCURVE('',#3253,#18234);
#18234 = DEFINITIONAL_REPRESENTATION('',(#18235),#18239);
#18235 = LINE('',#18236,#18237);
#18236 = CARTESIAN_POINT('',(0.,0.));
#18237 = VECTOR('',#18238,1.);
#18238 = DIRECTION('',(0.,-1.));
#18239 = ( GEOMETRIC_REPRESENTATION_CONTEXT(2) 
PARAMETRIC_REPRESENTATION_CONTEXT() REPRESENTATION_CONTEXT('2D SPACE',''
  ) );
#18240 = PCURVE('',#3281,#18241);
#18241 = DEFINITIONAL_REPRESENTATION('',(#18242),#18246);
#18242 = LINE('',#18243,#18244);
#18243 = CARTESIAN_POINT('',(4.0725,0.));
#18244 = VECTOR('',#18245,1.);
#18245 = DIRECTION('',(0.,-1.));
#18246 = ( GEOMETRIC_REPRESENTATION_CONTEXT(2) 
PARAMETRIC_REPRESENTATION_CONTEXT() REPRESENTATION_CONTEXT('2D SPACE',''
  ) );
#18247 = ORIENTED_EDGE('',*,*,#9502,.T.);
#18248 = ORIENTED_EDGE('',*,*,#18176,.F.);
#18249 = ORIENTED_EDGE('',*,*,#3237,.F.);
#18250 = ADVANCED_FACE('',(#18251),#3762,.T.);
#18251 = FACE_BOUND('',#18252,.F.);
#18252 = EDGE_LOOP('',(#18253,#18254,#18273,#18274));
#18253 = ORIENTED_EDGE('',*,*,#3745,.F.);
#18254 = ORIENTED_EDGE('',*,*,#18255,.F.);
#18255 = EDGE_CURVE('',#9898,#3718,#18256,.T.);
#18256 = SURFACE_CURVE('',#18257,(#18261,#18267),.PCURVE_S1.);
#18257 = LINE('',#18258,#18259);
#18258 = CARTESIAN_POINT('',(-18.08608051939,-4.34208376772,0.));
#18259 = VECTOR('',#18260,1.);
#18260 = DIRECTION('',(-0.,-0.,-1.));
#18261 = PCURVE('',#3762,#18262);
#18262 = DEFINITIONAL_REPRESENTATION('',(#18263),#18266);
#18263 = B_SPLINE_CURVE_WITH_KNOTS('',1,(#18264,#18265),.UNSPECIFIED.,
  .F.,.F.,(2,2),(-7.0000006,6.E-07),.PIECEWISE_BEZIER_KNOTS.);
#18264 = CARTESIAN_POINT('',(-3.377212102609,-7.0000006));
#18265 = CARTESIAN_POINT('',(-3.377212102609,6.E-07));
#18266 = ( GEOMETRIC_REPRESENTATION_CONTEXT(2) 
PARAMETRIC_REPRESENTATION_CONTEXT() REPRESENTATION_CONTEXT('2D SPACE',''
  ) );
#18267 = PCURVE('',#3733,#18268);
#18268 = DEFINITIONAL_REPRESENTATION('',(#18269),#18272);
#18269 = B_SPLINE_CURVE_WITH_KNOTS('',1,(#18270,#18271),.UNSPECIFIED.,
  .F.,.F.,(2,2),(-7.0000006,6.E-07),.PIECEWISE_BEZIER_KNOTS.);
#18270 = CARTESIAN_POINT('',(1.86,-7.0000006));
#18271 = CARTESIAN_POINT('',(1.86,6.E-07));
#18272 = ( GEOMETRIC_REPRESENTATION_CONTEXT(2) 
PARAMETRIC_REPRESENTATION_CONTEXT() REPRESENTATION_CONTEXT('2D SPACE',''
  ) );
#18273 = ORIENTED_EDGE('',*,*,#9920,.T.);
#18274 = ORIENTED_EDGE('',*,*,#18205,.T.);
#18275 = ADVANCED_FACE('',(#18276),#3281,.T.);
#18276 = FACE_BOUND('',#18277,.T.);
#18277 = EDGE_LOOP('',(#18278,#18279,#18298,#18299));
#18278 = ORIENTED_EDGE('',*,*,#3265,.F.);
#18279 = ORIENTED_EDGE('',*,*,#18280,.F.);
#18280 = EDGE_CURVE('',#9526,#3266,#18281,.T.);
#18281 = SURFACE_CURVE('',#18282,(#18286,#18292),.PCURVE_S1.);
#18282 = LINE('',#18283,#18284);
#18283 = CARTESIAN_POINT('',(-18.28854128069,3.389580774154,0.));
#18284 = VECTOR('',#18285,1.);
#18285 = DIRECTION('',(-0.,-0.,-1.));
#18286 = PCURVE('',#3281,#18287);
#18287 = DEFINITIONAL_REPRESENTATION('',(#18288),#18291);
#18288 = B_SPLINE_CURVE_WITH_KNOTS('',1,(#18289,#18290),.UNSPECIFIED.,
  .F.,.F.,(2,2),(-7.0000006,6.E-07),.PIECEWISE_BEZIER_KNOTS.);
#18289 = CARTESIAN_POINT('',(1.86,-7.0000006));
#18290 = CARTESIAN_POINT('',(1.86,6.E-07));
#18291 = ( GEOMETRIC_REPRESENTATION_CONTEXT(2) 
PARAMETRIC_REPRESENTATION_CONTEXT() REPRESENTATION_CONTEXT('2D SPACE',''
  ) );
#18292 = PCURVE('',#3310,#18293);
#18293 = DEFINITIONAL_REPRESENTATION('',(#18294),#18297);
#18294 = B_SPLINE_CURVE_WITH_KNOTS('',1,(#18295,#18296),.UNSPECIFIED.,
  .F.,.F.,(2,2),(-7.0000006,6.E-07),.PIECEWISE_BEZIER_KNOTS.);
#18295 = CARTESIAN_POINT('',(-2.95833308213,-7.0000006));
#18296 = CARTESIAN_POINT('',(-2.95833308213,6.E-07));
#18297 = ( GEOMETRIC_REPRESENTATION_CONTEXT(2) 
PARAMETRIC_REPRESENTATION_CONTEXT() REPRESENTATION_CONTEXT('2D SPACE',''
  ) );
#18298 = ORIENTED_EDGE('',*,*,#9525,.T.);
#18299 = ORIENTED_EDGE('',*,*,#18227,.F.);
#18300 = ADVANCED_FACE('',(#18301),#3733,.T.);
#18301 = FACE_BOUND('',#18302,.T.);
#18302 = EDGE_LOOP('',(#18303,#18304,#18305,#18306));
#18303 = ORIENTED_EDGE('',*,*,#3717,.F.);
#18304 = ORIENTED_EDGE('',*,*,#18255,.F.);
#18305 = ORIENTED_EDGE('',*,*,#9897,.T.);
#18306 = ORIENTED_EDGE('',*,*,#18307,.F.);
#18307 = EDGE_CURVE('',#3690,#9875,#18308,.T.);
#18308 = SURFACE_CURVE('',#18309,(#18313,#18320),.PCURVE_S1.);
#18309 = LINE('',#18310,#18311);
#18310 = CARTESIAN_POINT('',(-15.93471207051,-3.825585900189,0.));
#18311 = VECTOR('',#18312,1.);
#18312 = DIRECTION('',(0.,0.,1.));
#18313 = PCURVE('',#3733,#18314);
#18314 = DEFINITIONAL_REPRESENTATION('',(#18315),#18319);
#18315 = LINE('',#18316,#18317);
#18316 = CARTESIAN_POINT('',(4.0725,0.));
#18317 = VECTOR('',#18318,1.);
#18318 = DIRECTION('',(0.,-1.));
#18319 = ( GEOMETRIC_REPRESENTATION_CONTEXT(2) 
PARAMETRIC_REPRESENTATION_CONTEXT() REPRESENTATION_CONTEXT('2D SPACE',''
  ) );
#18320 = PCURVE('',#3705,#18321);
#18321 = DEFINITIONAL_REPRESENTATION('',(#18322),#18326);
#18322 = LINE('',#18323,#18324);
#18323 = CARTESIAN_POINT('',(0.,0.));
#18324 = VECTOR('',#18325,1.);
#18325 = DIRECTION('',(0.,-1.));
#18326 = ( GEOMETRIC_REPRESENTATION_CONTEXT(2) 
PARAMETRIC_REPRESENTATION_CONTEXT() REPRESENTATION_CONTEXT('2D SPACE',''
  ) );
#18327 = ADVANCED_FACE('',(#18328),#3310,.T.);
#18328 = FACE_BOUND('',#18329,.F.);
#18329 = EDGE_LOOP('',(#18330,#18331,#18332,#18333));
#18330 = ORIENTED_EDGE('',*,*,#3293,.F.);
#18331 = ORIENTED_EDGE('',*,*,#18280,.F.);
#18332 = ORIENTED_EDGE('',*,*,#9548,.T.);
#18333 = ORIENTED_EDGE('',*,*,#18334,.T.);
#18334 = EDGE_CURVE('',#9549,#3294,#18335,.T.);
#18335 = SURFACE_CURVE('',#18336,(#18340,#18346),.PCURVE_S1.);
#18336 = LINE('',#18337,#18338);
#18337 = CARTESIAN_POINT('',(-18.44087442155,2.427787175293,0.));
#18338 = VECTOR('',#18339,1.);
#18339 = DIRECTION('',(-0.,-0.,-1.));
#18340 = PCURVE('',#3310,#18341);
#18341 = DEFINITIONAL_REPRESENTATION('',(#18342),#18345);
#18342 = B_SPLINE_CURVE_WITH_KNOTS('',1,(#18343,#18344),.UNSPECIFIED.,
  .F.,.F.,(2,2),(-7.0000006,6.E-07),.PIECEWISE_BEZIER_KNOTS.);
#18343 = CARTESIAN_POINT('',(-3.01069295969,-7.0000006));
#18344 = CARTESIAN_POINT('',(-3.01069295969,6.E-07));
#18345 = ( GEOMETRIC_REPRESENTATION_CONTEXT(2) 
PARAMETRIC_REPRESENTATION_CONTEXT() REPRESENTATION_CONTEXT('2D SPACE',''
  ) );
#18346 = PCURVE('',#3338,#18347);
#18347 = DEFINITIONAL_REPRESENTATION('',(#18348),#18351);
#18348 = B_SPLINE_CURVE_WITH_KNOTS('',1,(#18349,#18350),.UNSPECIFIED.,
  .F.,.F.,(2,2),(-7.0000006,6.E-07),.PIECEWISE_BEZIER_KNOTS.);
#18349 = CARTESIAN_POINT('',(2.2125,-7.0000006));
#18350 = CARTESIAN_POINT('',(2.2125,6.E-07));
#18351 = ( GEOMETRIC_REPRESENTATION_CONTEXT(2) 
PARAMETRIC_REPRESENTATION_CONTEXT() REPRESENTATION_CONTEXT('2D SPACE',''
  ) );
#18352 = ADVANCED_FACE('',(#18353),#3705,.T.);
#18353 = FACE_BOUND('',#18354,.T.);
#18354 = EDGE_LOOP('',(#18355,#18356,#18357,#18378));
#18355 = ORIENTED_EDGE('',*,*,#18307,.T.);
#18356 = ORIENTED_EDGE('',*,*,#9874,.T.);
#18357 = ORIENTED_EDGE('',*,*,#18358,.F.);
#18358 = EDGE_CURVE('',#3662,#9852,#18359,.T.);
#18359 = SURFACE_CURVE('',#18360,(#18364,#18371),.PCURVE_S1.);
#18360 = LINE('',#18361,#18362);
#18361 = CARTESIAN_POINT('',(-16.1130897977,-2.986384674003,0.));
#18362 = VECTOR('',#18363,1.);
#18363 = DIRECTION('',(0.,0.,1.));
#18364 = PCURVE('',#3705,#18365);
#18365 = DEFINITIONAL_REPRESENTATION('',(#18366),#18370);
#18366 = LINE('',#18367,#18368);
#18367 = CARTESIAN_POINT('',(0.857949480791,0.));
#18368 = VECTOR('',#18369,1.);
#18369 = DIRECTION('',(0.,-1.));
#18370 = ( GEOMETRIC_REPRESENTATION_CONTEXT(2) 
PARAMETRIC_REPRESENTATION_CONTEXT() REPRESENTATION_CONTEXT('2D SPACE',''
  ) );
#18371 = PCURVE('',#3677,#18372);
#18372 = DEFINITIONAL_REPRESENTATION('',(#18373),#18377);
#18373 = LINE('',#18374,#18375);
#18374 = CARTESIAN_POINT('',(0.,0.));
#18375 = VECTOR('',#18376,1.);
#18376 = DIRECTION('',(0.,-1.));
#18377 = ( GEOMETRIC_REPRESENTATION_CONTEXT(2) 
PARAMETRIC_REPRESENTATION_CONTEXT() REPRESENTATION_CONTEXT('2D SPACE',''
  ) );
#18378 = ORIENTED_EDGE('',*,*,#3689,.F.);
#18379 = ADVANCED_FACE('',(#18380),#3338,.T.);
#18380 = FACE_BOUND('',#18381,.T.);
#18381 = EDGE_LOOP('',(#18382,#18383,#18404,#18405));
#18382 = ORIENTED_EDGE('',*,*,#3322,.F.);
#18383 = ORIENTED_EDGE('',*,*,#18384,.T.);
#18384 = EDGE_CURVE('',#3323,#9573,#18385,.T.);
#18385 = SURFACE_CURVE('',#18386,(#18390,#18397),.PCURVE_S1.);
#18386 = LINE('',#18387,#18388);
#18387 = CARTESIAN_POINT('',(-16.24730266576,2.138997975006,0.));
#18388 = VECTOR('',#18389,1.);
#18389 = DIRECTION('',(0.,0.,1.));
#18390 = PCURVE('',#3338,#18391);
#18391 = DEFINITIONAL_REPRESENTATION('',(#18392),#18396);
#18392 = LINE('',#18393,#18394);
#18393 = CARTESIAN_POINT('',(0.,0.));
#18394 = VECTOR('',#18395,1.);
#18395 = DIRECTION('',(0.,-1.));
#18396 = ( GEOMETRIC_REPRESENTATION_CONTEXT(2) 
PARAMETRIC_REPRESENTATION_CONTEXT() REPRESENTATION_CONTEXT('2D SPACE',''
  ) );
#18397 = PCURVE('',#3366,#18398);
#18398 = DEFINITIONAL_REPRESENTATION('',(#18399),#18403);
#18399 = LINE('',#18400,#18401);
#18400 = CARTESIAN_POINT('',(0.857949480791,0.));
#18401 = VECTOR('',#18402,1.);
#18402 = DIRECTION('',(0.,-1.));
#18403 = ( GEOMETRIC_REPRESENTATION_CONTEXT(2) 
PARAMETRIC_REPRESENTATION_CONTEXT() REPRESENTATION_CONTEXT('2D SPACE',''
  ) );
#18404 = ORIENTED_EDGE('',*,*,#9572,.T.);
#18405 = ORIENTED_EDGE('',*,*,#18334,.T.);
#18406 = ADVANCED_FACE('',(#18407),#3677,.T.);
#18407 = FACE_BOUND('',#18408,.T.);
#18408 = EDGE_LOOP('',(#18409,#18410,#18411,#18412));
#18409 = ORIENTED_EDGE('',*,*,#3661,.F.);
#18410 = ORIENTED_EDGE('',*,*,#18358,.T.);
#18411 = ORIENTED_EDGE('',*,*,#9851,.T.);
#18412 = ORIENTED_EDGE('',*,*,#18413,.T.);
#18413 = EDGE_CURVE('',#9828,#3633,#18414,.T.);
#18414 = SURFACE_CURVE('',#18415,(#18419,#18425),.PCURVE_S1.);
#18415 = LINE('',#18416,#18417);
#18416 = CARTESIAN_POINT('',(-18.28854128069,-3.389580774154,0.));
#18417 = VECTOR('',#18418,1.);
#18418 = DIRECTION('',(-0.,-0.,-1.));
#18419 = PCURVE('',#3677,#18420);
#18420 = DEFINITIONAL_REPRESENTATION('',(#18421),#18424);
#18421 = B_SPLINE_CURVE_WITH_KNOTS('',1,(#18422,#18423),.UNSPECIFIED.,
  .F.,.F.,(2,2),(-7.0000006,6.E-07),.PIECEWISE_BEZIER_KNOTS.);
#18422 = CARTESIAN_POINT('',(2.2125,-7.0000006));
#18423 = CARTESIAN_POINT('',(2.2125,6.E-07));
#18424 = ( GEOMETRIC_REPRESENTATION_CONTEXT(2) 
PARAMETRIC_REPRESENTATION_CONTEXT() REPRESENTATION_CONTEXT('2D SPACE',''
  ) );
#18425 = PCURVE('',#3649,#18426);
#18426 = DEFINITIONAL_REPRESENTATION('',(#18427),#18430);
#18427 = B_SPLINE_CURVE_WITH_KNOTS('',1,(#18428,#18429),.UNSPECIFIED.,
  .F.,.F.,(2,2),(-7.0000006,6.E-07),.PIECEWISE_BEZIER_KNOTS.);
#18428 = CARTESIAN_POINT('',(-3.324852225049,-7.0000006));
#18429 = CARTESIAN_POINT('',(-3.324852225049,6.E-07));
#18430 = ( GEOMETRIC_REPRESENTATION_CONTEXT(2) 
PARAMETRIC_REPRESENTATION_CONTEXT() REPRESENTATION_CONTEXT('2D SPACE',''
  ) );
#18431 = ADVANCED_FACE('',(#18432),#3366,.T.);
#18432 = FACE_BOUND('',#18433,.T.);
#18433 = EDGE_LOOP('',(#18434,#18455,#18456,#18457));
#18434 = ORIENTED_EDGE('',*,*,#18435,.T.);
#18435 = EDGE_CURVE('',#3351,#9596,#18436,.T.);
#18436 = SURFACE_CURVE('',#18437,(#18441,#18448),.PCURVE_S1.);
#18437 = LINE('',#18438,#18439);
#18438 = CARTESIAN_POINT('',(-16.33698280655,1.28574843124,0.));
#18439 = VECTOR('',#18440,1.);
#18440 = DIRECTION('',(0.,0.,1.));
#18441 = PCURVE('',#3366,#18442);
#18442 = DEFINITIONAL_REPRESENTATION('',(#18443),#18447);
#18443 = LINE('',#18444,#18445);
#18444 = CARTESIAN_POINT('',(0.,0.));
#18445 = VECTOR('',#18446,1.);
#18446 = DIRECTION('',(0.,-1.));
#18447 = ( GEOMETRIC_REPRESENTATION_CONTEXT(2) 
PARAMETRIC_REPRESENTATION_CONTEXT() REPRESENTATION_CONTEXT('2D SPACE',''
  ) );
#18448 = PCURVE('',#3394,#18449);
#18449 = DEFINITIONAL_REPRESENTATION('',(#18450),#18454);
#18450 = LINE('',#18451,#18452);
#18451 = CARTESIAN_POINT('',(4.0725,0.));
#18452 = VECTOR('',#18453,1.);
#18453 = DIRECTION('',(0.,-1.));
#18454 = ( GEOMETRIC_REPRESENTATION_CONTEXT(2) 
PARAMETRIC_REPRESENTATION_CONTEXT() REPRESENTATION_CONTEXT('2D SPACE',''
  ) );
#18455 = ORIENTED_EDGE('',*,*,#9595,.T.);
#18456 = ORIENTED_EDGE('',*,*,#18384,.F.);
#18457 = ORIENTED_EDGE('',*,*,#3350,.F.);
#18458 = ADVANCED_FACE('',(#18459),#3649,.T.);
#18459 = FACE_BOUND('',#18460,.F.);
#18460 = EDGE_LOOP('',(#18461,#18462,#18481,#18482));
#18461 = ORIENTED_EDGE('',*,*,#3632,.F.);
#18462 = ORIENTED_EDGE('',*,*,#18463,.F.);
#18463 = EDGE_CURVE('',#9805,#3605,#18464,.T.);
#18464 = SURFACE_CURVE('',#18465,(#18469,#18475),.PCURVE_S1.);
#18465 = LINE('',#18466,#18467);
#18466 = CARTESIAN_POINT('',(-18.44087442155,-2.427787175293,0.));
#18467 = VECTOR('',#18468,1.);
#18468 = DIRECTION('',(-0.,-0.,-1.));
#18469 = PCURVE('',#3649,#18470);
#18470 = DEFINITIONAL_REPRESENTATION('',(#18471),#18474);
#18471 = B_SPLINE_CURVE_WITH_KNOTS('',1,(#18472,#18473),.UNSPECIFIED.,
  .F.,.F.,(2,2),(-7.0000006,6.E-07),.PIECEWISE_BEZIER_KNOTS.);
#18472 = CARTESIAN_POINT('',(-3.272492347489,-7.0000006));
#18473 = CARTESIAN_POINT('',(-3.272492347489,6.E-07));
#18474 = ( GEOMETRIC_REPRESENTATION_CONTEXT(2) 
PARAMETRIC_REPRESENTATION_CONTEXT() REPRESENTATION_CONTEXT('2D SPACE',''
  ) );
#18475 = PCURVE('',#3620,#18476);
#18476 = DEFINITIONAL_REPRESENTATION('',(#18477),#18480);
#18477 = B_SPLINE_CURVE_WITH_KNOTS('',1,(#18478,#18479),.UNSPECIFIED.,
  .F.,.F.,(2,2),(-7.0000006,6.E-07),.PIECEWISE_BEZIER_KNOTS.);
#18478 = CARTESIAN_POINT('',(1.86,-7.0000006));
#18479 = CARTESIAN_POINT('',(1.86,6.E-07));
#18480 = ( GEOMETRIC_REPRESENTATION_CONTEXT(2) 
PARAMETRIC_REPRESENTATION_CONTEXT() REPRESENTATION_CONTEXT('2D SPACE',''
  ) );
#18481 = ORIENTED_EDGE('',*,*,#9827,.T.);
#18482 = ORIENTED_EDGE('',*,*,#18413,.T.);
#18483 = ADVANCED_FACE('',(#18484),#3394,.T.);
#18484 = FACE_BOUND('',#18485,.T.);
#18485 = EDGE_LOOP('',(#18486,#18487,#18506,#18507));
#18486 = ORIENTED_EDGE('',*,*,#3378,.F.);
#18487 = ORIENTED_EDGE('',*,*,#18488,.F.);
#18488 = EDGE_CURVE('',#9619,#3379,#18489,.T.);
#18489 = SURFACE_CURVE('',#18490,(#18494,#18500),.PCURVE_S1.);
#18490 = LINE('',#18491,#18492);
#18491 = CARTESIAN_POINT('',(-18.54266240743,1.459339180538,0.));
#18492 = VECTOR('',#18493,1.);
#18493 = DIRECTION('',(-0.,-0.,-1.));
#18494 = PCURVE('',#3394,#18495);
#18495 = DEFINITIONAL_REPRESENTATION('',(#18496),#18499);
#18496 = B_SPLINE_CURVE_WITH_KNOTS('',1,(#18497,#18498),.UNSPECIFIED.,
  .F.,.F.,(2,2),(-7.0000006,6.E-07),.PIECEWISE_BEZIER_KNOTS.);
#18497 = CARTESIAN_POINT('',(1.86,-7.0000006));
#18498 = CARTESIAN_POINT('',(1.86,6.E-07));
#18499 = ( GEOMETRIC_REPRESENTATION_CONTEXT(2) 
PARAMETRIC_REPRESENTATION_CONTEXT() REPRESENTATION_CONTEXT('2D SPACE',''
  ) );
#18500 = PCURVE('',#3423,#18501);
#18501 = DEFINITIONAL_REPRESENTATION('',(#18502),#18505);
#18502 = B_SPLINE_CURVE_WITH_KNOTS('',1,(#18503,#18504),.UNSPECIFIED.,
  .F.,.F.,(2,2),(-7.0000006,6.E-07),.PIECEWISE_BEZIER_KNOTS.);
#18503 = CARTESIAN_POINT('',(-3.06305283725,-7.0000006));
#18504 = CARTESIAN_POINT('',(-3.06305283725,6.E-07));
#18505 = ( GEOMETRIC_REPRESENTATION_CONTEXT(2) 
PARAMETRIC_REPRESENTATION_CONTEXT() REPRESENTATION_CONTEXT('2D SPACE',''
  ) );
#18506 = ORIENTED_EDGE('',*,*,#9618,.T.);
#18507 = ORIENTED_EDGE('',*,*,#18435,.F.);
#18508 = ADVANCED_FACE('',(#18509),#3620,.T.);
#18509 = FACE_BOUND('',#18510,.T.);
#18510 = EDGE_LOOP('',(#18511,#18512,#18513,#18514));
#18511 = ORIENTED_EDGE('',*,*,#3604,.F.);
#18512 = ORIENTED_EDGE('',*,*,#18463,.F.);
#18513 = ORIENTED_EDGE('',*,*,#9804,.T.);
#18514 = ORIENTED_EDGE('',*,*,#18515,.F.);
#18515 = EDGE_CURVE('',#3577,#9782,#18516,.T.);
#18516 = SURFACE_CURVE('',#18517,(#18521,#18528),.PCURVE_S1.);
#18517 = LINE('',#18518,#18519);
#18518 = CARTESIAN_POINT('',(-16.24730266576,-2.138997975006,0.));
#18519 = VECTOR('',#18520,1.);
#18520 = DIRECTION('',(0.,0.,1.));
#18521 = PCURVE('',#3620,#18522);
#18522 = DEFINITIONAL_REPRESENTATION('',(#18523),#18527);
#18523 = LINE('',#18524,#18525);
#18524 = CARTESIAN_POINT('',(4.0725,0.));
#18525 = VECTOR('',#18526,1.);
#18526 = DIRECTION('',(0.,-1.));
#18527 = ( GEOMETRIC_REPRESENTATION_CONTEXT(2) 
PARAMETRIC_REPRESENTATION_CONTEXT() REPRESENTATION_CONTEXT('2D SPACE',''
  ) );
#18528 = PCURVE('',#3592,#18529);
#18529 = DEFINITIONAL_REPRESENTATION('',(#18530),#18534);
#18530 = LINE('',#18531,#18532);
#18531 = CARTESIAN_POINT('',(0.,0.));
#18532 = VECTOR('',#18533,1.);
#18533 = DIRECTION('',(0.,-1.));
#18534 = ( GEOMETRIC_REPRESENTATION_CONTEXT(2) 
PARAMETRIC_REPRESENTATION_CONTEXT() REPRESENTATION_CONTEXT('2D SPACE',''
  ) );
#18535 = ADVANCED_FACE('',(#18536),#3423,.T.);
#18536 = FACE_BOUND('',#18537,.F.);
#18537 = EDGE_LOOP('',(#18538,#18539,#18540,#18541));
#18538 = ORIENTED_EDGE('',*,*,#3406,.F.);
#18539 = ORIENTED_EDGE('',*,*,#18488,.F.);
#18540 = ORIENTED_EDGE('',*,*,#9641,.T.);
#18541 = ORIENTED_EDGE('',*,*,#18542,.T.);
#18542 = EDGE_CURVE('',#9642,#3407,#18543,.T.);
#18543 = SURFACE_CURVE('',#18544,(#18548,#18554),.PCURVE_S1.);
#18544 = LINE('',#18545,#18546);
#18545 = CARTESIAN_POINT('',(-18.59362624454,0.486891238526,0.));
#18546 = VECTOR('',#18547,1.);
#18547 = DIRECTION('',(-0.,-0.,-1.));
#18548 = PCURVE('',#3423,#18549);
#18549 = DEFINITIONAL_REPRESENTATION('',(#18550),#18553);
#18550 = B_SPLINE_CURVE_WITH_KNOTS('',1,(#18551,#18552),.UNSPECIFIED.,
  .F.,.F.,(2,2),(-7.0000006,6.E-07),.PIECEWISE_BEZIER_KNOTS.);
#18551 = CARTESIAN_POINT('',(-3.11541271481,-7.0000006));
#18552 = CARTESIAN_POINT('',(-3.11541271481,6.E-07));
#18553 = ( GEOMETRIC_REPRESENTATION_CONTEXT(2) 
PARAMETRIC_REPRESENTATION_CONTEXT() REPRESENTATION_CONTEXT('2D SPACE',''
  ) );
#18554 = PCURVE('',#3451,#18555);
#18555 = DEFINITIONAL_REPRESENTATION('',(#18556),#18559);
#18556 = B_SPLINE_CURVE_WITH_KNOTS('',1,(#18557,#18558),.UNSPECIFIED.,
  .F.,.F.,(2,2),(-7.0000006,6.E-07),.PIECEWISE_BEZIER_KNOTS.);
#18557 = CARTESIAN_POINT('',(2.2125,-7.0000006));
#18558 = CARTESIAN_POINT('',(2.2125,6.E-07));
#18559 = ( GEOMETRIC_REPRESENTATION_CONTEXT(2) 
PARAMETRIC_REPRESENTATION_CONTEXT() REPRESENTATION_CONTEXT('2D SPACE',''
  ) );
#18560 = ADVANCED_FACE('',(#18561),#3592,.T.);
#18561 = FACE_BOUND('',#18562,.T.);
#18562 = EDGE_LOOP('',(#18563,#18564,#18565,#18586));
#18563 = ORIENTED_EDGE('',*,*,#18515,.T.);
#18564 = ORIENTED_EDGE('',*,*,#9781,.T.);
#18565 = ORIENTED_EDGE('',*,*,#18566,.F.);
#18566 = EDGE_CURVE('',#3549,#9759,#18567,.T.);
#18567 = SURFACE_CURVE('',#18568,(#18572,#18579),.PCURVE_S1.);
#18568 = LINE('',#18569,#18570);
#18569 = CARTESIAN_POINT('',(-16.33698280655,-1.28574843124,0.));
#18570 = VECTOR('',#18571,1.);
#18571 = DIRECTION('',(0.,0.,1.));
#18572 = PCURVE('',#3592,#18573);
#18573 = DEFINITIONAL_REPRESENTATION('',(#18574),#18578);
#18574 = LINE('',#18575,#18576);
#18575 = CARTESIAN_POINT('',(0.857949480791,0.));
#18576 = VECTOR('',#18577,1.);
#18577 = DIRECTION('',(0.,-1.));
#18578 = ( GEOMETRIC_REPRESENTATION_CONTEXT(2) 
PARAMETRIC_REPRESENTATION_CONTEXT() REPRESENTATION_CONTEXT('2D SPACE',''
  ) );
#18579 = PCURVE('',#3564,#18580);
#18580 = DEFINITIONAL_REPRESENTATION('',(#18581),#18585);
#18581 = LINE('',#18582,#18583);
#18582 = CARTESIAN_POINT('',(0.,0.));
#18583 = VECTOR('',#18584,1.);
#18584 = DIRECTION('',(0.,-1.));
#18585 = ( GEOMETRIC_REPRESENTATION_CONTEXT(2) 
PARAMETRIC_REPRESENTATION_CONTEXT() REPRESENTATION_CONTEXT('2D SPACE',''
  ) );
#18586 = ORIENTED_EDGE('',*,*,#3576,.F.);
#18587 = ADVANCED_FACE('',(#18588),#3451,.T.);
#18588 = FACE_BOUND('',#18589,.T.);
#18589 = EDGE_LOOP('',(#18590,#18591,#18612,#18613));
#18590 = ORIENTED_EDGE('',*,*,#3435,.F.);
#18591 = ORIENTED_EDGE('',*,*,#18592,.T.);
#18592 = EDGE_CURVE('',#3436,#9666,#18593,.T.);
#18593 = SURFACE_CURVE('',#18594,(#18598,#18605),.PCURVE_S1.);
#18594 = LINE('',#18595,#18596);
#18595 = CARTESIAN_POINT('',(-16.38188441303,0.428974740395,0.));
#18596 = VECTOR('',#18597,1.);
#18597 = DIRECTION('',(0.,0.,1.));
#18598 = PCURVE('',#3451,#18599);
#18599 = DEFINITIONAL_REPRESENTATION('',(#18600),#18604);
#18600 = LINE('',#18601,#18602);
#18601 = CARTESIAN_POINT('',(0.,0.));
#18602 = VECTOR('',#18603,1.);
#18603 = DIRECTION('',(0.,-1.));
#18604 = ( GEOMETRIC_REPRESENTATION_CONTEXT(2) 
PARAMETRIC_REPRESENTATION_CONTEXT() REPRESENTATION_CONTEXT('2D SPACE',''
  ) );
#18605 = PCURVE('',#3479,#18606);
#18606 = DEFINITIONAL_REPRESENTATION('',(#18607),#18611);
#18607 = LINE('',#18608,#18609);
#18608 = CARTESIAN_POINT('',(0.857949480791,0.));
#18609 = VECTOR('',#18610,1.);
#18610 = DIRECTION('',(0.,-1.));
#18611 = ( GEOMETRIC_REPRESENTATION_CONTEXT(2) 
PARAMETRIC_REPRESENTATION_CONTEXT() REPRESENTATION_CONTEXT('2D SPACE',''
  ) );
#18612 = ORIENTED_EDGE('',*,*,#9665,.T.);
#18613 = ORIENTED_EDGE('',*,*,#18542,.T.);
#18614 = ADVANCED_FACE('',(#18615),#3564,.T.);
#18615 = FACE_BOUND('',#18616,.T.);
#18616 = EDGE_LOOP('',(#18617,#18618,#18619,#18620));
#18617 = ORIENTED_EDGE('',*,*,#3548,.F.);
#18618 = ORIENTED_EDGE('',*,*,#18566,.T.);
#18619 = ORIENTED_EDGE('',*,*,#9758,.T.);
#18620 = ORIENTED_EDGE('',*,*,#18621,.T.);
#18621 = EDGE_CURVE('',#9735,#3520,#18622,.T.);
#18622 = SURFACE_CURVE('',#18623,(#18627,#18633),.PCURVE_S1.);
#18623 = LINE('',#18624,#18625);
#18624 = CARTESIAN_POINT('',(-18.54266240743,-1.459339180538,0.));
#18625 = VECTOR('',#18626,1.);
#18626 = DIRECTION('',(-0.,-0.,-1.));
#18627 = PCURVE('',#3564,#18628);
#18628 = DEFINITIONAL_REPRESENTATION('',(#18629),#18632);
#18629 = B_SPLINE_CURVE_WITH_KNOTS('',1,(#18630,#18631),.UNSPECIFIED.,
  .F.,.F.,(2,2),(-7.0000006,6.E-07),.PIECEWISE_BEZIER_KNOTS.);
#18630 = CARTESIAN_POINT('',(2.2125,-7.0000006));
#18631 = CARTESIAN_POINT('',(2.2125,6.E-07));
#18632 = ( GEOMETRIC_REPRESENTATION_CONTEXT(2) 
PARAMETRIC_REPRESENTATION_CONTEXT() REPRESENTATION_CONTEXT('2D SPACE',''
  ) );
#18633 = PCURVE('',#3536,#18634);
#18634 = DEFINITIONAL_REPRESENTATION('',(#18635),#18638);
#18635 = B_SPLINE_CURVE_WITH_KNOTS('',1,(#18636,#18637),.UNSPECIFIED.,
  .F.,.F.,(2,2),(-7.0000006,6.E-07),.PIECEWISE_BEZIER_KNOTS.);
#18636 = CARTESIAN_POINT('',(-3.22013246993,-7.0000006));
#18637 = CARTESIAN_POINT('',(-3.22013246993,6.E-07));
#18638 = ( GEOMETRIC_REPRESENTATION_CONTEXT(2) 
PARAMETRIC_REPRESENTATION_CONTEXT() REPRESENTATION_CONTEXT('2D SPACE',''
  ) );
#18639 = ADVANCED_FACE('',(#18640),#3479,.T.);
#18640 = FACE_BOUND('',#18641,.T.);
#18641 = EDGE_LOOP('',(#18642,#18663,#18664,#18665));
#18642 = ORIENTED_EDGE('',*,*,#18643,.T.);
#18643 = EDGE_CURVE('',#3464,#9689,#18644,.T.);
#18644 = SURFACE_CURVE('',#18645,(#18649,#18656),.PCURVE_S1.);
#18645 = LINE('',#18646,#18647);
#18646 = CARTESIAN_POINT('',(-16.38188441303,-0.428974740395,0.));
#18647 = VECTOR('',#18648,1.);
#18648 = DIRECTION('',(0.,0.,1.));
#18649 = PCURVE('',#3479,#18650);
#18650 = DEFINITIONAL_REPRESENTATION('',(#18651),#18655);
#18651 = LINE('',#18652,#18653);
#18652 = CARTESIAN_POINT('',(0.,0.));
#18653 = VECTOR('',#18654,1.);
#18654 = DIRECTION('',(0.,-1.));
#18655 = ( GEOMETRIC_REPRESENTATION_CONTEXT(2) 
PARAMETRIC_REPRESENTATION_CONTEXT() REPRESENTATION_CONTEXT('2D SPACE',''
  ) );
#18656 = PCURVE('',#3507,#18657);
#18657 = DEFINITIONAL_REPRESENTATION('',(#18658),#18662);
#18658 = LINE('',#18659,#18660);
#18659 = CARTESIAN_POINT('',(4.0725,0.));
#18660 = VECTOR('',#18661,1.);
#18661 = DIRECTION('',(0.,-1.));
#18662 = ( GEOMETRIC_REPRESENTATION_CONTEXT(2) 
PARAMETRIC_REPRESENTATION_CONTEXT() REPRESENTATION_CONTEXT('2D SPACE',''
  ) );
#18663 = ORIENTED_EDGE('',*,*,#9688,.T.);
#18664 = ORIENTED_EDGE('',*,*,#18592,.F.);
#18665 = ORIENTED_EDGE('',*,*,#3463,.F.);
#18666 = ADVANCED_FACE('',(#18667),#3536,.T.);
#18667 = FACE_BOUND('',#18668,.F.);
#18668 = EDGE_LOOP('',(#18669,#18670,#18689,#18690));
#18669 = ORIENTED_EDGE('',*,*,#3519,.F.);
#18670 = ORIENTED_EDGE('',*,*,#18671,.F.);
#18671 = EDGE_CURVE('',#9712,#3492,#18672,.T.);
#18672 = SURFACE_CURVE('',#18673,(#18677,#18683),.PCURVE_S1.);
#18673 = LINE('',#18674,#18675);
#18674 = CARTESIAN_POINT('',(-18.59362624454,-0.486891238526,0.));
#18675 = VECTOR('',#18676,1.);
#18676 = DIRECTION('',(-0.,-0.,-1.));
#18677 = PCURVE('',#3536,#18678);
#18678 = DEFINITIONAL_REPRESENTATION('',(#18679),#18682);
#18679 = B_SPLINE_CURVE_WITH_KNOTS('',1,(#18680,#18681),.UNSPECIFIED.,
  .F.,.F.,(2,2),(-7.0000006,6.E-07),.PIECEWISE_BEZIER_KNOTS.);
#18680 = CARTESIAN_POINT('',(-3.16777259237,-7.0000006));
#18681 = CARTESIAN_POINT('',(-3.16777259237,6.E-07));
#18682 = ( GEOMETRIC_REPRESENTATION_CONTEXT(2) 
PARAMETRIC_REPRESENTATION_CONTEXT() REPRESENTATION_CONTEXT('2D SPACE',''
  ) );
#18683 = PCURVE('',#3507,#18684);
#18684 = DEFINITIONAL_REPRESENTATION('',(#18685),#18688);
#18685 = B_SPLINE_CURVE_WITH_KNOTS('',1,(#18686,#18687),.UNSPECIFIED.,
  .F.,.F.,(2,2),(-7.0000006,6.E-07),.PIECEWISE_BEZIER_KNOTS.);
#18686 = CARTESIAN_POINT('',(1.86,-7.0000006));
#18687 = CARTESIAN_POINT('',(1.86,6.E-07));
#18688 = ( GEOMETRIC_REPRESENTATION_CONTEXT(2) 
PARAMETRIC_REPRESENTATION_CONTEXT() REPRESENTATION_CONTEXT('2D SPACE',''
  ) );
#18689 = ORIENTED_EDGE('',*,*,#9734,.T.);
#18690 = ORIENTED_EDGE('',*,*,#18621,.T.);
#18691 = ADVANCED_FACE('',(#18692),#3507,.T.);
#18692 = FACE_BOUND('',#18693,.T.);
#18693 = EDGE_LOOP('',(#18694,#18695,#18696,#18697));
#18694 = ORIENTED_EDGE('',*,*,#3491,.F.);
#18695 = ORIENTED_EDGE('',*,*,#18671,.F.);
#18696 = ORIENTED_EDGE('',*,*,#9711,.T.);
#18697 = ORIENTED_EDGE('',*,*,#18643,.F.);
#18698 = ADVANCED_FACE('',(#18699),#6902,.F.);
#18699 = FACE_BOUND('',#18700,.F.);
#18700 = EDGE_LOOP('',(#18701,#18702,#18723,#18724));
#18701 = ORIENTED_EDGE('',*,*,#6881,.F.);
#18702 = ORIENTED_EDGE('',*,*,#18703,.F.);
#18703 = EDGE_CURVE('',#12502,#6882,#18704,.T.);
#18704 = SEAM_CURVE('',#18705,(#18709,#18716),.PCURVE_S1.);
#18705 = LINE('',#18706,#18707);
#18706 = CARTESIAN_POINT('',(-2.6,-6.368163355566E-16,7.));
#18707 = VECTOR('',#18708,1.);
#18708 = DIRECTION('',(0.,0.,-1.));
#18709 = PCURVE('',#6902,#18710);
#18710 = DEFINITIONAL_REPRESENTATION('',(#18711),#18715);
#18711 = LINE('',#18712,#18713);
#18712 = CARTESIAN_POINT('',(6.28318530718,-0.));
#18713 = VECTOR('',#18714,1.);
#18714 = DIRECTION('',(0.,1.));
#18715 = ( GEOMETRIC_REPRESENTATION_CONTEXT(2) 
PARAMETRIC_REPRESENTATION_CONTEXT() REPRESENTATION_CONTEXT('2D SPACE',''
  ) );
#18716 = PCURVE('',#6902,#18717);
#18717 = DEFINITIONAL_REPRESENTATION('',(#18718),#18722);
#18718 = LINE('',#18719,#18720);
#18719 = CARTESIAN_POINT('',(0.,-0.));
#18720 = VECTOR('',#18721,1.);
#18721 = DIRECTION('',(0.,1.));
#18722 = ( GEOMETRIC_REPRESENTATION_CONTEXT(2) 
PARAMETRIC_REPRESENTATION_CONTEXT() REPRESENTATION_CONTEXT('2D SPACE',''
  ) );
#18723 = ORIENTED_EDGE('',*,*,#12501,.T.);
#18724 = ORIENTED_EDGE('',*,*,#18703,.T.);
#18725 = ( GEOMETRIC_REPRESENTATION_CONTEXT(3) 
GLOBAL_UNCERTAINTY_ASSIGNED_CONTEXT((#18729)) 
GLOBAL_UNIT_ASSIGNED_CONTEXT((#18726,#18727,#18728)) 
REPRESENTATION_CONTEXT('Context #1',
  '3D Context with UNIT and UNCERTAINTY') );
#18726 = ( LENGTH_UNIT() NAMED_UNIT(*) SI_UNIT(.MILLI.,.METRE.) );
#18727 = ( NAMED_UNIT(*) PLANE_ANGLE_UNIT() SI_UNIT($,.RADIAN.) );
#18728 = ( NAMED_UNIT(*) SI_UNIT($,.STERADIAN.) SOLID_ANGLE_UNIT() );
#18729 = UNCERTAINTY_MEASURE_WITH_UNIT(LENGTH_MEASURE(1.E-07),#18726,
  'distance_accuracy_value','confusion accuracy');
#18730 = PRODUCT_RELATED_PRODUCT_CATEGORY('part',$,(#7));
ENDSEC;
END-ISO-10303-21;
