ISO-10303-21;
HEADER;
FILE_DESCRIPTION(('Open CASCADE Model'),'2;1');
FILE_NAME('Open CASCADE Shape Model','2026-03-26T22:33:06',('Author'),(
    'Open CASCADE'),'Open CASCADE STEP processor 7.8','Open CASCADE 7.8'
  ,'Unknown');
FILE_SCHEMA(('AUTOMOTIVE_DESIGN { 1 0 10303 214 1 1 1 1 }'));
ENDSEC;
DATA;
#1 = APPLICATION_PROTOCOL_DEFINITION('international standard',
  'automotive_design',2000,#2);
#2 = APPLICATION_CONTEXT(
  'core data for automotive mechanical design processes');
#3 = SHAPE_DEFINITION_REPRESENTATION(#4,#10);
#4 = PRODUCT_DEFINITION_SHAPE('','',#5);
#5 = PRODUCT_DEFINITION('design','',#6,#9);
#6 = PRODUCT_DEFINITION_FORMATION('','',#7);
#7 = PRODUCT('Open CASCADE STEP translator 7.8 1',
  'Open CASCADE STEP translator 7.8 1','',(#8));
#8 = PRODUCT_CONTEXT('',#2,'mechanical');
#9 = PRODUCT_DEFINITION_CONTEXT('part definition',#2,'design');
#10 = ADVANCED_BREP_SHAPE_REPRESENTATION('',(#11,#15),#3345);
#11 = AXIS2_PLACEMENT_3D('',#12,#13,#14);
#12 = CARTESIAN_POINT('',(0.,0.,0.));
#13 = DIRECTION('',(0.,0.,1.));
#14 = DIRECTION('',(1.,0.,-0.));
#15 = MANIFOLD_SOLID_BREP('',#16);
#16 = CLOSED_SHELL('',(#17,#1584,#1683,#1718,#1722,#3261,#3295,#3301,
    #3335,#3341));
#17 = ADVANCED_FACE('',(#18),#32,.T.);
#18 = FACE_BOUND('',#19,.T.);
#19 = EDGE_LOOP('',(#20,#50,#77,#78,#819,#842,#1078,#1101,#1128,#1129,
    #1254,#1356,#1357,#1461));
#20 = ORIENTED_EDGE('',*,*,#21,.F.);
#21 = EDGE_CURVE('',#22,#24,#26,.T.);
#22 = VERTEX_POINT('',#23);
#23 = CARTESIAN_POINT('',(42.5,0.,0.));
#24 = VERTEX_POINT('',#25);
#25 = CARTESIAN_POINT('',(43.277881885158,0.,20.224929014108));
#26 = SEAM_CURVE('',#27,(#31,#43),.PCURVE_S1.);
#27 = LINE('',#28,#29);
#28 = CARTESIAN_POINT('',(42.5,0.,0.));
#29 = VECTOR('',#30,1.);
#30 = DIRECTION('',(3.84331221012E-02,0.,0.999261174631));
#31 = PCURVE('',#32,#37);
#32 = CONICAL_SURFACE('',#33,42.5,3.844259002119E-02);
#33 = AXIS2_PLACEMENT_3D('',#34,#35,#36);
#34 = CARTESIAN_POINT('',(0.,0.,0.));
#35 = DIRECTION('',(0.,0.,1.));
#36 = DIRECTION('',(1.,0.,0.));
#37 = DEFINITIONAL_REPRESENTATION('',(#38),#42);
#38 = LINE('',#39,#40);
#39 = CARTESIAN_POINT('',(0.,0.));
#40 = VECTOR('',#41,1.);
#41 = DIRECTION('',(0.,1.));
#42 = ( GEOMETRIC_REPRESENTATION_CONTEXT(2) 
PARAMETRIC_REPRESENTATION_CONTEXT() REPRESENTATION_CONTEXT('2D SPACE',''
  ) );
#43 = PCURVE('',#32,#44);
#44 = DEFINITIONAL_REPRESENTATION('',(#45),#49);
#45 = LINE('',#46,#47);
#46 = CARTESIAN_POINT('',(6.28318530718,0.));
#47 = VECTOR('',#48,1.);
#48 = DIRECTION('',(0.,1.));
#49 = ( GEOMETRIC_REPRESENTATION_CONTEXT(2) 
PARAMETRIC_REPRESENTATION_CONTEXT() REPRESENTATION_CONTEXT('2D SPACE',''
  ) );
#50 = ORIENTED_EDGE('',*,*,#51,.T.);
#51 = EDGE_CURVE('',#22,#22,#52,.T.);
#52 = SURFACE_CURVE('',#53,(#58,#65),.PCURVE_S1.);
#53 = CIRCLE('',#54,42.5);
#54 = AXIS2_PLACEMENT_3D('',#55,#56,#57);
#55 = CARTESIAN_POINT('',(0.,0.,0.));
#56 = DIRECTION('',(0.,0.,1.));
#57 = DIRECTION('',(1.,0.,0.));
#58 = PCURVE('',#32,#59);
#59 = DEFINITIONAL_REPRESENTATION('',(#60),#64);
#60 = LINE('',#61,#62);
#61 = CARTESIAN_POINT('',(0.,0.));
#62 = VECTOR('',#63,1.);
#63 = DIRECTION('',(1.,0.));
#64 = ( GEOMETRIC_REPRESENTATION_CONTEXT(2) 
PARAMETRIC_REPRESENTATION_CONTEXT() REPRESENTATION_CONTEXT('2D SPACE',''
  ) );
#65 = PCURVE('',#66,#71);
#66 = PLANE('',#67);
#67 = AXIS2_PLACEMENT_3D('',#68,#69,#70);
#68 = CARTESIAN_POINT('',(0.,0.,0.));
#69 = DIRECTION('',(0.,0.,1.));
#70 = DIRECTION('',(1.,0.,0.));
#71 = DEFINITIONAL_REPRESENTATION('',(#72),#76);
#72 = CIRCLE('',#73,42.5);
#73 = AXIS2_PLACEMENT_2D('',#74,#75);
#74 = CARTESIAN_POINT('',(0.,0.));
#75 = DIRECTION('',(1.,0.));
#76 = ( GEOMETRIC_REPRESENTATION_CONTEXT(2) 
PARAMETRIC_REPRESENTATION_CONTEXT() REPRESENTATION_CONTEXT('2D SPACE',''
  ) );
#77 = ORIENTED_EDGE('',*,*,#21,.T.);
#78 = ORIENTED_EDGE('',*,*,#79,.F.);
#79 = EDGE_CURVE('',#80,#24,#82,.T.);
#80 = VERTEX_POINT('',#81);
#81 = CARTESIAN_POINT('',(43.811707978436,0.,34.104407439337));
#82 = SURFACE_CURVE('',#83,(#158,#236),.PCURVE_S1.);
#83 = B_SPLINE_CURVE_WITH_KNOTS('',7,(#84,#85,#86,#87,#88,#89,#90,#91,
    #92,#93,#94,#95,#96,#97,#98,#99,#100,#101,#102,#103,#104,#105,#106,
    #107,#108,#109,#110,#111,#112,#113,#114,#115,#116,#117,#118,#119,
    #120,#121,#122,#123,#124,#125,#126,#127,#128,#129,#130,#131,#132,
    #133,#134,#135,#136,#137,#138,#139,#140,#141,#142,#143,#144,#145,
    #146,#147,#148,#149,#150,#151,#152,#153,#154,#155,#156,#157),
  .UNSPECIFIED.,.F.,.F.,(8,6,6,6,6,6,6,6,6,6,6,6,8),(0.,0.1024997271,
    0.169363089256,0.257688845465,0.32739488622,0.382576686191,
    0.522544615851,0.662502790278,0.713208103738,0.776498558499,
    0.853045846117,0.910981829921,1.),.UNSPECIFIED.);
#84 = CARTESIAN_POINT('',(43.811707978436,-9.769962616701E-15,
    34.104407439337));
#85 = CARTESIAN_POINT('',(43.811707978436,-0.391035823464,
    34.104407439337));
#86 = CARTESIAN_POINT('',(43.806696620935,-0.782253963164,
    34.079979618942));
#87 = CARTESIAN_POINT('',(43.796665486162,-1.169462254135,
    34.031083708294));
#88 = CARTESIAN_POINT('',(43.781902772019,-1.549196808809,
    33.958667488989));
#89 = CARTESIAN_POINT('',(43.762900142549,-1.91858418024,33.864223377197
    ));
#90 = CARTESIAN_POINT('',(43.740268660989,-2.275290737415,
    33.749639319693));
#91 = CARTESIAN_POINT('',(43.697973587989,-2.840701217441,
    33.530584427563));
#92 = CARTESIAN_POINT('',(43.680005211239,-3.057858300371,
    33.436403797137));
#93 = CARTESIAN_POINT('',(43.660939220695,-3.268549561176,
    33.335061526404));
#94 = CARTESIAN_POINT('',(43.640950817994,-3.472491844758,
    33.227100853595));
#95 = CARTESIAN_POINT('',(43.620209429885,-3.669499197853,
    33.113049066972));
#96 = CARTESIAN_POINT('',(43.598873498098,-3.859465361799,
    32.993401036522));
#97 = CARTESIAN_POINT('',(43.548309765539,-4.28394136875,32.703757356749
    ));
#98 = CARTESIAN_POINT('',(43.518750231914,-4.513146905791,
    32.529948494602));
#99 = CARTESIAN_POINT('',(43.488741421207,-4.729916014397,
    32.348201381292));
#100 = CARTESIAN_POINT('',(43.458579968357,-4.934306583003,
    32.159448790167));
#101 = CARTESIAN_POINT('',(43.428526152776,-5.126462861335,
    31.964523950956));
#102 = CARTESIAN_POINT('',(43.398802858559,-5.306592130167,
    31.764148387015));
#103 = CARTESIAN_POINT('',(43.346543539129,-5.607801360654,
    31.396954815416));
#104 = CARTESIAN_POINT('',(43.32381539306,-5.733313426383,
    31.231980814247));
#105 = CARTESIAN_POINT('',(43.301502481822,-5.85159383356,31.06430013521
    ));
#106 = CARTESIAN_POINT('',(43.279686105291,-5.962759358877,
    30.894189763179));
#107 = CARTESIAN_POINT('',(43.258437210639,-6.066926269021,
    30.721901060875));
#108 = CARTESIAN_POINT('',(43.237817125095,-6.164209299263,
    30.547659547982));
#109 = CARTESIAN_POINT('',(43.202093991264,-6.326372646812,
    30.23234083569));
#110 = CARTESIAN_POINT('',(43.186737060194,-6.393779379821,
    30.091921109059));
#111 = CARTESIAN_POINT('',(43.171833481641,-6.456995563879,
    29.950506068361));
#112 = CARTESIAN_POINT('',(43.157406522315,-6.516072954867,
    29.808190271618));
#113 = CARTESIAN_POINT('',(43.143476729498,-6.571060331748,
    29.665062266875));
#114 = CARTESIAN_POINT('',(43.130061931038,-6.622003496565,29.5212045922
    ));
#115 = CARTESIAN_POINT('',(43.084495369601,-6.78801249349,
    29.010143938372));
#116 = CARTESIAN_POINT('',(43.055229276074,-6.881319134006,
    28.639443584098));
#117 = CARTESIAN_POINT('',(43.029621823483,-6.949595452556,
    28.265778878569));
#118 = CARTESIAN_POINT('',(43.00783347341,-6.993365645091,27.89024522315
    ));
#119 = CARTESIAN_POINT('',(42.989949513763,-7.013017749241,
    27.513854652472));
#120 = CARTESIAN_POINT('',(42.975989151293,-7.0088035988,27.137538337281
    ));
#121 = CARTESIAN_POINT('',(42.955844477153,-6.952736015942,
    26.386776211341));
#122 = CARTESIAN_POINT('',(42.949662292638,-6.900893145468,
    26.012430508757));
#123 = CARTESIAN_POINT('',(42.947329904046,-6.825309783179,
    25.63993849793));
#124 = CARTESIAN_POINT('',(42.948757984762,-6.725853519522,
    25.270237736687));
#125 = CARTESIAN_POINT('',(42.953799827755,-6.602250415212,
    24.904364536274));
#126 = CARTESIAN_POINT('',(42.962245579118,-6.454056416217,
    24.543460635178));
#127 = CARTESIAN_POINT('',(42.978011602878,-6.217676548577,
    24.060302078788));
#128 = CARTESIAN_POINT('',(42.982614618263,-6.151493188537,
    23.932636497175));
#129 = CARTESIAN_POINT('',(42.987614600516,-6.081957411863,
    23.80586084988));
#130 = CARTESIAN_POINT('',(42.992996820873,-6.009033910814,
    23.68004447878));
#131 = CARTESIAN_POINT('',(42.998745032014,-5.932684317654,
    23.555262410961));
#132 = CARTESIAN_POINT('',(43.00484146806,-5.85286720465,23.43159535872)
  );
#133 = CARTESIAN_POINT('',(43.019287009998,-5.665526540181,23.1562679095
    ));
#134 = CARTESIAN_POINT('',(43.02781933913,-5.55604603983,23.005282244026
    ));
#135 = CARTESIAN_POINT('',(43.036826235132,-5.441007104081,
    22.856337757077));
#136 = CARTESIAN_POINT('',(43.046265470524,-5.320317974622,
    22.709623211041));
#137 = CARTESIAN_POINT('',(43.056089713947,-5.193884543278,
    22.565351214627));
#138 = CARTESIAN_POINT('',(43.066246056932,-5.061610281518,
    22.42375834074));
#139 = CARTESIAN_POINT('',(43.089289586394,-4.756231699598,
    22.117409839289));
#140 = CARTESIAN_POINT('',(43.102301711252,-4.58039562008,
    21.954032206474));
#141 = CARTESIAN_POINT('',(43.115609156372,-4.395702684955,
    21.795419876873));
#142 = CARTESIAN_POINT('',(43.129092062877,-4.201998436595,
    21.642116612327));
#143 = CARTESIAN_POINT('',(43.14261381603,-3.999173331822,
    21.494753800615));
#144 = CARTESIAN_POINT('',(43.156021389379,-3.78717686754,
    21.354041850513));
#145 = CARTESIAN_POINT('',(43.179079015465,-3.398654613391,
    21.119886383606));
#146 = CARTESIAN_POINT('',(43.188849309874,-3.22605141187,
    21.023277168947));
#147 = CARTESIAN_POINT('',(43.198382948576,-3.048244635326,
    20.931277945648));
#148 = CARTESIAN_POINT('',(43.207600321799,-2.865307309157,
    20.844267674719));
#149 = CARTESIAN_POINT('',(43.216416907307,-2.677371606416,
    20.762651546386));
#150 = CARTESIAN_POINT('',(43.224745774309,-2.484641319096,
    20.686848024862));
#151 = CARTESIAN_POINT('',(43.244418154167,-1.984360969525,
    20.510368156177));
#152 = CARTESIAN_POINT('',(43.254989739216,-1.67047855998,
    20.418092806912));
#153 = CARTESIAN_POINT('',(43.263890821213,-1.347119996302,
    20.342103143475));
#154 = CARTESIAN_POINT('',(43.270817947635,-1.016016379819,
    20.283865157749));
#155 = CARTESIAN_POINT('',(43.275528557029,-0.679304345586,
    20.244566100146));
#156 = CARTESIAN_POINT('',(43.277881885158,-0.339583816623,
    20.224929014108));
#157 = CARTESIAN_POINT('',(43.277881885158,0.,20.224929014108));
#158 = PCURVE('',#32,#159);
#159 = DEFINITIONAL_REPRESENTATION('',(#160),#235);
#160 = B_SPLINE_CURVE_WITH_KNOTS('',7,(#161,#162,#163,#164,#165,#166,
    #167,#168,#169,#170,#171,#172,#173,#174,#175,#176,#177,#178,#179,
    #180,#181,#182,#183,#184,#185,#186,#187,#188,#189,#190,#191,#192,
    #193,#194,#195,#196,#197,#198,#199,#200,#201,#202,#203,#204,#205,
    #206,#207,#208,#209,#210,#211,#212,#213,#214,#215,#216,#217,#218,
    #219,#220,#221,#222,#223,#224,#225,#226,#227,#228,#229,#230,#231,
    #232,#233,#234),.UNSPECIFIED.,.F.,.F.,(8,6,6,6,6,6,6,6,6,6,6,6,8),(
    0.,0.1024997271,0.169363089256,0.257688845465,0.32739488622,
    0.382576686191,0.522544615851,0.662502790278,0.713208103738,
    0.776498558499,0.853045846117,0.910981829921,1.),.UNSPECIFIED.);
#161 = CARTESIAN_POINT('',(6.28318530718,34.104407439337));
#162 = CARTESIAN_POINT('',(6.274259934454,34.104407439337));
#163 = CARTESIAN_POINT('',(6.265330400296,34.079979618942));
#164 = CARTESIAN_POINT('',(6.256490426001,34.031083708295));
#165 = CARTESIAN_POINT('',(6.247817099025,33.958667488988));
#166 = CARTESIAN_POINT('',(6.239374497197,33.864223377198));
#167 = CARTESIAN_POINT('',(6.231215006265,33.749639319693));
#168 = CARTESIAN_POINT('',(6.218269374263,33.530584427563));
#169 = CARTESIAN_POINT('',(6.213294089333,33.436403797137));
#170 = CARTESIAN_POINT('',(6.208463461586,33.335061526404));
#171 = CARTESIAN_POINT('',(6.203783950809,33.227100853595));
#172 = CARTESIAN_POINT('',(6.199259877108,33.113049066972));
#173 = CARTESIAN_POINT('',(6.194893802106,32.993401036522));
#174 = CARTESIAN_POINT('',(6.185129382235,32.703757356749));
#175 = CARTESIAN_POINT('',(6.179850218696,32.529948494602));
#176 = CARTESIAN_POINT('',(6.174850888797,32.348201381292));
#177 = CARTESIAN_POINT('',(6.170130596365,32.159448790167));
#178 = CARTESIAN_POINT('',(6.165686646411,31.964523950956));
#179 = CARTESIAN_POINT('',(6.16151492832,31.764148387015));
#180 = CARTESIAN_POINT('',(6.15452897308,31.396954815416));
#181 = CARTESIAN_POINT('',(6.151614215381,31.231980814247));
#182 = CARTESIAN_POINT('',(6.148863770231,31.06430013521));
#183 = CARTESIAN_POINT('',(6.14627526936,30.894189763179));
#184 = CARTESIAN_POINT('',(6.14384634969,30.721901060875));
#185 = CARTESIAN_POINT('',(6.14157467108,30.547659547982));
#186 = CARTESIAN_POINT('',(6.137782249212,30.23234083569));
#187 = CARTESIAN_POINT('',(6.136203700177,30.091921109059));
#188 = CARTESIAN_POINT('',(6.13472116895,29.950506068361));
#189 = CARTESIAN_POINT('',(6.133333599205,29.808190271618));
#190 = CARTESIAN_POINT('',(6.132039996313,29.665062266875));
#191 = CARTESIAN_POINT('',(6.130839427345,29.5212045922));
#192 = CARTESIAN_POINT('',(6.126919562724,29.010143938372));
#193 = CARTESIAN_POINT('',(6.124701447585,28.639443584098));
#194 = CARTESIAN_POINT('',(6.123061711786,28.265778878569));
#195 = CARTESIAN_POINT('',(6.121989851817,27.89024522315));
#196 = CARTESIAN_POINT('',(6.121478184192,27.513854652472));
#197 = CARTESIAN_POINT('',(6.121521847296,27.137538337281));
#198 = CARTESIAN_POINT('',(6.122719001845,26.386776211341));
#199 = CARTESIAN_POINT('',(6.123872261848,26.012430508757));
#200 = CARTESIAN_POINT('',(6.125579269742,25.63993849793));
#201 = CARTESIAN_POINT('',(6.127843464771,25.270237736687));
#202 = CARTESIAN_POINT('',(6.130671282976,24.904364536274));
#203 = CARTESIAN_POINT('',(6.134072835254,24.543460635178));
#204 = CARTESIAN_POINT('',(6.13951085659,24.060302078788));
#205 = CARTESIAN_POINT('',(6.141034446208,23.932636497175));
#206 = CARTESIAN_POINT('',(6.142636157926,23.80586084988));
#207 = CARTESIAN_POINT('',(6.144316786431,23.68004447878));
#208 = CARTESIAN_POINT('',(6.146077193658,23.555262410961));
#209 = CARTESIAN_POINT('',(6.147918308783,23.43159535872));
#210 = CARTESIAN_POINT('',(6.152241194585,23.1562679095));
#211 = CARTESIAN_POINT('',(6.154768492895,23.005282244026));
#212 = CARTESIAN_POINT('',(6.157425029992,22.856337757077));
#213 = CARTESIAN_POINT('',(6.160212857655,22.709623211041));
#214 = CARTESIAN_POINT('',(6.163134075475,22.565351214627));
#215 = CARTESIAN_POINT('',(6.166190833718,22.42375834074));
#216 = CARTESIAN_POINT('',(6.173248959882,22.117409839289));
#217 = CARTESIAN_POINT('',(6.177313677952,21.954032206474));
#218 = CARTESIAN_POINT('',(6.181583623552,21.795419876873));
#219 = CARTESIAN_POINT('',(6.186062208025,21.642116612327));
#220 = CARTESIAN_POINT('',(6.190751803098,21.494753800615));
#221 = CARTESIAN_POINT('',(6.195653423062,21.354041850513));
#222 = CARTESIAN_POINT('',(6.204636246907,21.119886383606));
#223 = CARTESIAN_POINT('',(6.208626826472,21.023277168947));
#224 = CARTESIAN_POINT('',(6.212737565901,20.931277945648));
#225 = CARTESIAN_POINT('',(6.216966724123,20.844267674719));
#226 = CARTESIAN_POINT('',(6.221311202495,20.762651546386));
#227 = CARTESIAN_POINT('',(6.225766260017,20.686848024862));
#228 = CARTESIAN_POINT('',(6.237329822171,20.510368156177));
#229 = CARTESIAN_POINT('',(6.244584342568,20.418092806912));
#230 = CARTESIAN_POINT('',(6.252057233523,20.342103143475));
#231 = CARTESIAN_POINT('',(6.259708519877,20.283865157749));
#232 = CARTESIAN_POINT('',(6.267488967178,20.244566100146));
#233 = CARTESIAN_POINT('',(6.275338716685,20.224929014108));
#234 = CARTESIAN_POINT('',(6.28318530718,20.224929014108));
#235 = ( GEOMETRIC_REPRESENTATION_CONTEXT(2) 
PARAMETRIC_REPRESENTATION_CONTEXT() REPRESENTATION_CONTEXT('2D SPACE',''
  ) );
#236 = PCURVE('',#237,#742);
#237 = ( BOUNDED_SURFACE() B_SPLINE_SURFACE(6,10,(
    (#238,#239,#240,#241,#242,#243,#244,#245,#246,#247,#248,#249,#250
      ,#251,#252,#253,#254,#255,#256,#257,#258,#259,#260,#261,#262,#263
      ,#264,#265,#266,#267,#268,#269,#270,#271,#272,#273,#274,#275,#276
      ,#277,#278,#279,#280,#281,#282,#283,#284,#285,#286,#287,#288,#289
      ,#290,#291,#292,#293,#294,#295,#296,#297,#298,#299,#300,#301,#302
      ,#303,#304,#305,#306,#307,#308,#309)
    ,(#310,#311,#312,#313,#314,#315,#316,#317,#318,#319,#320,#321,#322
      ,#323,#324,#325,#326,#327,#328,#329,#330,#331,#332,#333,#334,#335
      ,#336,#337,#338,#339,#340,#341,#342,#343,#344,#345,#346,#347,#348
      ,#349,#350,#351,#352,#353,#354,#355,#356,#357,#358,#359,#360,#361
      ,#362,#363,#364,#365,#366,#367,#368,#369,#370,#371,#372,#373,#374
      ,#375,#376,#377,#378,#379,#380,#381)
    ,(#382,#383,#384,#385,#386,#387,#388,#389,#390,#391,#392,#393,#394
      ,#395,#396,#397,#398,#399,#400,#401,#402,#403,#404,#405,#406,#407
      ,#408,#409,#410,#411,#412,#413,#414,#415,#416,#417,#418,#419,#420
      ,#421,#422,#423,#424,#425,#426,#427,#428,#429,#430,#431,#432,#433
      ,#434,#435,#436,#437,#438,#439,#440,#441,#442,#443,#444,#445,#446
      ,#447,#448,#449,#450,#451,#452,#453)
    ,(#454,#455,#456,#457,#458,#459,#460,#461,#462,#463,#464,#465,#466
      ,#467,#468,#469,#470,#471,#472,#473,#474,#475,#476,#477,#478,#479
      ,#480,#481,#482,#483,#484,#485,#486,#487,#488,#489,#490,#491,#492
      ,#493,#494,#495,#496,#497,#498,#499,#500,#501,#502,#503,#504,#505
      ,#506,#507,#508,#509,#510,#511,#512,#513,#514,#515,#516,#517,#518
      ,#519,#520,#521,#522,#523,#524,#525)
    ,(#526,#527,#528,#529,#530,#531,#532,#533,#534,#535,#536,#537,#538
      ,#539,#540,#541,#542,#543,#544,#545,#546,#547,#548,#549,#550,#551
      ,#552,#553,#554,#555,#556,#557,#558,#559,#560,#561,#562,#563,#564
      ,#565,#566,#567,#568,#569,#570,#571,#572,#573,#574,#575,#576,#577
      ,#578,#579,#580,#581,#582,#583,#584,#585,#586,#587,#588,#589,#590
      ,#591,#592,#593,#594,#595,#596,#597)
    ,(#598,#599,#600,#601,#602,#603,#604,#605,#606,#607,#608,#609,#610
      ,#611,#612,#613,#614,#615,#616,#617,#618,#619,#620,#621,#622,#623
      ,#624,#625,#626,#627,#628,#629,#630,#631,#632,#633,#634,#635,#636
      ,#637,#638,#639,#640,#641,#642,#643,#644,#645,#646,#647,#648,#649
      ,#650,#651,#652,#653,#654,#655,#656,#657,#658,#659,#660,#661,#662
      ,#663,#664,#665,#666,#667,#668,#669)
    ,(#670,#671,#672,#673,#674,#675,#676,#677,#678,#679,#680,#681,#682
      ,#683,#684,#685,#686,#687,#688,#689,#690,#691,#692,#693,#694,#695
      ,#696,#697,#698,#699,#700,#701,#702,#703,#704,#705,#706,#707,#708
      ,#709,#710,#711,#712,#713,#714,#715,#716,#717,#718,#719,#720,#721
      ,#722,#723,#724,#725,#726,#727,#728,#729,#730,#731,#732,#733,#734
      ,#735,#736,#737,#738,#739,#740,#741
)),.UNSPECIFIED.,.T.,.F.,.F.) B_SPLINE_SURFACE_WITH_KNOTS((1,6,6,1),(11,
    8,9,9,9,9,9,8,11),(-6.28318530718,0.,6.28318530718,12.566370614359),
  (0.,18.572781828581,37.145563657162,53.116612737975,61.145563657162,
    69.5054025569,85.145563657162,105.03374961839,124.92193557961),
.UNSPECIFIED.) GEOMETRIC_REPRESENTATION_ITEM() RATIONAL_B_SPLINE_SURFACE
((
    (1.669078461068,1.669078461068,1.669078461068,1.669078461069
      ,1.669078461068,1.669078461069,1.669078461068,1.669078461068
      ,1.669078461068,1.669078461068,1.669078461068,1.669078461068
      ,1.669078461068,1.669078461068,1.669078461068,1.669078461068
      ,1.669078461068,1.669078461068,1.669078461068,1.669078461068
      ,1.669078461068,1.669078461068,1.669078461068,1.669078461068
      ,1.669078461068,1.669078461068,1.669078461068,1.669078461068
      ,1.669078461068,1.669078461068,1.669078461069,1.669078461067
      ,1.669078461069,1.669078461068,1.669078461068,1.669078461068
      ,1.669078461068,1.669078461068,1.669078461068,1.669078461069
      ,1.669078461068,1.669078461069,1.669078461068,1.669078461068
      ,1.669078461068,1.669078461068,1.669078461068,1.669078461069
      ,1.669078461067,1.669078461069,1.669078461067,1.669078461069
      ,1.669078461068,1.669078461068,1.669078461068,1.669078461068
      ,1.669078461068,1.669078461068,1.669078461068,1.669078461068
      ,1.669078461068,1.669078461068,1.669078461068,1.669078461068
      ,1.669078461069,1.669078461068,1.669078461069,1.669078461068
      ,1.669078461068,1.669078461068,1.669078461068,1.669078461068)
    ,(1.03672962321,1.03672962321,1.036729623209,1.03672962321
      ,1.036729623209,1.03672962321,1.036729623209,1.03672962321
      ,1.03672962321,1.03672962321,1.03672962321,1.03672962321
      ,1.03672962321,1.03672962321,1.03672962321,1.03672962321
      ,1.03672962321,1.03672962321,1.03672962321,1.03672962321
      ,1.036729623209,1.03672962321,1.03672962321,1.03672962321
      ,1.03672962321,1.03672962321,1.03672962321,1.03672962321
      ,1.03672962321,1.036729623209,1.03672962321,1.036729623209
      ,1.03672962321,1.036729623209,1.03672962321,1.03672962321
      ,1.03672962321,1.03672962321,1.036729623209,1.03672962321
      ,1.036729623209,1.03672962321,1.036729623209,1.03672962321
      ,1.03672962321,1.03672962321,1.036729623209,1.03672962321
      ,1.036729623209,1.03672962321,1.036729623209,1.03672962321
      ,1.03672962321,1.03672962321,1.03672962321,1.03672962321
      ,1.03672962321,1.03672962321,1.03672962321,1.03672962321
      ,1.03672962321,1.03672962321,1.03672962321,1.03672962321
      ,1.03672962321,1.036729623209,1.03672962321,1.036729623209
      ,1.03672962321,1.03672962321,1.03672962321,1.03672962321)
    ,(1.038346699848,1.038346699848,1.038346699847,1.038346699848
      ,1.038346699847,1.038346699848,1.038346699847,1.038346699848
      ,1.038346699847,1.038346699848,1.038346699847,1.038346699848
      ,1.038346699847,1.038346699848,1.038346699847,1.038346699848
      ,1.038346699848,1.038346699848,1.038346699847,1.038346699848
      ,1.038346699847,1.038346699848,1.038346699847,1.038346699848
      ,1.038346699848,1.038346699847,1.038346699848,1.038346699847
      ,1.038346699848,1.038346699847,1.038346699848,1.038346699847
      ,1.038346699848,1.038346699847,1.038346699848,1.038346699848
      ,1.038346699847,1.038346699848,1.038346699847,1.038346699848
      ,1.038346699847,1.038346699848,1.038346699847,1.038346699848
      ,1.038346699847,1.038346699848,1.038346699847,1.038346699848
      ,1.038346699847,1.038346699848,1.038346699847,1.038346699848
      ,1.038346699847,1.038346699848,1.038346699847,1.038346699848
      ,1.038346699847,1.038346699848,1.038346699847,1.038346699847
      ,1.038346699848,1.038346699847,1.038346699848,1.038346699847
      ,1.038346699848,1.038346699847,1.038346699848,1.038346699847
      ,1.038346699848,1.038346699847,1.038346699848,1.038346699848)
    ,(0.853534330196,0.853534330196,0.853534330196,0.853534330196
      ,0.853534330196,0.853534330196,0.853534330196,0.853534330196
      ,0.853534330196,0.853534330196,0.853534330196,0.853534330196
      ,0.853534330196,0.853534330196,0.853534330196,0.853534330196
      ,0.853534330196,0.853534330196,0.853534330196,0.853534330196
      ,0.853534330196,0.853534330196,0.853534330196,0.853534330196
      ,0.853534330196,0.853534330196,0.853534330196,0.853534330196
      ,0.853534330196,0.853534330196,0.853534330196,0.853534330196
      ,0.853534330196,0.853534330196,0.853534330196,0.853534330196
      ,0.853534330196,0.853534330196,0.853534330196,0.853534330196
      ,0.853534330196,0.853534330196,0.853534330196,0.853534330196
      ,0.853534330196,0.853534330196,0.853534330196,0.853534330196
      ,0.853534330196,0.853534330196,0.853534330196,0.853534330196
      ,0.853534330196,0.853534330196,0.853534330196,0.853534330196
      ,0.853534330196,0.853534330196,0.853534330196,0.853534330196
      ,0.853534330196,0.853534330196,0.853534330196,0.853534330196
      ,0.853534330196,0.853534330196,0.853534330196,0.853534330196
      ,0.853534330196,0.853534330196,0.853534330196,0.853534330196)
    ,(1.038346699848,1.038346699848,1.038346699847,1.038346699848
      ,1.038346699847,1.038346699848,1.038346699847,1.038346699848
      ,1.038346699847,1.038346699848,1.038346699847,1.038346699848
      ,1.038346699847,1.038346699848,1.038346699847,1.038346699848
      ,1.038346699847,1.038346699848,1.038346699847,1.038346699848
      ,1.038346699847,1.038346699848,1.038346699847,1.038346699848
      ,1.038346699847,1.038346699848,1.038346699848,1.038346699847
      ,1.038346699848,1.038346699847,1.038346699848,1.038346699847
      ,1.038346699848,1.038346699847,1.038346699848,1.038346699848
      ,1.038346699847,1.038346699848,1.038346699847,1.038346699848
      ,1.038346699847,1.038346699848,1.038346699847,1.038346699848
      ,1.038346699847,1.038346699848,1.038346699847,1.038346699848
      ,1.038346699847,1.038346699848,1.038346699847,1.038346699848
      ,1.038346699847,1.038346699848,1.038346699847,1.038346699848
      ,1.038346699847,1.038346699848,1.038346699848,1.038346699847
      ,1.038346699848,1.038346699847,1.038346699848,1.038346699847
      ,1.038346699848,1.038346699847,1.038346699848,1.038346699847
      ,1.038346699848,1.038346699847,1.038346699848,1.038346699848)
    ,(1.03672962321,1.03672962321,1.03672962321,1.03672962321
      ,1.036729623209,1.03672962321,1.036729623209,1.03672962321
      ,1.03672962321,1.03672962321,1.03672962321,1.03672962321
      ,1.03672962321,1.03672962321,1.03672962321,1.03672962321
      ,1.03672962321,1.03672962321,1.03672962321,1.03672962321
      ,1.03672962321,1.03672962321,1.03672962321,1.03672962321
      ,1.03672962321,1.03672962321,1.03672962321,1.03672962321
      ,1.03672962321,1.036729623209,1.03672962321,1.036729623209
      ,1.03672962321,1.036729623209,1.03672962321,1.03672962321
      ,1.03672962321,1.03672962321,1.036729623209,1.03672962321
      ,1.036729623209,1.03672962321,1.036729623209,1.03672962321
      ,1.03672962321,1.03672962321,1.036729623209,1.03672962321
      ,1.036729623209,1.03672962321,1.036729623209,1.03672962321
      ,1.03672962321,1.03672962321,1.03672962321,1.03672962321
      ,1.03672962321,1.03672962321,1.03672962321,1.036729623209
      ,1.03672962321,1.03672962321,1.03672962321,1.03672962321
      ,1.03672962321,1.036729623209,1.03672962321,1.036729623209
      ,1.03672962321,1.03672962321,1.03672962321,1.03672962321)
    ,(1.669078461068,1.669078461068,1.669078461068,1.669078461069
      ,1.669078461068,1.669078461069,1.669078461068,1.669078461068
      ,1.669078461068,1.669078461068,1.669078461068,1.669078461068
      ,1.669078461068,1.669078461068,1.669078461068,1.669078461068
      ,1.669078461068,1.669078461068,1.669078461068,1.669078461068
      ,1.669078461068,1.669078461068,1.669078461068,1.669078461068
      ,1.669078461068,1.669078461068,1.669078461068,1.669078461068
      ,1.669078461068,1.669078461068,1.669078461069,1.669078461067
      ,1.669078461069,1.669078461068,1.669078461068,1.669078461068
      ,1.669078461068,1.669078461068,1.669078461068,1.669078461069
      ,1.669078461068,1.669078461069,1.669078461068,1.669078461068
      ,1.669078461068,1.669078461068,1.669078461068,1.669078461069
      ,1.669078461067,1.669078461069,1.669078461067,1.669078461069
      ,1.669078461068,1.669078461068,1.669078461068,1.669078461068
      ,1.669078461068,1.669078461068,1.669078461068,1.669078461068
      ,1.669078461068,1.669078461068,1.669078461068,1.669078461068
      ,1.669078461069,1.669078461068,1.669078461069,1.669078461068
      ,1.669078461068,1.669078461068,1.669078461068,1.669078461068
))) REPRESENTATION_ITEM('') SURFACE() );
#238 = CARTESIAN_POINT('',(42.346153846154,7.,100.));
#239 = CARTESIAN_POINT('',(45.938443723693,6.999555833528,
    100.71228855516));
#240 = CARTESIAN_POINT('',(49.281471136352,7.001892995202,
    101.24183905921));
#241 = CARTESIAN_POINT('',(52.383752013591,6.995161684632,101.5955755518
    ));
#242 = CARTESIAN_POINT('',(55.253802284872,7.009003939272,
    101.78042207266));
#243 = CARTESIAN_POINT('',(57.900137879648,6.98700632616,101.80330266143
    ));
#244 = CARTESIAN_POINT('',(60.331274727389,7.01486035646,101.67114135784
    ));
#245 = CARTESIAN_POINT('',(62.555728757545,6.986595029433,
    101.39086220155));
#246 = CARTESIAN_POINT('',(64.582015899583,7.009140663986,
    100.96938923226));
#247 = CARTESIAN_POINT('',(68.255288266334,6.982864339515,
    99.857903747034));
#248 = CARTESIAN_POINT('',(71.204020516281,7.025130656983,
    98.237035327283));
#249 = CARTESIAN_POINT('',(72.505767541513,6.881164590696,
    97.306179423465));
#250 = CARTESIAN_POINT('',(73.643411396462,7.280656931202,
    96.261825865384));
#251 = CARTESIAN_POINT('',(74.625468010592,6.535241076239,
    95.110898692744));
#252 = CARTESIAN_POINT('',(75.460453313356,7.592541284945,
    93.860321945206));
#253 = CARTESIAN_POINT('',(76.156883234223,6.396947359739,
    92.517019662487));
#254 = CARTESIAN_POINT('',(76.723273702644,7.495864698094,
    91.087915884248));
#255 = CARTESIAN_POINT('',(77.168140648083,6.671806677889,
    89.579934650193));
#256 = CARTESIAN_POINT('',(77.785371467037,7.600928032295,
    86.641387484353));
#257 = CARTESIAN_POINT('',(77.987178668414,3.513038726867,
    85.229568505373));
#258 = CARTESIAN_POINT('',(78.115743770287,16.683296925632,
    83.769019495642));
#259 = CARTESIAN_POINT('',(78.181388938827,-11.88640459434,
    82.26421688776));
#260 = CARTESIAN_POINT('',(78.194436340182,35.46417868082,
    80.719637114294));
#261 = CARTESIAN_POINT('',(78.16520814053,-27.43793825833,
    79.139756607853));
#262 = CARTESIAN_POINT('',(78.104026506017,40.981753547317,
    77.529051801004));
#263 = CARTESIAN_POINT('',(78.021213602816,-20.42502043798,
    75.891999126348));
#264 = CARTESIAN_POINT('',(77.927091597081,24.950614964958,
    74.233075016465));
#265 = CARTESIAN_POINT('',(77.784169576185,-16.02148597875,
    71.714038320947));
#266 = CARTESIAN_POINT('',(77.736107072454,6.761820066258,
    70.866924560476));
#267 = CARTESIAN_POINT('',(77.689106579247,-24.0076317072,
    70.015983355136));
#268 = CARTESIAN_POINT('',(77.644479532018,10.160923646465,
    69.161783437526));
#269 = CARTESIAN_POINT('',(77.603537366236,-21.07782418448,
    68.304893540253));
#270 = CARTESIAN_POINT('',(77.567591517348,2.212249872802,
    67.445882395917));
#271 = CARTESIAN_POINT('',(77.537953420825,-11.5882453584,66.58531873712
    ));
#272 = CARTESIAN_POINT('',(77.515934512118,-5.473360539546,
    65.723771296468));
#273 = CARTESIAN_POINT('',(77.50284622669,-7.153743125686,64.86180880656
    ));
#274 = CARTESIAN_POINT('',(77.497036475021,-7.173025204754,
    63.102674451777));
#275 = CARTESIAN_POINT('',(77.505176592598,-5.390706054228,
    62.205515515073));
#276 = CARTESIAN_POINT('',(77.52299993143,-11.80170957864,
    61.309121649296));
#277 = CARTESIAN_POINT('',(77.549086070229,2.616463228212,60.41409131385
    ));
#278 = CARTESIAN_POINT('',(77.582014587682,-21.67809569399,
    59.521022968146));
#279 = CARTESIAN_POINT('',(77.62036506251,10.881249457889,
    58.630515071586));
#280 = CARTESIAN_POINT('',(77.6627170734,-24.71500507917,57.743166083582
    ));
#281 = CARTESIAN_POINT('',(77.707650199065,7.331057986901,
    56.859574463538));
#282 = CARTESIAN_POINT('',(77.753744018203,-16.39343116268,
    55.980338670862));
#283 = CARTESIAN_POINT('',(77.88532767726,24.578335761503,53.47039124325
    ));
#284 = CARTESIAN_POINT('',(77.970168158722,-19.85435071055,
    51.85206606724));
#285 = CARTESIAN_POINT('',(78.044798179701,40.270682378199,
    50.255000541058));
#286 = CARTESIAN_POINT('',(78.099916365996,-26.71061034143,
    48.683113568837));
#287 = CARTESIAN_POINT('',(78.1262213434,34.853508790379,47.14032405471)
  );
#288 = CARTESIAN_POINT('',(78.114411737715,-11.46971318186,
    45.630550902798));
#289 = CARTESIAN_POINT('',(78.055186174734,16.457579020771,
    44.157713017246));
#290 = CARTESIAN_POINT('',(77.939243280257,3.605554004558,
    42.725729302171));
#291 = CARTESIAN_POINT('',(77.75728168008,7.575202822683,41.338518661714
    ));
#292 = CARTESIAN_POINT('',(77.172838031204,6.66540931861,38.297926224283
    ));
#293 = CARTESIAN_POINT('',(76.723884087733,7.505530417698,
    36.674586993855));
#294 = CARTESIAN_POINT('',(76.143286834058,6.385192262533,35.1381794518)
  );
#295 = CARTESIAN_POINT('',(75.421194934656,7.604091487926,
    33.696900741204));
#296 = CARTESIAN_POINT('',(74.547757053995,6.52618169077,32.358948005157
    ));
#297 = CARTESIAN_POINT('',(73.513121856557,7.286127680002,
    31.132518386736));
#298 = CARTESIAN_POINT('',(72.307438006806,6.878848173032,
    30.025809029039));
#299 = CARTESIAN_POINT('',(70.920854169222,7.025620520216,
    29.047017075141));
#300 = CARTESIAN_POINT('',(67.766183847328,6.982530319993,
    27.361662261128));
#301 = CARTESIAN_POINT('',(63.809102889882,7.009318839798,
    26.253554207015));
#302 = CARTESIAN_POINT('',(61.620108416743,6.986333730962,
    25.852009013023));
#303 = CARTESIAN_POINT('',(59.210808613663,7.015150024267,
    25.611169795169));
#304 = CARTESIAN_POINT('',(56.571352145116,6.986753044954,
    25.539233696565));
#305 = CARTESIAN_POINT('',(53.691887675571,7.009179449957,
    25.644397860261));
#306 = CARTESIAN_POINT('',(50.56256386951,6.995067373018,25.934859429379
    ));
#307 = CARTESIAN_POINT('',(47.173529391396,7.001929894706,
    26.418815546977));
#308 = CARTESIAN_POINT('',(43.514932905711,6.999547175544,
    27.104463356158));
#309 = CARTESIAN_POINT('',(39.576923076923,7.,28.));
#310 = CARTESIAN_POINT('',(42.346153846154,7.,111.63080152899));
#311 = CARTESIAN_POINT('',(46.31149384183,6.999555833528,112.34313110615
    ));
#312 = CARTESIAN_POINT('',(50.076212892952,7.001892995203,
    112.85911937959));
#313 = CARTESIAN_POINT('',(53.636115251936,6.995161684631,
    113.18154855054));
#314 = CARTESIAN_POINT('',(57.056733423867,7.009003939273,
    113.30686939388));
#315 = CARTESIAN_POINT('',(60.261772533257,6.987006326158,
    113.23691221606));
#316 = CARTESIAN_POINT('',(63.407804105187,7.014860356461,
    112.95618826606));
#317 = CARTESIAN_POINT('',(66.339375247511,6.986595029432,112.4596965226
    ));
#318 = CARTESIAN_POINT('',(69.23728550978,7.009140663986,111.71422396796
    ));
#319 = CARTESIAN_POINT('',(74.654227460615,6.982864339515,
    109.69019481934));
#320 = CARTESIAN_POINT('',(79.521560568984,7.025130656983,106.561070974)
  );
#321 = CARTESIAN_POINT('',(81.487430243284,6.881164590696,
    104.73155038289));
#322 = CARTESIAN_POINT('',(84.088876585427,7.280656931201,
    102.58876488159));
#323 = CARTESIAN_POINT('',(84.513565828582,6.53524107624,100.32455778236
    ));
#324 = CARTESIAN_POINT('',(87.514837334705,7.592541284944,97.79933720336
    ));
#325 = CARTESIAN_POINT('',(86.558370559706,6.396947359739,95.45306857328
    ));
#326 = CARTESIAN_POINT('',(89.077532012391,7.495864698094,
    92.902373275458));
#327 = CARTESIAN_POINT('',(88.254984938379,6.671806677889,
    90.554522773749));
#328 = CARTESIAN_POINT('',(90.401153788039,7.600928032295,
    86.018172535571));
#329 = CARTESIAN_POINT('',(83.91113959791,3.513038726867,84.393324308759
    ));
#330 = CARTESIAN_POINT('',(105.4072248118,16.683296925633,
    81.232365591605));
#331 = CARTESIAN_POINT('',(58.915394775347,-11.88640459434,
    81.977268571108));
#332 = CARTESIAN_POINT('',(135.91263525751,35.464178680819,
    75.753092904109));
#333 = CARTESIAN_POINT('',(33.474726313256,-27.43793825833,
    79.748469244687));
#334 = CARTESIAN_POINT('',(144.70360772165,40.981753547315,71.6494088444
    ));
#335 = CARTESIAN_POINT('',(44.67147226713,-20.42502043798,
    75.574072483971));
#336 = CARTESIAN_POINT('',(118.39849460154,24.950614964958,
    69.670440187666));
#337 = CARTESIAN_POINT('',(51.585929978238,-16.02148597875,
    70.935473149591));
#338 = CARTESIAN_POINT('',(88.612714313317,6.761820066258,
    67.964964622761));
#339 = CARTESIAN_POINT('',(38.501696604205,-24.0076317072,
    69.947161767432));
#340 = CARTESIAN_POINT('',(94.061768380521,10.160923646466,
    65.853302056555));
#341 = CARTESIAN_POINT('',(43.197382303284,-21.07782418448,
    67.899091124757));
#342 = CARTESIAN_POINT('',(81.069062510291,2.212249872803,
    64.724340357884));
#343 = CARTESIAN_POINT('',(58.596520881266,-11.5882453584,
    65.162714970364));
#344 = CARTESIAN_POINT('',(68.540467412714,-5.473360539546,
    63.546273288497));
#345 = CARTESIAN_POINT('',(65.812844488889,-7.153743125686,
    62.801574432783));
#346 = CARTESIAN_POINT('',(65.824035722959,-7.173025204754,
    60.708397855682));
#347 = CARTESIAN_POINT('',(68.756726130146,-5.390706054228,
    59.921493839398));
#348 = CARTESIAN_POINT('',(58.361672214408,-11.80170957864,
    58.284627973857));
#349 = CARTESIAN_POINT('',(81.87415151239,2.616463228211,58.64232742157)
  );
#350 = CARTESIAN_POINT('',(42.382377069512,-21.67809569399,
    55.508894715685));
#351 = CARTESIAN_POINT('',(95.427573499665,10.881249457889,
    57.413862436874));
#352 = CARTESIAN_POINT('',(37.544730495914,-24.71500507917,
    53.403034810986));
#353 = CARTESIAN_POINT('',(89.754339934081,7.331057986901,
    55.245610617815));
#354 = CARTESIAN_POINT('',(51.190583828287,-16.39343116268,
    52.321689929289));
#355 = CARTESIAN_POINT('',(118.00691837336,24.578335761503,
    53.309130405601));
#356 = CARTESIAN_POINT('',(45.766718497032,-19.85435071055,
    47.846918209617));
#357 = CARTESIAN_POINT('',(143.68465244293,40.2706823782,51.278259029017
    ));
#358 = CARTESIAN_POINT('',(34.698210777812,-26.71061034143,
    43.829023280097));
#359 = CARTESIAN_POINT('',(134.88842419092,34.853508790382,
    47.321949893361));
#360 = CARTESIAN_POINT('',(59.428707946125,-11.46971318186,
    41.573796567192));
#361 = CARTESIAN_POINT('',(104.74575834128,16.457579020772,
    42.129579520976));
#362 = CARTESIAN_POINT('',(83.598269248081,3.605554004558,
    39.167493165836));
#363 = CARTESIAN_POINT('',(89.710296890866,7.575202822683,
    37.604379203323));
#364 = CARTESIAN_POINT('',(87.099400887475,6.66540931861,33.141953059826
    ));
#365 = CARTESIAN_POINT('',(87.6121545915,7.505530417698,30.758590306266)
  );
#366 = CARTESIAN_POINT('',(84.674359562847,6.385192262533,
    28.222505677715));
#367 = CARTESIAN_POINT('',(85.237883114102,7.604091487926,
    25.931486378404));
#368 = CARTESIAN_POINT('',(81.734494350218,6.52618169077,23.535933838581
    ));
#369 = CARTESIAN_POINT('',(80.831846076047,7.286127680002,
    21.475393664507));
#370 = CARTESIAN_POINT('',(77.741113074775,6.878848173032,
    19.629871908012));
#371 = CARTESIAN_POINT('',(75.349107788739,7.025620520216,
    18.147841441297));
#372 = CARTESIAN_POINT('',(69.721998887234,6.982530319993,
    15.773868908256));
#373 = CARTESIAN_POINT('',(63.731249892399,7.009318839798,
    14.544612502559));
#374 = CARTESIAN_POINT('',(60.5858881893,6.986333730962,14.187630016712)
  );
#375 = CARTESIAN_POINT('',(57.431566897615,7.015150024267,
    14.058869688553));
#376 = CARTESIAN_POINT('',(54.067104776179,6.986753044953,
    14.126249016782));
#377 = CARTESIAN_POINT('',(50.63912288884,7.009179449958,14.390433823572
    ));
#378 = CARTESIAN_POINT('',(46.980323582769,6.995067373017,
    14.842365038272));
#379 = CARTESIAN_POINT('',(43.16313704092,7.001929894706,15.48832747633)
  );
#380 = CARTESIAN_POINT('',(39.11636017443,6.999547175544,16.330781015806
    ));
#381 = CARTESIAN_POINT('',(34.841253569388,7.,17.376960015027));
#382 = CARTESIAN_POINT('',(42.346153846154,-7.381837333837,
    113.30078668271));
#383 = CARTESIAN_POINT('',(46.365057489815,-7.381368938887,
    114.01312214993));
#384 = CARTESIAN_POINT('',(50.190324283406,-7.383833588503,
    114.52716311788));
#385 = CARTESIAN_POINT('',(53.815933298859,-7.376735097119,
    114.84509709025));
#386 = CARTESIAN_POINT('',(57.315603651152,-7.391332421706,
    114.96187105938));
#387 = CARTESIAN_POINT('',(60.600863076605,-7.368134878598,
    114.87858395829));
#388 = CARTESIAN_POINT('',(63.849541364059,-7.397508295855,
    114.57652894067));
#389 = CARTESIAN_POINT('',(66.882642489191,-7.36770114638,
    114.04899274944));
#390 = CARTESIAN_POINT('',(69.905702997278,-7.391476604504,
    113.25699936853));
#391 = CARTESIAN_POINT('',(75.57300622469,-7.363766954079,
    111.10194448052));
#392 = CARTESIAN_POINT('',(80.715817763457,-7.408338822686,
    107.75626082522));
#393 = CARTESIAN_POINT('',(82.777044147392,-7.256519667982,
    105.79770727949));
#394 = CARTESIAN_POINT('',(85.588667614081,-7.677803592801,
    103.49720564546));
#395 = CARTESIAN_POINT('',(85.933328388669,-6.891726651745,
    101.07315049582));
#396 = CARTESIAN_POINT('',(89.245641725328,-8.0067006737,98.3649127559)
  );
#397 = CARTESIAN_POINT('',(88.051847115636,-6.745889263245,
    95.874635227951));
#398 = CARTESIAN_POINT('',(90.851393247239,-7.904750553969,
    93.162898476389));
#399 = CARTESIAN_POINT('',(89.84686709029,-7.035741659855,
    90.694457041675));
#400 = CARTESIAN_POINT('',(92.21256542,-8.015544902943,85.928689475487)
  );
#401 = CARTESIAN_POINT('',(84.761719566869,-3.704668632744,
    84.273253874256));
#402 = CARTESIAN_POINT('',(109.32581701275,-17.5933405853,
    80.868145262563));
#403 = CARTESIAN_POINT('',(56.149125903465,12.534786457094,
    81.936067676446));
#404 = CARTESIAN_POINT('',(144.19998630989,-37.39868545713,
    75.039981681664));
#405 = CARTESIAN_POINT('',(27.057933714901,28.934628142701,
    79.835870019595));
#406 = CARTESIAN_POINT('',(154.26617411889,-43.21723404881,
    70.805192182096));
#407 = CARTESIAN_POINT('',(39.883016994103,21.539168344784,
    75.528423628953));
#408 = CARTESIAN_POINT('',(124.20949928589,-26.31162586436,
    69.015323478215));
#409 = CARTESIAN_POINT('',(47.824308642585,16.895429048783,
    70.823684441468));
#410 = CARTESIAN_POINT('',(90.174410002975,-7.130665115684,
    67.548292564469));
#411 = CARTESIAN_POINT('',(32.875051466466,25.317204576182,
    69.93728015872));
#412 = CARTESIAN_POINT('',(96.419011651587,-10.71518364567,
    65.378260437642));
#413 = CARTESIAN_POINT('',(38.257243998235,22.227581354437,
    67.840824804288));
#414 = CARTESIAN_POINT('',(81.571814152971,-2.332924100403,
    64.333573239433));
#415 = CARTESIAN_POINT('',(55.876853534829,12.220363174335,
    64.958453280903));
#416 = CARTESIAN_POINT('',(67.251743091664,5.771922453196,
    63.233621633622));
#417 = CARTESIAN_POINT('',(64.134359192718,7.543966868838,
    62.505759840055));
#418 = CARTESIAN_POINT('',(64.147991478998,7.56430075043,60.364620484929
    ));
#419 = CARTESIAN_POINT('',(67.500597534542,5.684759315262,
    59.593547198777));
#420 = CARTESIAN_POINT('',(55.610431662906,12.445471481539,
    57.850362156242));
#421 = CARTESIAN_POINT('',(82.495157301133,-2.759186562945,
    58.387932280476));
#422 = CARTESIAN_POINT('',(37.328308188247,22.860596588643,
    54.932821381466));
#423 = CARTESIAN_POINT('',(97.984385568465,-11.47480192671,
    57.23917182487));
#424 = CARTESIAN_POINT('',(31.784470395638,26.063163885633,
    52.779865825393));
#425 = CARTESIAN_POINT('',(91.48403955614,-7.730953934889,
    55.013872877791));
#426 = CARTESIAN_POINT('',(47.37656610625,17.287663169482,
    51.796370236929));
#427 = CARTESIAN_POINT('',(123.76769596372,-25.91903950397,
    53.28597609383));
#428 = CARTESIAN_POINT('',(41.14285119953,20.937369616326,
    47.271847141296));
#429 = CARTESIAN_POINT('',(153.10941838349,-42.46737523406,
    51.425181532946));
#430 = CARTESIAN_POINT('',(28.466464513564,28.167625804001,
    43.132058526905));
#431 = CARTESIAN_POINT('',(143.03851047787,-36.75470462914,
    47.348028272688));
#432 = CARTESIAN_POINT('',(56.745758895622,12.095365282046,
    40.991315686925));
#433 = CARTESIAN_POINT('',(108.57807025472,-17.35531017715,
    41.838374067933));
#434 = CARTESIAN_POINT('',(84.410809065499,-3.80223045143,
    38.656591014654));
#435 = CARTESIAN_POINT('',(91.426546445503,-7.988416429696,
    37.068220328813));
#436 = CARTESIAN_POINT('',(88.524686372412,-7.028995336203,
    32.401643063463));
#437 = CARTESIAN_POINT('',(89.175524927213,-7.914943521087,
    29.909153866901));
#438 = CARTESIAN_POINT('',(85.899276415473,-6.733492946757,
    27.229532622341));
#439 = CARTESIAN_POINT('',(86.647392465414,-8.018880919353,
    24.816505036315));
#440 = CARTESIAN_POINT('',(82.766387514116,-6.882173093192,
    22.269099164071));
#441 = CARTESIAN_POINT('',(81.882690315822,-7.683572761047,
    20.088794910024));
#442 = CARTESIAN_POINT('',(78.521296338245,-7.254076893927,
    18.137192266986));
#443 = CARTESIAN_POINT('',(75.984929643584,-7.408855407071,16.5829053145
    ));
#444 = CARTESIAN_POINT('',(70.002820640742,-7.363414714396,
    14.110058996666));
#445 = CARTESIAN_POINT('',(63.720071526949,-7.391664499484,
    12.863407749515));
#446 = CARTESIAN_POINT('',(60.437391766142,-7.367425594552,
    12.512823710149));
#447 = CARTESIAN_POINT('',(57.176098068294,-7.397813764514,
    12.400156003049));
#448 = CARTESIAN_POINT('',(53.70753747405,-7.367867781363,
    12.487538655575));
#449 = CARTESIAN_POINT('',(50.200797820793,-7.391517506179,
    12.774556120294));
#450 = CARTESIAN_POINT('',(46.46597484412,-7.376635640978,
    13.249671628055));
#451 = CARTESIAN_POINT('',(42.587312952683,-7.383872500807,
    13.918895416515));
#452 = CARTESIAN_POINT('',(38.484799989993,-7.381359808626,
    14.783863590173));
#453 = CARTESIAN_POINT('',(34.161292024967,-7.381837333837,
    15.851672267827));
#454 = CARTESIAN_POINT('',(42.346153846154,-19.24381844705,100.));
#455 = CARTESIAN_POINT('',(45.938443723693,-19.24259738149,
    100.71228855516));
#456 = CARTESIAN_POINT('',(49.281471136351,-19.2490225122,101.2418390592
    ));
#457 = CARTESIAN_POINT('',(52.383752013593,-19.23051735241,
    101.59557555181));
#458 = CARTESIAN_POINT('',(55.25380228487,-19.26857132886,
    101.78042207265));
#459 = CARTESIAN_POINT('',(57.90013787965,-19.20809731843,
    101.80330266144));
#460 = CARTESIAN_POINT('',(60.331274727388,-19.28467130445,
    101.67114135783));
#461 = CARTESIAN_POINT('',(62.555728757546,-19.20696661564,
    101.39086220155));
#462 = CARTESIAN_POINT('',(64.582015899583,-19.26894720109,
    100.96938923225));
#463 = CARTESIAN_POINT('',(68.255288266334,-19.19671051286,
    99.857903747034));
#464 = CARTESIAN_POINT('',(71.204020516281,-19.3129055614,
    98.237035327283));
#465 = CARTESIAN_POINT('',(72.505767541512,-18.91712601252,
    97.306179423463));
#466 = CARTESIAN_POINT('',(73.643411396462,-20.01537716562,
    96.261825865389));
#467 = CARTESIAN_POINT('',(74.625468010591,-17.96614182555,
    95.110898692738));
#468 = CARTESIAN_POINT('',(75.460453313357,-20.87278371989,
    93.860321945213));
#469 = CARTESIAN_POINT('',(76.156883234222,-17.58595622945,
    92.517019662483));
#470 = CARTESIAN_POINT('',(76.723273702644,-20.60700847912,
    91.08791588425));
#471 = CARTESIAN_POINT('',(77.168140648083,-18.34157663188,
    89.579934650192));
#472 = CARTESIAN_POINT('',(77.785371467038,-20.89583986895,
    86.641387484353));
#473 = CARTESIAN_POINT('',(77.987178668413,-9.657754208188,
    85.229568505372));
#474 = CARTESIAN_POINT('',(78.115743770289,-45.86433387647,
    83.769019495643));
#475 = CARTESIAN_POINT('',(78.181388938824,32.677116000277,
    82.264216887759));
#476 = CARTESIAN_POINT('',(78.194436340186,-97.49517370112,
    80.719637114294));
#477 = CARTESIAN_POINT('',(78.165208140527,75.430100343571,
    79.139756607853));
#478 = CARTESIAN_POINT('',(78.104026506019,-112.6636321295,
    77.529051801004));
#479 = CARTESIAN_POINT('',(78.021213602815,56.150769298,75.891999126349)
  );
#480 = CARTESIAN_POINT('',(77.927091597082,-68.59215778973,
    74.233075016465));
#481 = CARTESIAN_POINT('',(77.784169576185,44.044938203881,
    71.714038320947));
#482 = CARTESIAN_POINT('',(77.736107072454,-18.58903396096,
    70.866924560476));
#483 = CARTESIAN_POINT('',(77.689106579246,65.99978655962,
    70.015983355135));
#484 = CARTESIAN_POINT('',(77.644479532019,-27.93356712956,
    69.161783437527));
#485 = CARTESIAN_POINT('',(77.603537366235,57.945403123594,
    68.304893540252));
#486 = CARTESIAN_POINT('',(77.567591517348,-6.081733558814,
    67.445882395918));
#487 = CARTESIAN_POINT('',(77.537953420825,31.857441399588,
    66.58531873712));
#488 = CARTESIAN_POINT('',(77.515934512118,15.046908074047,
    65.723771296468));
#489 = CARTESIAN_POINT('',(77.50284622669,19.66647627537,64.86180880656)
  );
#490 = CARTESIAN_POINT('',(77.497036475021,19.71948496521,
    63.102674451777));
#491 = CARTESIAN_POINT('',(77.505176592599,14.819681229859,
    62.205515515073));
#492 = CARTESIAN_POINT('',(77.522999931429,32.444279499487,
    61.309121649296));
#493 = CARTESIAN_POINT('',(77.549086070231,-7.192963333878,
    60.41409131385));
#494 = CARTESIAN_POINT('',(77.582014587679,59.595619687611,
    59.521022968146));
#495 = CARTESIAN_POINT('',(77.620365062513,-29.9138270064,
    58.630515071586));
#496 = CARTESIAN_POINT('',(77.662717073399,67.944438665959,
    57.743166083582));
#497 = CARTESIAN_POINT('',(77.707650199066,-20.15393556068,
    56.859574463538));
#498 = CARTESIAN_POINT('',(77.753744018203,45.067459002717,
    55.980338670862));
#499 = CARTESIAN_POINT('',(77.88532767726,-67.56871873217,53.47039124325
    ));
#500 = CARTESIAN_POINT('',(77.970168158721,54.581931494025,
    51.85206606724));
#501 = CARTESIAN_POINT('',(78.044798179703,-110.7088143464,
    50.255000541059));
#502 = CARTESIAN_POINT('',(78.099916365994,73.430590860097,
    48.683113568837));
#503 = CARTESIAN_POINT('',(78.126221343403,-95.81637077216,
    47.14032405471));
#504 = CARTESIAN_POINT('',(78.114411737713,31.53158258738,
    45.630550902798));
#505 = CARTESIAN_POINT('',(78.055186174735,-45.24380896483,
    44.157713017246));
#506 = CARTESIAN_POINT('',(77.939243280257,-9.912089523541,
    42.725729302171));
#507 = CARTESIAN_POINT('',(77.75728168008,-20.82511825991,
    41.338518661714));
#508 = CARTESIAN_POINT('',(77.172838031204,-18.32398954323,
    38.297926224283));
#509 = CARTESIAN_POINT('',(76.723884087733,-20.63358067243,
    36.674586993855));
#510 = CARTESIAN_POINT('',(76.143286834058,-17.55364009282,
    35.138179451801));
#511 = CARTESIAN_POINT('',(75.421194934656,-20.90453657835,
    33.696900741203));
#512 = CARTESIAN_POINT('',(74.547757053995,-17.94123651567,
    32.358948005158));
#513 = CARTESIAN_POINT('',(73.513121856557,-20.03041689372,
    31.132518386736));
#514 = CARTESIAN_POINT('',(72.307438006806,-18.91075790953,
    30.025809029039));
#515 = CARTESIAN_POINT('',(70.920854169222,-19.31425225271,
    29.047017075141));
#516 = CARTESIAN_POINT('',(67.766183847328,-19.19579225414,
    27.361662261127));
#517 = CARTESIAN_POINT('',(63.809102889882,-19.26943702723,
    26.253554207015));
#518 = CARTESIAN_POINT('',(61.620108416743,-19.2062482756,
    25.852009013019));
#519 = CARTESIAN_POINT('',(59.210808613663,-19.28546763512,
    25.611169795176));
#520 = CARTESIAN_POINT('',(56.571352145115,-19.20740101879,
    25.539233696557));
#521 = CARTESIAN_POINT('',(53.691887675572,-19.26905382826,
    25.644397860267));
#522 = CARTESIAN_POINT('',(50.562563869509,-19.23025807875,
    25.934859429375));
#523 = CARTESIAN_POINT('',(47.173529391396,-19.24912395325,
    26.418815546978));
#524 = CARTESIAN_POINT('',(43.51493290571,-19.24257357968,
    27.104463356157));
#525 = CARTESIAN_POINT('',(39.576923076923,-19.24381844705,28.));
#526 = CARTESIAN_POINT('',(42.346153846154,-7.381837333837,
    86.699213317281));
#527 = CARTESIAN_POINT('',(45.511829957571,-7.381368938887,
    87.411454960407));
#528 = CARTESIAN_POINT('',(48.372617989297,-7.383833588503,
    87.956515000537));
#529 = CARTESIAN_POINT('',(50.951570728325,-7.376735097119,
    88.346054013368));
#530 = CARTESIAN_POINT('',(53.192000918591,-7.391332421706,
    88.598973085929));
#531 = CARTESIAN_POINT('',(55.199412682692,-7.368134878598,
    88.728021364588));
#532 = CARTESIAN_POINT('',(56.81300809072,-7.397508295854,
    88.765753775009));
#533 = CARTESIAN_POINT('',(58.2288150259,-7.36770114638,88.732731653671)
  );
#534 = CARTESIAN_POINT('',(59.258328801887,-7.391476604504,
    88.681779095985));
#535 = CARTESIAN_POINT('',(60.937570307977,-7.363766954079,
    88.613863013541));
#536 = CARTESIAN_POINT('',(61.692223269104,-7.408338822686,
    88.717809829341));
#537 = CARTESIAN_POINT('',(62.234490935633,-7.256519667982,
    88.81465156743));
#538 = CARTESIAN_POINT('',(61.698155178844,-7.677803592801,
    89.026446085304));
#539 = CARTESIAN_POINT('',(63.317607632515,-6.891726651743,
    89.148646889663));
#540 = CARTESIAN_POINT('',(61.675264901385,-8.006700673701,
    89.355731134511));
#541 = CARTESIAN_POINT('',(64.261919352809,-6.745889263244,
    89.159404097024));
#542 = CARTESIAN_POINT('',(62.595154158048,-7.904750553969,
    89.012933292107));
#543 = CARTESIAN_POINT('',(64.489414205877,-7.035741659855,
    88.46541225871));
#544 = CARTESIAN_POINT('',(63.358177514075,-8.015544902943,
    87.354085493219));
#545 = CARTESIAN_POINT('',(71.212637769959,-3.704668632743,
    86.185883136488));
#546 = CARTESIAN_POINT('',(46.905670527814,-17.5933405853,
    86.669893728725));
#547 = CARTESIAN_POINT('',(100.21365197418,12.534786457092,
    82.592366099071));
#548 = CARTESIAN_POINT('',(12.18888637045,-37.39868545714,
    86.399292546927));
#549 = CARTESIAN_POINT('',(129.27248256615,28.934628142696,
    78.44364319611));
#550 = CARTESIAN_POINT('',(1.941878893131,-43.21723404881,
    84.252911419912));
#551 = CARTESIAN_POINT('',(116.15941021152,21.539168344783,
    76.255574623744));
#552 = CARTESIAN_POINT('',(31.644683908264,-26.31162586436,
    79.450826554716));
#553 = CARTESIAN_POINT('',(107.74403050978,16.895429048783,
    72.604392200427));
#554 = CARTESIAN_POINT('',(65.297804141933,-7.130665115685,
    74.185556556483));
#555 = CARTESIAN_POINT('',(122.50316169202,25.317204576183,
    70.094686551551));
#556 = CARTESIAN_POINT('',(58.869947412451,-10.71518364567,
    72.945306437411));
#557 = CARTESIAN_POINT('',(116.94983073423,22.227581354438,
    68.768962276217));
#558 = CARTESIAN_POINT('',(73.563368881727,-2.332924100403,
    70.558191552401));
#559 = CARTESIAN_POINT('',(99.199053306819,12.220363174335,
    68.212184193337));
#560 = CARTESIAN_POINT('',(87.780125932572,5.771922453196,
    68.213920959314));
#561 = CARTESIAN_POINT('',(90.871333260663,7.543966868838,
    67.217857773064));
#562 = CARTESIAN_POINT('',(90.846081471044,7.56430075043,65.840728418626
    ));
#563 = CARTESIAN_POINT('',(87.509755650652,5.684759315262,
    64.817483831369));
#564 = CARTESIAN_POINT('',(99.435568199961,12.445471481538,
    64.76788114235));
#565 = CARTESIAN_POINT('',(72.603014839312,-2.759186562945,
    62.440250347224));
#566 = CARTESIAN_POINT('',(117.83572098713,22.860596588642,
    64.109224554824));
#567 = CARTESIAN_POINT('',(57.256344556543,-11.47480192671,
    60.021858318305));
#568 = CARTESIAN_POINT('',(123.54096375116,26.063163885633,
    62.706466341769));
#569 = CARTESIAN_POINT('',(63.931260841988,-7.730953934889,
    58.705276049286));
#570 = CARTESIAN_POINT('',(108.13092193015,17.287663169482,
    60.164307104794));
#571 = CARTESIAN_POINT('',(32.002959390791,-25.91903950397,
    53.654806392671));
#572 = CARTESIAN_POINT('',(114.79748511791,20.937369616326,
    56.432284993183));
#573 = CARTESIAN_POINT('',(2.980177975899,-42.46737523406,
    49.084819549174));
#574 = CARTESIAN_POINT('',(127.73336821842,28.167625803999,
    54.234168610764));
#575 = CARTESIAN_POINT('',(13.213932208917,-36.75470462914,
    46.932619836737));
#576 = CARTESIAN_POINT('',(99.483064579809,12.095365282045,
    50.269786118666));
#577 = CARTESIAN_POINT('',(47.532302094739,-17.35531017715,
    46.477051966562));
#578 = CARTESIAN_POINT('',(71.467677495016,-3.80223045143,
    46.794867589687));
#579 = CARTESIAN_POINT('',(64.088016914656,-7.988416429696,
    45.608816994615));
#580 = CARTESIAN_POINT('',(65.820989689996,-7.028995336203,
    44.194209385103));
#581 = CARTESIAN_POINT('',(64.272243248252,-7.914943521088,
    43.44002012081));
#582 = CARTESIAN_POINT('',(66.387297252644,-6.733492946756,
    43.046826281256));
#583 = CARTESIAN_POINT('',(64.194997403896,-8.018880919354,42.5772964461
    ));
#584 = CARTESIAN_POINT('',(66.329126593878,-6.882173093191,
    42.448796846234));
#585 = CARTESIAN_POINT('',(65.14355339729,-7.683572761048,
    42.176241863457));
#586 = CARTESIAN_POINT('',(66.093579675368,-7.254076893926,
    41.914425791087));
#587 = CARTESIAN_POINT('',(65.856778694859,-7.408855407071,
    41.511128835783));
#588 = CARTESIAN_POINT('',(65.529547053915,-7.363414714396,
    40.613265525589));
#589 = CARTESIAN_POINT('',(63.898134252814,-7.391664499484,
    39.643700664514));
#590 = CARTESIAN_POINT('',(62.802825067345,-7.367425594552,
    39.191194315896));
#591 = CARTESIAN_POINT('',(61.245519159031,-7.397813764515,
    38.822183587291));
#592 = CARTESIAN_POINT('',(59.435166816184,-7.367867781362,
    38.590928737554));
#593 = CARTESIAN_POINT('',(57.182977530348,-7.39151750618,
    38.514239600227));
#594 = CARTESIAN_POINT('',(54.659152894901,-7.376635640977,
    38.620047230704));
#595 = CARTESIAN_POINT('',(51.759745830107,-7.383872500807,
    38.918735677439));
#596 = CARTESIAN_POINT('',(48.545065821428,-7.381359808626,
    39.425063122143));
#597 = CARTESIAN_POINT('',(44.99255412888,-7.381837333837,
    40.148327732173));
#598 = CARTESIAN_POINT('',(42.346153846154,7.,88.369198471003));
#599 = CARTESIAN_POINT('',(45.565393605556,6.999555833528,
    89.081446004188));
#600 = CARTESIAN_POINT('',(48.486729379751,7.001892995203,89.62455873882
    ));
#601 = CARTESIAN_POINT('',(51.131388775249,6.995161684631,
    90.009602553087));
#602 = CARTESIAN_POINT('',(53.450871145874,7.009003939273,
    90.253974751428));
#603 = CARTESIAN_POINT('',(55.538503226041,6.987006326158,
    90.369693106823));
#604 = CARTESIAN_POINT('',(57.254745349592,7.014860356461,
    90.386094449621));
#605 = CARTESIAN_POINT('',(58.772082267579,6.986595029432,90.32202788051
    ));
#606 = CARTESIAN_POINT('',(59.926746289385,7.009140663986,
    90.224554496552));
#607 = CARTESIAN_POINT('',(61.856349072053,6.982864339515,
    90.025612674722));
#608 = CARTESIAN_POINT('',(62.886480463578,7.025130656983,
    89.912999680565));
#609 = CARTESIAN_POINT('',(63.524104839739,6.881164590696,
    89.880808464031));
#610 = CARTESIAN_POINT('',(63.197946207501,7.280656931202,
    89.934886849185));
#611 = CARTESIAN_POINT('',(64.737370192597,6.53524107624,89.897239603117
    ));
#612 = CARTESIAN_POINT('',(63.406069292012,7.592541284945,
    89.921306687064));
#613 = CARTESIAN_POINT('',(65.755395908735,6.396947359739,
    89.580970751687));
#614 = CARTESIAN_POINT('',(64.369015392897,7.495864698094,
    89.273458493042));
#615 = CARTESIAN_POINT('',(66.081296357787,6.671806677889,
    88.605346526635));
#616 = CARTESIAN_POINT('',(65.169589146036,7.600928032295,
    87.264602433135));
#617 = CARTESIAN_POINT('',(72.063217738917,3.513038726868,
    86.065812701984));
#618 = CARTESIAN_POINT('',(50.824262728774,16.683296925631,
    86.305673399684));
#619 = CARTESIAN_POINT('',(97.44738310231,-11.88640459435,
    82.551165204405));
#620 = CARTESIAN_POINT('',(20.476237422859,35.464178680814,
    85.686181324484));
#621 = CARTESIAN_POINT('',(122.85568996781,-27.43793825833,
    78.531043971014));
#622 = CARTESIAN_POINT('',(11.504445290385,40.981753547312,
    83.40869475761));
#623 = CARTESIAN_POINT('',(111.3709549385,-20.42502043798,
    76.209925768725));
#624 = CARTESIAN_POINT('',(37.455688592615,24.950614964958,
    78.795709845265));
#625 = CARTESIAN_POINT('',(103.98240917413,-16.02148597875,
    72.492603492303));
#626 = CARTESIAN_POINT('',(66.859499831591,6.761820066258,
    73.768884498191));
#627 = CARTESIAN_POINT('',(116.87651655429,-24.0076317072,
    70.084804942838));
#628 = CARTESIAN_POINT('',(61.227190683519,10.160923646464,
    72.470264818498));
#629 = CARTESIAN_POINT('',(112.00969242919,-21.07782418448,
    68.710695955746));
#630 = CARTESIAN_POINT('',(74.066120524407,2.212249872801,
    70.167424433951));
#631 = CARTESIAN_POINT('',(96.479385960384,-11.5882453584,
    68.007922503875));
#632 = CARTESIAN_POINT('',(86.491401611522,-5.473360539546,
    67.901269304438));
#633 = CARTESIAN_POINT('',(89.192847964491,-7.153743125686,
    66.922043180337));
#634 = CARTESIAN_POINT('',(89.170037227083,-7.173025204754,
    65.496951047873));
#635 = CARTESIAN_POINT('',(86.25362705505,-5.390706054228,
    64.489537190749));
#636 = CARTESIAN_POINT('',(96.684327648454,-11.80170957864,
    64.333615324735));
#637 = CARTESIAN_POINT('',(73.224020628066,2.616463228211,62.18585520613
    ));
#638 = CARTESIAN_POINT('',(112.78165210585,-21.67809569399,
    63.533151220606));
#639 = CARTESIAN_POINT('',(59.813156625355,10.881249457889,
    59.847167706299));
#640 = CARTESIAN_POINT('',(117.78070365088,-24.71500507917,
    62.083297356178));
#641 = CARTESIAN_POINT('',(65.660960464049,7.331057986901,
    58.473538309261));
#642 = CARTESIAN_POINT('',(104.31690420811,-16.39343116268,
    59.638987412434));
#643 = CARTESIAN_POINT('',(37.763736981154,24.578335761503,53.6316520809
    ));
#644 = CARTESIAN_POINT('',(110.17361782041,-19.85435071055,
    55.857213924863));
#645 = CARTESIAN_POINT('',(12.404943916468,40.2706823782,49.231742053099
    ));
#646 = CARTESIAN_POINT('',(121.50162195417,-26.71061034143,
    53.537203857578));
#647 = CARTESIAN_POINT('',(21.364018495877,34.853508790383,
    46.958698216056));
#648 = CARTESIAN_POINT('',(96.800115529303,-11.46971318186,
    49.687305238406));
#649 = CARTESIAN_POINT('',(51.364614008182,16.457579020772,
    46.185846513514));
#650 = CARTESIAN_POINT('',(72.280217312433,3.605554004558,
    46.283965438508));
#651 = CARTESIAN_POINT('',(65.804266469294,7.575202822683,
    45.072658120105));
#652 = CARTESIAN_POINT('',(67.246275174933,6.66540931861,43.453899388741
    ));
#653 = CARTESIAN_POINT('',(65.835613583965,7.505530417698,
    42.590583681445));
#654 = CARTESIAN_POINT('',(67.612214105269,6.385192262533,
    42.053853225885));
#655 = CARTESIAN_POINT('',(65.604506755209,7.604091487925,
    41.462315104005));
#656 = CARTESIAN_POINT('',(67.361019757773,6.526181690771,
    41.181962171732));
#657 = CARTESIAN_POINT('',(66.194397637066,7.286127680001,
    40.789643108967));
#658 = CARTESIAN_POINT('',(66.873762938837,6.878848173032,
    40.421746150065));
#659 = CARTESIAN_POINT('',(66.492600549704,7.025620520216,
    39.946192708985));
#660 = CARTESIAN_POINT('',(65.810368807422,6.982530319993,
    38.949455613998));
#661 = CARTESIAN_POINT('',(63.886955887364,7.009318839798,
    37.962495911472));
#662 = CARTESIAN_POINT('',(62.654328644188,6.986333730963,
    37.516388009326));
#663 = CARTESIAN_POINT('',(60.990050329709,7.015150024266,
    37.163469901798));
#664 = CARTESIAN_POINT('',(59.075599514057,6.986753044954,
    36.952218376332));
#665 = CARTESIAN_POINT('',(56.744652462299,7.009179449957,
    36.898361896964));
#666 = CARTESIAN_POINT('',(54.144804156253,6.995067373018,
    37.027353820477));
#667 = CARTESIAN_POINT('',(51.183921741871,7.001929894706,
    37.349303617628));
#668 = CARTESIAN_POINT('',(47.913505636991,6.999547175544,
    37.878145696508));
#669 = CARTESIAN_POINT('',(44.312592584458,7.,38.623039984973));
#670 = CARTESIAN_POINT('',(42.346153846154,7.,100.));
#671 = CARTESIAN_POINT('',(45.938443723693,6.999555833528,
    100.71228855516));
#672 = CARTESIAN_POINT('',(49.281471136352,7.001892995202,
    101.24183905921));
#673 = CARTESIAN_POINT('',(52.383752013591,6.995161684632,101.5955755518
    ));
#674 = CARTESIAN_POINT('',(55.253802284872,7.009003939272,
    101.78042207266));
#675 = CARTESIAN_POINT('',(57.900137879648,6.98700632616,101.80330266143
    ));
#676 = CARTESIAN_POINT('',(60.331274727389,7.01486035646,101.67114135784
    ));
#677 = CARTESIAN_POINT('',(62.555728757545,6.986595029433,
    101.39086220155));
#678 = CARTESIAN_POINT('',(64.582015899583,7.009140663986,
    100.96938923226));
#679 = CARTESIAN_POINT('',(68.255288266334,6.982864339515,
    99.857903747034));
#680 = CARTESIAN_POINT('',(71.204020516281,7.025130656983,
    98.237035327283));
#681 = CARTESIAN_POINT('',(72.505767541513,6.881164590696,
    97.306179423465));
#682 = CARTESIAN_POINT('',(73.643411396462,7.280656931202,
    96.261825865384));
#683 = CARTESIAN_POINT('',(74.625468010592,6.535241076239,
    95.110898692744));
#684 = CARTESIAN_POINT('',(75.460453313356,7.592541284945,
    93.860321945206));
#685 = CARTESIAN_POINT('',(76.156883234223,6.396947359739,
    92.517019662487));
#686 = CARTESIAN_POINT('',(76.723273702644,7.495864698094,
    91.087915884248));
#687 = CARTESIAN_POINT('',(77.168140648083,6.671806677889,
    89.579934650193));
#688 = CARTESIAN_POINT('',(77.785371467037,7.600928032295,
    86.641387484353));
#689 = CARTESIAN_POINT('',(77.987178668414,3.513038726867,
    85.229568505373));
#690 = CARTESIAN_POINT('',(78.115743770287,16.683296925632,
    83.769019495642));
#691 = CARTESIAN_POINT('',(78.181388938827,-11.88640459434,
    82.26421688776));
#692 = CARTESIAN_POINT('',(78.194436340182,35.46417868082,
    80.719637114294));
#693 = CARTESIAN_POINT('',(78.16520814053,-27.43793825833,
    79.139756607853));
#694 = CARTESIAN_POINT('',(78.104026506017,40.981753547317,
    77.529051801004));
#695 = CARTESIAN_POINT('',(78.021213602816,-20.42502043798,
    75.891999126348));
#696 = CARTESIAN_POINT('',(77.927091597081,24.950614964958,
    74.233075016465));
#697 = CARTESIAN_POINT('',(77.784169576185,-16.02148597875,
    71.714038320947));
#698 = CARTESIAN_POINT('',(77.736107072454,6.761820066258,
    70.866924560476));
#699 = CARTESIAN_POINT('',(77.689106579247,-24.0076317072,
    70.015983355136));
#700 = CARTESIAN_POINT('',(77.644479532018,10.160923646465,
    69.161783437526));
#701 = CARTESIAN_POINT('',(77.603537366236,-21.07782418448,
    68.304893540253));
#702 = CARTESIAN_POINT('',(77.567591517348,2.212249872802,
    67.445882395917));
#703 = CARTESIAN_POINT('',(77.537953420825,-11.5882453584,66.58531873712
    ));
#704 = CARTESIAN_POINT('',(77.515934512118,-5.473360539546,
    65.723771296468));
#705 = CARTESIAN_POINT('',(77.50284622669,-7.153743125686,64.86180880656
    ));
#706 = CARTESIAN_POINT('',(77.497036475021,-7.173025204754,
    63.102674451777));
#707 = CARTESIAN_POINT('',(77.505176592598,-5.390706054228,
    62.205515515073));
#708 = CARTESIAN_POINT('',(77.52299993143,-11.80170957864,
    61.309121649296));
#709 = CARTESIAN_POINT('',(77.549086070229,2.616463228212,60.41409131385
    ));
#710 = CARTESIAN_POINT('',(77.582014587682,-21.67809569399,
    59.521022968146));
#711 = CARTESIAN_POINT('',(77.62036506251,10.881249457889,
    58.630515071586));
#712 = CARTESIAN_POINT('',(77.6627170734,-24.71500507917,57.743166083582
    ));
#713 = CARTESIAN_POINT('',(77.707650199065,7.331057986901,
    56.859574463538));
#714 = CARTESIAN_POINT('',(77.753744018203,-16.39343116268,
    55.980338670862));
#715 = CARTESIAN_POINT('',(77.88532767726,24.578335761503,53.47039124325
    ));
#716 = CARTESIAN_POINT('',(77.970168158722,-19.85435071055,
    51.85206606724));
#717 = CARTESIAN_POINT('',(78.044798179701,40.270682378199,
    50.255000541058));
#718 = CARTESIAN_POINT('',(78.099916365996,-26.71061034143,
    48.683113568837));
#719 = CARTESIAN_POINT('',(78.1262213434,34.853508790379,47.14032405471)
  );
#720 = CARTESIAN_POINT('',(78.114411737715,-11.46971318186,
    45.630550902798));
#721 = CARTESIAN_POINT('',(78.055186174734,16.457579020771,
    44.157713017246));
#722 = CARTESIAN_POINT('',(77.939243280257,3.605554004558,
    42.725729302171));
#723 = CARTESIAN_POINT('',(77.75728168008,7.575202822683,41.338518661714
    ));
#724 = CARTESIAN_POINT('',(77.172838031204,6.66540931861,38.297926224283
    ));
#725 = CARTESIAN_POINT('',(76.723884087733,7.505530417698,
    36.674586993855));
#726 = CARTESIAN_POINT('',(76.143286834058,6.385192262533,35.1381794518)
  );
#727 = CARTESIAN_POINT('',(75.421194934656,7.604091487926,
    33.696900741204));
#728 = CARTESIAN_POINT('',(74.547757053995,6.52618169077,32.358948005157
    ));
#729 = CARTESIAN_POINT('',(73.513121856557,7.286127680002,
    31.132518386736));
#730 = CARTESIAN_POINT('',(72.307438006806,6.878848173032,
    30.025809029039));
#731 = CARTESIAN_POINT('',(70.920854169222,7.025620520216,
    29.047017075141));
#732 = CARTESIAN_POINT('',(67.766183847328,6.982530319993,
    27.361662261128));
#733 = CARTESIAN_POINT('',(63.809102889882,7.009318839798,
    26.253554207015));
#734 = CARTESIAN_POINT('',(61.620108416743,6.986333730962,
    25.852009013023));
#735 = CARTESIAN_POINT('',(59.210808613663,7.015150024267,
    25.611169795169));
#736 = CARTESIAN_POINT('',(56.571352145116,6.986753044954,
    25.539233696565));
#737 = CARTESIAN_POINT('',(53.691887675571,7.009179449957,
    25.644397860261));
#738 = CARTESIAN_POINT('',(50.56256386951,6.995067373018,25.934859429379
    ));
#739 = CARTESIAN_POINT('',(47.173529391396,7.001929894706,
    26.418815546977));
#740 = CARTESIAN_POINT('',(43.514932905711,6.999547175544,
    27.104463356158));
#741 = CARTESIAN_POINT('',(39.576923076923,7.,28.));
#742 = DEFINITIONAL_REPRESENTATION('',(#743),#818);
#743 = B_SPLINE_CURVE_WITH_KNOTS('',7,(#744,#745,#746,#747,#748,#749,
    #750,#751,#752,#753,#754,#755,#756,#757,#758,#759,#760,#761,#762,
    #763,#764,#765,#766,#767,#768,#769,#770,#771,#772,#773,#774,#775,
    #776,#777,#778,#779,#780,#781,#782,#783,#784,#785,#786,#787,#788,
    #789,#790,#791,#792,#793,#794,#795,#796,#797,#798,#799,#800,#801,
    #802,#803,#804,#805,#806,#807,#808,#809,#810,#811,#812,#813,#814,
    #815,#816,#817),.UNSPECIFIED.,.F.,.F.,(8,6,6,6,6,6,6,6,6,6,6,6,8),(
    0.,0.1024997271,0.169363089256,0.257688845465,0.32739488622,
    0.382576686191,0.522544615851,0.662502790278,0.713208103738,
    0.776498558499,0.853045846117,0.910981829921,1.),.UNSPECIFIED.);
#744 = CARTESIAN_POINT('',(4.711671071431,124.1742188026));
#745 = CARTESIAN_POINT('',(4.655914077574,124.1742188026));
#746 = CARTESIAN_POINT('',(4.600119640953,124.17143584143));
#747 = CARTESIAN_POINT('',(4.544601223035,124.16586540006));
#748 = CARTESIAN_POINT('',(4.489568618688,124.15757420513));
#749 = CARTESIAN_POINT('',(4.435188703274,124.14665064275));
#750 = CARTESIAN_POINT('',(4.381602089047,124.13321192076));
#751 = CARTESIAN_POINT('',(4.294581396336,124.10709640409));
#752 = CARTESIAN_POINT('',(4.260600625138,124.09577386435));
#753 = CARTESIAN_POINT('',(4.227012235608,124.08347303127));
#754 = CARTESIAN_POINT('',(4.193825347831,124.07022820998));
#755 = CARTESIAN_POINT('',(4.161042472981,124.05607312899));
#756 = CARTESIAN_POINT('',(4.128660512022,124.04103986722));
#757 = CARTESIAN_POINT('',(4.054412026589,124.0041772241));
#758 = CARTESIAN_POINT('',(4.01284268905,123.9817179985));
#759 = CARTESIAN_POINT('',(3.971935540047,123.95784413013));
#760 = CARTESIAN_POINT('',(3.931661484887,123.9326179159));
#761 = CARTESIAN_POINT('',(3.891987806783,123.90609760437));
#762 = CARTESIAN_POINT('',(3.8528767025,123.878335291));
#763 = CARTESIAN_POINT('',(3.783826595819,123.82651941626));
#764 = CARTESIAN_POINT('',(3.753694640981,123.80291960401));
#765 = CARTESIAN_POINT('',(3.723867539676,123.77859792695));
#766 = CARTESIAN_POINT('',(3.694326078428,123.75357666413));
#767 = CARTESIAN_POINT('',(3.665051616639,123.72787743842));
#768 = CARTESIAN_POINT('',(3.636025459135,123.70152083161));
#769 = CARTESIAN_POINT('',(3.584431309078,123.65315592285));
#770 = CARTESIAN_POINT('',(3.561778259634,123.63138627926));
#771 = CARTESIAN_POINT('',(3.539259948185,123.60922691919));
#772 = CARTESIAN_POINT('',(3.516867422718,123.58668764812));
#773 = CARTESIAN_POINT('',(3.4945919114,123.56377822658));
#774 = CARTESIAN_POINT('',(3.47242482258,123.54050837011));
#775 = CARTESIAN_POINT('',(3.394384884276,123.45697434655));
#776 = CARTESIAN_POINT('',(3.339062757032,123.39481237043));
#777 = CARTESIAN_POINT('',(3.284241410605,123.33054843816));
#778 = CARTESIAN_POINT('',(3.22979319432,123.26434598176));
#779 = CARTESIAN_POINT('',(3.175598263434,123.19638302025));
#780 = CARTESIAN_POINT('',(3.121532329868,123.12684834159));
#781 = CARTESIAN_POINT('',(3.013384758032,122.98502878958));
#782 = CARTESIAN_POINT('',(2.959317353005,122.9127630522));
#783 = CARTESIAN_POINT('',(2.905113685631,122.83933137316));
#784 = CARTESIAN_POINT('',(2.850642719455,122.76496708185));
#785 = CARTESIAN_POINT('',(2.795773968109,122.68994558188));
#786 = CARTESIAN_POINT('',(2.740362705788,122.61458730927));
#787 = CARTESIAN_POINT('',(2.663893136792,122.51197302809));
#788 = CARTESIAN_POINT('',(2.643463072468,122.48468966369));
#789 = CARTESIAN_POINT('',(2.622931564365,122.45743062493));
#790 = CARTESIAN_POINT('',(2.602290545944,122.43021591015));
#791 = CARTESIAN_POINT('',(2.581531687237,122.40306721075));
#792 = CARTESIAN_POINT('',(2.560646394849,122.37600791122));
#793 = CARTESIAN_POINT('',(2.513387886193,122.31543051845));
#794 = CARTESIAN_POINT('',(2.486939804151,122.28197729237));
#795 = CARTESIAN_POINT('',(2.460263391188,122.24875160483));
#796 = CARTESIAN_POINT('',(2.433340929213,122.21580808662));
#797 = CARTESIAN_POINT('',(2.40615457788,122.18320798749));
#798 = CARTESIAN_POINT('',(2.378685795784,122.1510193584));
#799 = CARTESIAN_POINT('',(2.317326800473,122.08097477455));
#800 = CARTESIAN_POINT('',(2.283300143666,122.04334802457));
#801 = CARTESIAN_POINT('',(2.248797417295,122.00656642629));
#802 = CARTESIAN_POINT('',(2.213786275041,121.97078486928));
#803 = CARTESIAN_POINT('',(2.178238438157,121.93618179114));
#804 = CARTESIAN_POINT('',(2.142128735426,121.90295727852));
#805 = CARTESIAN_POINT('',(2.077661280466,121.84739446363));
#806 = CARTESIAN_POINT('',(2.049555816409,121.82437544231));
#807 = CARTESIAN_POINT('',(2.021109745786,121.80237063239));
#808 = CARTESIAN_POINT('',(1.992320024271,121.78148569381));
#809 = CARTESIAN_POINT('',(1.963188495091,121.76183326114));
#810 = CARTESIAN_POINT('',(1.93372271196,121.7435294272));
#811 = CARTESIAN_POINT('',(1.858173164407,121.70081348427));
#812 = CARTESIAN_POINT('',(1.811624078973,121.6783749987));
#813 = CARTESIAN_POINT('',(1.764391935231,121.65982608282));
#814 = CARTESIAN_POINT('',(1.716597001459,121.64557233432));
#815 = CARTESIAN_POINT('',(1.668382621419,121.63594087871));
#816 = CARTESIAN_POINT('',(1.619934400249,121.63112836662));
#817 = CARTESIAN_POINT('',(1.571514235749,121.63112836662));
#818 = ( GEOMETRIC_REPRESENTATION_CONTEXT(2) 
PARAMETRIC_REPRESENTATION_CONTEXT() REPRESENTATION_CONTEXT('2D SPACE',''
  ) );
#819 = ORIENTED_EDGE('',*,*,#820,.T.);
#820 = EDGE_CURVE('',#80,#821,#823,.T.);
#821 = VERTEX_POINT('',#822);
#822 = CARTESIAN_POINT('',(46.104833453488,0.,93.725669790687));
#823 = SEAM_CURVE('',#824,(#828,#835),.PCURVE_S1.);
#824 = LINE('',#825,#826);
#825 = CARTESIAN_POINT('',(42.5,0.,0.));
#826 = VECTOR('',#827,1.);
#827 = DIRECTION('',(3.84331221012E-02,0.,0.999261174631));
#828 = PCURVE('',#32,#829);
#829 = DEFINITIONAL_REPRESENTATION('',(#830),#834);
#830 = LINE('',#831,#832);
#831 = CARTESIAN_POINT('',(0.,0.));
#832 = VECTOR('',#833,1.);
#833 = DIRECTION('',(0.,1.));
#834 = ( GEOMETRIC_REPRESENTATION_CONTEXT(2) 
PARAMETRIC_REPRESENTATION_CONTEXT() REPRESENTATION_CONTEXT('2D SPACE',''
  ) );
#835 = PCURVE('',#32,#836);
#836 = DEFINITIONAL_REPRESENTATION('',(#837),#841);
#837 = LINE('',#838,#839);
#838 = CARTESIAN_POINT('',(6.28318530718,0.));
#839 = VECTOR('',#840,1.);
#840 = DIRECTION('',(0.,1.));
#841 = ( GEOMETRIC_REPRESENTATION_CONTEXT(2) 
PARAMETRIC_REPRESENTATION_CONTEXT() REPRESENTATION_CONTEXT('2D SPACE',''
  ) );
#842 = ORIENTED_EDGE('',*,*,#843,.T.);
#843 = EDGE_CURVE('',#821,#844,#846,.T.);
#844 = VERTEX_POINT('',#845);
#845 = CARTESIAN_POINT('',(46.642751571253,0.,107.71154085257));
#846 = SURFACE_CURVE('',#847,(#922,#1000),.PCURVE_S1.);
#847 = B_SPLINE_CURVE_WITH_KNOTS('',7,(#848,#849,#850,#851,#852,#853,
    #854,#855,#856,#857,#858,#859,#860,#861,#862,#863,#864,#865,#866,
    #867,#868,#869,#870,#871,#872,#873,#874,#875,#876,#877,#878,#879,
    #880,#881,#882,#883,#884,#885,#886,#887,#888,#889,#890,#891,#892,
    #893,#894,#895,#896,#897,#898,#899,#900,#901,#902,#903,#904,#905,
    #906,#907,#908,#909,#910,#911,#912,#913,#914,#915,#916,#917,#918,
    #919,#920,#921),.UNSPECIFIED.,.F.,.F.,(8,6,6,6,6,6,6,6,6,6,6,6,8),(
    0.,0.10119227426,0.166283568869,0.252650113049,0.322382412191,
    0.377614652938,0.519821445058,0.659665821276,0.710279685229,
    0.773451614911,0.851770249756,0.909564615961,1.),.UNSPECIFIED.);
#848 = CARTESIAN_POINT('',(46.104833453488,-1.06581410364E-14,
    93.725669790687));
#849 = CARTESIAN_POINT('',(46.104833453488,-0.385904348422,
    93.725669790687));
#850 = CARTESIAN_POINT('',(46.101993357807,-0.771986235688,
    93.749806183311));
#851 = CARTESIAN_POINT('',(46.096308398978,-1.154162479637,
    93.798118266619));
#852 = CARTESIAN_POINT('',(46.087974811742,-1.529061636121,
    93.869671947237));
#853 = CARTESIAN_POINT('',(46.07733674914,-1.893890178997,
    93.962994266733));
#854 = CARTESIAN_POINT('',(46.064818844161,-2.246381630398,
    94.076224314704));
#855 = CARTESIAN_POINT('',(46.041903782205,-2.802411048893,
    94.291526660218));
#856 = CARTESIAN_POINT('',(46.032338764304,-3.01433446028,
    94.383210306643));
#857 = CARTESIAN_POINT('',(46.022293674574,-3.220150592279,
    94.481790576227));
#858 = CARTESIAN_POINT('',(46.011884921061,-3.41959512749,
    94.586754955109));
#859 = CARTESIAN_POINT('',(46.001224996214,-3.612493390842,
    94.697605786938));
#860 = CARTESIAN_POINT('',(45.99041910541,-3.798744451193,
    94.813875537781));
#861 = CARTESIAN_POINT('',(45.965160519091,-4.216566304213,
    95.096034007967));
#862 = CARTESIAN_POINT('',(45.950671663113,-4.443024223296,
    95.265700521869));
#863 = CARTESIAN_POINT('',(45.936322194724,-4.657629496449,
    95.443158097461));
#864 = CARTESIAN_POINT('',(45.922311946298,-4.860431678303,
    95.627510871472));
#865 = CARTESIAN_POINT('',(45.908815552155,-5.051562225922,
    95.817957661789));
#866 = CARTESIAN_POINT('',(45.895982334501,-5.231212880379,
    96.013803664132));
#867 = CARTESIAN_POINT('',(45.874210138552,-5.535581056506,
    96.376491770218));
#868 = CARTESIAN_POINT('',(45.864998163262,-5.664203249582,
    96.541641476395));
#869 = CARTESIAN_POINT('',(45.856366454422,-5.785596792383,
    96.709609218079));
#870 = CARTESIAN_POINT('',(45.848372394257,-5.899878321459,
    96.880109517146));
#871 = CARTESIAN_POINT('',(45.841065299763,-6.007163970565,
    97.052883687749));
#872 = CARTESIAN_POINT('',(45.834487166178,-6.107568396132,
    97.227700057514));
#873 = CARTESIAN_POINT('',(45.82406856078,-6.275368764805,
    97.544275052187));
#874 = CARTESIAN_POINT('',(45.819943457079,-6.345285449059,
    97.685345775794));
#875 = CARTESIAN_POINT('',(45.816315543655,-6.411008569153,
    97.827463057156));
#876 = CARTESIAN_POINT('',(45.813200111441,-6.472589774549,
    97.970529859746));
#877 = CARTESIAN_POINT('',(45.810610298007,-6.530077650529,
    98.114455412924));
#878 = CARTESIAN_POINT('',(45.808557087557,-6.583517718191,
    98.259155211939));
#879 = CARTESIAN_POINT('',(45.803167229128,-6.760232304386,
    98.778902499553));
#880 = CARTESIAN_POINT('',(45.802902099222,-6.860941313618,
    99.157811195735));
#881 = CARTESIAN_POINT('',(45.806405881314,-6.93584041104,
    99.540010934798));
#882 = CARTESIAN_POINT('',(45.813754588181,-6.98546327209,
    99.924335408074));
#883 = CARTESIAN_POINT('',(45.824955467504,-7.010196844651,
    100.30970911902));
#884 = CARTESIAN_POINT('',(45.83995634166,-7.010283762595,
    100.69514445974));
#885 = CARTESIAN_POINT('',(45.877047201311,-6.961617115524,
    101.45795617971));
#886 = CARTESIAN_POINT('',(45.899010247698,-6.913681271399,
    101.83525695429));
#887 = CARTESIAN_POINT('',(45.924448126481,-6.841985431876,
    102.21080654324));
#888 = CARTESIAN_POINT('',(45.953209006117,-6.746374811226,
    102.58365733295));
#889 = CARTESIAN_POINT('',(45.985080316671,-6.626554814074,
    102.95276203337));
#890 = CARTESIAN_POINT('',(46.019782904584,-6.482065626915,
    103.31696763086));
#891 = CARTESIAN_POINT('',(46.070424174357,-6.250679808834,
    103.80457724999));
#892 = CARTESIAN_POINT('',(46.084206114014,-6.18586489787,
    103.93334166619));
#893 = CARTESIAN_POINT('',(46.098295261817,-6.117692864608,
    104.06122531113));
#894 = CARTESIAN_POINT('',(46.112672878288,-6.04612834394,
    104.18815860523));
#895 = CARTESIAN_POINT('',(46.127318408449,-5.971133095946,
    104.31406637889));
#896 = CARTESIAN_POINT('',(46.142209481829,-5.892666005886,
    104.43886787242));
#897 = CARTESIAN_POINT('',(46.176183965865,-5.708358958773,
    104.71675482971));
#898 = CARTESIAN_POINT('',(46.195390245241,-5.600560533197,
    104.86917087898));
#899 = CARTESIAN_POINT('',(46.214893847983,-5.487199597678,
    105.01955985907));
#900 = CARTESIAN_POINT('',(46.23464190476,-5.368185923008,
    105.16773359684));
#901 = CARTESIAN_POINT('',(46.2545751542,-5.243427347968,105.31348072409
    ));
#902 = CARTESIAN_POINT('',(46.274627517581,-5.112829866738,
    105.45656663083));
#903 = CARTESIAN_POINT('',(46.319642755265,-4.80702931356,
    105.77050793398));
#904 = CARTESIAN_POINT('',(46.344627427612,-4.628656767143,
    105.93977733043));
#905 = CARTESIAN_POINT('',(46.369542666975,-4.440986850588,
    106.10406511293));
#906 = CARTESIAN_POINT('',(46.394226639175,-4.243859730597,
    106.26279188741));
#907 = CARTESIAN_POINT('',(46.418493829964,-4.03716485541,
    106.41528505108));
#908 = CARTESIAN_POINT('',(46.442136175552,-3.820856843187,
    106.56078848281));
#909 = CARTESIAN_POINT('',(46.481740357461,-3.428281696064,
    106.80007442729));
#910 = CARTESIAN_POINT('',(46.498089805652,-3.256391059073,
    106.89740917501));
#911 = CARTESIAN_POINT('',(46.513880066663,-3.079327618554,
    106.99013851837));
#912 = CARTESIAN_POINT('',(46.529009897791,-2.897166559022,
    107.07788890891));
#913 = CARTESIAN_POINT('',(46.543372457125,-2.710041708758,
    107.16026363555));
#914 = CARTESIAN_POINT('',(46.556858475995,-2.518157158214,
    107.23685525206));
#915 = CARTESIAN_POINT('',(46.588920658238,-2.014541655792,
    107.41742272098));
#916 = CARTESIAN_POINT('',(46.606083586656,-1.69612071156,
    107.51251068193));
#917 = CARTESIAN_POINT('',(46.620407156195,-1.367942071049,
    107.59081156696));
#918 = CARTESIAN_POINT('',(46.631486889501,-1.03179333135,
    107.65081745384));
#919 = CARTESIAN_POINT('',(46.638998582703,-0.689876861776,
    107.6913083064));
#920 = CARTESIAN_POINT('',(46.642751571253,-0.344868250877,
    107.71154085257));
#921 = CARTESIAN_POINT('',(46.642751571253,0.,107.71154085257));
#922 = PCURVE('',#32,#923);
#923 = DEFINITIONAL_REPRESENTATION('',(#924),#999);
#924 = B_SPLINE_CURVE_WITH_KNOTS('',7,(#925,#926,#927,#928,#929,#930,
    #931,#932,#933,#934,#935,#936,#937,#938,#939,#940,#941,#942,#943,
    #944,#945,#946,#947,#948,#949,#950,#951,#952,#953,#954,#955,#956,
    #957,#958,#959,#960,#961,#962,#963,#964,#965,#966,#967,#968,#969,
    #970,#971,#972,#973,#974,#975,#976,#977,#978,#979,#980,#981,#982,
    #983,#984,#985,#986,#987,#988,#989,#990,#991,#992,#993,#994,#995,
    #996,#997,#998),.UNSPECIFIED.,.F.,.F.,(8,6,6,6,6,6,6,6,6,6,6,6,8),(
    0.,0.10119227426,0.166283568869,0.252650113049,0.322382412191,
    0.377614652938,0.519821445058,0.659665821276,0.710279685229,
    0.773451614911,0.851770249756,0.909564615961,1.),.UNSPECIFIED.);
#925 = CARTESIAN_POINT('',(6.28318530718,93.725669790687));
#926 = CARTESIAN_POINT('',(6.274815157685,93.725669790687));
#927 = CARTESIAN_POINT('',(6.266441157349,93.749806183311));
#928 = CARTESIAN_POINT('',(6.258151619789,93.798118266619));
#929 = CARTESIAN_POINT('',(6.250019417404,93.869671947237));
#930 = CARTESIAN_POINT('',(6.242105005517,93.962994266733));
#931 = CARTESIAN_POINT('',(6.234457570916,94.076224314704));
#932 = CARTESIAN_POINT('',(6.222393405513,94.291526660218));
#933 = CARTESIAN_POINT('',(6.217795069607,94.383210306642));
#934 = CARTESIAN_POINT('',(6.213329042278,94.481790576227));
#935 = CARTESIAN_POINT('',(6.209001113734,94.586754955109));
#936 = CARTESIAN_POINT('',(6.204815144889,94.697605786938));
#937 = CARTESIAN_POINT('',(6.200773406905,94.813875537781));
#938 = CARTESIAN_POINT('',(6.191706631594,95.096034007967));
#939 = CARTESIAN_POINT('',(6.186792598064,95.265700521869));
#940 = CARTESIAN_POINT('',(6.182136096458,95.443158097461));
#941 = CARTESIAN_POINT('',(6.177736265299,95.627510871472));
#942 = CARTESIAN_POINT('',(6.173590464174,95.817957661789));
#943 = CARTESIAN_POINT('',(6.16969473009,96.013803664132));
#944 = CARTESIAN_POINT('',(6.163096825214,96.376491770218));
#945 = CARTESIAN_POINT('',(6.160309531851,96.541641476395));
#946 = CARTESIAN_POINT('',(6.157679924086,96.709609218079));
#947 = CARTESIAN_POINT('',(6.155205551253,96.880109517146));
#948 = CARTESIAN_POINT('',(6.152883961668,97.052883687749));
#949 = CARTESIAN_POINT('',(6.15071272262,97.227700057514));
#950 = CARTESIAN_POINT('',(6.147086877215,97.544275052187));
#951 = CARTESIAN_POINT('',(6.145577172276,97.685345775794));
#952 = CARTESIAN_POINT('',(6.144159158808,97.827463057156));
#953 = CARTESIAN_POINT('',(6.142831730846,97.970529859746));
#954 = CARTESIAN_POINT('',(6.141593843202,98.114455412924));
#955 = CARTESIAN_POINT('',(6.14044451146,98.259155211939));
#956 = CARTESIAN_POINT('',(6.136649247763,98.778902499553));
#957 = CARTESIAN_POINT('',(6.13449701409,99.157811195735));
#958 = CARTESIAN_POINT('',(6.132909562587,99.540010934798));
#959 = CARTESIAN_POINT('',(6.131875016369,99.924335408074));
#960 = CARTESIAN_POINT('',(6.131384420415,100.30970911902));
#961 = CARTESIAN_POINT('',(6.131431701539,100.69514445974));
#962 = CARTESIAN_POINT('',(6.132589278753,101.45795617971));
#963 = CARTESIAN_POINT('',(6.133681749933,101.83525695429));
#964 = CARTESIAN_POINT('',(6.135290764441,102.21080654324));
#965 = CARTESIAN_POINT('',(6.137418462209,102.58365733295));
#966 = CARTESIAN_POINT('',(6.140069789586,102.95276203337));
#967 = CARTESIAN_POINT('',(6.143253072321,103.31696763086));
#968 = CARTESIAN_POINT('',(6.148332267137,103.80457724999));
#969 = CARTESIAN_POINT('',(6.149753516003,103.93334166619));
#970 = CARTESIAN_POINT('',(6.151246846382,104.06122531113));
#971 = CARTESIAN_POINT('',(6.152812935666,104.18815860523));
#972 = CARTESIAN_POINT('',(6.154452520995,104.31406637889));
#973 = CARTESIAN_POINT('',(6.156166399254,104.43886787242));
#974 = CARTESIAN_POINT('',(6.160188339776,104.71675482971));
#975 = CARTESIAN_POINT('',(6.162538262681,104.86917087898));
#976 = CARTESIAN_POINT('',(6.165006921387,105.01955985907));
#977 = CARTESIAN_POINT('',(6.167596079271,105.16773359684));
#978 = CARTESIAN_POINT('',(6.170307539275,105.31348072409));
#979 = CARTESIAN_POINT('',(6.173143145686,105.45656663083));
#980 = CARTESIAN_POINT('',(6.179776537303,105.77050793398));
#981 = CARTESIAN_POINT('',(6.183641623801,105.93977733043));
#982 = CARTESIAN_POINT('',(6.187703879176,106.10406511293));
#983 = CARTESIAN_POINT('',(6.191966419665,106.26279188741));
#984 = CARTESIAN_POINT('',(6.196431330153,106.41528505108));
#985 = CARTESIAN_POINT('',(6.201099350339,106.56078848281));
#986 = CARTESIAN_POINT('',(6.20956347867,106.80007442729));
#987 = CARTESIAN_POINT('',(6.21326718814,106.89740917501));
#988 = CARTESIAN_POINT('',(6.217080022911,106.99013851837));
#989 = CARTESIAN_POINT('',(6.22100033175,107.07788890891));
#990 = CARTESIAN_POINT('',(6.225025237894,107.16026363555));
#991 = CARTESIAN_POINT('',(6.229150398332,107.23685525206));
#992 = CARTESIAN_POINT('',(6.239972134547,107.41742272098));
#993 = CARTESIAN_POINT('',(6.246809672612,107.51251068193));
#994 = CARTESIAN_POINT('',(6.253852515876,107.59081156696));
#995 = CARTESIAN_POINT('',(6.261062934905,107.65081745384));
#996 = CARTESIAN_POINT('',(6.268394652095,107.6913083064));
#997 = CARTESIAN_POINT('',(6.275791484147,107.71154085257));
#998 = CARTESIAN_POINT('',(6.28318530718,107.71154085257));
#999 = ( GEOMETRIC_REPRESENTATION_CONTEXT(2) 
PARAMETRIC_REPRESENTATION_CONTEXT() REPRESENTATION_CONTEXT('2D SPACE',''
  ) );
#1000 = PCURVE('',#237,#1001);
#1001 = DEFINITIONAL_REPRESENTATION('',(#1002),#1077);
#1002 = B_SPLINE_CURVE_WITH_KNOTS('',7,(#1003,#1004,#1005,#1006,#1007,
    #1008,#1009,#1010,#1011,#1012,#1013,#1014,#1015,#1016,#1017,#1018,
    #1019,#1020,#1021,#1022,#1023,#1024,#1025,#1026,#1027,#1028,#1029,
    #1030,#1031,#1032,#1033,#1034,#1035,#1036,#1037,#1038,#1039,#1040,
    #1041,#1042,#1043,#1044,#1045,#1046,#1047,#1048,#1049,#1050,#1051,
    #1052,#1053,#1054,#1055,#1056,#1057,#1058,#1059,#1060,#1061,#1062,
    #1063,#1064,#1065,#1066,#1067,#1068,#1069,#1070,#1071,#1072,#1073,
    #1074,#1075,#1076),.UNSPECIFIED.,.F.,.F.,(8,6,6,6,6,6,6,6,6,6,6,6,8)
  ,(0.,0.10119227426,0.166283568869,0.252650113049,0.322382412191,
    0.377614652938,0.519821445058,0.659665821276,0.710279685229,
    0.773451614911,0.851770249756,0.909564615961,1.),.UNSPECIFIED.);
#1003 = CARTESIAN_POINT('',(4.711671071431,2.16576068008));
#1004 = CARTESIAN_POINT('',(4.656646215808,2.16576068008));
#1005 = CARTESIAN_POINT('',(4.601584896831,2.163450710254));
#1006 = CARTESIAN_POINT('',(4.546796084295,2.158826910186));
#1007 = CARTESIAN_POINT('',(4.492487430461,2.15204116031));
#1008 = CARTESIAN_POINT('',(4.43882378368,2.143358239574));
#1009 = CARTESIAN_POINT('',(4.385943526668,2.133102048044));
#1010 = CARTESIAN_POINT('',(4.300540663253,2.114227809601));
#1011 = CARTESIAN_POINT('',(4.267468971738,2.106327005054));
#1012 = CARTESIAN_POINT('',(4.234773241991,2.09800045057));
#1013 = CARTESIAN_POINT('',(4.202462103512,2.089335450689));
#1014 = CARTESIAN_POINT('',(4.170537965442,2.080415647623));
#1015 = CARTESIAN_POINT('',(4.138997941467,2.071318451061));
#1016 = CARTESIAN_POINT('',(4.06648320375,2.04990124772));
#1017 = CARTESIAN_POINT('',(4.025799153288,2.037500952645));
#1018 = CARTESIAN_POINT('',(3.985756020073,2.025076490792));
#1019 = CARTESIAN_POINT('',(3.946326089638,2.012770488271));
#1020 = CARTESIAN_POINT('',(3.907478076788,2.00070515013));
#1021 = CARTESIAN_POINT('',(3.869175803497,1.988982504873));
#1022 = CARTESIAN_POINT('',(3.800858044683,1.968562766485));
#1023 = CARTESIAN_POINT('',(3.770669869936,1.959718687991));
#1024 = CARTESIAN_POINT('',(3.740791394758,1.951196412108));
#1025 = CARTESIAN_POINT('',(3.711202919657,1.943033212684));
#1026 = CARTESIAN_POINT('',(3.681885350277,1.935260275239));
#1027 = CARTESIAN_POINT('',(3.652819544208,1.927903333402));
#1028 = CARTESIAN_POINT('',(3.601147458354,1.915502220408));
#1029 = CARTESIAN_POINT('',(3.578455181943,1.910295440512));
#1030 = CARTESIAN_POINT('',(3.555899474687,1.905373245015));
#1031 = CARTESIAN_POINT('',(3.533471178752,1.900744423424));
#1032 = CARTESIAN_POINT('',(3.511161332348,1.896416275408));
#1033 = CARTESIAN_POINT('',(3.488961169732,1.892394610792));
#1034 = CARTESIAN_POINT('',(3.409963564188,1.879129372182));
#1035 = CARTESIAN_POINT('',(3.353743268375,1.871637295337));
#1036 = CARTESIAN_POINT('',(3.298041056728,1.866281459271));
#1037 = CARTESIAN_POINT('',(3.242721786697,1.863087384772));
#1038 = CARTESIAN_POINT('',(3.18765922175,1.862040209599));
#1039 = CARTESIAN_POINT('',(3.132722613102,1.863092587368));
#1040 = CARTESIAN_POINT('',(3.023722339226,1.869201146171));
#1041 = CARTESIAN_POINT('',(2.96967385527,1.874189686097));
#1042 = CARTESIAN_POINT('',(2.915480263057,1.881067737405));
#1043 = CARTESIAN_POINT('',(2.861011374781,1.889740593869));
#1044 = CARTESIAN_POINT('',(2.806137908426,1.900086747602));
#1045 = CARTESIAN_POINT('',(2.750716998224,1.911956272627));
#1046 = CARTESIAN_POINT('',(2.67425198827,1.929952468832));
#1047 = CARTESIAN_POINT('',(2.653837880541,1.934910698143));
#1048 = CARTESIAN_POINT('',(2.633322436488,1.940036097775));
#1049 = CARTESIAN_POINT('',(2.612697774788,1.945319324165));
#1050 = CARTESIAN_POINT('',(2.591955771819,1.9507502991));
#1051 = CARTESIAN_POINT('',(2.571088061664,1.956318209718));
#1052 = CARTESIAN_POINT('',(2.523873090137,1.969117400888));
#1053 = CARTESIAN_POINT('',(2.497451507632,1.976418390173));
#1054 = CARTESIAN_POINT('',(2.470803653378,1.983892062842));
#1055 = CARTESIAN_POINT('',(2.443912355814,1.991513616802));
#1056 = CARTESIAN_POINT('',(2.416760360614,1.999255680632));
#1057 = CARTESIAN_POINT('',(2.389329784274,2.007088132832));
#1058 = CARTESIAN_POINT('',(2.327224969086,2.024759440292));
#1059 = CARTESIAN_POINT('',(2.292394449781,2.034627979663));
#1060 = CARTESIAN_POINT('',(2.257071202324,2.044521650348));
#1061 = CARTESIAN_POINT('',(2.221221831824,2.054368570323));
#1062 = CARTESIAN_POINT('',(2.184817354321,2.064087328279));
#1063 = CARTESIAN_POINT('',(2.147832195159,2.073587447518));
#1064 = CARTESIAN_POINT('',(2.082504796803,2.089545901612));
#1065 = CARTESIAN_POINT('',(2.054439983016,2.096148342228));
#1066 = CARTESIAN_POINT('',(2.026041681543,2.102537274421));
#1067 = CARTESIAN_POINT('',(1.99730705535,2.108669271672));
#1068 = CARTESIAN_POINT('',(1.968238240278,2.114498703351));
#1069 = CARTESIAN_POINT('',(1.938843090487,2.119979059854));
#1070 = CARTESIAN_POINT('',(1.862650787091,2.133021517538));
#1071 = CARTESIAN_POINT('',(1.815370081006,2.140016807631));
#1072 = CARTESIAN_POINT('',(1.767397803728,2.145863452394));
#1073 = CARTESIAN_POINT('',(1.718856230426,2.150390421643));
#1074 = CARTESIAN_POINT('',(1.669890382259,2.153461018135));
#1075 = CARTESIAN_POINT('',(1.620687887628,2.154995140318));
#1076 = CARTESIAN_POINT('',(1.571514235749,2.154995140318));
#1077 = ( GEOMETRIC_REPRESENTATION_CONTEXT(2) 
PARAMETRIC_REPRESENTATION_CONTEXT() REPRESENTATION_CONTEXT('2D SPACE',''
  ) );
#1078 = ORIENTED_EDGE('',*,*,#1079,.T.);
#1079 = EDGE_CURVE('',#844,#1080,#1082,.T.);
#1080 = VERTEX_POINT('',#1081);
#1081 = CARTESIAN_POINT('',(47.5,0.,130.));
#1082 = SEAM_CURVE('',#1083,(#1087,#1094),.PCURVE_S1.);
#1083 = LINE('',#1084,#1085);
#1084 = CARTESIAN_POINT('',(42.5,0.,0.));
#1085 = VECTOR('',#1086,1.);
#1086 = DIRECTION('',(3.84331221012E-02,0.,0.999261174631));
#1087 = PCURVE('',#32,#1088);
#1088 = DEFINITIONAL_REPRESENTATION('',(#1089),#1093);
#1089 = LINE('',#1090,#1091);
#1090 = CARTESIAN_POINT('',(0.,0.));
#1091 = VECTOR('',#1092,1.);
#1092 = DIRECTION('',(0.,1.));
#1093 = ( GEOMETRIC_REPRESENTATION_CONTEXT(2) 
PARAMETRIC_REPRESENTATION_CONTEXT() REPRESENTATION_CONTEXT('2D SPACE',''
  ) );
#1094 = PCURVE('',#32,#1095);
#1095 = DEFINITIONAL_REPRESENTATION('',(#1096),#1100);
#1096 = LINE('',#1097,#1098);
#1097 = CARTESIAN_POINT('',(6.28318530718,0.));
#1098 = VECTOR('',#1099,1.);
#1099 = DIRECTION('',(0.,1.));
#1100 = ( GEOMETRIC_REPRESENTATION_CONTEXT(2) 
PARAMETRIC_REPRESENTATION_CONTEXT() REPRESENTATION_CONTEXT('2D SPACE',''
  ) );
#1101 = ORIENTED_EDGE('',*,*,#1102,.F.);
#1102 = EDGE_CURVE('',#1080,#1080,#1103,.T.);
#1103 = SURFACE_CURVE('',#1104,(#1109,#1116),.PCURVE_S1.);
#1104 = CIRCLE('',#1105,47.5);
#1105 = AXIS2_PLACEMENT_3D('',#1106,#1107,#1108);
#1106 = CARTESIAN_POINT('',(0.,0.,130.));
#1107 = DIRECTION('',(0.,0.,1.));
#1108 = DIRECTION('',(1.,0.,0.));
#1109 = PCURVE('',#32,#1110);
#1110 = DEFINITIONAL_REPRESENTATION('',(#1111),#1115);
#1111 = LINE('',#1112,#1113);
#1112 = CARTESIAN_POINT('',(0.,130.));
#1113 = VECTOR('',#1114,1.);
#1114 = DIRECTION('',(1.,0.));
#1115 = ( GEOMETRIC_REPRESENTATION_CONTEXT(2) 
PARAMETRIC_REPRESENTATION_CONTEXT() REPRESENTATION_CONTEXT('2D SPACE',''
  ) );
#1116 = PCURVE('',#1117,#1122);
#1117 = PLANE('',#1118);
#1118 = AXIS2_PLACEMENT_3D('',#1119,#1120,#1121);
#1119 = CARTESIAN_POINT('',(0.,0.,130.));
#1120 = DIRECTION('',(0.,0.,1.));
#1121 = DIRECTION('',(1.,0.,0.));
#1122 = DEFINITIONAL_REPRESENTATION('',(#1123),#1127);
#1123 = CIRCLE('',#1124,47.5);
#1124 = AXIS2_PLACEMENT_2D('',#1125,#1126);
#1125 = CARTESIAN_POINT('',(0.,0.));
#1126 = DIRECTION('',(1.,0.));
#1127 = ( GEOMETRIC_REPRESENTATION_CONTEXT(2) 
PARAMETRIC_REPRESENTATION_CONTEXT() REPRESENTATION_CONTEXT('2D SPACE',''
  ) );
#1128 = ORIENTED_EDGE('',*,*,#1079,.F.);
#1129 = ORIENTED_EDGE('',*,*,#1130,.T.);
#1130 = EDGE_CURVE('',#844,#1131,#1133,.T.);
#1131 = VERTEX_POINT('',#1132);
#1132 = CARTESIAN_POINT('',(45.839094654794,7.000000173846,
    100.63281243277));
#1133 = SURFACE_CURVE('',#1134,(#1172,#1213),.PCURVE_S1.);
#1134 = B_SPLINE_CURVE_WITH_KNOTS('',8,(#1135,#1136,#1137,#1138,#1139,
    #1140,#1141,#1142,#1143,#1144,#1145,#1146,#1147,#1148,#1149,#1150,
    #1151,#1152,#1153,#1154,#1155,#1156,#1157,#1158,#1159,#1160,#1161,
    #1162,#1163,#1164,#1165,#1166,#1167,#1168,#1169,#1170,#1171),
  .UNSPECIFIED.,.F.,.F.,(9,7,7,7,7,9),(0.,0.181208968871,0.296251664097,
    0.452243585017,0.86362984579,1.),.UNSPECIFIED.);
#1135 = CARTESIAN_POINT('',(46.642751571253,0.,107.71154085257));
#1136 = CARTESIAN_POINT('',(46.642751571253,0.304652951455,
    107.71154085257));
#1137 = CARTESIAN_POINT('',(46.639882597294,0.609416373592,
    107.69607404033));
#1138 = CARTESIAN_POINT('',(46.634140864968,0.912208851695,
    107.66512338799));
#1139 = CARTESIAN_POINT('',(46.62562473628,1.211239881644,107.619071816)
  );
#1140 = CARTESIAN_POINT('',(46.614509860066,1.504976614043,
    107.55858681893));
#1141 = CARTESIAN_POINT('',(46.60102689771,1.792117311137,
    107.48453244336));
#1142 = CARTESIAN_POINT('',(46.585441834154,2.071571516534,
    107.39790861756));
#1143 = CARTESIAN_POINT('',(46.556990395598,2.514415459579,
    107.23754371787));
#1144 = CARTESIAN_POINT('',(46.545204875906,2.682992325505,
    107.17062340448));
#1145 = CARTESIAN_POINT('',(46.532750797738,2.848000687402,
    107.09931283257));
#1146 = CARTESIAN_POINT('',(46.519696910554,3.009304655822,
    107.02386840521));
#1147 = CARTESIAN_POINT('',(46.506111047924,3.166804920134,
    106.94454234476));
#1148 = CARTESIAN_POINT('',(46.492058944788,3.320434368687,
    106.86157804859));
#1149 = CARTESIAN_POINT('',(46.477603054705,3.470153708976,
    106.77520544495));
#1150 = CARTESIAN_POINT('',(46.442731047344,3.813635338899,
    106.56418530527));
#1151 = CARTESIAN_POINT('',(46.422027039836,4.0040851252,106.43687016779
    ));
#1152 = CARTESIAN_POINT('',(46.400833526092,4.18727828711,
    106.30421208821));
#1153 = CARTESIAN_POINT('',(46.379283789602,4.363236597304,
    106.16669472187));
#1154 = CARTESIAN_POINT('',(46.357499822357,4.532015865815,
    106.02476066786));
#1155 = CARTESIAN_POINT('',(46.335591931372,4.693700045122,
    105.8788079093));
#1156 = CARTESIAN_POINT('',(46.313658345207,4.848395335235,
    105.7291862537));
#1157 = CARTESIAN_POINT('',(46.234099348737,5.386082943496,
    105.17271772082));
#1158 = CARTESIAN_POINT('',(46.176912423793,5.727647729056,
    104.74635604026));
#1159 = CARTESIAN_POINT('',(46.121723881301,6.023922730896,
    104.30213638235));
#1160 = CARTESIAN_POINT('',(46.069702281066,6.276661641431,
    103.84408199926));
#1161 = CARTESIAN_POINT('',(46.021746673955,6.487473788655,
    103.37557639358));
#1162 = CARTESIAN_POINT('',(45.978505609756,6.657611463204,
    102.89930227961));
#1163 = CARTESIAN_POINT('',(45.940435947488,6.788067870853,
    102.4172986545));
#1164 = CARTESIAN_POINT('',(45.89706458424,6.90940796193,101.76962110503
    ));
#1165 = CARTESIAN_POINT('',(45.886874545871,6.935285125272,
    101.60794489554));
#1166 = CARTESIAN_POINT('',(45.877304902881,6.956844380453,
    101.44591031588));
#1167 = CARTESIAN_POINT('',(45.868366725664,6.974094402529,
    101.28358794712));
#1168 = CARTESIAN_POINT('',(45.860069505345,6.987038767346,
    101.12104778943));
#1169 = CARTESIAN_POINT('',(45.852421146485,6.995676093694,
    100.95835928887));
#1170 = CARTESIAN_POINT('',(45.845427959785,7.000000185472,
    100.79559136403));
#1171 = CARTESIAN_POINT('',(45.839094654794,7.000000173846,
    100.63281243277));
#1172 = PCURVE('',#32,#1173);
#1173 = DEFINITIONAL_REPRESENTATION('',(#1174),#1212);
#1174 = B_SPLINE_CURVE_WITH_KNOTS('',8,(#1175,#1176,#1177,#1178,#1179,
    #1180,#1181,#1182,#1183,#1184,#1185,#1186,#1187,#1188,#1189,#1190,
    #1191,#1192,#1193,#1194,#1195,#1196,#1197,#1198,#1199,#1200,#1201,
    #1202,#1203,#1204,#1205,#1206,#1207,#1208,#1209,#1210,#1211),
  .UNSPECIFIED.,.F.,.F.,(9,7,7,7,7,9),(0.,0.181208968871,0.296251664097,
    0.452243585017,0.86362984579,1.),.UNSPECIFIED.);
#1175 = CARTESIAN_POINT('',(0.,107.71154085257));
#1176 = CARTESIAN_POINT('',(6.531624768947E-03,107.71154085257));
#1177 = CARTESIAN_POINT('',(1.306561778401E-02,107.69607404033));
#1178 = CARTESIAN_POINT('',(1.955811309977E-02,107.66512338799));
#1179 = CARTESIAN_POINT('',(2.597148202273E-02,107.619071816));
#1180 = CARTESIAN_POINT('',(3.227352558437E-02,107.55858681893));
#1181 = CARTESIAN_POINT('',(3.843684695766E-02,107.48453244336));
#1182 = CARTESIAN_POINT('',(4.443840381703E-02,107.39790861756));
#1183 = CARTESIAN_POINT('',(5.395466896952E-02,107.23754371787));
#1184 = CARTESIAN_POINT('',(5.757867662815E-02,107.17062340448));
#1185 = CARTESIAN_POINT('',(6.112752145602E-02,107.09931283257));
#1186 = CARTESIAN_POINT('',(6.45983150246E-02,107.02386840521));
#1187 = CARTESIAN_POINT('',(6.798893194236E-02,106.94454234476));
#1188 = CARTESIAN_POINT('',(7.129791915864E-02,106.86157804859));
#1189 = CARTESIAN_POINT('',(7.452440526744E-02,106.77520544495));
#1190 = CARTESIAN_POINT('',(8.19305743352E-02,106.56418530527));
#1191 = CARTESIAN_POINT('',(8.604031792082E-02,106.43687016779));
#1192 = CARTESIAN_POINT('',(8.999675099458E-02,106.30421208821));
#1193 = CARTESIAN_POINT('',(9.380020082617E-02,106.16669472187));
#1194 = CARTESIAN_POINT('',(9.745169524888E-02,106.02476066786));
#1195 = CARTESIAN_POINT('',(0.10095284638,105.8788079093));
#1196 = CARTESIAN_POINT('',(0.104305734341,105.7291862537));
#1197 = CARTESIAN_POINT('',(0.115970530526,105.17271772082));
#1198 = CARTESIAN_POINT('',(0.123402327757,104.74635604026));
#1199 = CARTESIAN_POINT('',(0.129869065719,104.30213638235));
#1200 = CARTESIAN_POINT('',(0.135404445275,103.84408199926));
#1201 = CARTESIAN_POINT('',(0.140039194669,103.37557639358));
#1202 = CARTESIAN_POINT('',(0.143796814229,102.89930227961));
#1203 = CARTESIAN_POINT('',(0.146695757718,102.4172986545));
#1204 = CARTESIAN_POINT('',(0.149419293119,101.76962110503));
#1205 = CARTESIAN_POINT('',(0.150003328086,101.60794489554));
#1206 = CARTESIAN_POINT('',(0.150493550321,101.44591031588));
#1207 = CARTESIAN_POINT('',(0.150890059549,101.28358794712));
#1208 = CARTESIAN_POINT('',(0.151192851225,101.12104778943));
#1209 = CARTESIAN_POINT('',(0.151401819776,100.95835928887));
#1210 = CARTESIAN_POINT('',(0.151516761841,100.79559136403));
#1211 = CARTESIAN_POINT('',(0.151537379522,100.63281243277));
#1212 = ( GEOMETRIC_REPRESENTATION_CONTEXT(2) 
PARAMETRIC_REPRESENTATION_CONTEXT() REPRESENTATION_CONTEXT('2D SPACE',''
  ) );
#1213 = PCURVE('',#237,#1214);
#1214 = DEFINITIONAL_REPRESENTATION('',(#1215),#1253);
#1215 = B_SPLINE_CURVE_WITH_KNOTS('',8,(#1216,#1217,#1218,#1219,#1220,
    #1221,#1222,#1223,#1224,#1225,#1226,#1227,#1228,#1229,#1230,#1231,
    #1232,#1233,#1234,#1235,#1236,#1237,#1238,#1239,#1240,#1241,#1242,
    #1243,#1244,#1245,#1246,#1247,#1248,#1249,#1250,#1251,#1252),
  .UNSPECIFIED.,.F.,.F.,(9,7,7,7,7,9),(0.,0.181208968871,0.296251664097,
    0.452243585017,0.86362984579,1.),.UNSPECIFIED.);
#1216 = CARTESIAN_POINT('',(1.571514235749,2.154995140318));
#1217 = CARTESIAN_POINT('',(1.528074753741,2.154995140318));
#1218 = CARTESIAN_POINT('',(1.484626402897,2.153822379945));
#1219 = CARTESIAN_POINT('',(1.441340285563,2.151475301879));
#1220 = CARTESIAN_POINT('',(1.398346253791,2.147995235994));
#1221 = CARTESIAN_POINT('',(1.355746928713,2.143456169339));
#1222 = CARTESIAN_POINT('',(1.313627636634,2.137955489591));
#1223 = CARTESIAN_POINT('',(1.272062261843,2.131605701998));
#1224 = CARTESIAN_POINT('',(1.20511916431,2.120033196665));
#1225 = CARTESIAN_POINT('',(1.17936251115,2.115243767578));
#1226 = CARTESIAN_POINT('',(1.153853341291,2.110187905606));
#1227 = CARTESIAN_POINT('',(1.128596709658,2.104894863321));
#1228 = CARTESIAN_POINT('',(1.103594723048,2.099393578749));
#1229 = CARTESIAN_POINT('',(1.0788468217,2.093712181346));
#1230 = CARTESIAN_POINT('',(1.054350060864,2.087877497962));
#1231 = CARTESIAN_POINT('',(0.997216745157,2.073829122947));
#1232 = CARTESIAN_POINT('',(0.964789918295,2.065508716551));
#1233 = CARTESIAN_POINT('',(0.932802855212,2.057015614955));
#1234 = CARTESIAN_POINT('',(0.901238401264,2.048407715243));
#1235 = CARTESIAN_POINT('',(0.870077907136,2.039738375109));
#1236 = CARTESIAN_POINT('',(0.839300832247,2.031056251711));
#1237 = CARTESIAN_POINT('',(0.808884348147,2.022405140533));
#1238 = CARTESIAN_POINT('',(0.699471415307,1.991192900318));
#1239 = CARTESIAN_POINT('',(0.622579796815,1.969079113374));
#1240 = CARTESIAN_POINT('',(0.547540084494,1.948163933562));
#1241 = CARTESIAN_POINT('',(0.473986227158,1.928996742581));
#1242 = CARTESIAN_POINT('',(0.401585885302,1.912017467413));
#1243 = CARTESIAN_POINT('',(0.330033751877,1.897562321797));
#1244 = CARTESIAN_POINT('',(0.259000347967,1.88588821493));
#1245 = CARTESIAN_POINT('',(0.164577271497,1.874325473196));
#1246 = CARTESIAN_POINT('',(0.141090834121,1.871776376545));
#1247 = CARTESIAN_POINT('',(0.11761439126,1.86956448366));
#1248 = CARTESIAN_POINT('',(9.413696738306E-02,1.867696702952));
#1249 = CARTESIAN_POINT('',(7.064773054273E-02,1.866179204965));
#1250 = CARTESIAN_POINT('',(4.713585063445E-02,1.865017401193));
#1251 = CARTESIAN_POINT('',(2.359035766193E-02,1.864215922897));
#1252 = CARTESIAN_POINT('',(0.,1.863778599926));
#1253 = ( GEOMETRIC_REPRESENTATION_CONTEXT(2) 
PARAMETRIC_REPRESENTATION_CONTEXT() REPRESENTATION_CONTEXT('2D SPACE',''
  ) );
#1254 = ORIENTED_EDGE('',*,*,#1255,.T.);
#1255 = EDGE_CURVE('',#1131,#821,#1256,.T.);
#1256 = SURFACE_CURVE('',#1257,(#1288,#1322),.PCURVE_S1.);
#1257 = B_SPLINE_CURVE_WITH_KNOTS('',8,(#1258,#1259,#1260,#1261,#1262,
    #1263,#1264,#1265,#1266,#1267,#1268,#1269,#1270,#1271,#1272,#1273,
    #1274,#1275,#1276,#1277,#1278,#1279,#1280,#1281,#1282,#1283,#1284,
    #1285,#1286,#1287),.UNSPECIFIED.,.F.,.F.,(9,7,7,7,9),(0.,
    0.491280057646,0.665629452126,0.797083569867,1.),.UNSPECIFIED.);
#1258 = CARTESIAN_POINT('',(45.839094654794,7.000000173846,
    100.63281243277));
#1259 = CARTESIAN_POINT('',(45.81661898371,7.000000132589,
    100.05514157637));
#1260 = CARTESIAN_POINT('',(45.802482366315,6.945540665701,
    99.478065514422));
#1261 = CARTESIAN_POINT('',(45.796819414248,6.83637661406,
    98.903624654321));
#1262 = CARTESIAN_POINT('',(45.799634663213,6.670912288199,
    98.334914778186));
#1263 = CARTESIAN_POINT('',(45.810667534321,6.447138737098,
    97.775937634447));
#1264 = CARTESIAN_POINT('',(45.829260545061,6.162439131216,
    97.231706618472));
#1265 = CARTESIAN_POINT('',(45.854279852032,5.814205311004,
    96.708111058785));
#1266 = CARTESIAN_POINT('',(45.894627019355,5.250157822236,
    96.036518893548));
#1267 = CARTESIAN_POINT('',(45.905787310087,5.093942210391,
    95.864242165756));
#1268 = CARTESIAN_POINT('',(45.917461712978,4.929107906796,
    95.695962964589));
#1269 = CARTESIAN_POINT('',(45.929559406051,4.755529550752,
    95.532103964146));
#1270 = CARTESIAN_POINT('',(45.941976775866,4.573109598807,
    95.373143014788));
#1271 = CARTESIAN_POINT('',(45.954597467978,4.381786555583,
    95.219608682183));
#1272 = CARTESIAN_POINT('',(45.967292437402,4.181543204614,
    95.072075786351));
#1273 = CARTESIAN_POINT('',(45.989440794856,3.814738439681,
    94.824915451496));
#1274 = CARTESIAN_POINT('',(45.998922677063,3.652023252306,
    94.722440233593));
#1275 = CARTESIAN_POINT('',(46.008304717933,3.484294288893,
    94.624004526099));
#1276 = CARTESIAN_POINT('',(46.017521649682,3.311608184243,
    94.529898087194));
#1277 = CARTESIAN_POINT('',(46.026504372674,3.134057536391,
    94.440427148693));
#1278 = CARTESIAN_POINT('',(46.035180985655,2.951776390577,
    94.355909177076));
#1279 = CARTESIAN_POINT('',(46.043478338048,2.764946866899,
    94.276666441019));
#1280 = CARTESIAN_POINT('',(46.063435059164,2.278757723737,
    94.089333087569));
#1281 = CARTESIAN_POINT('',(46.074477921541,1.973244505845,
    93.988904277442));
#1282 = CARTESIAN_POINT('',(46.084173801403,1.658373133886,
    93.903034297279));
#1283 = CARTESIAN_POINT('',(46.092258030673,1.335487533162,
    93.832898938846));
#1284 = CARTESIAN_POINT('',(46.09849941623,1.00618491538,93.779498506216
    ));
#1285 = CARTESIAN_POINT('',(46.102723099307,0.672333235307,
    93.743604512786));
#1286 = CARTESIAN_POINT('',(46.104833453488,0.336099807055,
    93.725669790687));
#1287 = CARTESIAN_POINT('',(46.104833453488,-1.077478619596E-14,
    93.725669790687));
#1288 = PCURVE('',#32,#1289);
#1289 = DEFINITIONAL_REPRESENTATION('',(#1290),#1321);
#1290 = B_SPLINE_CURVE_WITH_KNOTS('',8,(#1291,#1292,#1293,#1294,#1295,
    #1296,#1297,#1298,#1299,#1300,#1301,#1302,#1303,#1304,#1305,#1306,
    #1307,#1308,#1309,#1310,#1311,#1312,#1313,#1314,#1315,#1316,#1317,
    #1318,#1319,#1320),.UNSPECIFIED.,.F.,.F.,(9,7,7,7,9),(0.,
    0.491280057646,0.665629452126,0.797083569867,1.),.UNSPECIFIED.);
#1291 = CARTESIAN_POINT('',(0.151537379522,100.63281243277));
#1292 = CARTESIAN_POINT('',(0.151610547672,100.05514157637));
#1293 = CARTESIAN_POINT('',(0.15049566541,99.478065514422));
#1294 = CARTESIAN_POINT('',(0.148184794613,98.903624654319));
#1295 = CARTESIAN_POINT('',(0.144641593929,98.334914778189));
#1296 = CARTESIAN_POINT('',(0.139821728219,97.775937634445));
#1297 = CARTESIAN_POINT('',(0.133668943462,97.231706618472));
#1298 = CARTESIAN_POINT('',(0.126128355695,96.708111058785));
#1299 = CARTESIAN_POINT('',(0.113901243205,96.036518893548));
#1300 = CARTESIAN_POINT('',(0.110513850171,95.864242165756));
#1301 = CARTESIAN_POINT('',(0.106938693375,95.695962964589));
#1302 = CARTESIAN_POINT('',(0.103173173552,95.532103964146));
#1303 = CARTESIAN_POINT('',(9.921530392587E-02,95.373143014788));
#1304 = CARTESIAN_POINT('',(9.506388396839E-02,95.219608682183));
#1305 = CARTESIAN_POINT('',(9.071867315907E-02,95.072075786351));
#1306 = CARTESIAN_POINT('',(8.275896962219E-02,94.824915451496));
#1307 = CARTESIAN_POINT('',(7.92279798144E-02,94.722440233593));
#1308 = CARTESIAN_POINT('',(7.55881920154E-02,94.624004526099));
#1309 = CARTESIAN_POINT('',(7.184088668217E-02,94.529898087194));
#1310 = CARTESIAN_POINT('',(6.798812004757E-02,94.440427148693));
#1311 = CARTESIAN_POINT('',(6.403284101993E-02,94.355909177076));
#1312 = CARTESIAN_POINT('',(5.997903296938E-02,94.276666441019));
#1313 = CARTESIAN_POINT('',(4.943021410969E-02,94.089333087569));
#1314 = CARTESIAN_POINT('',(4.280193557962E-02,93.988904277442));
#1315 = CARTESIAN_POINT('',(3.597111802696E-02,93.903034297279));
#1316 = CARTESIAN_POINT('',(2.89669408099E-02,93.832898938846));
#1317 = CARTESIAN_POINT('',(2.182400270235E-02,93.779498506216));
#1318 = CARTESIAN_POINT('',(1.45827061399E-02,93.743604512786));
#1319 = CARTESIAN_POINT('',(7.289903940211E-03,93.725669790687));
#1320 = CARTESIAN_POINT('',(0.,93.725669790687));
#1321 = ( GEOMETRIC_REPRESENTATION_CONTEXT(2) 
PARAMETRIC_REPRESENTATION_CONTEXT() REPRESENTATION_CONTEXT('2D SPACE',''
  ) );
#1322 = PCURVE('',#237,#1323);
#1323 = DEFINITIONAL_REPRESENTATION('',(#1324),#1355);
#1324 = B_SPLINE_CURVE_WITH_KNOTS('',8,(#1325,#1326,#1327,#1328,#1329,
    #1330,#1331,#1332,#1333,#1334,#1335,#1336,#1337,#1338,#1339,#1340,
    #1341,#1342,#1343,#1344,#1345,#1346,#1347,#1348,#1349,#1350,#1351,
    #1352,#1353,#1354),.UNSPECIFIED.,.F.,.F.,(9,7,7,7,9),(0.,
    0.491280057646,0.665629452126,0.797083569867,1.),.UNSPECIFIED.);
#1325 = CARTESIAN_POINT('',(6.28318530718,1.863778599926));
#1326 = CARTESIAN_POINT('',(6.199467703139,1.86222662552));
#1327 = CARTESIAN_POINT('',(6.115987602651,1.865262773206));
#1328 = CARTESIAN_POINT('',(6.032102213395,1.873035401894));
#1329 = CARTESIAN_POINT('',(5.947329194123,1.885611344454));
#1330 = CARTESIAN_POINT('',(5.861238939082,1.902897156083));
#1331 = CARTESIAN_POINT('',(5.773369204302,1.924545917096));
#1332 = CARTESIAN_POINT('',(5.683231975711,1.94987726016));
#1333 = CARTESIAN_POINT('',(5.556892926773,1.987708969377));
#1334 = CARTESIAN_POINT('',(5.523431363408,1.99793777429));
#1335 = CARTESIAN_POINT('',(5.489572314174,2.008434382572));
#1336 = CARTESIAN_POINT('',(5.455290803196,2.0191370459));
#1337 = CARTESIAN_POINT('',(5.420564489352,2.029973861412));
#1338 = CARTESIAN_POINT('',(5.385373163819,2.040862684476));
#1339 = CARTESIAN_POINT('',(5.349698247627,2.051711041458));
#1340 = CARTESIAN_POINT('',(5.286246721585,2.070487286273));
#1341 = CARTESIAN_POINT('',(5.258688435325,2.07847651395));
#1342 = CARTESIAN_POINT('',(5.230841548537,2.086339421834));
#1343 = CARTESIAN_POINT('',(5.202702961769,2.094028082057));
#1344 = CARTESIAN_POINT('',(5.174272280499,2.101491309827));
#1345 = CARTESIAN_POINT('',(5.145552031879,2.108675442349));
#1346 = CARTESIAN_POINT('',(5.116548175717,2.115525529387));
#1347 = CARTESIAN_POINT('',(5.04207766356,2.131960951382));
#1348 = CARTESIAN_POINT('',(4.996203339562,2.141015363532));
#1349 = CARTESIAN_POINT('',(4.949722945779,2.148938539444));
#1350 = CARTESIAN_POINT('',(4.90271835944,2.155528799649));
#1351 = CARTESIAN_POINT('',(4.85528320242,2.16060895046));
#1352 = CARTESIAN_POINT('',(4.807528593709,2.164044239874));
#1353 = CARTESIAN_POINT('',(4.759594458233,2.16576068008));
#1354 = CARTESIAN_POINT('',(4.711671071431,2.16576068008));
#1355 = ( GEOMETRIC_REPRESENTATION_CONTEXT(2) 
PARAMETRIC_REPRESENTATION_CONTEXT() REPRESENTATION_CONTEXT('2D SPACE',''
  ) );
#1356 = ORIENTED_EDGE('',*,*,#820,.F.);
#1357 = ORIENTED_EDGE('',*,*,#1358,.F.);
#1358 = EDGE_CURVE('',#1359,#80,#1361,.T.);
#1359 = VERTEX_POINT('',#1360);
#1360 = CARTESIAN_POINT('',(42.982856378603,6.99999334093,
    27.277118943939));
#1361 = SURFACE_CURVE('',#1362,(#1393,#1427),.PCURVE_S1.);
#1362 = B_SPLINE_CURVE_WITH_KNOTS('',8,(#1363,#1364,#1365,#1366,#1367,
    #1368,#1369,#1370,#1371,#1372,#1373,#1374,#1375,#1376,#1377,#1378,
    #1379,#1380,#1381,#1382,#1383,#1384,#1385,#1386,#1387,#1388,#1389,
    #1390,#1391,#1392),.UNSPECIFIED.,.F.,.F.,(9,7,7,7,9),(0.,
    0.482116155752,0.657250776607,0.79285839396,1.),.UNSPECIFIED.);
#1363 = CARTESIAN_POINT('',(42.982856378603,6.99999334093,
    27.277118943939));
#1364 = CARTESIAN_POINT('',(43.0047233704,6.999989706124,27.838252864728
    ));
#1365 = CARTESIAN_POINT('',(43.035076335311,6.947749117959,
    28.398858075721));
#1366 = CARTESIAN_POINT('',(43.073884853552,6.842893271814,
    28.956985022492));
#1367 = CARTESIAN_POINT('',(43.12090703777,6.683835483963,
    29.509723233525));
#1368 = CARTESIAN_POINT('',(43.175569903996,6.468596911826,
    30.053325994929));
#1369 = CARTESIAN_POINT('',(43.236839028891,6.194672926292,
    30.58312985877));
#1370 = CARTESIAN_POINT('',(43.303153422315,5.859545901033,
    31.093659007036));
#1371 = CARTESIAN_POINT('',(43.397477935848,5.313581716081,
    31.754221522822));
#1372 = CARTESIAN_POINT('',(43.422975590917,5.159568273778,
    31.926698898306));
#1373 = CARTESIAN_POINT('',(43.44872638691,4.996876646108,
    32.095279333943));
#1374 = CARTESIAN_POINT('',(43.474602110734,4.825380453643,
    32.259547936952));
#1375 = CARTESIAN_POINT('',(43.500456997188,4.644980330065,
    32.419036369053));
#1376 = CARTESIAN_POINT('',(43.526128099313,4.455611981977,
    32.573227063338));
#1377 = CARTESIAN_POINT('',(43.551435658736,4.257254248714,
    32.721557441137));
#1378 = CARTESIAN_POINT('',(43.59534583534,3.889410499835,
    32.973272218393));
#1379 = CARTESIAN_POINT('',(43.614171300171,3.723524396199,
    33.079236739951));
#1380 = CARTESIAN_POINT('',(43.632568162189,3.552302778116,
    33.181032482752));
#1381 = CARTESIAN_POINT('',(43.65043787823,3.375803599908,
    33.278351868144));
#1382 = CARTESIAN_POINT('',(43.667675982706,3.194123647912,
    33.370869298994));
#1383 = CARTESIAN_POINT('',(43.684173717959,3.007404608658,
    33.458246803797));
#1384 = CARTESIAN_POINT('',(43.699820382543,2.815840400682,
    33.540140975526));
#1385 = CARTESIAN_POINT('',(43.736939390312,2.320058167661,
    33.732409025517));
#1386 = CARTESIAN_POINT('',(43.757146041861,2.009518086389,
    33.835096237826));
#1387 = CARTESIAN_POINT('',(43.774710685158,1.689214956509,
    33.922924618904));
#1388 = CARTESIAN_POINT('',(43.789243674967,1.360548180276,
    33.994677586302));
#1389 = CARTESIAN_POINT('',(43.800406770873,1.025182772695,
    34.049320282012));
#1390 = CARTESIAN_POINT('',(43.807942703287,0.685067268385,
    34.086053636618));
#1391 = CARTESIAN_POINT('',(43.811707978436,0.342463768274,
    34.104407439337));
#1392 = CARTESIAN_POINT('',(43.811707978436,-9.704948161031E-15,
    34.104407439337));
#1393 = PCURVE('',#32,#1394);
#1394 = DEFINITIONAL_REPRESENTATION('',(#1395),#1426);
#1395 = B_SPLINE_CURVE_WITH_KNOTS('',8,(#1396,#1397,#1398,#1399,#1400,
    #1401,#1402,#1403,#1404,#1405,#1406,#1407,#1408,#1409,#1410,#1411,
    #1412,#1413,#1414,#1415,#1416,#1417,#1418,#1419,#1420,#1421,#1422,
    #1423,#1424,#1425),.UNSPECIFIED.,.F.,.F.,(9,7,7,7,9),(0.,
    0.482116155752,0.657250776607,0.79285839396,1.),.UNSPECIFIED.);
#1396 = CARTESIAN_POINT('',(0.161438211332,27.277118943939));
#1397 = CARTESIAN_POINT('',(0.161357418849,27.838252864728));
#1398 = CARTESIAN_POINT('',(0.160061498185,28.398858075721));
#1399 = CARTESIAN_POINT('',(0.157544397661,28.956985022492));
#1400 = CARTESIAN_POINT('',(0.153773465873,29.509723233525));
#1401 = CARTESIAN_POINT('',(0.148708473299,30.053325994929));
#1402 = CARTESIAN_POINT('',(0.142298660349,30.58312985877));
#1403 = CARTESIAN_POINT('',(0.134493922759,31.093659007036));
#1404 = CARTESIAN_POINT('',(0.121832930417,31.754221522822));
#1405 = CARTESIAN_POINT('',(0.118265702882,31.926698898306));
#1406 = CARTESIAN_POINT('',(0.114501999822,32.095279333943));
#1407 = CARTESIAN_POINT('',(0.110539300429,32.259547936952));
#1408 = CARTESIAN_POINT('',(0.106375695023,32.419036369053));
#1409 = CARTESIAN_POINT('',(0.102010052047,32.573227063338));
#1410 = CARTESIAN_POINT('',(9.744218504942E-02,32.721557441137));
#1411 = CARTESIAN_POINT('',(8.898023095954E-02,32.973272218393));
#1412 = CARTESIAN_POINT('',(8.516703262688E-02,33.079236739951));
#1413 = CARTESIAN_POINT('',(8.123408207671E-02,33.181032482752));
#1414 = CARTESIAN_POINT('',(7.71827940078E-02,33.278351868144));
#1415 = CARTESIAN_POINT('',(7.301544158972E-02,33.370869298994));
#1416 = CARTESIAN_POINT('',(6.873528742773E-02,33.458246803797));
#1417 = CARTESIAN_POINT('',(6.434674432592E-02,33.540140975526));
#1418 = CARTESIAN_POINT('',(5.299525858164E-02,33.732409025517));
#1419 = CARTESIAN_POINT('',(4.589085539088E-02,33.835096237826));
#1420 = CARTESIAN_POINT('',(3.856840574698E-02,33.922924618903));
#1421 = CARTESIAN_POINT('',(3.10593736175E-02,33.994677586302));
#1422 = CARTESIAN_POINT('',(2.340097588527E-02,34.049320282013));
#1423 = CARTESIAN_POINT('',(1.563662551391E-02,34.086053636618));
#1424 = CARTESIAN_POINT('',(7.816718043562E-03,34.104407439337));
#1425 = CARTESIAN_POINT('',(0.,34.104407439337));
#1426 = ( GEOMETRIC_REPRESENTATION_CONTEXT(2) 
PARAMETRIC_REPRESENTATION_CONTEXT() REPRESENTATION_CONTEXT('2D SPACE',''
  ) );
#1427 = PCURVE('',#237,#1428);
#1428 = DEFINITIONAL_REPRESENTATION('',(#1429),#1460);
#1429 = B_SPLINE_CURVE_WITH_KNOTS('',8,(#1430,#1431,#1432,#1433,#1434,
    #1435,#1436,#1437,#1438,#1439,#1440,#1441,#1442,#1443,#1444,#1445,
    #1446,#1447,#1448,#1449,#1450,#1451,#1452,#1453,#1454,#1455,#1456,
    #1457,#1458,#1459),.UNSPECIFIED.,.F.,.F.,(9,7,7,7,9),(0.,
    0.482116155752,0.657250776607,0.79285839396,1.),.UNSPECIFIED.);
#1430 = CARTESIAN_POINT('',(6.28318530718,123.15195837544));
#1431 = CARTESIAN_POINT('',(6.2011940048,123.25521224446));
#1432 = CARTESIAN_POINT('',(6.119364438287,123.35492940049));
#1433 = CARTESIAN_POINT('',(6.037102389488,123.45070057828));
#1434 = CARTESIAN_POINT('',(5.953957216815,123.5420104309));
#1435 = CARTESIAN_POINT('',(5.869526079316,123.62831274072));
#1436 = CARTESIAN_POINT('',(5.783379510536,123.70907168357));
#1437 = CARTESIAN_POINT('',(5.695061434573,123.78381607961));
#1438 = CARTESIAN_POINT('',(5.570660592936,123.87689705915));
#1439 = CARTESIAN_POINT('',(5.537145693098,123.90083110863));
#1440 = CARTESIAN_POINT('',(5.503236805117,123.9238701798));
#1441 = CARTESIAN_POINT('',(5.468909357456,123.94598428015));
#1442 = CARTESIAN_POINT('',(5.434141318228,123.96714031289));
#1443 = CARTESIAN_POINT('',(5.398912692427,123.98730280208));
#1444 = CARTESIAN_POINT('',(5.363205019147,124.0064346177));
#1445 = CARTESIAN_POINT('',(5.298967813202,124.03848403683));
#1446 = CARTESIAN_POINT('',(5.270639233569,124.05182850086));
#1447 = CARTESIAN_POINT('',(5.242008662874,124.06451265879));
#1448 = CARTESIAN_POINT('',(5.213072608146,124.07651657619));
#1449 = CARTESIAN_POINT('',(5.183830448954,124.08781931222));
#1450 = CARTESIAN_POINT('',(5.154284663452,124.09839935803));
#1451 = CARTESIAN_POINT('',(5.124441381979,124.10823501934));
#1452 = CARTESIAN_POINT('',(5.048287303848,124.1311588119));
#1453 = CARTESIAN_POINT('',(5.001563083393,124.14323506253));
#1454 = CARTESIAN_POINT('',(4.954216082624,124.15344032007));
#1455 = CARTESIAN_POINT('',(4.906330416506,124.16169716994));
#1456 = CARTESIAN_POINT('',(4.858002043924,124.16794299236));
#1457 = CARTESIAN_POINT('',(4.80934478193,124.17212782927));
#1458 = CARTESIAN_POINT('',(4.760502275832,124.1742188026));
#1459 = CARTESIAN_POINT('',(4.711671071431,124.1742188026));
#1460 = ( GEOMETRIC_REPRESENTATION_CONTEXT(2) 
PARAMETRIC_REPRESENTATION_CONTEXT() REPRESENTATION_CONTEXT('2D SPACE',''
  ) );
#1461 = ORIENTED_EDGE('',*,*,#1462,.F.);
#1462 = EDGE_CURVE('',#24,#1359,#1463,.T.);
#1463 = SURFACE_CURVE('',#1464,(#1502,#1543),.PCURVE_S1.);
#1464 = B_SPLINE_CURVE_WITH_KNOTS('',8,(#1465,#1466,#1467,#1468,#1469,
    #1470,#1471,#1472,#1473,#1474,#1475,#1476,#1477,#1478,#1479,#1480,
    #1481,#1482,#1483,#1484,#1485,#1486,#1487,#1488,#1489,#1490,#1491,
    #1492,#1493,#1494,#1495,#1496,#1497,#1498,#1499,#1500,#1501),
  .UNSPECIFIED.,.F.,.F.,(9,7,7,7,7,9),(0.,0.176600417534,0.291107047059,
    0.442533108553,0.86649119727,1.),.UNSPECIFIED.);
#1465 = CARTESIAN_POINT('',(43.277881885158,-3.945055788122E-16,
    20.224929014108));
#1466 = CARTESIAN_POINT('',(43.277881885158,0.297657114379,
    20.224929014108));
#1467 = CARTESIAN_POINT('',(43.276110691507,0.595419214587,
    20.239708552859));
#1468 = CARTESIAN_POINT('',(43.272565774396,0.891309709193,
    20.269283614965));
#1469 = CARTESIAN_POINT('',(43.267317492982,1.183626703446,
    20.313293486241));
#1470 = CARTESIAN_POINT('',(43.260492846123,1.470911984279,
    20.371108114793));
#1471 = CARTESIAN_POINT('',(43.252259737089,1.751926119261,
    20.441910670866));
#1472 = CARTESIAN_POINT('',(43.242811752272,2.025629669496,
    20.524755305424));
#1473 = CARTESIAN_POINT('',(43.225572357235,2.463345575929,20.6794485026
    ));
#1474 = CARTESIAN_POINT('',(43.218363967858,2.632154025322,
    20.744944772161));
#1475 = CARTESIAN_POINT('',(43.210781359393,2.797415171482,
    20.814831325629));
#1476 = CARTESIAN_POINT('',(43.202878346946,2.95899186385,
    20.888848700289));
#1477 = CARTESIAN_POINT('',(43.194708029572,3.116784454432,
    20.966741927526));
#1478 = CARTESIAN_POINT('',(43.186321685827,3.270725699427,
    21.04826585705));
#1479 = CARTESIAN_POINT('',(43.177768022382,3.420776602521,
    21.133189439054));
#1480 = CARTESIAN_POINT('',(43.157620440493,3.760190644073,
    21.337816920081));
#1481 = CARTESIAN_POINT('',(43.145936471489,3.946611117025,
    21.459895002475));
#1482 = CARTESIAN_POINT('',(43.134146196895,4.126170531842,
    21.587046803339));
#1483 = CARTESIAN_POINT('',(43.122346944035,4.298891239288,
    21.718820974845));
#1484 = CARTESIAN_POINT('',(43.110627910723,4.464826755624,
    21.854804441275));
#1485 = CARTESIAN_POINT('',(43.099070036645,4.624056490477,
    21.994625610779));
#1486 = CARTESIAN_POINT('',(43.08774587474,4.776680474703,
    22.137957587136));
#1487 = CARTESIAN_POINT('',(43.045848048616,5.331954541942,
    22.694866242412));
#1488 = CARTESIAN_POINT('',(43.017359899195,5.689581101446,
    23.129903465545));
#1489 = CARTESIAN_POINT('',(42.99260575833,5.999167435926,
    23.584049388127));
#1490 = CARTESIAN_POINT('',(42.972618487482,6.262615130136,
    24.052906383299));
#1491 = CARTESIAN_POINT('',(42.95816091282,6.481678748672,
    24.532788977798));
#1492 = CARTESIAN_POINT('',(42.949753466349,6.657673905661,
    25.020810927128));
#1493 = CARTESIAN_POINT('',(42.947744178581,6.791629148677,
    25.514802878582));
#1494 = CARTESIAN_POINT('',(42.95385590499,6.912848459333,
    26.170452258028));
#1495 = CARTESIAN_POINT('',(42.955979245722,6.937726416781,
    26.327873843894));
#1496 = CARTESIAN_POINT('',(42.958769211674,6.958461067635,
    26.485628479187));
#1497 = CARTESIAN_POINT('',(42.962231281461,6.975057310764,
    26.643650722586));
#1498 = CARTESIAN_POINT('',(42.966369405059,6.987515307278,
    26.801875490254));
#1499 = CARTESIAN_POINT('',(42.971185989981,6.99583062239,
    26.960238031133));
#1500 = CARTESIAN_POINT('',(42.976681887454,6.999994367275,
    27.118673902236));
#1501 = CARTESIAN_POINT('',(42.982856378603,6.99999334093,
    27.277118943939));
#1502 = PCURVE('',#32,#1503);
#1503 = DEFINITIONAL_REPRESENTATION('',(#1504),#1542);
#1504 = B_SPLINE_CURVE_WITH_KNOTS('',8,(#1505,#1506,#1507,#1508,#1509,
    #1510,#1511,#1512,#1513,#1514,#1515,#1516,#1517,#1518,#1519,#1520,
    #1521,#1522,#1523,#1524,#1525,#1526,#1527,#1528,#1529,#1530,#1531,
    #1532,#1533,#1534,#1535,#1536,#1537,#1538,#1539,#1540,#1541),
  .UNSPECIFIED.,.F.,.F.,(9,7,7,7,7,9),(0.,0.176600417534,0.291107047059,
    0.442533108553,0.86649119727,1.),.UNSPECIFIED.);
#1505 = CARTESIAN_POINT('',(0.,20.224929014108));
#1506 = CARTESIAN_POINT('',(6.877811515112E-03,20.224929014108));
#1507 = CARTESIAN_POINT('',(1.375804893731E-02,20.239708552859));
#1508 = CARTESIAN_POINT('',(2.059517430255E-02,20.269283614965));
#1509 = CARTESIAN_POINT('',(2.734999838039E-02,20.313293486241));
#1510 = CARTESIAN_POINT('',(3.398893241445E-02,20.371108114793));
#1511 = CARTESIAN_POINT('',(4.048339453962E-02,20.441910670866));
#1512 = CARTESIAN_POINT('',(4.680937087609E-02,20.524755305424));
#1513 = CARTESIAN_POINT('',(5.69268175816E-02,20.6794485026));
#1514 = CARTESIAN_POINT('',(6.082888008559E-02,20.744944772161));
#1515 = CARTESIAN_POINT('',(6.464913321985E-02,20.814831325629));
#1516 = CARTESIAN_POINT('',(6.838438983006E-02,20.888848700289));
#1517 = CARTESIAN_POINT('',(7.20323227512E-02,20.966741927526));
#1518 = CARTESIAN_POINT('',(7.559134821044E-02,21.04826585705));
#1519 = CARTESIAN_POINT('',(7.906053108154E-02,21.133189439054));
#1520 = CARTESIAN_POINT('',(8.690794995854E-02,21.337816920081));
#1521 = CARTESIAN_POINT('',(9.121820086803E-02,21.459895002475));
#1522 = CARTESIAN_POINT('',(9.536985365343E-02,21.587046803339));
#1523 = CARTESIAN_POINT('',(9.936333156129E-02,21.718820974845));
#1524 = CARTESIAN_POINT('',(0.103199773529,21.854804441275));
#1525 = CARTESIAN_POINT('',(0.106880915565,21.994625610779));
#1526 = CARTESIAN_POINT('',(0.110408972125,22.137957587136));
#1527 = CARTESIAN_POINT('',(0.123242866454,22.694866242412));
#1528 = CARTESIAN_POINT('',(0.131504659304,23.129903465547));
#1529 = CARTESIAN_POINT('',(0.138650155063,23.584049388123));
#1530 = CARTESIAN_POINT('',(0.14472148101,24.052906383306));
#1531 = CARTESIAN_POINT('',(0.149757893792,24.532788977793));
#1532 = CARTESIAN_POINT('',(0.153789196078,25.02081092713));
#1533 = CARTESIAN_POINT('',(0.156839190166,25.514802878582));
#1534 = CARTESIAN_POINT('',(0.159568462047,26.170452258028));
#1535 = CARTESIAN_POINT('',(0.160125224433,26.327873843894));
#1536 = CARTESIAN_POINT('',(0.160585360439,26.485628479187));
#1537 = CARTESIAN_POINT('',(0.160949014577,26.643650722586));
#1538 = CARTESIAN_POINT('',(0.161216229558,26.801875490254));
#1539 = CARTESIAN_POINT('',(0.161386949706,26.960238031133));
#1540 = CARTESIAN_POINT('',(0.161461024367,27.118673902236));
#1541 = CARTESIAN_POINT('',(0.161438211332,27.277118943939));
#1542 = ( GEOMETRIC_REPRESENTATION_CONTEXT(2) 
PARAMETRIC_REPRESENTATION_CONTEXT() REPRESENTATION_CONTEXT('2D SPACE',''
  ) );
#1543 = PCURVE('',#237,#1544);
#1544 = DEFINITIONAL_REPRESENTATION('',(#1545),#1583);
#1545 = B_SPLINE_CURVE_WITH_KNOTS('',8,(#1546,#1547,#1548,#1549,#1550,
    #1551,#1552,#1553,#1554,#1555,#1556,#1557,#1558,#1559,#1560,#1561,
    #1562,#1563,#1564,#1565,#1566,#1567,#1568,#1569,#1570,#1571,#1572,
    #1573,#1574,#1575,#1576,#1577,#1578,#1579,#1580,#1581,#1582),
  .UNSPECIFIED.,.F.,.F.,(9,7,7,7,7,9),(0.,0.176600417534,0.291107047059,
    0.442533108553,0.86649119727,1.),.UNSPECIFIED.);
#1546 = CARTESIAN_POINT('',(1.571514235749,121.63112836662));
#1547 = CARTESIAN_POINT('',(1.529072264908,121.63112836662));
#1548 = CARTESIAN_POINT('',(1.486621890421,121.63475042649));
#1549 = CARTESIAN_POINT('',(1.444327744103,121.64199867409));
#1550 = CARTESIAN_POINT('',(1.402315474703,121.6527749535));
#1551 = CARTESIAN_POINT('',(1.360684733347,121.66690630255));
#1552 = CARTESIAN_POINT('',(1.319518404303,121.68416722756));
#1553 = CARTESIAN_POINT('',(1.278888081066,121.70429677531));
#1554 = CARTESIAN_POINT('',(1.212899093876,121.74173777887));
#1555 = CARTESIAN_POINT('',(1.187184027096,121.75755714944));
#1556 = CARTESIAN_POINT('',(1.161719424186,121.77439725602));
#1557 = CARTESIAN_POINT('',(1.136510429005,121.79218615645));
#1558 = CARTESIAN_POINT('',(1.111559138716,121.81085303087));
#1559 = CARTESIAN_POINT('',(1.086865026408,121.83032965287));
#1560 = CARTESIAN_POINT('',(1.062425140152,121.85055152543));
#1561 = CARTESIAN_POINT('',(1.006243291475,121.89910676027));
#1562 = CARTESIAN_POINT('',(0.974690834136,121.92795059507));
#1563 = CARTESIAN_POINT('',(0.943561384365,121.95785324275));
#1564 = CARTESIAN_POINT('',(0.912838570295,121.98868759408));
#1565 = CARTESIAN_POINT('',(0.882504610522,122.02033708266));
#1566 = CARTESIAN_POINT('',(0.852539954353,122.05269639377));
#1567 = CARTESIAN_POINT('',(0.822922922062,122.08567217311));
#1568 = CARTESIAN_POINT('',(0.711614077985,122.21300839112));
#1569 = CARTESIAN_POINT('',(0.632261974472,122.31088595686));
#1570 = CARTESIAN_POINT('',(0.554893712964,122.41117432852));
#1571 = CARTESIAN_POINT('',(0.479103343887,122.51258100576));
#1572 = CARTESIAN_POINT('',(0.404520449311,122.61405310862));
#1573 = CARTESIAN_POINT('',(0.330808968012,122.71478816122));
#1574 = CARTESIAN_POINT('',(0.257603955125,122.81419287293));
#1575 = CARTESIAN_POINT('',(0.16142111362,122.94263528043));
#1576 = CARTESIAN_POINT('',(0.138400668417,122.97321340583));
#1577 = CARTESIAN_POINT('',(0.115384167734,123.00359209376));
#1578 = CARTESIAN_POINT('',(9.236124910871E-02,123.03375536431));
#1579 = CARTESIAN_POINT('',(6.932168026607E-02,123.06368791105));
#1580 = CARTESIAN_POINT('',(4.625523042898E-02,123.09337510718));
#1581 = CARTESIAN_POINT('',(2.315154162591E-02,123.12280301167));
#1582 = CARTESIAN_POINT('',(0.,123.15195837544));
#1583 = ( GEOMETRIC_REPRESENTATION_CONTEXT(2) 
PARAMETRIC_REPRESENTATION_CONTEXT() REPRESENTATION_CONTEXT('2D SPACE',''
  ) );
#1584 = ADVANCED_FACE('',(#1585),#237,.T.);
#1585 = FACE_BOUND('',#1586,.T.);
#1586 = EDGE_LOOP('',(#1587,#1588,#1677,#1678,#1679,#1680,#1681,#1682));
#1587 = ORIENTED_EDGE('',*,*,#1255,.F.);
#1588 = ORIENTED_EDGE('',*,*,#1589,.T.);
#1589 = EDGE_CURVE('',#1131,#1359,#1590,.T.);
#1590 = SEAM_CURVE('',#1591,(#1664,#1671),.PCURVE_S1.);
#1591 = ( BOUNDED_CURVE() B_SPLINE_CURVE(10,(#1592,#1593,#1594,#1595,
    #1596,#1597,#1598,#1599,#1600,#1601,#1602,#1603,#1604,#1605,#1606,
    #1607,#1608,#1609,#1610,#1611,#1612,#1613,#1614,#1615,#1616,#1617,
    #1618,#1619,#1620,#1621,#1622,#1623,#1624,#1625,#1626,#1627,#1628,
    #1629,#1630,#1631,#1632,#1633,#1634,#1635,#1636,#1637,#1638,#1639,
    #1640,#1641,#1642,#1643,#1644,#1645,#1646,#1647,#1648,#1649,#1650,
    #1651,#1652,#1653,#1654,#1655,#1656,#1657,#1658,#1659,#1660,#1661,
#1662,#1663),.UNSPECIFIED.,.F.,.F.) B_SPLINE_CURVE_WITH_KNOTS((11,8,9,9,
    9,9,9,8,11),(0.,18.572781828581,37.145563657162,53.116612737975,
    61.145563657162,69.5054025569,85.145563657162,105.03374961839,
124.92193557961),.UNSPECIFIED.) CURVE() GEOMETRIC_REPRESENTATION_ITEM() 
RATIONAL_B_SPLINE_CURVE((1.669078461068,1.669078461068,1.669078461068,
    1.669078461069,1.669078461068,1.669078461069,1.669078461068,
    1.669078461068,1.669078461068,1.669078461068,1.669078461068,
    1.669078461068,1.669078461068,1.669078461068,1.669078461068,
    1.669078461068,1.669078461068,1.669078461068,1.669078461068,
    1.669078461068,1.669078461068,1.669078461068,1.669078461068,
    1.669078461068,1.669078461068,1.669078461068,1.669078461068,
    1.669078461068,1.669078461068,1.669078461068,1.669078461069,
    1.669078461067,1.669078461069,1.669078461068,1.669078461068,
    1.669078461068,1.669078461068,1.669078461068,1.669078461068,
    1.669078461069,1.669078461068,1.669078461069,1.669078461068,
    1.669078461068,1.669078461068,1.669078461068,1.669078461068,
    1.669078461069,1.669078461067,1.669078461069,1.669078461067,
    1.669078461069,1.669078461068,1.669078461068,1.669078461068,
    1.669078461068,1.669078461068,1.669078461068,1.669078461068,
    1.669078461068,1.669078461068,1.669078461068,1.669078461068,
    1.669078461068,1.669078461069,1.669078461068,1.669078461069,
    1.669078461068,1.669078461068,1.669078461068,1.669078461068,
1.669078461068)) REPRESENTATION_ITEM('') );
#1592 = CARTESIAN_POINT('',(42.346153846154,7.,100.));
#1593 = CARTESIAN_POINT('',(45.938443723693,6.999555833528,
    100.71228855516));
#1594 = CARTESIAN_POINT('',(49.281471136352,7.001892995202,
    101.24183905921));
#1595 = CARTESIAN_POINT('',(52.383752013591,6.995161684632,
    101.5955755518));
#1596 = CARTESIAN_POINT('',(55.253802284872,7.009003939272,
    101.78042207266));
#1597 = CARTESIAN_POINT('',(57.900137879648,6.98700632616,
    101.80330266143));
#1598 = CARTESIAN_POINT('',(60.331274727389,7.01486035646,
    101.67114135784));
#1599 = CARTESIAN_POINT('',(62.555728757545,6.986595029433,
    101.39086220155));
#1600 = CARTESIAN_POINT('',(64.582015899583,7.009140663986,
    100.96938923226));
#1601 = CARTESIAN_POINT('',(68.255288266334,6.982864339515,
    99.857903747034));
#1602 = CARTESIAN_POINT('',(71.204020516281,7.025130656983,
    98.237035327283));
#1603 = CARTESIAN_POINT('',(72.505767541513,6.881164590696,
    97.306179423465));
#1604 = CARTESIAN_POINT('',(73.643411396462,7.280656931202,
    96.261825865384));
#1605 = CARTESIAN_POINT('',(74.625468010592,6.535241076239,
    95.110898692744));
#1606 = CARTESIAN_POINT('',(75.460453313356,7.592541284945,
    93.860321945206));
#1607 = CARTESIAN_POINT('',(76.156883234223,6.396947359739,
    92.517019662487));
#1608 = CARTESIAN_POINT('',(76.723273702644,7.495864698094,
    91.087915884248));
#1609 = CARTESIAN_POINT('',(77.168140648083,6.671806677889,
    89.579934650193));
#1610 = CARTESIAN_POINT('',(77.785371467037,7.600928032295,
    86.641387484353));
#1611 = CARTESIAN_POINT('',(77.987178668414,3.513038726867,
    85.229568505373));
#1612 = CARTESIAN_POINT('',(78.115743770287,16.683296925632,
    83.769019495642));
#1613 = CARTESIAN_POINT('',(78.181388938827,-11.88640459434,
    82.26421688776));
#1614 = CARTESIAN_POINT('',(78.194436340182,35.46417868082,
    80.719637114294));
#1615 = CARTESIAN_POINT('',(78.16520814053,-27.43793825833,
    79.139756607853));
#1616 = CARTESIAN_POINT('',(78.104026506017,40.981753547317,
    77.529051801004));
#1617 = CARTESIAN_POINT('',(78.021213602816,-20.42502043798,
    75.891999126348));
#1618 = CARTESIAN_POINT('',(77.927091597081,24.950614964958,
    74.233075016465));
#1619 = CARTESIAN_POINT('',(77.784169576185,-16.02148597875,
    71.714038320947));
#1620 = CARTESIAN_POINT('',(77.736107072454,6.761820066258,
    70.866924560476));
#1621 = CARTESIAN_POINT('',(77.689106579247,-24.0076317072,
    70.015983355136));
#1622 = CARTESIAN_POINT('',(77.644479532018,10.160923646465,
    69.161783437526));
#1623 = CARTESIAN_POINT('',(77.603537366236,-21.07782418448,
    68.304893540253));
#1624 = CARTESIAN_POINT('',(77.567591517348,2.212249872802,
    67.445882395917));
#1625 = CARTESIAN_POINT('',(77.537953420825,-11.5882453584,
    66.58531873712));
#1626 = CARTESIAN_POINT('',(77.515934512118,-5.473360539546,
    65.723771296468));
#1627 = CARTESIAN_POINT('',(77.50284622669,-7.153743125686,
    64.86180880656));
#1628 = CARTESIAN_POINT('',(77.497036475021,-7.173025204754,
    63.102674451777));
#1629 = CARTESIAN_POINT('',(77.505176592598,-5.390706054228,
    62.205515515073));
#1630 = CARTESIAN_POINT('',(77.52299993143,-11.80170957864,
    61.309121649296));
#1631 = CARTESIAN_POINT('',(77.549086070229,2.616463228212,
    60.41409131385));
#1632 = CARTESIAN_POINT('',(77.582014587682,-21.67809569399,
    59.521022968146));
#1633 = CARTESIAN_POINT('',(77.62036506251,10.881249457889,
    58.630515071586));
#1634 = CARTESIAN_POINT('',(77.6627170734,-24.71500507917,
    57.743166083582));
#1635 = CARTESIAN_POINT('',(77.707650199065,7.331057986901,
    56.859574463538));
#1636 = CARTESIAN_POINT('',(77.753744018203,-16.39343116268,
    55.980338670862));
#1637 = CARTESIAN_POINT('',(77.88532767726,24.578335761503,
    53.47039124325));
#1638 = CARTESIAN_POINT('',(77.970168158722,-19.85435071055,
    51.85206606724));
#1639 = CARTESIAN_POINT('',(78.044798179701,40.270682378199,
    50.255000541058));
#1640 = CARTESIAN_POINT('',(78.099916365996,-26.71061034143,
    48.683113568837));
#1641 = CARTESIAN_POINT('',(78.1262213434,34.853508790379,47.14032405471
    ));
#1642 = CARTESIAN_POINT('',(78.114411737715,-11.46971318186,
    45.630550902798));
#1643 = CARTESIAN_POINT('',(78.055186174734,16.457579020771,
    44.157713017246));
#1644 = CARTESIAN_POINT('',(77.939243280257,3.605554004558,
    42.725729302171));
#1645 = CARTESIAN_POINT('',(77.75728168008,7.575202822683,
    41.338518661714));
#1646 = CARTESIAN_POINT('',(77.172838031204,6.66540931861,
    38.297926224283));
#1647 = CARTESIAN_POINT('',(76.723884087733,7.505530417698,
    36.674586993855));
#1648 = CARTESIAN_POINT('',(76.143286834058,6.385192262533,35.1381794518
    ));
#1649 = CARTESIAN_POINT('',(75.421194934656,7.604091487926,
    33.696900741204));
#1650 = CARTESIAN_POINT('',(74.547757053995,6.52618169077,
    32.358948005157));
#1651 = CARTESIAN_POINT('',(73.513121856557,7.286127680002,
    31.132518386736));
#1652 = CARTESIAN_POINT('',(72.307438006806,6.878848173032,
    30.025809029039));
#1653 = CARTESIAN_POINT('',(70.920854169222,7.025620520216,
    29.047017075141));
#1654 = CARTESIAN_POINT('',(67.766183847328,6.982530319993,
    27.361662261128));
#1655 = CARTESIAN_POINT('',(63.809102889882,7.009318839798,
    26.253554207015));
#1656 = CARTESIAN_POINT('',(61.620108416743,6.986333730962,
    25.852009013023));
#1657 = CARTESIAN_POINT('',(59.210808613663,7.015150024267,
    25.611169795169));
#1658 = CARTESIAN_POINT('',(56.571352145116,6.986753044954,
    25.539233696565));
#1659 = CARTESIAN_POINT('',(53.691887675571,7.009179449957,
    25.644397860261));
#1660 = CARTESIAN_POINT('',(50.56256386951,6.995067373018,
    25.934859429379));
#1661 = CARTESIAN_POINT('',(47.173529391396,7.001929894706,
    26.418815546977));
#1662 = CARTESIAN_POINT('',(43.514932905711,6.999547175544,
    27.104463356158));
#1663 = CARTESIAN_POINT('',(39.576923076923,7.,28.));
#1664 = PCURVE('',#237,#1665);
#1665 = DEFINITIONAL_REPRESENTATION('',(#1666),#1670);
#1666 = LINE('',#1667,#1668);
#1667 = CARTESIAN_POINT('',(0.,0.));
#1668 = VECTOR('',#1669,1.);
#1669 = DIRECTION('',(0.,1.));
#1670 = ( GEOMETRIC_REPRESENTATION_CONTEXT(2) 
PARAMETRIC_REPRESENTATION_CONTEXT() REPRESENTATION_CONTEXT('2D SPACE',''
  ) );
#1671 = PCURVE('',#237,#1672);
#1672 = DEFINITIONAL_REPRESENTATION('',(#1673),#1676);
#1673 = B_SPLINE_CURVE_WITH_KNOTS('',1,(#1674,#1675),.UNSPECIFIED.,.F.,
  .F.,(2,2),(0.,124.92193557961),.PIECEWISE_BEZIER_KNOTS.);
#1674 = CARTESIAN_POINT('',(6.28318530718,0.));
#1675 = CARTESIAN_POINT('',(6.28318530718,124.92193557961));
#1676 = ( GEOMETRIC_REPRESENTATION_CONTEXT(2) 
PARAMETRIC_REPRESENTATION_CONTEXT() REPRESENTATION_CONTEXT('2D SPACE',''
  ) );
#1677 = ORIENTED_EDGE('',*,*,#1358,.T.);
#1678 = ORIENTED_EDGE('',*,*,#79,.T.);
#1679 = ORIENTED_EDGE('',*,*,#1462,.T.);
#1680 = ORIENTED_EDGE('',*,*,#1589,.F.);
#1681 = ORIENTED_EDGE('',*,*,#1130,.F.);
#1682 = ORIENTED_EDGE('',*,*,#843,.F.);
#1683 = ADVANCED_FACE('',(#1684,#1687),#1117,.T.);
#1684 = FACE_BOUND('',#1685,.T.);
#1685 = EDGE_LOOP('',(#1686));
#1686 = ORIENTED_EDGE('',*,*,#1102,.T.);
#1687 = FACE_BOUND('',#1688,.T.);
#1688 = EDGE_LOOP('',(#1689));
#1689 = ORIENTED_EDGE('',*,*,#1690,.F.);
#1690 = EDGE_CURVE('',#1691,#1691,#1693,.T.);
#1691 = VERTEX_POINT('',#1692);
#1692 = CARTESIAN_POINT('',(43.5,0.,130.));
#1693 = SURFACE_CURVE('',#1694,(#1699,#1706),.PCURVE_S1.);
#1694 = CIRCLE('',#1695,43.5);
#1695 = AXIS2_PLACEMENT_3D('',#1696,#1697,#1698);
#1696 = CARTESIAN_POINT('',(0.,0.,130.));
#1697 = DIRECTION('',(0.,0.,1.));
#1698 = DIRECTION('',(1.,0.,0.));
#1699 = PCURVE('',#1117,#1700);
#1700 = DEFINITIONAL_REPRESENTATION('',(#1701),#1705);
#1701 = CIRCLE('',#1702,43.5);
#1702 = AXIS2_PLACEMENT_2D('',#1703,#1704);
#1703 = CARTESIAN_POINT('',(0.,0.));
#1704 = DIRECTION('',(1.,0.));
#1705 = ( GEOMETRIC_REPRESENTATION_CONTEXT(2) 
PARAMETRIC_REPRESENTATION_CONTEXT() REPRESENTATION_CONTEXT('2D SPACE',''
  ) );
#1706 = PCURVE('',#1707,#1712);
#1707 = CONICAL_SURFACE('',#1708,38.5,3.966172992313E-02);
#1708 = AXIS2_PLACEMENT_3D('',#1709,#1710,#1711);
#1709 = CARTESIAN_POINT('',(0.,0.,4.));
#1710 = DIRECTION('',(0.,0.,1.));
#1711 = DIRECTION('',(1.,0.,0.));
#1712 = DEFINITIONAL_REPRESENTATION('',(#1713),#1717);
#1713 = LINE('',#1714,#1715);
#1714 = CARTESIAN_POINT('',(0.,126.));
#1715 = VECTOR('',#1716,1.);
#1716 = DIRECTION('',(1.,0.));
#1717 = ( GEOMETRIC_REPRESENTATION_CONTEXT(2) 
PARAMETRIC_REPRESENTATION_CONTEXT() REPRESENTATION_CONTEXT('2D SPACE',''
  ) );
#1718 = ADVANCED_FACE('',(#1719),#66,.F.);
#1719 = FACE_BOUND('',#1720,.F.);
#1720 = EDGE_LOOP('',(#1721));
#1721 = ORIENTED_EDGE('',*,*,#51,.T.);
#1722 = ADVANCED_FACE('',(#1723),#1707,.F.);
#1723 = FACE_BOUND('',#1724,.F.);
#1724 = EDGE_LOOP('',(#1725,#1747,#1774,#1775,#2384,#2417,#2437,#2469,
    #3030,#3048,#3049,#3050,#3106,#3131,#3132,#3159));
#1725 = ORIENTED_EDGE('',*,*,#1726,.F.);
#1726 = EDGE_CURVE('',#1727,#1729,#1731,.T.);
#1727 = VERTEX_POINT('',#1728);
#1728 = CARTESIAN_POINT('',(38.5,0.,4.));
#1729 = VERTEX_POINT('',#1730);
#1730 = CARTESIAN_POINT('',(39.176462663732,0.,21.046859126037));
#1731 = SEAM_CURVE('',#1732,(#1735,#1741),.PCURVE_S1.);
#1732 = B_SPLINE_CURVE_WITH_KNOTS('',1,(#1733,#1734),.UNSPECIFIED.,.F.,
  .F.,(2,2),(0.,1.),.PIECEWISE_BEZIER_KNOTS.);
#1733 = CARTESIAN_POINT('',(38.5,0.,4.));
#1734 = CARTESIAN_POINT('',(43.5,0.,130.));
#1735 = PCURVE('',#1707,#1736);
#1736 = DEFINITIONAL_REPRESENTATION('',(#1737),#1740);
#1737 = B_SPLINE_CURVE_WITH_KNOTS('',1,(#1738,#1739),.UNSPECIFIED.,.F.,
  .F.,(2,2),(0.,1.),.PIECEWISE_BEZIER_KNOTS.);
#1738 = CARTESIAN_POINT('',(0.,0.));
#1739 = CARTESIAN_POINT('',(0.,126.));
#1740 = ( GEOMETRIC_REPRESENTATION_CONTEXT(2) 
PARAMETRIC_REPRESENTATION_CONTEXT() REPRESENTATION_CONTEXT('2D SPACE',''
  ) );
#1741 = PCURVE('',#1707,#1742);
#1742 = DEFINITIONAL_REPRESENTATION('',(#1743),#1746);
#1743 = B_SPLINE_CURVE_WITH_KNOTS('',1,(#1744,#1745),.UNSPECIFIED.,.F.,
  .F.,(2,2),(0.,1.),.PIECEWISE_BEZIER_KNOTS.);
#1744 = CARTESIAN_POINT('',(6.28318530718,0.));
#1745 = CARTESIAN_POINT('',(6.28318530718,126.));
#1746 = ( GEOMETRIC_REPRESENTATION_CONTEXT(2) 
PARAMETRIC_REPRESENTATION_CONTEXT() REPRESENTATION_CONTEXT('2D SPACE',''
  ) );
#1747 = ORIENTED_EDGE('',*,*,#1748,.T.);
#1748 = EDGE_CURVE('',#1727,#1727,#1749,.T.);
#1749 = SURFACE_CURVE('',#1750,(#1755,#1762),.PCURVE_S1.);
#1750 = CIRCLE('',#1751,38.5);
#1751 = AXIS2_PLACEMENT_3D('',#1752,#1753,#1754);
#1752 = CARTESIAN_POINT('',(0.,0.,4.));
#1753 = DIRECTION('',(0.,0.,1.));
#1754 = DIRECTION('',(1.,0.,0.));
#1755 = PCURVE('',#1707,#1756);
#1756 = DEFINITIONAL_REPRESENTATION('',(#1757),#1761);
#1757 = LINE('',#1758,#1759);
#1758 = CARTESIAN_POINT('',(0.,0.));
#1759 = VECTOR('',#1760,1.);
#1760 = DIRECTION('',(1.,0.));
#1761 = ( GEOMETRIC_REPRESENTATION_CONTEXT(2) 
PARAMETRIC_REPRESENTATION_CONTEXT() REPRESENTATION_CONTEXT('2D SPACE',''
  ) );
#1762 = PCURVE('',#1763,#1768);
#1763 = PLANE('',#1764);
#1764 = AXIS2_PLACEMENT_3D('',#1765,#1766,#1767);
#1765 = CARTESIAN_POINT('',(0.,0.,4.));
#1766 = DIRECTION('',(0.,0.,1.));
#1767 = DIRECTION('',(1.,0.,0.));
#1768 = DEFINITIONAL_REPRESENTATION('',(#1769),#1773);
#1769 = CIRCLE('',#1770,38.5);
#1770 = AXIS2_PLACEMENT_2D('',#1771,#1772);
#1771 = CARTESIAN_POINT('',(0.,0.));
#1772 = DIRECTION('',(1.,0.));
#1773 = ( GEOMETRIC_REPRESENTATION_CONTEXT(2) 
PARAMETRIC_REPRESENTATION_CONTEXT() REPRESENTATION_CONTEXT('2D SPACE',''
  ) );
#1774 = ORIENTED_EDGE('',*,*,#1726,.T.);
#1775 = ORIENTED_EDGE('',*,*,#1776,.F.);
#1776 = EDGE_CURVE('',#1777,#1729,#1779,.T.);
#1777 = VERTEX_POINT('',#1778);
#1778 = CARTESIAN_POINT('',(38.802991399011,-6.736991284095,
    26.263918724266));
#1779 = SURFACE_CURVE('',#1780,(#1811,#1845),.PCURVE_S1.);
#1780 = B_SPLINE_CURVE_WITH_KNOTS('',8,(#1781,#1782,#1783,#1784,#1785,
    #1786,#1787,#1788,#1789,#1790,#1791,#1792,#1793,#1794,#1795,#1796,
    #1797,#1798,#1799,#1800,#1801,#1802,#1803,#1804,#1805,#1806,#1807,
    #1808,#1809,#1810),.UNSPECIFIED.,.F.,.F.,(9,7,7,7,9),(0.,
    0.472455766011,0.650994716454,0.789082893747,1.),.UNSPECIFIED.);
#1781 = CARTESIAN_POINT('',(38.802991399011,-6.736991284095,
    26.263918724266));
#1782 = CARTESIAN_POINT('',(38.806647801546,-6.613428583054,
    25.822054635895));
#1783 = CARTESIAN_POINT('',(38.815853885214,-6.456581269673,
    25.385451546526));
#1784 = CARTESIAN_POINT('',(38.830310937053,-6.26596128311,
    24.955160621468));
#1785 = CARTESIAN_POINT('',(38.849647197556,-6.04062960147,
    24.53287594317));
#1786 = CARTESIAN_POINT('',(38.8733577597,-5.779446589406,
    24.120862402676));
#1787 = CARTESIAN_POINT('',(38.900755237032,-5.480999915569,
    23.721999019575));
#1788 = CARTESIAN_POINT('',(38.930949064423,-5.143734011459,
    23.339737794318));
#1789 = CARTESIAN_POINT('',(38.974850238153,-4.622018136224,
    22.841866303457));
#1790 = CARTESIAN_POINT('',(38.987122787928,-4.473093228728,
    22.708374764138));
#1791 = CARTESIAN_POINT('',(38.999564703465,-4.31822356061,
    22.578188296394));
#1792 = CARTESIAN_POINT('',(39.012104970527,-4.157320252029,
    22.451601485832));
#1793 = CARTESIAN_POINT('',(39.024664787422,-3.990313434743,
    22.328948053548));
#1794 = CARTESIAN_POINT('',(39.037157750773,-3.81715678691,
    22.210597969485));
#1795 = CARTESIAN_POINT('',(39.04949004129,-3.637832067896,
    22.09695456579));
#1796 = CARTESIAN_POINT('',(39.070896403017,-3.308898254882,
    21.904531755878));
#1797 = CARTESIAN_POINT('',(39.080075065222,-3.16177164398,
    21.823692652799));
#1798 = CARTESIAN_POINT('',(39.089049644721,-3.010987682629,
    21.746138030434));
#1799 = CARTESIAN_POINT('',(39.097770219783,-2.856584302684,
    21.672087843659));
#1800 = CARTESIAN_POINT('',(39.106184333672,-2.698626514816,
    21.601775196871));
#1801 = CARTESIAN_POINT('',(39.114237783335,-2.537210319528,
    21.535442209388));
#1802 = CARTESIAN_POINT('',(39.121875761491,-2.372467519957,
    21.473334862094));
#1803 = CARTESIAN_POINT('',(39.139993720963,-1.948125469998,
    21.327659976987));
#1804 = CARTESIAN_POINT('',(39.149853940502,-1.684183189768,
    21.250001491729));
#1805 = CARTESIAN_POINT('',(39.158423114756,-1.413534645505,
    21.183674928256));
#1806 = CARTESIAN_POINT('',(39.165511174142,-1.137139232034,
    21.129545512487));
#1807 = CARTESIAN_POINT('',(39.170953851671,-0.856137315618,
    21.08835870542));
#1808 = CARTESIAN_POINT('',(39.174627202058,-0.571867041151,
    21.060687597007));
#1809 = CARTESIAN_POINT('',(39.176462663732,-0.285886320217,
    21.046859126037));
#1810 = CARTESIAN_POINT('',(39.176462663732,0.,21.046859126037));
#1811 = PCURVE('',#1707,#1812);
#1812 = DEFINITIONAL_REPRESENTATION('',(#1813),#1844);
#1813 = B_SPLINE_CURVE_WITH_KNOTS('',8,(#1814,#1815,#1816,#1817,#1818,
    #1819,#1820,#1821,#1822,#1823,#1824,#1825,#1826,#1827,#1828,#1829,
    #1830,#1831,#1832,#1833,#1834,#1835,#1836,#1837,#1838,#1839,#1840,
    #1841,#1842,#1843),.UNSPECIFIED.,.F.,.F.,(9,7,7,7,9),(0.,
    0.472455766011,0.650994716454,0.789082893747,1.),.UNSPECIFIED.);
#1814 = CARTESIAN_POINT('',(6.11127854888,22.263918724266));
#1815 = CARTESIAN_POINT('',(6.114385609913,21.822054635895));
#1816 = CARTESIAN_POINT('',(6.118352622228,21.385451546525));
#1817 = CARTESIAN_POINT('',(6.123192007558,20.955160621469));
#1818 = CARTESIAN_POINT('',(6.12892723083,20.532875943169));
#1819 = CARTESIAN_POINT('',(6.135586374981,20.120862402677));
#1820 = CARTESIAN_POINT('',(6.143203962816,19.721999019574));
#1821 = CARTESIAN_POINT('',(6.151817801076,19.339737794318));
#1822 = CARTESIAN_POINT('',(6.16514634467,18.841866303457));
#1823 = CARTESIAN_POINT('',(6.168951357862,18.708374764138));
#1824 = CARTESIAN_POINT('',(6.172908486715,18.578188296394));
#1825 = CARTESIAN_POINT('',(6.177019887783,18.451601485832));
#1826 = CARTESIAN_POINT('',(6.181287231788,18.328948053548));
#1827 = CARTESIAN_POINT('',(6.185711591519,18.210597969485));
#1828 = CARTESIAN_POINT('',(6.190293329714,18.09695456579));
#1829 = CARTESIAN_POINT('',(6.198697027774,17.904531755878));
#1830 = CARTESIAN_POINT('',(6.202455684052,17.823692652799));
#1831 = CARTESIAN_POINT('',(6.206307559445,17.746138030434));
#1832 = CARTESIAN_POINT('',(6.210251647036,17.672087843659));
#1833 = CARTESIAN_POINT('',(6.214286254275,17.601775196871));
#1834 = CARTESIAN_POINT('',(6.218408904748,17.535442209388));
#1835 = CARTESIAN_POINT('',(6.222616216773,17.473334862094));
#1836 = CARTESIAN_POINT('',(6.233452588557,17.327659976987));
#1837 = CARTESIAN_POINT('',(6.240192162464,17.250001491729));
#1838 = CARTESIAN_POINT('',(6.247102284249,17.183674928256));
#1839 = CARTESIAN_POINT('',(6.25415849091,17.129545512487));
#1840 = CARTESIAN_POINT('',(6.261331764695,17.08835870542));
#1841 = CARTESIAN_POINT('',(6.268588097419,17.060687597007));
#1842 = CARTESIAN_POINT('',(6.275887907139,17.046859126037));
#1843 = CARTESIAN_POINT('',(6.28318530718,17.046859126037));
#1844 = ( GEOMETRIC_REPRESENTATION_CONTEXT(2) 
PARAMETRIC_REPRESENTATION_CONTEXT() REPRESENTATION_CONTEXT('2D SPACE',''
  ) );
#1845 = PCURVE('',#1846,#2351);
#1846 = ( BOUNDED_SURFACE() B_SPLINE_SURFACE(6,10,(
    (#1847,#1848,#1849,#1850,#1851,#1852,#1853,#1854,#1855,#1856,#1857
      ,#1858,#1859,#1860,#1861,#1862,#1863,#1864,#1865,#1866,#1867,#1868
      ,#1869,#1870,#1871,#1872,#1873,#1874,#1875,#1876,#1877,#1878,#1879
      ,#1880,#1881,#1882,#1883,#1884,#1885,#1886,#1887,#1888,#1889,#1890
      ,#1891,#1892,#1893,#1894,#1895,#1896,#1897,#1898,#1899,#1900,#1901
      ,#1902,#1903,#1904,#1905,#1906,#1907,#1908,#1909,#1910,#1911,#1912
      ,#1913,#1914,#1915,#1916,#1917,#1918)
    ,(#1919,#1920,#1921,#1922,#1923,#1924,#1925,#1926,#1927,#1928,#1929
      ,#1930,#1931,#1932,#1933,#1934,#1935,#1936,#1937,#1938,#1939,#1940
      ,#1941,#1942,#1943,#1944,#1945,#1946,#1947,#1948,#1949,#1950,#1951
      ,#1952,#1953,#1954,#1955,#1956,#1957,#1958,#1959,#1960,#1961,#1962
      ,#1963,#1964,#1965,#1966,#1967,#1968,#1969,#1970,#1971,#1972,#1973
      ,#1974,#1975,#1976,#1977,#1978,#1979,#1980,#1981,#1982,#1983,#1984
      ,#1985,#1986,#1987,#1988,#1989,#1990)
    ,(#1991,#1992,#1993,#1994,#1995,#1996,#1997,#1998,#1999,#2000,#2001
      ,#2002,#2003,#2004,#2005,#2006,#2007,#2008,#2009,#2010,#2011,#2012
      ,#2013,#2014,#2015,#2016,#2017,#2018,#2019,#2020,#2021,#2022,#2023
      ,#2024,#2025,#2026,#2027,#2028,#2029,#2030,#2031,#2032,#2033,#2034
      ,#2035,#2036,#2037,#2038,#2039,#2040,#2041,#2042,#2043,#2044,#2045
      ,#2046,#2047,#2048,#2049,#2050,#2051,#2052,#2053,#2054,#2055,#2056
      ,#2057,#2058,#2059,#2060,#2061,#2062)
    ,(#2063,#2064,#2065,#2066,#2067,#2068,#2069,#2070,#2071,#2072,#2073
      ,#2074,#2075,#2076,#2077,#2078,#2079,#2080,#2081,#2082,#2083,#2084
      ,#2085,#2086,#2087,#2088,#2089,#2090,#2091,#2092,#2093,#2094,#2095
      ,#2096,#2097,#2098,#2099,#2100,#2101,#2102,#2103,#2104,#2105,#2106
      ,#2107,#2108,#2109,#2110,#2111,#2112,#2113,#2114,#2115,#2116,#2117
      ,#2118,#2119,#2120,#2121,#2122,#2123,#2124,#2125,#2126,#2127,#2128
      ,#2129,#2130,#2131,#2132,#2133,#2134)
    ,(#2135,#2136,#2137,#2138,#2139,#2140,#2141,#2142,#2143,#2144,#2145
      ,#2146,#2147,#2148,#2149,#2150,#2151,#2152,#2153,#2154,#2155,#2156
      ,#2157,#2158,#2159,#2160,#2161,#2162,#2163,#2164,#2165,#2166,#2167
      ,#2168,#2169,#2170,#2171,#2172,#2173,#2174,#2175,#2176,#2177,#2178
      ,#2179,#2180,#2181,#2182,#2183,#2184,#2185,#2186,#2187,#2188,#2189
      ,#2190,#2191,#2192,#2193,#2194,#2195,#2196,#2197,#2198,#2199,#2200
      ,#2201,#2202,#2203,#2204,#2205,#2206)
    ,(#2207,#2208,#2209,#2210,#2211,#2212,#2213,#2214,#2215,#2216,#2217
      ,#2218,#2219,#2220,#2221,#2222,#2223,#2224,#2225,#2226,#2227,#2228
      ,#2229,#2230,#2231,#2232,#2233,#2234,#2235,#2236,#2237,#2238,#2239
      ,#2240,#2241,#2242,#2243,#2244,#2245,#2246,#2247,#2248,#2249,#2250
      ,#2251,#2252,#2253,#2254,#2255,#2256,#2257,#2258,#2259,#2260,#2261
      ,#2262,#2263,#2264,#2265,#2266,#2267,#2268,#2269,#2270,#2271,#2272
      ,#2273,#2274,#2275,#2276,#2277,#2278)
    ,(#2279,#2280,#2281,#2282,#2283,#2284,#2285,#2286,#2287,#2288,#2289
      ,#2290,#2291,#2292,#2293,#2294,#2295,#2296,#2297,#2298,#2299,#2300
      ,#2301,#2302,#2303,#2304,#2305,#2306,#2307,#2308,#2309,#2310,#2311
      ,#2312,#2313,#2314,#2315,#2316,#2317,#2318,#2319,#2320,#2321,#2322
      ,#2323,#2324,#2325,#2326,#2327,#2328,#2329,#2330,#2331,#2332,#2333
      ,#2334,#2335,#2336,#2337,#2338,#2339,#2340,#2341,#2342,#2343,#2344
      ,#2345,#2346,#2347,#2348,#2349,#2350
)),.UNSPECIFIED.,.T.,.F.,.F.) B_SPLINE_SURFACE_WITH_KNOTS((1,6,6,1),(11,
    8,9,9,9,9,9,8,11),(-6.28318530718,0.,6.28318530718,12.566370614359),
  (0.,18.572781828581,37.145563657162,53.116612737975,61.145563657162,
    69.5054025569,85.145563657162,105.03374961839,124.92193557961),
.UNSPECIFIED.) GEOMETRIC_REPRESENTATION_ITEM() RATIONAL_B_SPLINE_SURFACE
((
    (1.669078461068,1.669078461068,1.669078461068,1.669078461069
      ,1.669078461068,1.669078461069,1.669078461068,1.669078461068
      ,1.669078461068,1.669078461068,1.669078461068,1.669078461068
      ,1.669078461068,1.669078461068,1.669078461068,1.669078461068
      ,1.669078461068,1.669078461068,1.669078461068,1.669078461068
      ,1.669078461068,1.669078461068,1.669078461068,1.669078461068
      ,1.669078461068,1.669078461068,1.669078461068,1.669078461068
      ,1.669078461068,1.669078461068,1.669078461069,1.669078461067
      ,1.669078461069,1.669078461068,1.669078461068,1.669078461068
      ,1.669078461068,1.669078461068,1.669078461068,1.669078461069
      ,1.669078461068,1.669078461069,1.669078461068,1.669078461068
      ,1.669078461068,1.669078461068,1.669078461068,1.669078461069
      ,1.669078461067,1.669078461069,1.669078461067,1.669078461069
      ,1.669078461068,1.669078461068,1.669078461068,1.669078461068
      ,1.669078461068,1.669078461068,1.669078461068,1.669078461068
      ,1.669078461068,1.669078461068,1.669078461068,1.669078461068
      ,1.669078461069,1.669078461068,1.669078461069,1.669078461068
      ,1.669078461068,1.669078461068,1.669078461068,1.669078461068)
    ,(1.03672962321,1.03672962321,1.036729623209,1.03672962321
      ,1.036729623209,1.03672962321,1.036729623209,1.03672962321
      ,1.03672962321,1.03672962321,1.03672962321,1.03672962321
      ,1.03672962321,1.03672962321,1.03672962321,1.03672962321
      ,1.03672962321,1.03672962321,1.03672962321,1.03672962321
      ,1.036729623209,1.03672962321,1.03672962321,1.03672962321
      ,1.03672962321,1.03672962321,1.03672962321,1.03672962321
      ,1.03672962321,1.036729623209,1.03672962321,1.036729623209
      ,1.03672962321,1.036729623209,1.03672962321,1.03672962321
      ,1.03672962321,1.03672962321,1.036729623209,1.03672962321
      ,1.036729623209,1.03672962321,1.036729623209,1.03672962321
      ,1.03672962321,1.03672962321,1.036729623209,1.03672962321
      ,1.036729623209,1.03672962321,1.036729623209,1.03672962321
      ,1.03672962321,1.03672962321,1.03672962321,1.03672962321
      ,1.03672962321,1.03672962321,1.03672962321,1.03672962321
      ,1.03672962321,1.03672962321,1.03672962321,1.03672962321
      ,1.03672962321,1.036729623209,1.03672962321,1.036729623209
      ,1.03672962321,1.03672962321,1.03672962321,1.03672962321)
    ,(1.038346699848,1.038346699848,1.038346699847,1.038346699848
      ,1.038346699847,1.038346699848,1.038346699847,1.038346699848
      ,1.038346699847,1.038346699848,1.038346699847,1.038346699848
      ,1.038346699847,1.038346699848,1.038346699847,1.038346699848
      ,1.038346699848,1.038346699848,1.038346699847,1.038346699848
      ,1.038346699847,1.038346699848,1.038346699847,1.038346699848
      ,1.038346699848,1.038346699847,1.038346699848,1.038346699847
      ,1.038346699848,1.038346699847,1.038346699848,1.038346699847
      ,1.038346699848,1.038346699847,1.038346699848,1.038346699848
      ,1.038346699847,1.038346699848,1.038346699847,1.038346699848
      ,1.038346699847,1.038346699848,1.038346699847,1.038346699848
      ,1.038346699847,1.038346699848,1.038346699847,1.038346699848
      ,1.038346699847,1.038346699848,1.038346699847,1.038346699848
      ,1.038346699847,1.038346699848,1.038346699847,1.038346699848
      ,1.038346699847,1.038346699848,1.038346699847,1.038346699847
      ,1.038346699848,1.038346699847,1.038346699848,1.038346699847
      ,1.038346699848,1.038346699847,1.038346699848,1.038346699847
      ,1.038346699848,1.038346699847,1.038346699848,1.038346699848)
    ,(0.853534330196,0.853534330196,0.853534330196,0.853534330196
      ,0.853534330196,0.853534330196,0.853534330196,0.853534330196
      ,0.853534330196,0.853534330196,0.853534330196,0.853534330196
      ,0.853534330196,0.853534330196,0.853534330196,0.853534330196
      ,0.853534330196,0.853534330196,0.853534330196,0.853534330196
      ,0.853534330196,0.853534330196,0.853534330196,0.853534330196
      ,0.853534330196,0.853534330196,0.853534330196,0.853534330196
      ,0.853534330196,0.853534330196,0.853534330196,0.853534330196
      ,0.853534330196,0.853534330196,0.853534330196,0.853534330196
      ,0.853534330196,0.853534330196,0.853534330196,0.853534330196
      ,0.853534330196,0.853534330196,0.853534330196,0.853534330196
      ,0.853534330196,0.853534330196,0.853534330196,0.853534330196
      ,0.853534330196,0.853534330196,0.853534330196,0.853534330196
      ,0.853534330196,0.853534330196,0.853534330196,0.853534330196
      ,0.853534330196,0.853534330196,0.853534330196,0.853534330196
      ,0.853534330196,0.853534330196,0.853534330196,0.853534330196
      ,0.853534330196,0.853534330196,0.853534330196,0.853534330196
      ,0.853534330196,0.853534330196,0.853534330196,0.853534330196)
    ,(1.038346699848,1.038346699848,1.038346699847,1.038346699848
      ,1.038346699847,1.038346699848,1.038346699847,1.038346699848
      ,1.038346699847,1.038346699848,1.038346699847,1.038346699848
      ,1.038346699847,1.038346699848,1.038346699847,1.038346699848
      ,1.038346699847,1.038346699848,1.038346699847,1.038346699848
      ,1.038346699847,1.038346699848,1.038346699847,1.038346699848
      ,1.038346699847,1.038346699848,1.038346699848,1.038346699847
      ,1.038346699848,1.038346699847,1.038346699848,1.038346699847
      ,1.038346699848,1.038346699847,1.038346699848,1.038346699848
      ,1.038346699847,1.038346699848,1.038346699847,1.038346699848
      ,1.038346699847,1.038346699848,1.038346699847,1.038346699848
      ,1.038346699847,1.038346699848,1.038346699847,1.038346699848
      ,1.038346699847,1.038346699848,1.038346699847,1.038346699848
      ,1.038346699847,1.038346699848,1.038346699847,1.038346699848
      ,1.038346699847,1.038346699848,1.038346699848,1.038346699847
      ,1.038346699848,1.038346699847,1.038346699848,1.038346699847
      ,1.038346699848,1.038346699847,1.038346699848,1.038346699847
      ,1.038346699848,1.038346699847,1.038346699848,1.038346699848)
    ,(1.03672962321,1.03672962321,1.03672962321,1.03672962321
      ,1.036729623209,1.03672962321,1.036729623209,1.03672962321
      ,1.03672962321,1.03672962321,1.03672962321,1.03672962321
      ,1.03672962321,1.03672962321,1.03672962321,1.03672962321
      ,1.03672962321,1.03672962321,1.03672962321,1.03672962321
      ,1.03672962321,1.03672962321,1.03672962321,1.03672962321
      ,1.03672962321,1.03672962321,1.03672962321,1.03672962321
      ,1.03672962321,1.036729623209,1.03672962321,1.036729623209
      ,1.03672962321,1.036729623209,1.03672962321,1.03672962321
      ,1.03672962321,1.03672962321,1.036729623209,1.03672962321
      ,1.036729623209,1.03672962321,1.036729623209,1.03672962321
      ,1.03672962321,1.03672962321,1.036729623209,1.03672962321
      ,1.036729623209,1.03672962321,1.036729623209,1.03672962321
      ,1.03672962321,1.03672962321,1.03672962321,1.03672962321
      ,1.03672962321,1.03672962321,1.03672962321,1.036729623209
      ,1.03672962321,1.03672962321,1.03672962321,1.03672962321
      ,1.03672962321,1.036729623209,1.03672962321,1.036729623209
      ,1.03672962321,1.03672962321,1.03672962321,1.03672962321)
    ,(1.669078461068,1.669078461068,1.669078461068,1.669078461069
      ,1.669078461068,1.669078461069,1.669078461068,1.669078461068
      ,1.669078461068,1.669078461068,1.669078461068,1.669078461068
      ,1.669078461068,1.669078461068,1.669078461068,1.669078461068
      ,1.669078461068,1.669078461068,1.669078461068,1.669078461068
      ,1.669078461068,1.669078461068,1.669078461068,1.669078461068
      ,1.669078461068,1.669078461068,1.669078461068,1.669078461068
      ,1.669078461068,1.669078461068,1.669078461069,1.669078461067
      ,1.669078461069,1.669078461068,1.669078461068,1.669078461068
      ,1.669078461068,1.669078461068,1.669078461068,1.669078461069
      ,1.669078461068,1.669078461069,1.669078461068,1.669078461068
      ,1.669078461068,1.669078461068,1.669078461068,1.669078461069
      ,1.669078461067,1.669078461069,1.669078461067,1.669078461069
      ,1.669078461068,1.669078461068,1.669078461068,1.669078461068
      ,1.669078461068,1.669078461068,1.669078461068,1.669078461068
      ,1.669078461068,1.669078461068,1.669078461068,1.669078461068
      ,1.669078461069,1.669078461068,1.669078461069,1.669078461068
      ,1.669078461068,1.669078461068,1.669078461068,1.669078461068
))) REPRESENTATION_ITEM('') SURFACE() );
#1847 = CARTESIAN_POINT('',(42.346153846154,7.,100.));
#1848 = CARTESIAN_POINT('',(45.938443723693,6.999555833528,
    100.71228855516));
#1849 = CARTESIAN_POINT('',(49.281471136352,7.001892995202,
    101.24183905921));
#1850 = CARTESIAN_POINT('',(52.383752013591,6.995161684632,
    101.5955755518));
#1851 = CARTESIAN_POINT('',(55.253802284872,7.009003939272,
    101.78042207266));
#1852 = CARTESIAN_POINT('',(57.900137879648,6.98700632616,
    101.80330266143));
#1853 = CARTESIAN_POINT('',(60.331274727389,7.01486035646,
    101.67114135784));
#1854 = CARTESIAN_POINT('',(62.555728757545,6.986595029433,
    101.39086220155));
#1855 = CARTESIAN_POINT('',(64.582015899583,7.009140663986,
    100.96938923226));
#1856 = CARTESIAN_POINT('',(68.255288266334,6.982864339515,
    99.857903747034));
#1857 = CARTESIAN_POINT('',(71.204020516281,7.025130656983,
    98.237035327283));
#1858 = CARTESIAN_POINT('',(72.505767541513,6.881164590696,
    97.306179423465));
#1859 = CARTESIAN_POINT('',(73.643411396462,7.280656931202,
    96.261825865384));
#1860 = CARTESIAN_POINT('',(74.625468010592,6.535241076239,
    95.110898692744));
#1861 = CARTESIAN_POINT('',(75.460453313356,7.592541284945,
    93.860321945206));
#1862 = CARTESIAN_POINT('',(76.156883234223,6.396947359739,
    92.517019662487));
#1863 = CARTESIAN_POINT('',(76.723273702644,7.495864698094,
    91.087915884248));
#1864 = CARTESIAN_POINT('',(77.168140648083,6.671806677889,
    89.579934650193));
#1865 = CARTESIAN_POINT('',(77.785371467037,7.600928032295,
    86.641387484353));
#1866 = CARTESIAN_POINT('',(77.987178668414,3.513038726867,
    85.229568505373));
#1867 = CARTESIAN_POINT('',(78.115743770287,16.683296925632,
    83.769019495642));
#1868 = CARTESIAN_POINT('',(78.181388938827,-11.88640459434,
    82.26421688776));
#1869 = CARTESIAN_POINT('',(78.194436340182,35.46417868082,
    80.719637114294));
#1870 = CARTESIAN_POINT('',(78.16520814053,-27.43793825833,
    79.139756607853));
#1871 = CARTESIAN_POINT('',(78.104026506017,40.981753547317,
    77.529051801004));
#1872 = CARTESIAN_POINT('',(78.021213602816,-20.42502043798,
    75.891999126348));
#1873 = CARTESIAN_POINT('',(77.927091597081,24.950614964958,
    74.233075016465));
#1874 = CARTESIAN_POINT('',(77.784169576185,-16.02148597875,
    71.714038320947));
#1875 = CARTESIAN_POINT('',(77.736107072454,6.761820066258,
    70.866924560476));
#1876 = CARTESIAN_POINT('',(77.689106579247,-24.0076317072,
    70.015983355136));
#1877 = CARTESIAN_POINT('',(77.644479532018,10.160923646465,
    69.161783437526));
#1878 = CARTESIAN_POINT('',(77.603537366236,-21.07782418448,
    68.304893540253));
#1879 = CARTESIAN_POINT('',(77.567591517348,2.212249872802,
    67.445882395917));
#1880 = CARTESIAN_POINT('',(77.537953420825,-11.5882453584,
    66.58531873712));
#1881 = CARTESIAN_POINT('',(77.515934512118,-5.473360539546,
    65.723771296468));
#1882 = CARTESIAN_POINT('',(77.50284622669,-7.153743125686,
    64.86180880656));
#1883 = CARTESIAN_POINT('',(77.497036475021,-7.173025204754,
    63.102674451777));
#1884 = CARTESIAN_POINT('',(77.505176592598,-5.390706054228,
    62.205515515073));
#1885 = CARTESIAN_POINT('',(77.52299993143,-11.80170957864,
    61.309121649296));
#1886 = CARTESIAN_POINT('',(77.549086070229,2.616463228212,
    60.41409131385));
#1887 = CARTESIAN_POINT('',(77.582014587682,-21.67809569399,
    59.521022968146));
#1888 = CARTESIAN_POINT('',(77.62036506251,10.881249457889,
    58.630515071586));
#1889 = CARTESIAN_POINT('',(77.6627170734,-24.71500507917,
    57.743166083582));
#1890 = CARTESIAN_POINT('',(77.707650199065,7.331057986901,
    56.859574463538));
#1891 = CARTESIAN_POINT('',(77.753744018203,-16.39343116268,
    55.980338670862));
#1892 = CARTESIAN_POINT('',(77.88532767726,24.578335761503,
    53.47039124325));
#1893 = CARTESIAN_POINT('',(77.970168158722,-19.85435071055,
    51.85206606724));
#1894 = CARTESIAN_POINT('',(78.044798179701,40.270682378199,
    50.255000541058));
#1895 = CARTESIAN_POINT('',(78.099916365996,-26.71061034143,
    48.683113568837));
#1896 = CARTESIAN_POINT('',(78.1262213434,34.853508790379,47.14032405471
    ));
#1897 = CARTESIAN_POINT('',(78.114411737715,-11.46971318186,
    45.630550902798));
#1898 = CARTESIAN_POINT('',(78.055186174734,16.457579020771,
    44.157713017246));
#1899 = CARTESIAN_POINT('',(77.939243280257,3.605554004558,
    42.725729302171));
#1900 = CARTESIAN_POINT('',(77.75728168008,7.575202822683,
    41.338518661714));
#1901 = CARTESIAN_POINT('',(77.172838031204,6.66540931861,
    38.297926224283));
#1902 = CARTESIAN_POINT('',(76.723884087733,7.505530417698,
    36.674586993855));
#1903 = CARTESIAN_POINT('',(76.143286834058,6.385192262533,35.1381794518
    ));
#1904 = CARTESIAN_POINT('',(75.421194934656,7.604091487926,
    33.696900741204));
#1905 = CARTESIAN_POINT('',(74.547757053995,6.52618169077,
    32.358948005157));
#1906 = CARTESIAN_POINT('',(73.513121856557,7.286127680002,
    31.132518386736));
#1907 = CARTESIAN_POINT('',(72.307438006806,6.878848173032,
    30.025809029039));
#1908 = CARTESIAN_POINT('',(70.920854169222,7.025620520216,
    29.047017075141));
#1909 = CARTESIAN_POINT('',(67.766183847328,6.982530319993,
    27.361662261128));
#1910 = CARTESIAN_POINT('',(63.809102889882,7.009318839798,
    26.253554207015));
#1911 = CARTESIAN_POINT('',(61.620108416743,6.986333730962,
    25.852009013023));
#1912 = CARTESIAN_POINT('',(59.210808613663,7.015150024267,
    25.611169795169));
#1913 = CARTESIAN_POINT('',(56.571352145116,6.986753044954,
    25.539233696565));
#1914 = CARTESIAN_POINT('',(53.691887675571,7.009179449957,
    25.644397860261));
#1915 = CARTESIAN_POINT('',(50.56256386951,6.995067373018,
    25.934859429379));
#1916 = CARTESIAN_POINT('',(47.173529391396,7.001929894706,
    26.418815546977));
#1917 = CARTESIAN_POINT('',(43.514932905711,6.999547175544,
    27.104463356158));
#1918 = CARTESIAN_POINT('',(39.576923076923,7.,28.));
#1919 = CARTESIAN_POINT('',(42.346153846154,7.,111.63080152899));
#1920 = CARTESIAN_POINT('',(46.31149384183,6.999555833528,
    112.34313110615));
#1921 = CARTESIAN_POINT('',(50.076212892952,7.001892995203,
    112.85911937959));
#1922 = CARTESIAN_POINT('',(53.636115251936,6.995161684631,
    113.18154855054));
#1923 = CARTESIAN_POINT('',(57.056733423867,7.009003939273,
    113.30686939388));
#1924 = CARTESIAN_POINT('',(60.261772533257,6.987006326158,
    113.23691221606));
#1925 = CARTESIAN_POINT('',(63.407804105187,7.014860356461,
    112.95618826606));
#1926 = CARTESIAN_POINT('',(66.339375247511,6.986595029432,
    112.4596965226));
#1927 = CARTESIAN_POINT('',(69.23728550978,7.009140663986,
    111.71422396796));
#1928 = CARTESIAN_POINT('',(74.654227460615,6.982864339515,
    109.69019481934));
#1929 = CARTESIAN_POINT('',(79.521560568984,7.025130656983,106.561070974
    ));
#1930 = CARTESIAN_POINT('',(81.487430243284,6.881164590696,
    104.73155038289));
#1931 = CARTESIAN_POINT('',(84.088876585427,7.280656931201,
    102.58876488159));
#1932 = CARTESIAN_POINT('',(84.513565828582,6.53524107624,
    100.32455778236));
#1933 = CARTESIAN_POINT('',(87.514837334705,7.592541284944,
    97.79933720336));
#1934 = CARTESIAN_POINT('',(86.558370559706,6.396947359739,
    95.45306857328));
#1935 = CARTESIAN_POINT('',(89.077532012391,7.495864698094,
    92.902373275458));
#1936 = CARTESIAN_POINT('',(88.254984938379,6.671806677889,
    90.554522773749));
#1937 = CARTESIAN_POINT('',(90.401153788039,7.600928032295,
    86.018172535571));
#1938 = CARTESIAN_POINT('',(83.91113959791,3.513038726867,
    84.393324308759));
#1939 = CARTESIAN_POINT('',(105.4072248118,16.683296925633,
    81.232365591605));
#1940 = CARTESIAN_POINT('',(58.915394775347,-11.88640459434,
    81.977268571108));
#1941 = CARTESIAN_POINT('',(135.91263525751,35.464178680819,
    75.753092904109));
#1942 = CARTESIAN_POINT('',(33.474726313256,-27.43793825833,
    79.748469244687));
#1943 = CARTESIAN_POINT('',(144.70360772165,40.981753547315,
    71.6494088444));
#1944 = CARTESIAN_POINT('',(44.67147226713,-20.42502043798,
    75.574072483971));
#1945 = CARTESIAN_POINT('',(118.39849460154,24.950614964958,
    69.670440187666));
#1946 = CARTESIAN_POINT('',(51.585929978238,-16.02148597875,
    70.935473149591));
#1947 = CARTESIAN_POINT('',(88.612714313317,6.761820066258,
    67.964964622761));
#1948 = CARTESIAN_POINT('',(38.501696604205,-24.0076317072,
    69.947161767432));
#1949 = CARTESIAN_POINT('',(94.061768380521,10.160923646466,
    65.853302056555));
#1950 = CARTESIAN_POINT('',(43.197382303284,-21.07782418448,
    67.899091124757));
#1951 = CARTESIAN_POINT('',(81.069062510291,2.212249872803,
    64.724340357884));
#1952 = CARTESIAN_POINT('',(58.596520881266,-11.5882453584,
    65.162714970364));
#1953 = CARTESIAN_POINT('',(68.540467412714,-5.473360539546,
    63.546273288497));
#1954 = CARTESIAN_POINT('',(65.812844488889,-7.153743125686,
    62.801574432783));
#1955 = CARTESIAN_POINT('',(65.824035722959,-7.173025204754,
    60.708397855682));
#1956 = CARTESIAN_POINT('',(68.756726130146,-5.390706054228,
    59.921493839398));
#1957 = CARTESIAN_POINT('',(58.361672214408,-11.80170957864,
    58.284627973857));
#1958 = CARTESIAN_POINT('',(81.87415151239,2.616463228211,58.64232742157
    ));
#1959 = CARTESIAN_POINT('',(42.382377069512,-21.67809569399,
    55.508894715685));
#1960 = CARTESIAN_POINT('',(95.427573499665,10.881249457889,
    57.413862436874));
#1961 = CARTESIAN_POINT('',(37.544730495914,-24.71500507917,
    53.403034810986));
#1962 = CARTESIAN_POINT('',(89.754339934081,7.331057986901,
    55.245610617815));
#1963 = CARTESIAN_POINT('',(51.190583828287,-16.39343116268,
    52.321689929289));
#1964 = CARTESIAN_POINT('',(118.00691837336,24.578335761503,
    53.309130405601));
#1965 = CARTESIAN_POINT('',(45.766718497032,-19.85435071055,
    47.846918209617));
#1966 = CARTESIAN_POINT('',(143.68465244293,40.2706823782,
    51.278259029017));
#1967 = CARTESIAN_POINT('',(34.698210777812,-26.71061034143,
    43.829023280097));
#1968 = CARTESIAN_POINT('',(134.88842419092,34.853508790382,
    47.321949893361));
#1969 = CARTESIAN_POINT('',(59.428707946125,-11.46971318186,
    41.573796567192));
#1970 = CARTESIAN_POINT('',(104.74575834128,16.457579020772,
    42.129579520976));
#1971 = CARTESIAN_POINT('',(83.598269248081,3.605554004558,
    39.167493165836));
#1972 = CARTESIAN_POINT('',(89.710296890866,7.575202822683,
    37.604379203323));
#1973 = CARTESIAN_POINT('',(87.099400887475,6.66540931861,
    33.141953059826));
#1974 = CARTESIAN_POINT('',(87.6121545915,7.505530417698,30.758590306266
    ));
#1975 = CARTESIAN_POINT('',(84.674359562847,6.385192262533,
    28.222505677715));
#1976 = CARTESIAN_POINT('',(85.237883114102,7.604091487926,
    25.931486378404));
#1977 = CARTESIAN_POINT('',(81.734494350218,6.52618169077,
    23.535933838581));
#1978 = CARTESIAN_POINT('',(80.831846076047,7.286127680002,
    21.475393664507));
#1979 = CARTESIAN_POINT('',(77.741113074775,6.878848173032,
    19.629871908012));
#1980 = CARTESIAN_POINT('',(75.349107788739,7.025620520216,
    18.147841441297));
#1981 = CARTESIAN_POINT('',(69.721998887234,6.982530319993,
    15.773868908256));
#1982 = CARTESIAN_POINT('',(63.731249892399,7.009318839798,
    14.544612502559));
#1983 = CARTESIAN_POINT('',(60.5858881893,6.986333730962,14.187630016712
    ));
#1984 = CARTESIAN_POINT('',(57.431566897615,7.015150024267,
    14.058869688553));
#1985 = CARTESIAN_POINT('',(54.067104776179,6.986753044953,
    14.126249016782));
#1986 = CARTESIAN_POINT('',(50.63912288884,7.009179449958,
    14.390433823572));
#1987 = CARTESIAN_POINT('',(46.980323582769,6.995067373017,
    14.842365038272));
#1988 = CARTESIAN_POINT('',(43.16313704092,7.001929894706,15.48832747633
    ));
#1989 = CARTESIAN_POINT('',(39.11636017443,6.999547175544,
    16.330781015806));
#1990 = CARTESIAN_POINT('',(34.841253569388,7.,17.376960015027));
#1991 = CARTESIAN_POINT('',(42.346153846154,-7.381837333837,
    113.30078668271));
#1992 = CARTESIAN_POINT('',(46.365057489815,-7.381368938887,
    114.01312214993));
#1993 = CARTESIAN_POINT('',(50.190324283406,-7.383833588503,
    114.52716311788));
#1994 = CARTESIAN_POINT('',(53.815933298859,-7.376735097119,
    114.84509709025));
#1995 = CARTESIAN_POINT('',(57.315603651152,-7.391332421706,
    114.96187105938));
#1996 = CARTESIAN_POINT('',(60.600863076605,-7.368134878598,
    114.87858395829));
#1997 = CARTESIAN_POINT('',(63.849541364059,-7.397508295855,
    114.57652894067));
#1998 = CARTESIAN_POINT('',(66.882642489191,-7.36770114638,
    114.04899274944));
#1999 = CARTESIAN_POINT('',(69.905702997278,-7.391476604504,
    113.25699936853));
#2000 = CARTESIAN_POINT('',(75.57300622469,-7.363766954079,
    111.10194448052));
#2001 = CARTESIAN_POINT('',(80.715817763457,-7.408338822686,
    107.75626082522));
#2002 = CARTESIAN_POINT('',(82.777044147392,-7.256519667982,
    105.79770727949));
#2003 = CARTESIAN_POINT('',(85.588667614081,-7.677803592801,
    103.49720564546));
#2004 = CARTESIAN_POINT('',(85.933328388669,-6.891726651745,
    101.07315049582));
#2005 = CARTESIAN_POINT('',(89.245641725328,-8.0067006737,98.3649127559)
  );
#2006 = CARTESIAN_POINT('',(88.051847115636,-6.745889263245,
    95.874635227951));
#2007 = CARTESIAN_POINT('',(90.851393247239,-7.904750553969,
    93.162898476389));
#2008 = CARTESIAN_POINT('',(89.84686709029,-7.035741659855,
    90.694457041675));
#2009 = CARTESIAN_POINT('',(92.21256542,-8.015544902943,85.928689475487)
  );
#2010 = CARTESIAN_POINT('',(84.761719566869,-3.704668632744,
    84.273253874256));
#2011 = CARTESIAN_POINT('',(109.32581701275,-17.5933405853,
    80.868145262563));
#2012 = CARTESIAN_POINT('',(56.149125903465,12.534786457094,
    81.936067676446));
#2013 = CARTESIAN_POINT('',(144.19998630989,-37.39868545713,
    75.039981681664));
#2014 = CARTESIAN_POINT('',(27.057933714901,28.934628142701,
    79.835870019595));
#2015 = CARTESIAN_POINT('',(154.26617411889,-43.21723404881,
    70.805192182096));
#2016 = CARTESIAN_POINT('',(39.883016994103,21.539168344784,
    75.528423628953));
#2017 = CARTESIAN_POINT('',(124.20949928589,-26.31162586436,
    69.015323478215));
#2018 = CARTESIAN_POINT('',(47.824308642585,16.895429048783,
    70.823684441468));
#2019 = CARTESIAN_POINT('',(90.174410002975,-7.130665115684,
    67.548292564469));
#2020 = CARTESIAN_POINT('',(32.875051466466,25.317204576182,
    69.93728015872));
#2021 = CARTESIAN_POINT('',(96.419011651587,-10.71518364567,
    65.378260437642));
#2022 = CARTESIAN_POINT('',(38.257243998235,22.227581354437,
    67.840824804288));
#2023 = CARTESIAN_POINT('',(81.571814152971,-2.332924100403,
    64.333573239433));
#2024 = CARTESIAN_POINT('',(55.876853534829,12.220363174335,
    64.958453280903));
#2025 = CARTESIAN_POINT('',(67.251743091664,5.771922453196,
    63.233621633622));
#2026 = CARTESIAN_POINT('',(64.134359192718,7.543966868838,
    62.505759840055));
#2027 = CARTESIAN_POINT('',(64.147991478998,7.56430075043,
    60.364620484929));
#2028 = CARTESIAN_POINT('',(67.500597534542,5.684759315262,
    59.593547198777));
#2029 = CARTESIAN_POINT('',(55.610431662906,12.445471481539,
    57.850362156242));
#2030 = CARTESIAN_POINT('',(82.495157301133,-2.759186562945,
    58.387932280476));
#2031 = CARTESIAN_POINT('',(37.328308188247,22.860596588643,
    54.932821381466));
#2032 = CARTESIAN_POINT('',(97.984385568465,-11.47480192671,
    57.23917182487));
#2033 = CARTESIAN_POINT('',(31.784470395638,26.063163885633,
    52.779865825393));
#2034 = CARTESIAN_POINT('',(91.48403955614,-7.730953934889,
    55.013872877791));
#2035 = CARTESIAN_POINT('',(47.37656610625,17.287663169482,
    51.796370236929));
#2036 = CARTESIAN_POINT('',(123.76769596372,-25.91903950397,
    53.28597609383));
#2037 = CARTESIAN_POINT('',(41.14285119953,20.937369616326,
    47.271847141296));
#2038 = CARTESIAN_POINT('',(153.10941838349,-42.46737523406,
    51.425181532946));
#2039 = CARTESIAN_POINT('',(28.466464513564,28.167625804001,
    43.132058526905));
#2040 = CARTESIAN_POINT('',(143.03851047787,-36.75470462914,
    47.348028272688));
#2041 = CARTESIAN_POINT('',(56.745758895622,12.095365282046,
    40.991315686925));
#2042 = CARTESIAN_POINT('',(108.57807025472,-17.35531017715,
    41.838374067933));
#2043 = CARTESIAN_POINT('',(84.410809065499,-3.80223045143,
    38.656591014654));
#2044 = CARTESIAN_POINT('',(91.426546445503,-7.988416429696,
    37.068220328813));
#2045 = CARTESIAN_POINT('',(88.524686372412,-7.028995336203,
    32.401643063463));
#2046 = CARTESIAN_POINT('',(89.175524927213,-7.914943521087,
    29.909153866901));
#2047 = CARTESIAN_POINT('',(85.899276415473,-6.733492946757,
    27.229532622341));
#2048 = CARTESIAN_POINT('',(86.647392465414,-8.018880919353,
    24.816505036315));
#2049 = CARTESIAN_POINT('',(82.766387514116,-6.882173093192,
    22.269099164071));
#2050 = CARTESIAN_POINT('',(81.882690315822,-7.683572761047,
    20.088794910024));
#2051 = CARTESIAN_POINT('',(78.521296338245,-7.254076893927,
    18.137192266986));
#2052 = CARTESIAN_POINT('',(75.984929643584,-7.408855407071,
    16.5829053145));
#2053 = CARTESIAN_POINT('',(70.002820640742,-7.363414714396,
    14.110058996666));
#2054 = CARTESIAN_POINT('',(63.720071526949,-7.391664499484,
    12.863407749515));
#2055 = CARTESIAN_POINT('',(60.437391766142,-7.367425594552,
    12.512823710149));
#2056 = CARTESIAN_POINT('',(57.176098068294,-7.397813764514,
    12.400156003049));
#2057 = CARTESIAN_POINT('',(53.70753747405,-7.367867781363,
    12.487538655575));
#2058 = CARTESIAN_POINT('',(50.200797820793,-7.391517506179,
    12.774556120294));
#2059 = CARTESIAN_POINT('',(46.46597484412,-7.376635640978,
    13.249671628055));
#2060 = CARTESIAN_POINT('',(42.587312952683,-7.383872500807,
    13.918895416515));
#2061 = CARTESIAN_POINT('',(38.484799989993,-7.381359808626,
    14.783863590173));
#2062 = CARTESIAN_POINT('',(34.161292024967,-7.381837333837,
    15.851672267827));
#2063 = CARTESIAN_POINT('',(42.346153846154,-19.24381844705,100.));
#2064 = CARTESIAN_POINT('',(45.938443723693,-19.24259738149,
    100.71228855516));
#2065 = CARTESIAN_POINT('',(49.281471136351,-19.2490225122,
    101.2418390592));
#2066 = CARTESIAN_POINT('',(52.383752013593,-19.23051735241,
    101.59557555181));
#2067 = CARTESIAN_POINT('',(55.25380228487,-19.26857132886,
    101.78042207265));
#2068 = CARTESIAN_POINT('',(57.90013787965,-19.20809731843,
    101.80330266144));
#2069 = CARTESIAN_POINT('',(60.331274727388,-19.28467130445,
    101.67114135783));
#2070 = CARTESIAN_POINT('',(62.555728757546,-19.20696661564,
    101.39086220155));
#2071 = CARTESIAN_POINT('',(64.582015899583,-19.26894720109,
    100.96938923225));
#2072 = CARTESIAN_POINT('',(68.255288266334,-19.19671051286,
    99.857903747034));
#2073 = CARTESIAN_POINT('',(71.204020516281,-19.3129055614,
    98.237035327283));
#2074 = CARTESIAN_POINT('',(72.505767541512,-18.91712601252,
    97.306179423463));
#2075 = CARTESIAN_POINT('',(73.643411396462,-20.01537716562,
    96.261825865389));
#2076 = CARTESIAN_POINT('',(74.625468010591,-17.96614182555,
    95.110898692738));
#2077 = CARTESIAN_POINT('',(75.460453313357,-20.87278371989,
    93.860321945213));
#2078 = CARTESIAN_POINT('',(76.156883234222,-17.58595622945,
    92.517019662483));
#2079 = CARTESIAN_POINT('',(76.723273702644,-20.60700847912,
    91.08791588425));
#2080 = CARTESIAN_POINT('',(77.168140648083,-18.34157663188,
    89.579934650192));
#2081 = CARTESIAN_POINT('',(77.785371467038,-20.89583986895,
    86.641387484353));
#2082 = CARTESIAN_POINT('',(77.987178668413,-9.657754208188,
    85.229568505372));
#2083 = CARTESIAN_POINT('',(78.115743770289,-45.86433387647,
    83.769019495643));
#2084 = CARTESIAN_POINT('',(78.181388938824,32.677116000277,
    82.264216887759));
#2085 = CARTESIAN_POINT('',(78.194436340186,-97.49517370112,
    80.719637114294));
#2086 = CARTESIAN_POINT('',(78.165208140527,75.430100343571,
    79.139756607853));
#2087 = CARTESIAN_POINT('',(78.104026506019,-112.6636321295,
    77.529051801004));
#2088 = CARTESIAN_POINT('',(78.021213602815,56.150769298,75.891999126349
    ));
#2089 = CARTESIAN_POINT('',(77.927091597082,-68.59215778973,
    74.233075016465));
#2090 = CARTESIAN_POINT('',(77.784169576185,44.044938203881,
    71.714038320947));
#2091 = CARTESIAN_POINT('',(77.736107072454,-18.58903396096,
    70.866924560476));
#2092 = CARTESIAN_POINT('',(77.689106579246,65.99978655962,
    70.015983355135));
#2093 = CARTESIAN_POINT('',(77.644479532019,-27.93356712956,
    69.161783437527));
#2094 = CARTESIAN_POINT('',(77.603537366235,57.945403123594,
    68.304893540252));
#2095 = CARTESIAN_POINT('',(77.567591517348,-6.081733558814,
    67.445882395918));
#2096 = CARTESIAN_POINT('',(77.537953420825,31.857441399588,
    66.58531873712));
#2097 = CARTESIAN_POINT('',(77.515934512118,15.046908074047,
    65.723771296468));
#2098 = CARTESIAN_POINT('',(77.50284622669,19.66647627537,64.86180880656
    ));
#2099 = CARTESIAN_POINT('',(77.497036475021,19.71948496521,
    63.102674451777));
#2100 = CARTESIAN_POINT('',(77.505176592599,14.819681229859,
    62.205515515073));
#2101 = CARTESIAN_POINT('',(77.522999931429,32.444279499487,
    61.309121649296));
#2102 = CARTESIAN_POINT('',(77.549086070231,-7.192963333878,
    60.41409131385));
#2103 = CARTESIAN_POINT('',(77.582014587679,59.595619687611,
    59.521022968146));
#2104 = CARTESIAN_POINT('',(77.620365062513,-29.9138270064,
    58.630515071586));
#2105 = CARTESIAN_POINT('',(77.662717073399,67.944438665959,
    57.743166083582));
#2106 = CARTESIAN_POINT('',(77.707650199066,-20.15393556068,
    56.859574463538));
#2107 = CARTESIAN_POINT('',(77.753744018203,45.067459002717,
    55.980338670862));
#2108 = CARTESIAN_POINT('',(77.88532767726,-67.56871873217,
    53.47039124325));
#2109 = CARTESIAN_POINT('',(77.970168158721,54.581931494025,
    51.85206606724));
#2110 = CARTESIAN_POINT('',(78.044798179703,-110.7088143464,
    50.255000541059));
#2111 = CARTESIAN_POINT('',(78.099916365994,73.430590860097,
    48.683113568837));
#2112 = CARTESIAN_POINT('',(78.126221343403,-95.81637077216,
    47.14032405471));
#2113 = CARTESIAN_POINT('',(78.114411737713,31.53158258738,
    45.630550902798));
#2114 = CARTESIAN_POINT('',(78.055186174735,-45.24380896483,
    44.157713017246));
#2115 = CARTESIAN_POINT('',(77.939243280257,-9.912089523541,
    42.725729302171));
#2116 = CARTESIAN_POINT('',(77.75728168008,-20.82511825991,
    41.338518661714));
#2117 = CARTESIAN_POINT('',(77.172838031204,-18.32398954323,
    38.297926224283));
#2118 = CARTESIAN_POINT('',(76.723884087733,-20.63358067243,
    36.674586993855));
#2119 = CARTESIAN_POINT('',(76.143286834058,-17.55364009282,
    35.138179451801));
#2120 = CARTESIAN_POINT('',(75.421194934656,-20.90453657835,
    33.696900741203));
#2121 = CARTESIAN_POINT('',(74.547757053995,-17.94123651567,
    32.358948005158));
#2122 = CARTESIAN_POINT('',(73.513121856557,-20.03041689372,
    31.132518386736));
#2123 = CARTESIAN_POINT('',(72.307438006806,-18.91075790953,
    30.025809029039));
#2124 = CARTESIAN_POINT('',(70.920854169222,-19.31425225271,
    29.047017075141));
#2125 = CARTESIAN_POINT('',(67.766183847328,-19.19579225414,
    27.361662261127));
#2126 = CARTESIAN_POINT('',(63.809102889882,-19.26943702723,
    26.253554207015));
#2127 = CARTESIAN_POINT('',(61.620108416743,-19.2062482756,
    25.852009013019));
#2128 = CARTESIAN_POINT('',(59.210808613663,-19.28546763512,
    25.611169795176));
#2129 = CARTESIAN_POINT('',(56.571352145115,-19.20740101879,
    25.539233696557));
#2130 = CARTESIAN_POINT('',(53.691887675572,-19.26905382826,
    25.644397860267));
#2131 = CARTESIAN_POINT('',(50.562563869509,-19.23025807875,
    25.934859429375));
#2132 = CARTESIAN_POINT('',(47.173529391396,-19.24912395325,
    26.418815546978));
#2133 = CARTESIAN_POINT('',(43.51493290571,-19.24257357968,
    27.104463356157));
#2134 = CARTESIAN_POINT('',(39.576923076923,-19.24381844705,28.));
#2135 = CARTESIAN_POINT('',(42.346153846154,-7.381837333837,
    86.699213317281));
#2136 = CARTESIAN_POINT('',(45.511829957571,-7.381368938887,
    87.411454960407));
#2137 = CARTESIAN_POINT('',(48.372617989297,-7.383833588503,
    87.956515000537));
#2138 = CARTESIAN_POINT('',(50.951570728325,-7.376735097119,
    88.346054013368));
#2139 = CARTESIAN_POINT('',(53.192000918591,-7.391332421706,
    88.598973085929));
#2140 = CARTESIAN_POINT('',(55.199412682692,-7.368134878598,
    88.728021364588));
#2141 = CARTESIAN_POINT('',(56.81300809072,-7.397508295854,
    88.765753775009));
#2142 = CARTESIAN_POINT('',(58.2288150259,-7.36770114638,88.732731653671
    ));
#2143 = CARTESIAN_POINT('',(59.258328801887,-7.391476604504,
    88.681779095985));
#2144 = CARTESIAN_POINT('',(60.937570307977,-7.363766954079,
    88.613863013541));
#2145 = CARTESIAN_POINT('',(61.692223269104,-7.408338822686,
    88.717809829341));
#2146 = CARTESIAN_POINT('',(62.234490935633,-7.256519667982,
    88.81465156743));
#2147 = CARTESIAN_POINT('',(61.698155178844,-7.677803592801,
    89.026446085304));
#2148 = CARTESIAN_POINT('',(63.317607632515,-6.891726651743,
    89.148646889663));
#2149 = CARTESIAN_POINT('',(61.675264901385,-8.006700673701,
    89.355731134511));
#2150 = CARTESIAN_POINT('',(64.261919352809,-6.745889263244,
    89.159404097024));
#2151 = CARTESIAN_POINT('',(62.595154158048,-7.904750553969,
    89.012933292107));
#2152 = CARTESIAN_POINT('',(64.489414205877,-7.035741659855,
    88.46541225871));
#2153 = CARTESIAN_POINT('',(63.358177514075,-8.015544902943,
    87.354085493219));
#2154 = CARTESIAN_POINT('',(71.212637769959,-3.704668632743,
    86.185883136488));
#2155 = CARTESIAN_POINT('',(46.905670527814,-17.5933405853,
    86.669893728725));
#2156 = CARTESIAN_POINT('',(100.21365197418,12.534786457092,
    82.592366099071));
#2157 = CARTESIAN_POINT('',(12.18888637045,-37.39868545714,
    86.399292546927));
#2158 = CARTESIAN_POINT('',(129.27248256615,28.934628142696,
    78.44364319611));
#2159 = CARTESIAN_POINT('',(1.941878893131,-43.21723404881,
    84.252911419912));
#2160 = CARTESIAN_POINT('',(116.15941021152,21.539168344783,
    76.255574623744));
#2161 = CARTESIAN_POINT('',(31.644683908264,-26.31162586436,
    79.450826554716));
#2162 = CARTESIAN_POINT('',(107.74403050978,16.895429048783,
    72.604392200427));
#2163 = CARTESIAN_POINT('',(65.297804141933,-7.130665115685,
    74.185556556483));
#2164 = CARTESIAN_POINT('',(122.50316169202,25.317204576183,
    70.094686551551));
#2165 = CARTESIAN_POINT('',(58.869947412451,-10.71518364567,
    72.945306437411));
#2166 = CARTESIAN_POINT('',(116.94983073423,22.227581354438,
    68.768962276217));
#2167 = CARTESIAN_POINT('',(73.563368881727,-2.332924100403,
    70.558191552401));
#2168 = CARTESIAN_POINT('',(99.199053306819,12.220363174335,
    68.212184193337));
#2169 = CARTESIAN_POINT('',(87.780125932572,5.771922453196,
    68.213920959314));
#2170 = CARTESIAN_POINT('',(90.871333260663,7.543966868838,
    67.217857773064));
#2171 = CARTESIAN_POINT('',(90.846081471044,7.56430075043,
    65.840728418626));
#2172 = CARTESIAN_POINT('',(87.509755650652,5.684759315262,
    64.817483831369));
#2173 = CARTESIAN_POINT('',(99.435568199961,12.445471481538,
    64.76788114235));
#2174 = CARTESIAN_POINT('',(72.603014839312,-2.759186562945,
    62.440250347224));
#2175 = CARTESIAN_POINT('',(117.83572098713,22.860596588642,
    64.109224554824));
#2176 = CARTESIAN_POINT('',(57.256344556543,-11.47480192671,
    60.021858318305));
#2177 = CARTESIAN_POINT('',(123.54096375116,26.063163885633,
    62.706466341769));
#2178 = CARTESIAN_POINT('',(63.931260841988,-7.730953934889,
    58.705276049286));
#2179 = CARTESIAN_POINT('',(108.13092193015,17.287663169482,
    60.164307104794));
#2180 = CARTESIAN_POINT('',(32.002959390791,-25.91903950397,
    53.654806392671));
#2181 = CARTESIAN_POINT('',(114.79748511791,20.937369616326,
    56.432284993183));
#2182 = CARTESIAN_POINT('',(2.980177975899,-42.46737523406,
    49.084819549174));
#2183 = CARTESIAN_POINT('',(127.73336821842,28.167625803999,
    54.234168610764));
#2184 = CARTESIAN_POINT('',(13.213932208917,-36.75470462914,
    46.932619836737));
#2185 = CARTESIAN_POINT('',(99.483064579809,12.095365282045,
    50.269786118666));
#2186 = CARTESIAN_POINT('',(47.532302094739,-17.35531017715,
    46.477051966562));
#2187 = CARTESIAN_POINT('',(71.467677495016,-3.80223045143,
    46.794867589687));
#2188 = CARTESIAN_POINT('',(64.088016914656,-7.988416429696,
    45.608816994615));
#2189 = CARTESIAN_POINT('',(65.820989689996,-7.028995336203,
    44.194209385103));
#2190 = CARTESIAN_POINT('',(64.272243248252,-7.914943521088,
    43.44002012081));
#2191 = CARTESIAN_POINT('',(66.387297252644,-6.733492946756,
    43.046826281256));
#2192 = CARTESIAN_POINT('',(64.194997403896,-8.018880919354,
    42.5772964461));
#2193 = CARTESIAN_POINT('',(66.329126593878,-6.882173093191,
    42.448796846234));
#2194 = CARTESIAN_POINT('',(65.14355339729,-7.683572761048,
    42.176241863457));
#2195 = CARTESIAN_POINT('',(66.093579675368,-7.254076893926,
    41.914425791087));
#2196 = CARTESIAN_POINT('',(65.856778694859,-7.408855407071,
    41.511128835783));
#2197 = CARTESIAN_POINT('',(65.529547053915,-7.363414714396,
    40.613265525589));
#2198 = CARTESIAN_POINT('',(63.898134252814,-7.391664499484,
    39.643700664514));
#2199 = CARTESIAN_POINT('',(62.802825067345,-7.367425594552,
    39.191194315896));
#2200 = CARTESIAN_POINT('',(61.245519159031,-7.397813764515,
    38.822183587291));
#2201 = CARTESIAN_POINT('',(59.435166816184,-7.367867781362,
    38.590928737554));
#2202 = CARTESIAN_POINT('',(57.182977530348,-7.39151750618,
    38.514239600227));
#2203 = CARTESIAN_POINT('',(54.659152894901,-7.376635640977,
    38.620047230704));
#2204 = CARTESIAN_POINT('',(51.759745830107,-7.383872500807,
    38.918735677439));
#2205 = CARTESIAN_POINT('',(48.545065821428,-7.381359808626,
    39.425063122143));
#2206 = CARTESIAN_POINT('',(44.99255412888,-7.381837333837,
    40.148327732173));
#2207 = CARTESIAN_POINT('',(42.346153846154,7.,88.369198471003));
#2208 = CARTESIAN_POINT('',(45.565393605556,6.999555833528,
    89.081446004188));
#2209 = CARTESIAN_POINT('',(48.486729379751,7.001892995203,
    89.62455873882));
#2210 = CARTESIAN_POINT('',(51.131388775249,6.995161684631,
    90.009602553087));
#2211 = CARTESIAN_POINT('',(53.450871145874,7.009003939273,
    90.253974751428));
#2212 = CARTESIAN_POINT('',(55.538503226041,6.987006326158,
    90.369693106823));
#2213 = CARTESIAN_POINT('',(57.254745349592,7.014860356461,
    90.386094449621));
#2214 = CARTESIAN_POINT('',(58.772082267579,6.986595029432,
    90.32202788051));
#2215 = CARTESIAN_POINT('',(59.926746289385,7.009140663986,
    90.224554496552));
#2216 = CARTESIAN_POINT('',(61.856349072053,6.982864339515,
    90.025612674722));
#2217 = CARTESIAN_POINT('',(62.886480463578,7.025130656983,
    89.912999680565));
#2218 = CARTESIAN_POINT('',(63.524104839739,6.881164590696,
    89.880808464031));
#2219 = CARTESIAN_POINT('',(63.197946207501,7.280656931202,
    89.934886849185));
#2220 = CARTESIAN_POINT('',(64.737370192597,6.53524107624,
    89.897239603117));
#2221 = CARTESIAN_POINT('',(63.406069292012,7.592541284945,
    89.921306687064));
#2222 = CARTESIAN_POINT('',(65.755395908735,6.396947359739,
    89.580970751687));
#2223 = CARTESIAN_POINT('',(64.369015392897,7.495864698094,
    89.273458493042));
#2224 = CARTESIAN_POINT('',(66.081296357787,6.671806677889,
    88.605346526635));
#2225 = CARTESIAN_POINT('',(65.169589146036,7.600928032295,
    87.264602433135));
#2226 = CARTESIAN_POINT('',(72.063217738917,3.513038726868,
    86.065812701984));
#2227 = CARTESIAN_POINT('',(50.824262728774,16.683296925631,
    86.305673399684));
#2228 = CARTESIAN_POINT('',(97.44738310231,-11.88640459435,
    82.551165204405));
#2229 = CARTESIAN_POINT('',(20.476237422859,35.464178680814,
    85.686181324484));
#2230 = CARTESIAN_POINT('',(122.85568996781,-27.43793825833,
    78.531043971014));
#2231 = CARTESIAN_POINT('',(11.504445290385,40.981753547312,
    83.40869475761));
#2232 = CARTESIAN_POINT('',(111.3709549385,-20.42502043798,
    76.209925768725));
#2233 = CARTESIAN_POINT('',(37.455688592615,24.950614964958,
    78.795709845265));
#2234 = CARTESIAN_POINT('',(103.98240917413,-16.02148597875,
    72.492603492303));
#2235 = CARTESIAN_POINT('',(66.859499831591,6.761820066258,
    73.768884498191));
#2236 = CARTESIAN_POINT('',(116.87651655429,-24.0076317072,
    70.084804942838));
#2237 = CARTESIAN_POINT('',(61.227190683519,10.160923646464,
    72.470264818498));
#2238 = CARTESIAN_POINT('',(112.00969242919,-21.07782418448,
    68.710695955746));
#2239 = CARTESIAN_POINT('',(74.066120524407,2.212249872801,
    70.167424433951));
#2240 = CARTESIAN_POINT('',(96.479385960384,-11.5882453584,
    68.007922503875));
#2241 = CARTESIAN_POINT('',(86.491401611522,-5.473360539546,
    67.901269304438));
#2242 = CARTESIAN_POINT('',(89.192847964491,-7.153743125686,
    66.922043180337));
#2243 = CARTESIAN_POINT('',(89.170037227083,-7.173025204754,
    65.496951047873));
#2244 = CARTESIAN_POINT('',(86.25362705505,-5.390706054228,
    64.489537190749));
#2245 = CARTESIAN_POINT('',(96.684327648454,-11.80170957864,
    64.333615324735));
#2246 = CARTESIAN_POINT('',(73.224020628066,2.616463228211,
    62.18585520613));
#2247 = CARTESIAN_POINT('',(112.78165210585,-21.67809569399,
    63.533151220606));
#2248 = CARTESIAN_POINT('',(59.813156625355,10.881249457889,
    59.847167706299));
#2249 = CARTESIAN_POINT('',(117.78070365088,-24.71500507917,
    62.083297356178));
#2250 = CARTESIAN_POINT('',(65.660960464049,7.331057986901,
    58.473538309261));
#2251 = CARTESIAN_POINT('',(104.31690420811,-16.39343116268,
    59.638987412434));
#2252 = CARTESIAN_POINT('',(37.763736981154,24.578335761503,
    53.6316520809));
#2253 = CARTESIAN_POINT('',(110.17361782041,-19.85435071055,
    55.857213924863));
#2254 = CARTESIAN_POINT('',(12.404943916468,40.2706823782,
    49.231742053099));
#2255 = CARTESIAN_POINT('',(121.50162195417,-26.71061034143,
    53.537203857578));
#2256 = CARTESIAN_POINT('',(21.364018495877,34.853508790383,
    46.958698216056));
#2257 = CARTESIAN_POINT('',(96.800115529303,-11.46971318186,
    49.687305238406));
#2258 = CARTESIAN_POINT('',(51.364614008182,16.457579020772,
    46.185846513514));
#2259 = CARTESIAN_POINT('',(72.280217312433,3.605554004558,
    46.283965438508));
#2260 = CARTESIAN_POINT('',(65.804266469294,7.575202822683,
    45.072658120105));
#2261 = CARTESIAN_POINT('',(67.246275174933,6.66540931861,
    43.453899388741));
#2262 = CARTESIAN_POINT('',(65.835613583965,7.505530417698,
    42.590583681445));
#2263 = CARTESIAN_POINT('',(67.612214105269,6.385192262533,
    42.053853225885));
#2264 = CARTESIAN_POINT('',(65.604506755209,7.604091487925,
    41.462315104005));
#2265 = CARTESIAN_POINT('',(67.361019757773,6.526181690771,
    41.181962171732));
#2266 = CARTESIAN_POINT('',(66.194397637066,7.286127680001,
    40.789643108967));
#2267 = CARTESIAN_POINT('',(66.873762938837,6.878848173032,
    40.421746150065));
#2268 = CARTESIAN_POINT('',(66.492600549704,7.025620520216,
    39.946192708985));
#2269 = CARTESIAN_POINT('',(65.810368807422,6.982530319993,
    38.949455613998));
#2270 = CARTESIAN_POINT('',(63.886955887364,7.009318839798,
    37.962495911472));
#2271 = CARTESIAN_POINT('',(62.654328644188,6.986333730963,
    37.516388009326));
#2272 = CARTESIAN_POINT('',(60.990050329709,7.015150024266,
    37.163469901798));
#2273 = CARTESIAN_POINT('',(59.075599514057,6.986753044954,
    36.952218376332));
#2274 = CARTESIAN_POINT('',(56.744652462299,7.009179449957,
    36.898361896964));
#2275 = CARTESIAN_POINT('',(54.144804156253,6.995067373018,
    37.027353820477));
#2276 = CARTESIAN_POINT('',(51.183921741871,7.001929894706,
    37.349303617628));
#2277 = CARTESIAN_POINT('',(47.913505636991,6.999547175544,
    37.878145696508));
#2278 = CARTESIAN_POINT('',(44.312592584458,7.,38.623039984973));
#2279 = CARTESIAN_POINT('',(42.346153846154,7.,100.));
#2280 = CARTESIAN_POINT('',(45.938443723693,6.999555833528,
    100.71228855516));
#2281 = CARTESIAN_POINT('',(49.281471136352,7.001892995202,
    101.24183905921));
#2282 = CARTESIAN_POINT('',(52.383752013591,6.995161684632,
    101.5955755518));
#2283 = CARTESIAN_POINT('',(55.253802284872,7.009003939272,
    101.78042207266));
#2284 = CARTESIAN_POINT('',(57.900137879648,6.98700632616,
    101.80330266143));
#2285 = CARTESIAN_POINT('',(60.331274727389,7.01486035646,
    101.67114135784));
#2286 = CARTESIAN_POINT('',(62.555728757545,6.986595029433,
    101.39086220155));
#2287 = CARTESIAN_POINT('',(64.582015899583,7.009140663986,
    100.96938923226));
#2288 = CARTESIAN_POINT('',(68.255288266334,6.982864339515,
    99.857903747034));
#2289 = CARTESIAN_POINT('',(71.204020516281,7.025130656983,
    98.237035327283));
#2290 = CARTESIAN_POINT('',(72.505767541513,6.881164590696,
    97.306179423465));
#2291 = CARTESIAN_POINT('',(73.643411396462,7.280656931202,
    96.261825865384));
#2292 = CARTESIAN_POINT('',(74.625468010592,6.535241076239,
    95.110898692744));
#2293 = CARTESIAN_POINT('',(75.460453313356,7.592541284945,
    93.860321945206));
#2294 = CARTESIAN_POINT('',(76.156883234223,6.396947359739,
    92.517019662487));
#2295 = CARTESIAN_POINT('',(76.723273702644,7.495864698094,
    91.087915884248));
#2296 = CARTESIAN_POINT('',(77.168140648083,6.671806677889,
    89.579934650193));
#2297 = CARTESIAN_POINT('',(77.785371467037,7.600928032295,
    86.641387484353));
#2298 = CARTESIAN_POINT('',(77.987178668414,3.513038726867,
    85.229568505373));
#2299 = CARTESIAN_POINT('',(78.115743770287,16.683296925632,
    83.769019495642));
#2300 = CARTESIAN_POINT('',(78.181388938827,-11.88640459434,
    82.26421688776));
#2301 = CARTESIAN_POINT('',(78.194436340182,35.46417868082,
    80.719637114294));
#2302 = CARTESIAN_POINT('',(78.16520814053,-27.43793825833,
    79.139756607853));
#2303 = CARTESIAN_POINT('',(78.104026506017,40.981753547317,
    77.529051801004));
#2304 = CARTESIAN_POINT('',(78.021213602816,-20.42502043798,
    75.891999126348));
#2305 = CARTESIAN_POINT('',(77.927091597081,24.950614964958,
    74.233075016465));
#2306 = CARTESIAN_POINT('',(77.784169576185,-16.02148597875,
    71.714038320947));
#2307 = CARTESIAN_POINT('',(77.736107072454,6.761820066258,
    70.866924560476));
#2308 = CARTESIAN_POINT('',(77.689106579247,-24.0076317072,
    70.015983355136));
#2309 = CARTESIAN_POINT('',(77.644479532018,10.160923646465,
    69.161783437526));
#2310 = CARTESIAN_POINT('',(77.603537366236,-21.07782418448,
    68.304893540253));
#2311 = CARTESIAN_POINT('',(77.567591517348,2.212249872802,
    67.445882395917));
#2312 = CARTESIAN_POINT('',(77.537953420825,-11.5882453584,
    66.58531873712));
#2313 = CARTESIAN_POINT('',(77.515934512118,-5.473360539546,
    65.723771296468));
#2314 = CARTESIAN_POINT('',(77.50284622669,-7.153743125686,
    64.86180880656));
#2315 = CARTESIAN_POINT('',(77.497036475021,-7.173025204754,
    63.102674451777));
#2316 = CARTESIAN_POINT('',(77.505176592598,-5.390706054228,
    62.205515515073));
#2317 = CARTESIAN_POINT('',(77.52299993143,-11.80170957864,
    61.309121649296));
#2318 = CARTESIAN_POINT('',(77.549086070229,2.616463228212,
    60.41409131385));
#2319 = CARTESIAN_POINT('',(77.582014587682,-21.67809569399,
    59.521022968146));
#2320 = CARTESIAN_POINT('',(77.62036506251,10.881249457889,
    58.630515071586));
#2321 = CARTESIAN_POINT('',(77.6627170734,-24.71500507917,
    57.743166083582));
#2322 = CARTESIAN_POINT('',(77.707650199065,7.331057986901,
    56.859574463538));
#2323 = CARTESIAN_POINT('',(77.753744018203,-16.39343116268,
    55.980338670862));
#2324 = CARTESIAN_POINT('',(77.88532767726,24.578335761503,
    53.47039124325));
#2325 = CARTESIAN_POINT('',(77.970168158722,-19.85435071055,
    51.85206606724));
#2326 = CARTESIAN_POINT('',(78.044798179701,40.270682378199,
    50.255000541058));
#2327 = CARTESIAN_POINT('',(78.099916365996,-26.71061034143,
    48.683113568837));
#2328 = CARTESIAN_POINT('',(78.1262213434,34.853508790379,47.14032405471
    ));
#2329 = CARTESIAN_POINT('',(78.114411737715,-11.46971318186,
    45.630550902798));
#2330 = CARTESIAN_POINT('',(78.055186174734,16.457579020771,
    44.157713017246));
#2331 = CARTESIAN_POINT('',(77.939243280257,3.605554004558,
    42.725729302171));
#2332 = CARTESIAN_POINT('',(77.75728168008,7.575202822683,
    41.338518661714));
#2333 = CARTESIAN_POINT('',(77.172838031204,6.66540931861,
    38.297926224283));
#2334 = CARTESIAN_POINT('',(76.723884087733,7.505530417698,
    36.674586993855));
#2335 = CARTESIAN_POINT('',(76.143286834058,6.385192262533,35.1381794518
    ));
#2336 = CARTESIAN_POINT('',(75.421194934656,7.604091487926,
    33.696900741204));
#2337 = CARTESIAN_POINT('',(74.547757053995,6.52618169077,
    32.358948005157));
#2338 = CARTESIAN_POINT('',(73.513121856557,7.286127680002,
    31.132518386736));
#2339 = CARTESIAN_POINT('',(72.307438006806,6.878848173032,
    30.025809029039));
#2340 = CARTESIAN_POINT('',(70.920854169222,7.025620520216,
    29.047017075141));
#2341 = CARTESIAN_POINT('',(67.766183847328,6.982530319993,
    27.361662261128));
#2342 = CARTESIAN_POINT('',(63.809102889882,7.009318839798,
    26.253554207015));
#2343 = CARTESIAN_POINT('',(61.620108416743,6.986333730962,
    25.852009013023));
#2344 = CARTESIAN_POINT('',(59.210808613663,7.015150024267,
    25.611169795169));
#2345 = CARTESIAN_POINT('',(56.571352145116,6.986753044954,
    25.539233696565));
#2346 = CARTESIAN_POINT('',(53.691887675571,7.009179449957,
    25.644397860261));
#2347 = CARTESIAN_POINT('',(50.56256386951,6.995067373018,
    25.934859429379));
#2348 = CARTESIAN_POINT('',(47.173529391396,7.001929894706,
    26.418815546977));
#2349 = CARTESIAN_POINT('',(43.514932905711,6.999547175544,
    27.104463356158));
#2350 = CARTESIAN_POINT('',(39.576923076923,7.,28.));
#2351 = DEFINITIONAL_REPRESENTATION('',(#2352),#2383);
#2352 = B_SPLINE_CURVE_WITH_KNOTS('',8,(#2353,#2354,#2355,#2356,#2357,
    #2358,#2359,#2360,#2361,#2362,#2363,#2364,#2365,#2366,#2367,#2368,
    #2369,#2370,#2371,#2372,#2373,#2374,#2375,#2376,#2377,#2378,#2379,
    #2380,#2381,#2382),.UNSPECIFIED.,.F.,.F.,(9,7,7,7,9),(0.,
    0.472455766011,0.650994716454,0.789082893747,1.),.UNSPECIFIED.);
#2353 = CARTESIAN_POINT('',(2.866600664074,124.92193557961));
#2354 = CARTESIAN_POINT('',(2.801604853611,124.83131518712));
#2355 = CARTESIAN_POINT('',(2.736206917937,124.73961214803));
#2356 = CARTESIAN_POINT('',(2.67010219535,124.64716318334));
#2357 = CARTESIAN_POINT('',(2.603030398245,124.55446215789));
#2358 = CARTESIAN_POINT('',(2.534745834828,124.46216846285));
#2359 = CARTESIAN_POINT('',(2.464977901001,124.37113391303));
#2360 = CARTESIAN_POINT('',(2.393422818611,124.28240106824));
#2361 = CARTESIAN_POINT('',(2.291699702638,124.16510986876));
#2362 = CARTESIAN_POINT('',(2.2634902576,124.13347244189));
#2363 = CARTESIAN_POINT('',(2.234948824663,124.10244052855));
#2364 = CARTESIAN_POINT('',(2.206056953076,124.07210074856));
#2365 = CARTESIAN_POINT('',(2.176798152648,124.0425505085));
#2366 = CARTESIAN_POINT('',(2.147157627397,124.01389734026));
#2367 = CARTESIAN_POINT('',(2.117122009185,123.98625823945));
#2368 = CARTESIAN_POINT('',(2.063133489557,123.93926358176));
#2369 = CARTESIAN_POINT('',(2.039345879638,123.91945140549));
#2370 = CARTESIAN_POINT('',(2.015311728362,123.90038135669));
#2371 = CARTESIAN_POINT('',(1.991028896192,123.88211669766));
#2372 = CARTESIAN_POINT('',(1.966497626429,123.86472427601));
#2373 = CARTESIAN_POINT('',(1.941720743545,123.84827339314));
#2374 = CARTESIAN_POINT('',(1.916704060711,123.83283433654));
#2375 = CARTESIAN_POINT('',(1.852894406879,123.79654640506));
#2376 = CARTESIAN_POINT('',(1.813773368605,123.77712684433));
#2377 = CARTESIAN_POINT('',(1.774154283566,123.76048637939));
#2378 = CARTESIAN_POINT('',(1.734106616911,123.74687106546));
#2379 = CARTESIAN_POINT('',(1.693710460452,123.736493026));
#2380 = CARTESIAN_POINT('',(1.653061311557,123.72951444252));
#2381 = CARTESIAN_POINT('',(1.612278067567,123.72602703532));
#2382 = CARTESIAN_POINT('',(1.571514235749,123.72602703532));
#2383 = ( GEOMETRIC_REPRESENTATION_CONTEXT(2) 
PARAMETRIC_REPRESENTATION_CONTEXT() REPRESENTATION_CONTEXT('2D SPACE',''
  ) );
#2384 = ORIENTED_EDGE('',*,*,#2385,.T.);
#2385 = EDGE_CURVE('',#1777,#2386,#2388,.T.);
#2386 = VERTEX_POINT('',#2387);
#2387 = CARTESIAN_POINT('',(39.440211464742,0.,27.69332891151));
#2388 = SURFACE_CURVE('',#2389,(#2394,#2405),.PCURVE_S1.);
#2389 = ELLIPSE('',#2390,88.947414742404,36.072611594899);
#2390 = AXIS2_PLACEMENT_3D('',#2391,#2392,#2393);
#2391 = CARTESIAN_POINT('',(3.223828722806,-4.252116916267E-15,
    -53.54715490319));
#2392 = DIRECTION('',(-0.913354076113,1.20468196406E-15,0.407166221152)
  );
#2393 = DIRECTION('',(0.407166221152,-5.370379525583E-16,0.913354076113)
  );
#2394 = PCURVE('',#1707,#2395);
#2395 = DEFINITIONAL_REPRESENTATION('',(#2396),#2404);
#2396 = B_SPLINE_CURVE_WITH_KNOTS('',6,(#2397,#2398,#2399,#2400,#2401,
    #2402,#2403),.UNSPECIFIED.,.F.,.F.,(7,7),(5.681410851571,
    6.28318530718),.PIECEWISE_BEZIER_KNOTS.);
#2397 = CARTESIAN_POINT('',(5.730103412242,9.422006721392));
#2398 = CARTESIAN_POINT('',(5.823171778852,14.034681527498));
#2399 = CARTESIAN_POINT('',(5.91571427462,17.838965155515));
#2400 = CARTESIAN_POINT('',(6.007853541467,20.75134410725));
#2401 = CARTESIAN_POINT('',(6.09972131464,22.712668992293));
#2402 = CARTESIAN_POINT('',(6.191453309984,23.69332891151));
#2403 = CARTESIAN_POINT('',(6.28318530718,23.69332891151));
#2404 = ( GEOMETRIC_REPRESENTATION_CONTEXT(2) 
PARAMETRIC_REPRESENTATION_CONTEXT() REPRESENTATION_CONTEXT('2D SPACE',''
  ) );
#2405 = PCURVE('',#2406,#2411);
#2406 = PLANE('',#2407);
#2407 = AXIS2_PLACEMENT_3D('',#2408,#2409,#2410);
#2408 = CARTESIAN_POINT('',(39.576923076923,1.108962644073E-03,28.));
#2409 = DIRECTION('',(-0.913354076113,1.20468196406E-15,0.407166221152)
  );
#2410 = DIRECTION('',(-0.407166221152,9.860761315263E-32,-0.913354076113
    ));
#2411 = DEFINITIONAL_REPRESENTATION('',(#2412),#2416);
#2412 = ELLIPSE('',#2413,88.947414742404,36.072611594899);
#2413 = AXIS2_PLACEMENT_2D('',#2414,#2415);
#2414 = CARTESIAN_POINT('',(89.283178381621,1.108962644077E-03));
#2415 = DIRECTION('',(-1.,5.370379525583E-16));
#2416 = ( GEOMETRIC_REPRESENTATION_CONTEXT(2) 
PARAMETRIC_REPRESENTATION_CONTEXT() REPRESENTATION_CONTEXT('2D SPACE',''
  ) );
#2417 = ORIENTED_EDGE('',*,*,#2418,.T.);
#2418 = EDGE_CURVE('',#2386,#2419,#2421,.T.);
#2419 = VERTEX_POINT('',#2420);
#2420 = CARTESIAN_POINT('',(42.346153846154,0.,100.92307692307));
#2421 = SEAM_CURVE('',#2422,(#2425,#2431),.PCURVE_S1.);
#2422 = B_SPLINE_CURVE_WITH_KNOTS('',1,(#2423,#2424),.UNSPECIFIED.,.F.,
  .F.,(2,2),(0.,1.),.PIECEWISE_BEZIER_KNOTS.);
#2423 = CARTESIAN_POINT('',(38.5,0.,4.));
#2424 = CARTESIAN_POINT('',(43.5,0.,130.));
#2425 = PCURVE('',#1707,#2426);
#2426 = DEFINITIONAL_REPRESENTATION('',(#2427),#2430);
#2427 = B_SPLINE_CURVE_WITH_KNOTS('',1,(#2428,#2429),.UNSPECIFIED.,.F.,
  .F.,(2,2),(0.,1.),.PIECEWISE_BEZIER_KNOTS.);
#2428 = CARTESIAN_POINT('',(0.,0.));
#2429 = CARTESIAN_POINT('',(0.,126.));
#2430 = ( GEOMETRIC_REPRESENTATION_CONTEXT(2) 
PARAMETRIC_REPRESENTATION_CONTEXT() REPRESENTATION_CONTEXT('2D SPACE',''
  ) );
#2431 = PCURVE('',#1707,#2432);
#2432 = DEFINITIONAL_REPRESENTATION('',(#2433),#2436);
#2433 = B_SPLINE_CURVE_WITH_KNOTS('',1,(#2434,#2435),.UNSPECIFIED.,.F.,
  .F.,(2,2),(0.,1.),.PIECEWISE_BEZIER_KNOTS.);
#2434 = CARTESIAN_POINT('',(6.28318530718,0.));
#2435 = CARTESIAN_POINT('',(6.28318530718,126.));
#2436 = ( GEOMETRIC_REPRESENTATION_CONTEXT(2) 
PARAMETRIC_REPRESENTATION_CONTEXT() REPRESENTATION_CONTEXT('2D SPACE',''
  ) );
#2437 = ORIENTED_EDGE('',*,*,#2438,.T.);
#2438 = EDGE_CURVE('',#2419,#2439,#2441,.T.);
#2439 = VERTEX_POINT('',#2440);
#2440 = CARTESIAN_POINT('',(42.346153846154,-4.023178279728,
    105.72835373641));
#2441 = SURFACE_CURVE('',#2442,(#2447,#2457),.PCURVE_S1.);
#2442 = HYPERBOLA('',#2443,1.067123076923E+03,42.346153846158);
#2443 = AXIS2_PLACEMENT_3D('',#2444,#2445,#2446);
#2444 = CARTESIAN_POINT('',(42.346153846158,-7.186350061862E-14,-966.2)
  );
#2445 = DIRECTION('',(1.,-1.69704906093E-15,4.101385336973E-15));
#2446 = DIRECTION('',(-4.101385336973E-15,6.960252134621E-30,1.));
#2447 = PCURVE('',#1707,#2448);
#2448 = DEFINITIONAL_REPRESENTATION('',(#2449),#2456);
#2449 = B_SPLINE_CURVE_WITH_KNOTS('',5,(#2450,#2451,#2452,#2453,#2454,
    #2455),.UNSPECIFIED.,.F.,.F.,(6,6),(-1.4521197011E-15,0.167684210388
    ),.PIECEWISE_BEZIER_KNOTS.);
#2450 = CARTESIAN_POINT('',(6.28318530718,96.923076923188));
#2451 = CARTESIAN_POINT('',(6.249648465102,96.923076923188));
#2452 = CARTESIAN_POINT('',(6.216111620043,98.42334423543));
#2453 = CARTESIAN_POINT('',(6.182653372792,101.42388361059));
#2454 = CARTESIAN_POINT('',(6.149352250717,105.93170929286));
#2455 = CARTESIAN_POINT('',(6.116281441513,111.96094401937));
#2456 = ( GEOMETRIC_REPRESENTATION_CONTEXT(2) 
PARAMETRIC_REPRESENTATION_CONTEXT() REPRESENTATION_CONTEXT('2D SPACE',''
  ) );
#2457 = PCURVE('',#2458,#2463);
#2458 = PLANE('',#2459);
#2459 = AXIS2_PLACEMENT_3D('',#2460,#2461,#2462);
#2460 = CARTESIAN_POINT('',(42.346153846154,1.108962644067E-03,100.));
#2461 = DIRECTION('',(1.,-1.69704906093E-15,4.101385336973E-15));
#2462 = DIRECTION('',(-4.101385336973E-15,0.,1.));
#2463 = DEFINITIONAL_REPRESENTATION('',(#2464),#2468);
#2464 = ( BOUNDED_CURVE() B_SPLINE_CURVE(2,(#2465,#2466,#2467),
.UNSPECIFIED.,.F.,.F.) B_SPLINE_CURVE_WITH_KNOTS((3,3),(
-1.4521197011E-15,0.167684210388),.PIECEWISE_BEZIER_KNOTS.) CURVE() 
GEOMETRIC_REPRESENTATION_ITEM() RATIONAL_B_SPLINE_CURVE((1.,
1.003516808695,1.)) REPRESENTATION_ITEM('') );
#2465 = CARTESIAN_POINT('',(0.923076923188,1.108962644077E-03));
#2466 = CARTESIAN_POINT('',(0.923076923188,3.543203817944));
#2467 = CARTESIAN_POINT('',(15.960944019374,7.135213770038));
#2468 = ( GEOMETRIC_REPRESENTATION_CONTEXT(2) 
PARAMETRIC_REPRESENTATION_CONTEXT() REPRESENTATION_CONTEXT('2D SPACE',''
  ) );
#2469 = ORIENTED_EDGE('',*,*,#2470,.F.);
#2470 = EDGE_CURVE('',#2471,#2439,#2473,.T.);
#2471 = VERTEX_POINT('',#2472);
#2472 = CARTESIAN_POINT('',(42.589089841338,0.,107.04506400171));
#2473 = SURFACE_CURVE('',#2474,(#2489,#2507),.PCURVE_S1.);
#2474 = B_SPLINE_CURVE_WITH_KNOTS('',7,(#2475,#2476,#2477,#2478,#2479,
    #2480,#2481,#2482,#2483,#2484,#2485,#2486,#2487,#2488),
  .UNSPECIFIED.,.F.,.F.,(8,6,8),(0.,0.574465855555,1.),.UNSPECIFIED.);
#2475 = CARTESIAN_POINT('',(42.589089841338,-1.06581410364E-14,
    107.04506400171));
#2476 = CARTESIAN_POINT('',(42.589089841338,-0.374294287267,
    107.04506400171));
#2477 = CARTESIAN_POINT('',(42.5842907873,-0.748775001267,
    107.02083848212));
#2478 = CARTESIAN_POINT('',(42.574684024046,-1.11909312869,
    106.97234465845));
#2479 = CARTESIAN_POINT('',(42.560572680683,-1.481803929395,
    106.90072735497));
#2480 = CARTESIAN_POINT('',(42.542455118331,-1.834178282717,
    106.80774397232));
#2481 = CARTESIAN_POINT('',(42.520928284165,-2.174118904925,
    106.69553102054));
#2482 = CARTESIAN_POINT('',(42.478610509119,-2.741549846507,
    106.47074142797));
#2483 = CARTESIAN_POINT('',(42.459063642488,-2.975505710413,
    106.36573742656));
#2484 = CARTESIAN_POINT('',(42.438212629265,-3.201525660754,
    106.25221799732));
#2485 = CARTESIAN_POINT('',(42.416289960494,-3.41936055013,
    106.13100029027));
#2486 = CARTESIAN_POINT('',(42.393513101934,-3.628900697244,
    106.00284703682));
#2487 = CARTESIAN_POINT('',(42.370077328287,-3.83014459919,
    105.86843831703));
#2488 = CARTESIAN_POINT('',(42.346153846154,-4.023178279728,
    105.72835373641));
#2489 = PCURVE('',#1707,#2490);
#2490 = DEFINITIONAL_REPRESENTATION('',(#2491),#2506);
#2491 = B_SPLINE_CURVE_WITH_KNOTS('',7,(#2492,#2493,#2494,#2495,#2496,
    #2497,#2498,#2499,#2500,#2501,#2502,#2503,#2504,#2505),
  .UNSPECIFIED.,.F.,.F.,(8,6,8),(0.,0.574465855555,1.),.UNSPECIFIED.);
#2492 = CARTESIAN_POINT('',(6.28318530718,103.04506400171));
#2493 = CARTESIAN_POINT('',(6.274396805508,103.04506400171));
#2494 = CARTESIAN_POINT('',(6.265603926417,103.02083848212));
#2495 = CARTESIAN_POINT('',(6.256906844333,102.97234465845));
#2496 = CARTESIAN_POINT('',(6.248384489247,102.90072735497));
#2497 = CARTESIAN_POINT('',(6.240099499959,102.80774397232));
#2498 = CARTESIAN_POINT('',(6.232100309035,102.69553102054));
#2499 = CARTESIAN_POINT('',(6.218735602863,102.47074142797));
#2500 = CARTESIAN_POINT('',(6.213221159498,102.36573742656));
#2501 = CARTESIAN_POINT('',(6.207889387265,102.25221799732));
#2502 = CARTESIAN_POINT('',(6.202746145989,102.13100029027));
#2503 = CARTESIAN_POINT('',(6.197794131414,102.00284703682));
#2504 = CARTESIAN_POINT('',(6.193033574521,101.86843831703));
#2505 = CARTESIAN_POINT('',(6.18846268837,101.72835373641));
#2506 = ( GEOMETRIC_REPRESENTATION_CONTEXT(2) 
PARAMETRIC_REPRESENTATION_CONTEXT() REPRESENTATION_CONTEXT('2D SPACE',''
  ) );
#2507 = PCURVE('',#2508,#3013);
#2508 = ( BOUNDED_SURFACE() B_SPLINE_SURFACE(6,10,(
    (#2509,#2510,#2511,#2512,#2513,#2514,#2515,#2516,#2517,#2518,#2519
      ,#2520,#2521,#2522,#2523,#2524,#2525,#2526,#2527,#2528,#2529,#2530
      ,#2531,#2532,#2533,#2534,#2535,#2536,#2537,#2538,#2539,#2540,#2541
      ,#2542,#2543,#2544,#2545,#2546,#2547,#2548,#2549,#2550,#2551,#2552
      ,#2553,#2554,#2555,#2556,#2557,#2558,#2559,#2560,#2561,#2562,#2563
      ,#2564,#2565,#2566,#2567,#2568,#2569,#2570,#2571,#2572,#2573,#2574
      ,#2575,#2576,#2577,#2578,#2579,#2580)
    ,(#2581,#2582,#2583,#2584,#2585,#2586,#2587,#2588,#2589,#2590,#2591
      ,#2592,#2593,#2594,#2595,#2596,#2597,#2598,#2599,#2600,#2601,#2602
      ,#2603,#2604,#2605,#2606,#2607,#2608,#2609,#2610,#2611,#2612,#2613
      ,#2614,#2615,#2616,#2617,#2618,#2619,#2620,#2621,#2622,#2623,#2624
      ,#2625,#2626,#2627,#2628,#2629,#2630,#2631,#2632,#2633,#2634,#2635
      ,#2636,#2637,#2638,#2639,#2640,#2641,#2642,#2643,#2644,#2645,#2646
      ,#2647,#2648,#2649,#2650,#2651,#2652)
    ,(#2653,#2654,#2655,#2656,#2657,#2658,#2659,#2660,#2661,#2662,#2663
      ,#2664,#2665,#2666,#2667,#2668,#2669,#2670,#2671,#2672,#2673,#2674
      ,#2675,#2676,#2677,#2678,#2679,#2680,#2681,#2682,#2683,#2684,#2685
      ,#2686,#2687,#2688,#2689,#2690,#2691,#2692,#2693,#2694,#2695,#2696
      ,#2697,#2698,#2699,#2700,#2701,#2702,#2703,#2704,#2705,#2706,#2707
      ,#2708,#2709,#2710,#2711,#2712,#2713,#2714,#2715,#2716,#2717,#2718
      ,#2719,#2720,#2721,#2722,#2723,#2724)
    ,(#2725,#2726,#2727,#2728,#2729,#2730,#2731,#2732,#2733,#2734,#2735
      ,#2736,#2737,#2738,#2739,#2740,#2741,#2742,#2743,#2744,#2745,#2746
      ,#2747,#2748,#2749,#2750,#2751,#2752,#2753,#2754,#2755,#2756,#2757
      ,#2758,#2759,#2760,#2761,#2762,#2763,#2764,#2765,#2766,#2767,#2768
      ,#2769,#2770,#2771,#2772,#2773,#2774,#2775,#2776,#2777,#2778,#2779
      ,#2780,#2781,#2782,#2783,#2784,#2785,#2786,#2787,#2788,#2789,#2790
      ,#2791,#2792,#2793,#2794,#2795,#2796)
    ,(#2797,#2798,#2799,#2800,#2801,#2802,#2803,#2804,#2805,#2806,#2807
      ,#2808,#2809,#2810,#2811,#2812,#2813,#2814,#2815,#2816,#2817,#2818
      ,#2819,#2820,#2821,#2822,#2823,#2824,#2825,#2826,#2827,#2828,#2829
      ,#2830,#2831,#2832,#2833,#2834,#2835,#2836,#2837,#2838,#2839,#2840
      ,#2841,#2842,#2843,#2844,#2845,#2846,#2847,#2848,#2849,#2850,#2851
      ,#2852,#2853,#2854,#2855,#2856,#2857,#2858,#2859,#2860,#2861,#2862
      ,#2863,#2864,#2865,#2866,#2867,#2868)
    ,(#2869,#2870,#2871,#2872,#2873,#2874,#2875,#2876,#2877,#2878,#2879
      ,#2880,#2881,#2882,#2883,#2884,#2885,#2886,#2887,#2888,#2889,#2890
      ,#2891,#2892,#2893,#2894,#2895,#2896,#2897,#2898,#2899,#2900,#2901
      ,#2902,#2903,#2904,#2905,#2906,#2907,#2908,#2909,#2910,#2911,#2912
      ,#2913,#2914,#2915,#2916,#2917,#2918,#2919,#2920,#2921,#2922,#2923
      ,#2924,#2925,#2926,#2927,#2928,#2929,#2930,#2931,#2932,#2933,#2934
      ,#2935,#2936,#2937,#2938,#2939,#2940)
    ,(#2941,#2942,#2943,#2944,#2945,#2946,#2947,#2948,#2949,#2950,#2951
      ,#2952,#2953,#2954,#2955,#2956,#2957,#2958,#2959,#2960,#2961,#2962
      ,#2963,#2964,#2965,#2966,#2967,#2968,#2969,#2970,#2971,#2972,#2973
      ,#2974,#2975,#2976,#2977,#2978,#2979,#2980,#2981,#2982,#2983,#2984
      ,#2985,#2986,#2987,#2988,#2989,#2990,#2991,#2992,#2993,#2994,#2995
      ,#2996,#2997,#2998,#2999,#3000,#3001,#3002,#3003,#3004,#3005,#3006
      ,#3007,#3008,#3009,#3010,#3011,#3012
)),.UNSPECIFIED.,.T.,.F.,.F.) B_SPLINE_SURFACE_WITH_KNOTS((1,6,6,1),(11,
    8,9,9,9,9,9,8,11),(-6.28318530718,0.,6.28318530718,12.566370614359),
  (0.,18.572781828581,37.145563657162,53.116612737975,61.145563657162,
    69.5054025569,85.145563657162,105.03374961839,124.92193557961),
.UNSPECIFIED.) GEOMETRIC_REPRESENTATION_ITEM() RATIONAL_B_SPLINE_SURFACE
((
    (1.669078461068,1.669078461068,1.669078461068,1.669078461069
      ,1.669078461068,1.669078461069,1.669078461068,1.669078461068
      ,1.669078461068,1.669078461068,1.669078461068,1.669078461068
      ,1.669078461068,1.669078461068,1.669078461068,1.669078461068
      ,1.669078461068,1.669078461068,1.669078461068,1.669078461068
      ,1.669078461068,1.669078461068,1.669078461068,1.669078461068
      ,1.669078461068,1.669078461068,1.669078461068,1.669078461068
      ,1.669078461068,1.669078461068,1.669078461069,1.669078461067
      ,1.669078461069,1.669078461068,1.669078461068,1.669078461068
      ,1.669078461068,1.669078461068,1.669078461068,1.669078461069
      ,1.669078461068,1.669078461069,1.669078461068,1.669078461068
      ,1.669078461068,1.669078461068,1.669078461068,1.669078461069
      ,1.669078461067,1.669078461069,1.669078461067,1.669078461069
      ,1.669078461068,1.669078461068,1.669078461068,1.669078461068
      ,1.669078461068,1.669078461068,1.669078461068,1.669078461068
      ,1.669078461068,1.669078461068,1.669078461068,1.669078461068
      ,1.669078461069,1.669078461068,1.669078461069,1.669078461068
      ,1.669078461068,1.669078461068,1.669078461068,1.669078461068)
    ,(1.03672962321,1.03672962321,1.036729623209,1.03672962321
      ,1.036729623209,1.03672962321,1.036729623209,1.03672962321
      ,1.03672962321,1.03672962321,1.03672962321,1.03672962321
      ,1.03672962321,1.03672962321,1.03672962321,1.03672962321
      ,1.03672962321,1.03672962321,1.03672962321,1.03672962321
      ,1.036729623209,1.03672962321,1.03672962321,1.03672962321
      ,1.03672962321,1.03672962321,1.03672962321,1.03672962321
      ,1.03672962321,1.036729623209,1.03672962321,1.036729623209
      ,1.03672962321,1.036729623209,1.03672962321,1.03672962321
      ,1.03672962321,1.03672962321,1.036729623209,1.03672962321
      ,1.036729623209,1.03672962321,1.036729623209,1.03672962321
      ,1.03672962321,1.03672962321,1.036729623209,1.03672962321
      ,1.036729623209,1.03672962321,1.036729623209,1.03672962321
      ,1.03672962321,1.03672962321,1.03672962321,1.03672962321
      ,1.03672962321,1.03672962321,1.03672962321,1.03672962321
      ,1.03672962321,1.03672962321,1.03672962321,1.03672962321
      ,1.03672962321,1.036729623209,1.03672962321,1.036729623209
      ,1.03672962321,1.03672962321,1.03672962321,1.03672962321)
    ,(1.038346699848,1.038346699848,1.038346699847,1.038346699848
      ,1.038346699847,1.038346699848,1.038346699847,1.038346699848
      ,1.038346699847,1.038346699848,1.038346699847,1.038346699848
      ,1.038346699847,1.038346699848,1.038346699847,1.038346699848
      ,1.038346699848,1.038346699848,1.038346699847,1.038346699848
      ,1.038346699847,1.038346699848,1.038346699847,1.038346699848
      ,1.038346699848,1.038346699847,1.038346699848,1.038346699847
      ,1.038346699848,1.038346699847,1.038346699848,1.038346699847
      ,1.038346699848,1.038346699847,1.038346699848,1.038346699848
      ,1.038346699847,1.038346699848,1.038346699847,1.038346699848
      ,1.038346699847,1.038346699848,1.038346699847,1.038346699848
      ,1.038346699847,1.038346699848,1.038346699847,1.038346699848
      ,1.038346699847,1.038346699848,1.038346699847,1.038346699848
      ,1.038346699847,1.038346699848,1.038346699847,1.038346699848
      ,1.038346699847,1.038346699848,1.038346699847,1.038346699847
      ,1.038346699848,1.038346699847,1.038346699848,1.038346699847
      ,1.038346699848,1.038346699847,1.038346699848,1.038346699847
      ,1.038346699848,1.038346699847,1.038346699848,1.038346699848)
    ,(0.853534330196,0.853534330196,0.853534330196,0.853534330196
      ,0.853534330196,0.853534330196,0.853534330196,0.853534330196
      ,0.853534330196,0.853534330196,0.853534330196,0.853534330196
      ,0.853534330196,0.853534330196,0.853534330196,0.853534330196
      ,0.853534330196,0.853534330196,0.853534330196,0.853534330196
      ,0.853534330196,0.853534330196,0.853534330196,0.853534330196
      ,0.853534330196,0.853534330196,0.853534330196,0.853534330196
      ,0.853534330196,0.853534330196,0.853534330196,0.853534330196
      ,0.853534330196,0.853534330196,0.853534330196,0.853534330196
      ,0.853534330196,0.853534330196,0.853534330196,0.853534330196
      ,0.853534330196,0.853534330196,0.853534330196,0.853534330196
      ,0.853534330196,0.853534330196,0.853534330196,0.853534330196
      ,0.853534330196,0.853534330196,0.853534330196,0.853534330196
      ,0.853534330196,0.853534330196,0.853534330196,0.853534330196
      ,0.853534330196,0.853534330196,0.853534330196,0.853534330196
      ,0.853534330196,0.853534330196,0.853534330196,0.853534330196
      ,0.853534330196,0.853534330196,0.853534330196,0.853534330196
      ,0.853534330196,0.853534330196,0.853534330196,0.853534330196)
    ,(1.038346699848,1.038346699848,1.038346699847,1.038346699848
      ,1.038346699847,1.038346699848,1.038346699847,1.038346699848
      ,1.038346699847,1.038346699848,1.038346699847,1.038346699848
      ,1.038346699847,1.038346699848,1.038346699847,1.038346699848
      ,1.038346699847,1.038346699848,1.038346699847,1.038346699848
      ,1.038346699847,1.038346699848,1.038346699847,1.038346699848
      ,1.038346699847,1.038346699848,1.038346699848,1.038346699847
      ,1.038346699848,1.038346699847,1.038346699848,1.038346699847
      ,1.038346699848,1.038346699847,1.038346699848,1.038346699848
      ,1.038346699847,1.038346699848,1.038346699847,1.038346699848
      ,1.038346699847,1.038346699848,1.038346699847,1.038346699848
      ,1.038346699847,1.038346699848,1.038346699847,1.038346699848
      ,1.038346699847,1.038346699848,1.038346699847,1.038346699848
      ,1.038346699847,1.038346699848,1.038346699847,1.038346699848
      ,1.038346699847,1.038346699848,1.038346699848,1.038346699847
      ,1.038346699848,1.038346699847,1.038346699848,1.038346699847
      ,1.038346699848,1.038346699847,1.038346699848,1.038346699847
      ,1.038346699848,1.038346699847,1.038346699848,1.038346699848)
    ,(1.03672962321,1.03672962321,1.03672962321,1.03672962321
      ,1.036729623209,1.03672962321,1.036729623209,1.03672962321
      ,1.03672962321,1.03672962321,1.03672962321,1.03672962321
      ,1.03672962321,1.03672962321,1.03672962321,1.03672962321
      ,1.03672962321,1.03672962321,1.03672962321,1.03672962321
      ,1.03672962321,1.03672962321,1.03672962321,1.03672962321
      ,1.03672962321,1.03672962321,1.03672962321,1.03672962321
      ,1.03672962321,1.036729623209,1.03672962321,1.036729623209
      ,1.03672962321,1.036729623209,1.03672962321,1.03672962321
      ,1.03672962321,1.03672962321,1.036729623209,1.03672962321
      ,1.036729623209,1.03672962321,1.036729623209,1.03672962321
      ,1.03672962321,1.03672962321,1.036729623209,1.03672962321
      ,1.036729623209,1.03672962321,1.036729623209,1.03672962321
      ,1.03672962321,1.03672962321,1.03672962321,1.03672962321
      ,1.03672962321,1.03672962321,1.03672962321,1.036729623209
      ,1.03672962321,1.03672962321,1.03672962321,1.03672962321
      ,1.03672962321,1.036729623209,1.03672962321,1.036729623209
      ,1.03672962321,1.03672962321,1.03672962321,1.03672962321)
    ,(1.669078461068,1.669078461068,1.669078461068,1.669078461069
      ,1.669078461068,1.669078461069,1.669078461068,1.669078461068
      ,1.669078461068,1.669078461068,1.669078461068,1.669078461068
      ,1.669078461068,1.669078461068,1.669078461068,1.669078461068
      ,1.669078461068,1.669078461068,1.669078461068,1.669078461068
      ,1.669078461068,1.669078461068,1.669078461068,1.669078461068
      ,1.669078461068,1.669078461068,1.669078461068,1.669078461068
      ,1.669078461068,1.669078461068,1.669078461069,1.669078461067
      ,1.669078461069,1.669078461068,1.669078461068,1.669078461068
      ,1.669078461068,1.669078461068,1.669078461068,1.669078461069
      ,1.669078461068,1.669078461069,1.669078461068,1.669078461068
      ,1.669078461068,1.669078461068,1.669078461068,1.669078461069
      ,1.669078461067,1.669078461069,1.669078461067,1.669078461069
      ,1.669078461068,1.669078461068,1.669078461068,1.669078461068
      ,1.669078461068,1.669078461068,1.669078461068,1.669078461068
      ,1.669078461068,1.669078461068,1.669078461068,1.669078461068
      ,1.669078461069,1.669078461068,1.669078461069,1.669078461068
      ,1.669078461068,1.669078461068,1.669078461068,1.669078461068
))) REPRESENTATION_ITEM('') SURFACE() );
#2509 = CARTESIAN_POINT('',(42.346153846154,7.,100.));
#2510 = CARTESIAN_POINT('',(45.938443723693,6.999555833528,
    100.71228855516));
#2511 = CARTESIAN_POINT('',(49.281471136352,7.001892995202,
    101.24183905921));
#2512 = CARTESIAN_POINT('',(52.383752013591,6.995161684632,
    101.5955755518));
#2513 = CARTESIAN_POINT('',(55.253802284872,7.009003939272,
    101.78042207266));
#2514 = CARTESIAN_POINT('',(57.900137879648,6.98700632616,
    101.80330266143));
#2515 = CARTESIAN_POINT('',(60.331274727389,7.01486035646,
    101.67114135784));
#2516 = CARTESIAN_POINT('',(62.555728757545,6.986595029433,
    101.39086220155));
#2517 = CARTESIAN_POINT('',(64.582015899583,7.009140663986,
    100.96938923226));
#2518 = CARTESIAN_POINT('',(68.255288266334,6.982864339515,
    99.857903747034));
#2519 = CARTESIAN_POINT('',(71.204020516281,7.025130656983,
    98.237035327283));
#2520 = CARTESIAN_POINT('',(72.505767541513,6.881164590696,
    97.306179423465));
#2521 = CARTESIAN_POINT('',(73.643411396462,7.280656931202,
    96.261825865384));
#2522 = CARTESIAN_POINT('',(74.625468010592,6.535241076239,
    95.110898692744));
#2523 = CARTESIAN_POINT('',(75.460453313356,7.592541284945,
    93.860321945206));
#2524 = CARTESIAN_POINT('',(76.156883234223,6.396947359739,
    92.517019662487));
#2525 = CARTESIAN_POINT('',(76.723273702644,7.495864698094,
    91.087915884248));
#2526 = CARTESIAN_POINT('',(77.168140648083,6.671806677889,
    89.579934650193));
#2527 = CARTESIAN_POINT('',(77.785371467037,7.600928032295,
    86.641387484353));
#2528 = CARTESIAN_POINT('',(77.987178668414,3.513038726867,
    85.229568505373));
#2529 = CARTESIAN_POINT('',(78.115743770287,16.683296925632,
    83.769019495642));
#2530 = CARTESIAN_POINT('',(78.181388938827,-11.88640459434,
    82.26421688776));
#2531 = CARTESIAN_POINT('',(78.194436340182,35.46417868082,
    80.719637114294));
#2532 = CARTESIAN_POINT('',(78.16520814053,-27.43793825833,
    79.139756607853));
#2533 = CARTESIAN_POINT('',(78.104026506017,40.981753547317,
    77.529051801004));
#2534 = CARTESIAN_POINT('',(78.021213602816,-20.42502043798,
    75.891999126348));
#2535 = CARTESIAN_POINT('',(77.927091597081,24.950614964958,
    74.233075016465));
#2536 = CARTESIAN_POINT('',(77.784169576185,-16.02148597875,
    71.714038320947));
#2537 = CARTESIAN_POINT('',(77.736107072454,6.761820066258,
    70.866924560476));
#2538 = CARTESIAN_POINT('',(77.689106579247,-24.0076317072,
    70.015983355136));
#2539 = CARTESIAN_POINT('',(77.644479532018,10.160923646465,
    69.161783437526));
#2540 = CARTESIAN_POINT('',(77.603537366236,-21.07782418448,
    68.304893540253));
#2541 = CARTESIAN_POINT('',(77.567591517348,2.212249872802,
    67.445882395917));
#2542 = CARTESIAN_POINT('',(77.537953420825,-11.5882453584,
    66.58531873712));
#2543 = CARTESIAN_POINT('',(77.515934512118,-5.473360539546,
    65.723771296468));
#2544 = CARTESIAN_POINT('',(77.50284622669,-7.153743125686,
    64.86180880656));
#2545 = CARTESIAN_POINT('',(77.497036475021,-7.173025204754,
    63.102674451777));
#2546 = CARTESIAN_POINT('',(77.505176592598,-5.390706054228,
    62.205515515073));
#2547 = CARTESIAN_POINT('',(77.52299993143,-11.80170957864,
    61.309121649296));
#2548 = CARTESIAN_POINT('',(77.549086070229,2.616463228212,
    60.41409131385));
#2549 = CARTESIAN_POINT('',(77.582014587682,-21.67809569399,
    59.521022968146));
#2550 = CARTESIAN_POINT('',(77.62036506251,10.881249457889,
    58.630515071586));
#2551 = CARTESIAN_POINT('',(77.6627170734,-24.71500507917,
    57.743166083582));
#2552 = CARTESIAN_POINT('',(77.707650199065,7.331057986901,
    56.859574463538));
#2553 = CARTESIAN_POINT('',(77.753744018203,-16.39343116268,
    55.980338670862));
#2554 = CARTESIAN_POINT('',(77.88532767726,24.578335761503,
    53.47039124325));
#2555 = CARTESIAN_POINT('',(77.970168158722,-19.85435071055,
    51.85206606724));
#2556 = CARTESIAN_POINT('',(78.044798179701,40.270682378199,
    50.255000541058));
#2557 = CARTESIAN_POINT('',(78.099916365996,-26.71061034143,
    48.683113568837));
#2558 = CARTESIAN_POINT('',(78.1262213434,34.853508790379,47.14032405471
    ));
#2559 = CARTESIAN_POINT('',(78.114411737715,-11.46971318186,
    45.630550902798));
#2560 = CARTESIAN_POINT('',(78.055186174734,16.457579020771,
    44.157713017246));
#2561 = CARTESIAN_POINT('',(77.939243280257,3.605554004558,
    42.725729302171));
#2562 = CARTESIAN_POINT('',(77.75728168008,7.575202822683,
    41.338518661714));
#2563 = CARTESIAN_POINT('',(77.172838031204,6.66540931861,
    38.297926224283));
#2564 = CARTESIAN_POINT('',(76.723884087733,7.505530417698,
    36.674586993855));
#2565 = CARTESIAN_POINT('',(76.143286834058,6.385192262533,35.1381794518
    ));
#2566 = CARTESIAN_POINT('',(75.421194934656,7.604091487926,
    33.696900741204));
#2567 = CARTESIAN_POINT('',(74.547757053995,6.52618169077,
    32.358948005157));
#2568 = CARTESIAN_POINT('',(73.513121856557,7.286127680002,
    31.132518386736));
#2569 = CARTESIAN_POINT('',(72.307438006806,6.878848173032,
    30.025809029039));
#2570 = CARTESIAN_POINT('',(70.920854169222,7.025620520216,
    29.047017075141));
#2571 = CARTESIAN_POINT('',(67.766183847328,6.982530319993,
    27.361662261128));
#2572 = CARTESIAN_POINT('',(63.809102889882,7.009318839798,
    26.253554207015));
#2573 = CARTESIAN_POINT('',(61.620108416743,6.986333730962,
    25.852009013023));
#2574 = CARTESIAN_POINT('',(59.210808613663,7.015150024267,
    25.611169795169));
#2575 = CARTESIAN_POINT('',(56.571352145116,6.986753044954,
    25.539233696565));
#2576 = CARTESIAN_POINT('',(53.691887675571,7.009179449957,
    25.644397860261));
#2577 = CARTESIAN_POINT('',(50.56256386951,6.995067373018,
    25.934859429379));
#2578 = CARTESIAN_POINT('',(47.173529391396,7.001929894706,
    26.418815546977));
#2579 = CARTESIAN_POINT('',(43.514932905711,6.999547175544,
    27.104463356158));
#2580 = CARTESIAN_POINT('',(39.576923076923,7.,28.));
#2581 = CARTESIAN_POINT('',(42.346153846154,7.,111.63080152899));
#2582 = CARTESIAN_POINT('',(46.31149384183,6.999555833528,
    112.34313110615));
#2583 = CARTESIAN_POINT('',(50.076212892952,7.001892995203,
    112.85911937959));
#2584 = CARTESIAN_POINT('',(53.636115251936,6.995161684631,
    113.18154855054));
#2585 = CARTESIAN_POINT('',(57.056733423867,7.009003939273,
    113.30686939388));
#2586 = CARTESIAN_POINT('',(60.261772533257,6.987006326158,
    113.23691221606));
#2587 = CARTESIAN_POINT('',(63.407804105187,7.014860356461,
    112.95618826606));
#2588 = CARTESIAN_POINT('',(66.339375247511,6.986595029432,
    112.4596965226));
#2589 = CARTESIAN_POINT('',(69.23728550978,7.009140663986,
    111.71422396796));
#2590 = CARTESIAN_POINT('',(74.654227460615,6.982864339515,
    109.69019481934));
#2591 = CARTESIAN_POINT('',(79.521560568984,7.025130656983,106.561070974
    ));
#2592 = CARTESIAN_POINT('',(81.487430243284,6.881164590696,
    104.73155038289));
#2593 = CARTESIAN_POINT('',(84.088876585427,7.280656931201,
    102.58876488159));
#2594 = CARTESIAN_POINT('',(84.513565828582,6.53524107624,
    100.32455778236));
#2595 = CARTESIAN_POINT('',(87.514837334705,7.592541284944,
    97.79933720336));
#2596 = CARTESIAN_POINT('',(86.558370559706,6.396947359739,
    95.45306857328));
#2597 = CARTESIAN_POINT('',(89.077532012391,7.495864698094,
    92.902373275458));
#2598 = CARTESIAN_POINT('',(88.254984938379,6.671806677889,
    90.554522773749));
#2599 = CARTESIAN_POINT('',(90.401153788039,7.600928032295,
    86.018172535571));
#2600 = CARTESIAN_POINT('',(83.91113959791,3.513038726867,
    84.393324308759));
#2601 = CARTESIAN_POINT('',(105.4072248118,16.683296925633,
    81.232365591605));
#2602 = CARTESIAN_POINT('',(58.915394775347,-11.88640459434,
    81.977268571108));
#2603 = CARTESIAN_POINT('',(135.91263525751,35.464178680819,
    75.753092904109));
#2604 = CARTESIAN_POINT('',(33.474726313256,-27.43793825833,
    79.748469244687));
#2605 = CARTESIAN_POINT('',(144.70360772165,40.981753547315,
    71.6494088444));
#2606 = CARTESIAN_POINT('',(44.67147226713,-20.42502043798,
    75.574072483971));
#2607 = CARTESIAN_POINT('',(118.39849460154,24.950614964958,
    69.670440187666));
#2608 = CARTESIAN_POINT('',(51.585929978238,-16.02148597875,
    70.935473149591));
#2609 = CARTESIAN_POINT('',(88.612714313317,6.761820066258,
    67.964964622761));
#2610 = CARTESIAN_POINT('',(38.501696604205,-24.0076317072,
    69.947161767432));
#2611 = CARTESIAN_POINT('',(94.061768380521,10.160923646466,
    65.853302056555));
#2612 = CARTESIAN_POINT('',(43.197382303284,-21.07782418448,
    67.899091124757));
#2613 = CARTESIAN_POINT('',(81.069062510291,2.212249872803,
    64.724340357884));
#2614 = CARTESIAN_POINT('',(58.596520881266,-11.5882453584,
    65.162714970364));
#2615 = CARTESIAN_POINT('',(68.540467412714,-5.473360539546,
    63.546273288497));
#2616 = CARTESIAN_POINT('',(65.812844488889,-7.153743125686,
    62.801574432783));
#2617 = CARTESIAN_POINT('',(65.824035722959,-7.173025204754,
    60.708397855682));
#2618 = CARTESIAN_POINT('',(68.756726130146,-5.390706054228,
    59.921493839398));
#2619 = CARTESIAN_POINT('',(58.361672214408,-11.80170957864,
    58.284627973857));
#2620 = CARTESIAN_POINT('',(81.87415151239,2.616463228211,58.64232742157
    ));
#2621 = CARTESIAN_POINT('',(42.382377069512,-21.67809569399,
    55.508894715685));
#2622 = CARTESIAN_POINT('',(95.427573499665,10.881249457889,
    57.413862436874));
#2623 = CARTESIAN_POINT('',(37.544730495914,-24.71500507917,
    53.403034810986));
#2624 = CARTESIAN_POINT('',(89.754339934081,7.331057986901,
    55.245610617815));
#2625 = CARTESIAN_POINT('',(51.190583828287,-16.39343116268,
    52.321689929289));
#2626 = CARTESIAN_POINT('',(118.00691837336,24.578335761503,
    53.309130405601));
#2627 = CARTESIAN_POINT('',(45.766718497032,-19.85435071055,
    47.846918209617));
#2628 = CARTESIAN_POINT('',(143.68465244293,40.2706823782,
    51.278259029017));
#2629 = CARTESIAN_POINT('',(34.698210777812,-26.71061034143,
    43.829023280097));
#2630 = CARTESIAN_POINT('',(134.88842419092,34.853508790382,
    47.321949893361));
#2631 = CARTESIAN_POINT('',(59.428707946125,-11.46971318186,
    41.573796567192));
#2632 = CARTESIAN_POINT('',(104.74575834128,16.457579020772,
    42.129579520976));
#2633 = CARTESIAN_POINT('',(83.598269248081,3.605554004558,
    39.167493165836));
#2634 = CARTESIAN_POINT('',(89.710296890866,7.575202822683,
    37.604379203323));
#2635 = CARTESIAN_POINT('',(87.099400887475,6.66540931861,
    33.141953059826));
#2636 = CARTESIAN_POINT('',(87.6121545915,7.505530417698,30.758590306266
    ));
#2637 = CARTESIAN_POINT('',(84.674359562847,6.385192262533,
    28.222505677715));
#2638 = CARTESIAN_POINT('',(85.237883114102,7.604091487926,
    25.931486378404));
#2639 = CARTESIAN_POINT('',(81.734494350218,6.52618169077,
    23.535933838581));
#2640 = CARTESIAN_POINT('',(80.831846076047,7.286127680002,
    21.475393664507));
#2641 = CARTESIAN_POINT('',(77.741113074775,6.878848173032,
    19.629871908012));
#2642 = CARTESIAN_POINT('',(75.349107788739,7.025620520216,
    18.147841441297));
#2643 = CARTESIAN_POINT('',(69.721998887234,6.982530319993,
    15.773868908256));
#2644 = CARTESIAN_POINT('',(63.731249892399,7.009318839798,
    14.544612502559));
#2645 = CARTESIAN_POINT('',(60.5858881893,6.986333730962,14.187630016712
    ));
#2646 = CARTESIAN_POINT('',(57.431566897615,7.015150024267,
    14.058869688553));
#2647 = CARTESIAN_POINT('',(54.067104776179,6.986753044953,
    14.126249016782));
#2648 = CARTESIAN_POINT('',(50.63912288884,7.009179449958,
    14.390433823572));
#2649 = CARTESIAN_POINT('',(46.980323582769,6.995067373017,
    14.842365038272));
#2650 = CARTESIAN_POINT('',(43.16313704092,7.001929894706,15.48832747633
    ));
#2651 = CARTESIAN_POINT('',(39.11636017443,6.999547175544,
    16.330781015806));
#2652 = CARTESIAN_POINT('',(34.841253569388,7.,17.376960015027));
#2653 = CARTESIAN_POINT('',(42.346153846154,-7.381837333837,
    113.30078668271));
#2654 = CARTESIAN_POINT('',(46.365057489815,-7.381368938887,
    114.01312214993));
#2655 = CARTESIAN_POINT('',(50.190324283406,-7.383833588503,
    114.52716311788));
#2656 = CARTESIAN_POINT('',(53.815933298859,-7.376735097119,
    114.84509709025));
#2657 = CARTESIAN_POINT('',(57.315603651152,-7.391332421706,
    114.96187105938));
#2658 = CARTESIAN_POINT('',(60.600863076605,-7.368134878598,
    114.87858395829));
#2659 = CARTESIAN_POINT('',(63.849541364059,-7.397508295855,
    114.57652894067));
#2660 = CARTESIAN_POINT('',(66.882642489191,-7.36770114638,
    114.04899274944));
#2661 = CARTESIAN_POINT('',(69.905702997278,-7.391476604504,
    113.25699936853));
#2662 = CARTESIAN_POINT('',(75.57300622469,-7.363766954079,
    111.10194448052));
#2663 = CARTESIAN_POINT('',(80.715817763457,-7.408338822686,
    107.75626082522));
#2664 = CARTESIAN_POINT('',(82.777044147392,-7.256519667982,
    105.79770727949));
#2665 = CARTESIAN_POINT('',(85.588667614081,-7.677803592801,
    103.49720564546));
#2666 = CARTESIAN_POINT('',(85.933328388669,-6.891726651745,
    101.07315049582));
#2667 = CARTESIAN_POINT('',(89.245641725328,-8.0067006737,98.3649127559)
  );
#2668 = CARTESIAN_POINT('',(88.051847115636,-6.745889263245,
    95.874635227951));
#2669 = CARTESIAN_POINT('',(90.851393247239,-7.904750553969,
    93.162898476389));
#2670 = CARTESIAN_POINT('',(89.84686709029,-7.035741659855,
    90.694457041675));
#2671 = CARTESIAN_POINT('',(92.21256542,-8.015544902943,85.928689475487)
  );
#2672 = CARTESIAN_POINT('',(84.761719566869,-3.704668632744,
    84.273253874256));
#2673 = CARTESIAN_POINT('',(109.32581701275,-17.5933405853,
    80.868145262563));
#2674 = CARTESIAN_POINT('',(56.149125903465,12.534786457094,
    81.936067676446));
#2675 = CARTESIAN_POINT('',(144.19998630989,-37.39868545713,
    75.039981681664));
#2676 = CARTESIAN_POINT('',(27.057933714901,28.934628142701,
    79.835870019595));
#2677 = CARTESIAN_POINT('',(154.26617411889,-43.21723404881,
    70.805192182096));
#2678 = CARTESIAN_POINT('',(39.883016994103,21.539168344784,
    75.528423628953));
#2679 = CARTESIAN_POINT('',(124.20949928589,-26.31162586436,
    69.015323478215));
#2680 = CARTESIAN_POINT('',(47.824308642585,16.895429048783,
    70.823684441468));
#2681 = CARTESIAN_POINT('',(90.174410002975,-7.130665115684,
    67.548292564469));
#2682 = CARTESIAN_POINT('',(32.875051466466,25.317204576182,
    69.93728015872));
#2683 = CARTESIAN_POINT('',(96.419011651587,-10.71518364567,
    65.378260437642));
#2684 = CARTESIAN_POINT('',(38.257243998235,22.227581354437,
    67.840824804288));
#2685 = CARTESIAN_POINT('',(81.571814152971,-2.332924100403,
    64.333573239433));
#2686 = CARTESIAN_POINT('',(55.876853534829,12.220363174335,
    64.958453280903));
#2687 = CARTESIAN_POINT('',(67.251743091664,5.771922453196,
    63.233621633622));
#2688 = CARTESIAN_POINT('',(64.134359192718,7.543966868838,
    62.505759840055));
#2689 = CARTESIAN_POINT('',(64.147991478998,7.56430075043,
    60.364620484929));
#2690 = CARTESIAN_POINT('',(67.500597534542,5.684759315262,
    59.593547198777));
#2691 = CARTESIAN_POINT('',(55.610431662906,12.445471481539,
    57.850362156242));
#2692 = CARTESIAN_POINT('',(82.495157301133,-2.759186562945,
    58.387932280476));
#2693 = CARTESIAN_POINT('',(37.328308188247,22.860596588643,
    54.932821381466));
#2694 = CARTESIAN_POINT('',(97.984385568465,-11.47480192671,
    57.23917182487));
#2695 = CARTESIAN_POINT('',(31.784470395638,26.063163885633,
    52.779865825393));
#2696 = CARTESIAN_POINT('',(91.48403955614,-7.730953934889,
    55.013872877791));
#2697 = CARTESIAN_POINT('',(47.37656610625,17.287663169482,
    51.796370236929));
#2698 = CARTESIAN_POINT('',(123.76769596372,-25.91903950397,
    53.28597609383));
#2699 = CARTESIAN_POINT('',(41.14285119953,20.937369616326,
    47.271847141296));
#2700 = CARTESIAN_POINT('',(153.10941838349,-42.46737523406,
    51.425181532946));
#2701 = CARTESIAN_POINT('',(28.466464513564,28.167625804001,
    43.132058526905));
#2702 = CARTESIAN_POINT('',(143.03851047787,-36.75470462914,
    47.348028272688));
#2703 = CARTESIAN_POINT('',(56.745758895622,12.095365282046,
    40.991315686925));
#2704 = CARTESIAN_POINT('',(108.57807025472,-17.35531017715,
    41.838374067933));
#2705 = CARTESIAN_POINT('',(84.410809065499,-3.80223045143,
    38.656591014654));
#2706 = CARTESIAN_POINT('',(91.426546445503,-7.988416429696,
    37.068220328813));
#2707 = CARTESIAN_POINT('',(88.524686372412,-7.028995336203,
    32.401643063463));
#2708 = CARTESIAN_POINT('',(89.175524927213,-7.914943521087,
    29.909153866901));
#2709 = CARTESIAN_POINT('',(85.899276415473,-6.733492946757,
    27.229532622341));
#2710 = CARTESIAN_POINT('',(86.647392465414,-8.018880919353,
    24.816505036315));
#2711 = CARTESIAN_POINT('',(82.766387514116,-6.882173093192,
    22.269099164071));
#2712 = CARTESIAN_POINT('',(81.882690315822,-7.683572761047,
    20.088794910024));
#2713 = CARTESIAN_POINT('',(78.521296338245,-7.254076893927,
    18.137192266986));
#2714 = CARTESIAN_POINT('',(75.984929643584,-7.408855407071,
    16.5829053145));
#2715 = CARTESIAN_POINT('',(70.002820640742,-7.363414714396,
    14.110058996666));
#2716 = CARTESIAN_POINT('',(63.720071526949,-7.391664499484,
    12.863407749515));
#2717 = CARTESIAN_POINT('',(60.437391766142,-7.367425594552,
    12.512823710149));
#2718 = CARTESIAN_POINT('',(57.176098068294,-7.397813764514,
    12.400156003049));
#2719 = CARTESIAN_POINT('',(53.70753747405,-7.367867781363,
    12.487538655575));
#2720 = CARTESIAN_POINT('',(50.200797820793,-7.391517506179,
    12.774556120294));
#2721 = CARTESIAN_POINT('',(46.46597484412,-7.376635640978,
    13.249671628055));
#2722 = CARTESIAN_POINT('',(42.587312952683,-7.383872500807,
    13.918895416515));
#2723 = CARTESIAN_POINT('',(38.484799989993,-7.381359808626,
    14.783863590173));
#2724 = CARTESIAN_POINT('',(34.161292024967,-7.381837333837,
    15.851672267827));
#2725 = CARTESIAN_POINT('',(42.346153846154,-19.24381844705,100.));
#2726 = CARTESIAN_POINT('',(45.938443723693,-19.24259738149,
    100.71228855516));
#2727 = CARTESIAN_POINT('',(49.281471136351,-19.2490225122,
    101.2418390592));
#2728 = CARTESIAN_POINT('',(52.383752013593,-19.23051735241,
    101.59557555181));
#2729 = CARTESIAN_POINT('',(55.25380228487,-19.26857132886,
    101.78042207265));
#2730 = CARTESIAN_POINT('',(57.90013787965,-19.20809731843,
    101.80330266144));
#2731 = CARTESIAN_POINT('',(60.331274727388,-19.28467130445,
    101.67114135783));
#2732 = CARTESIAN_POINT('',(62.555728757546,-19.20696661564,
    101.39086220155));
#2733 = CARTESIAN_POINT('',(64.582015899583,-19.26894720109,
    100.96938923225));
#2734 = CARTESIAN_POINT('',(68.255288266334,-19.19671051286,
    99.857903747034));
#2735 = CARTESIAN_POINT('',(71.204020516281,-19.3129055614,
    98.237035327283));
#2736 = CARTESIAN_POINT('',(72.505767541512,-18.91712601252,
    97.306179423463));
#2737 = CARTESIAN_POINT('',(73.643411396462,-20.01537716562,
    96.261825865389));
#2738 = CARTESIAN_POINT('',(74.625468010591,-17.96614182555,
    95.110898692738));
#2739 = CARTESIAN_POINT('',(75.460453313357,-20.87278371989,
    93.860321945213));
#2740 = CARTESIAN_POINT('',(76.156883234222,-17.58595622945,
    92.517019662483));
#2741 = CARTESIAN_POINT('',(76.723273702644,-20.60700847912,
    91.08791588425));
#2742 = CARTESIAN_POINT('',(77.168140648083,-18.34157663188,
    89.579934650192));
#2743 = CARTESIAN_POINT('',(77.785371467038,-20.89583986895,
    86.641387484353));
#2744 = CARTESIAN_POINT('',(77.987178668413,-9.657754208188,
    85.229568505372));
#2745 = CARTESIAN_POINT('',(78.115743770289,-45.86433387647,
    83.769019495643));
#2746 = CARTESIAN_POINT('',(78.181388938824,32.677116000277,
    82.264216887759));
#2747 = CARTESIAN_POINT('',(78.194436340186,-97.49517370112,
    80.719637114294));
#2748 = CARTESIAN_POINT('',(78.165208140527,75.430100343571,
    79.139756607853));
#2749 = CARTESIAN_POINT('',(78.104026506019,-112.6636321295,
    77.529051801004));
#2750 = CARTESIAN_POINT('',(78.021213602815,56.150769298,75.891999126349
    ));
#2751 = CARTESIAN_POINT('',(77.927091597082,-68.59215778973,
    74.233075016465));
#2752 = CARTESIAN_POINT('',(77.784169576185,44.044938203881,
    71.714038320947));
#2753 = CARTESIAN_POINT('',(77.736107072454,-18.58903396096,
    70.866924560476));
#2754 = CARTESIAN_POINT('',(77.689106579246,65.99978655962,
    70.015983355135));
#2755 = CARTESIAN_POINT('',(77.644479532019,-27.93356712956,
    69.161783437527));
#2756 = CARTESIAN_POINT('',(77.603537366235,57.945403123594,
    68.304893540252));
#2757 = CARTESIAN_POINT('',(77.567591517348,-6.081733558814,
    67.445882395918));
#2758 = CARTESIAN_POINT('',(77.537953420825,31.857441399588,
    66.58531873712));
#2759 = CARTESIAN_POINT('',(77.515934512118,15.046908074047,
    65.723771296468));
#2760 = CARTESIAN_POINT('',(77.50284622669,19.66647627537,64.86180880656
    ));
#2761 = CARTESIAN_POINT('',(77.497036475021,19.71948496521,
    63.102674451777));
#2762 = CARTESIAN_POINT('',(77.505176592599,14.819681229859,
    62.205515515073));
#2763 = CARTESIAN_POINT('',(77.522999931429,32.444279499487,
    61.309121649296));
#2764 = CARTESIAN_POINT('',(77.549086070231,-7.192963333878,
    60.41409131385));
#2765 = CARTESIAN_POINT('',(77.582014587679,59.595619687611,
    59.521022968146));
#2766 = CARTESIAN_POINT('',(77.620365062513,-29.9138270064,
    58.630515071586));
#2767 = CARTESIAN_POINT('',(77.662717073399,67.944438665959,
    57.743166083582));
#2768 = CARTESIAN_POINT('',(77.707650199066,-20.15393556068,
    56.859574463538));
#2769 = CARTESIAN_POINT('',(77.753744018203,45.067459002717,
    55.980338670862));
#2770 = CARTESIAN_POINT('',(77.88532767726,-67.56871873217,
    53.47039124325));
#2771 = CARTESIAN_POINT('',(77.970168158721,54.581931494025,
    51.85206606724));
#2772 = CARTESIAN_POINT('',(78.044798179703,-110.7088143464,
    50.255000541059));
#2773 = CARTESIAN_POINT('',(78.099916365994,73.430590860097,
    48.683113568837));
#2774 = CARTESIAN_POINT('',(78.126221343403,-95.81637077216,
    47.14032405471));
#2775 = CARTESIAN_POINT('',(78.114411737713,31.53158258738,
    45.630550902798));
#2776 = CARTESIAN_POINT('',(78.055186174735,-45.24380896483,
    44.157713017246));
#2777 = CARTESIAN_POINT('',(77.939243280257,-9.912089523541,
    42.725729302171));
#2778 = CARTESIAN_POINT('',(77.75728168008,-20.82511825991,
    41.338518661714));
#2779 = CARTESIAN_POINT('',(77.172838031204,-18.32398954323,
    38.297926224283));
#2780 = CARTESIAN_POINT('',(76.723884087733,-20.63358067243,
    36.674586993855));
#2781 = CARTESIAN_POINT('',(76.143286834058,-17.55364009282,
    35.138179451801));
#2782 = CARTESIAN_POINT('',(75.421194934656,-20.90453657835,
    33.696900741203));
#2783 = CARTESIAN_POINT('',(74.547757053995,-17.94123651567,
    32.358948005158));
#2784 = CARTESIAN_POINT('',(73.513121856557,-20.03041689372,
    31.132518386736));
#2785 = CARTESIAN_POINT('',(72.307438006806,-18.91075790953,
    30.025809029039));
#2786 = CARTESIAN_POINT('',(70.920854169222,-19.31425225271,
    29.047017075141));
#2787 = CARTESIAN_POINT('',(67.766183847328,-19.19579225414,
    27.361662261127));
#2788 = CARTESIAN_POINT('',(63.809102889882,-19.26943702723,
    26.253554207015));
#2789 = CARTESIAN_POINT('',(61.620108416743,-19.2062482756,
    25.852009013019));
#2790 = CARTESIAN_POINT('',(59.210808613663,-19.28546763512,
    25.611169795176));
#2791 = CARTESIAN_POINT('',(56.571352145115,-19.20740101879,
    25.539233696557));
#2792 = CARTESIAN_POINT('',(53.691887675572,-19.26905382826,
    25.644397860267));
#2793 = CARTESIAN_POINT('',(50.562563869509,-19.23025807875,
    25.934859429375));
#2794 = CARTESIAN_POINT('',(47.173529391396,-19.24912395325,
    26.418815546978));
#2795 = CARTESIAN_POINT('',(43.51493290571,-19.24257357968,
    27.104463356157));
#2796 = CARTESIAN_POINT('',(39.576923076923,-19.24381844705,28.));
#2797 = CARTESIAN_POINT('',(42.346153846154,-7.381837333837,
    86.699213317281));
#2798 = CARTESIAN_POINT('',(45.511829957571,-7.381368938887,
    87.411454960407));
#2799 = CARTESIAN_POINT('',(48.372617989297,-7.383833588503,
    87.956515000537));
#2800 = CARTESIAN_POINT('',(50.951570728325,-7.376735097119,
    88.346054013368));
#2801 = CARTESIAN_POINT('',(53.192000918591,-7.391332421706,
    88.598973085929));
#2802 = CARTESIAN_POINT('',(55.199412682692,-7.368134878598,
    88.728021364588));
#2803 = CARTESIAN_POINT('',(56.81300809072,-7.397508295854,
    88.765753775009));
#2804 = CARTESIAN_POINT('',(58.2288150259,-7.36770114638,88.732731653671
    ));
#2805 = CARTESIAN_POINT('',(59.258328801887,-7.391476604504,
    88.681779095985));
#2806 = CARTESIAN_POINT('',(60.937570307977,-7.363766954079,
    88.613863013541));
#2807 = CARTESIAN_POINT('',(61.692223269104,-7.408338822686,
    88.717809829341));
#2808 = CARTESIAN_POINT('',(62.234490935633,-7.256519667982,
    88.81465156743));
#2809 = CARTESIAN_POINT('',(61.698155178844,-7.677803592801,
    89.026446085304));
#2810 = CARTESIAN_POINT('',(63.317607632515,-6.891726651743,
    89.148646889663));
#2811 = CARTESIAN_POINT('',(61.675264901385,-8.006700673701,
    89.355731134511));
#2812 = CARTESIAN_POINT('',(64.261919352809,-6.745889263244,
    89.159404097024));
#2813 = CARTESIAN_POINT('',(62.595154158048,-7.904750553969,
    89.012933292107));
#2814 = CARTESIAN_POINT('',(64.489414205877,-7.035741659855,
    88.46541225871));
#2815 = CARTESIAN_POINT('',(63.358177514075,-8.015544902943,
    87.354085493219));
#2816 = CARTESIAN_POINT('',(71.212637769959,-3.704668632743,
    86.185883136488));
#2817 = CARTESIAN_POINT('',(46.905670527814,-17.5933405853,
    86.669893728725));
#2818 = CARTESIAN_POINT('',(100.21365197418,12.534786457092,
    82.592366099071));
#2819 = CARTESIAN_POINT('',(12.18888637045,-37.39868545714,
    86.399292546927));
#2820 = CARTESIAN_POINT('',(129.27248256615,28.934628142696,
    78.44364319611));
#2821 = CARTESIAN_POINT('',(1.941878893131,-43.21723404881,
    84.252911419912));
#2822 = CARTESIAN_POINT('',(116.15941021152,21.539168344783,
    76.255574623744));
#2823 = CARTESIAN_POINT('',(31.644683908264,-26.31162586436,
    79.450826554716));
#2824 = CARTESIAN_POINT('',(107.74403050978,16.895429048783,
    72.604392200427));
#2825 = CARTESIAN_POINT('',(65.297804141933,-7.130665115685,
    74.185556556483));
#2826 = CARTESIAN_POINT('',(122.50316169202,25.317204576183,
    70.094686551551));
#2827 = CARTESIAN_POINT('',(58.869947412451,-10.71518364567,
    72.945306437411));
#2828 = CARTESIAN_POINT('',(116.94983073423,22.227581354438,
    68.768962276217));
#2829 = CARTESIAN_POINT('',(73.563368881727,-2.332924100403,
    70.558191552401));
#2830 = CARTESIAN_POINT('',(99.199053306819,12.220363174335,
    68.212184193337));
#2831 = CARTESIAN_POINT('',(87.780125932572,5.771922453196,
    68.213920959314));
#2832 = CARTESIAN_POINT('',(90.871333260663,7.543966868838,
    67.217857773064));
#2833 = CARTESIAN_POINT('',(90.846081471044,7.56430075043,
    65.840728418626));
#2834 = CARTESIAN_POINT('',(87.509755650652,5.684759315262,
    64.817483831369));
#2835 = CARTESIAN_POINT('',(99.435568199961,12.445471481538,
    64.76788114235));
#2836 = CARTESIAN_POINT('',(72.603014839312,-2.759186562945,
    62.440250347224));
#2837 = CARTESIAN_POINT('',(117.83572098713,22.860596588642,
    64.109224554824));
#2838 = CARTESIAN_POINT('',(57.256344556543,-11.47480192671,
    60.021858318305));
#2839 = CARTESIAN_POINT('',(123.54096375116,26.063163885633,
    62.706466341769));
#2840 = CARTESIAN_POINT('',(63.931260841988,-7.730953934889,
    58.705276049286));
#2841 = CARTESIAN_POINT('',(108.13092193015,17.287663169482,
    60.164307104794));
#2842 = CARTESIAN_POINT('',(32.002959390791,-25.91903950397,
    53.654806392671));
#2843 = CARTESIAN_POINT('',(114.79748511791,20.937369616326,
    56.432284993183));
#2844 = CARTESIAN_POINT('',(2.980177975899,-42.46737523406,
    49.084819549174));
#2845 = CARTESIAN_POINT('',(127.73336821842,28.167625803999,
    54.234168610764));
#2846 = CARTESIAN_POINT('',(13.213932208917,-36.75470462914,
    46.932619836737));
#2847 = CARTESIAN_POINT('',(99.483064579809,12.095365282045,
    50.269786118666));
#2848 = CARTESIAN_POINT('',(47.532302094739,-17.35531017715,
    46.477051966562));
#2849 = CARTESIAN_POINT('',(71.467677495016,-3.80223045143,
    46.794867589687));
#2850 = CARTESIAN_POINT('',(64.088016914656,-7.988416429696,
    45.608816994615));
#2851 = CARTESIAN_POINT('',(65.820989689996,-7.028995336203,
    44.194209385103));
#2852 = CARTESIAN_POINT('',(64.272243248252,-7.914943521088,
    43.44002012081));
#2853 = CARTESIAN_POINT('',(66.387297252644,-6.733492946756,
    43.046826281256));
#2854 = CARTESIAN_POINT('',(64.194997403896,-8.018880919354,
    42.5772964461));
#2855 = CARTESIAN_POINT('',(66.329126593878,-6.882173093191,
    42.448796846234));
#2856 = CARTESIAN_POINT('',(65.14355339729,-7.683572761048,
    42.176241863457));
#2857 = CARTESIAN_POINT('',(66.093579675368,-7.254076893926,
    41.914425791087));
#2858 = CARTESIAN_POINT('',(65.856778694859,-7.408855407071,
    41.511128835783));
#2859 = CARTESIAN_POINT('',(65.529547053915,-7.363414714396,
    40.613265525589));
#2860 = CARTESIAN_POINT('',(63.898134252814,-7.391664499484,
    39.643700664514));
#2861 = CARTESIAN_POINT('',(62.802825067345,-7.367425594552,
    39.191194315896));
#2862 = CARTESIAN_POINT('',(61.245519159031,-7.397813764515,
    38.822183587291));
#2863 = CARTESIAN_POINT('',(59.435166816184,-7.367867781362,
    38.590928737554));
#2864 = CARTESIAN_POINT('',(57.182977530348,-7.39151750618,
    38.514239600227));
#2865 = CARTESIAN_POINT('',(54.659152894901,-7.376635640977,
    38.620047230704));
#2866 = CARTESIAN_POINT('',(51.759745830107,-7.383872500807,
    38.918735677439));
#2867 = CARTESIAN_POINT('',(48.545065821428,-7.381359808626,
    39.425063122143));
#2868 = CARTESIAN_POINT('',(44.99255412888,-7.381837333837,
    40.148327732173));
#2869 = CARTESIAN_POINT('',(42.346153846154,7.,88.369198471003));
#2870 = CARTESIAN_POINT('',(45.565393605556,6.999555833528,
    89.081446004188));
#2871 = CARTESIAN_POINT('',(48.486729379751,7.001892995203,
    89.62455873882));
#2872 = CARTESIAN_POINT('',(51.131388775249,6.995161684631,
    90.009602553087));
#2873 = CARTESIAN_POINT('',(53.450871145874,7.009003939273,
    90.253974751428));
#2874 = CARTESIAN_POINT('',(55.538503226041,6.987006326158,
    90.369693106823));
#2875 = CARTESIAN_POINT('',(57.254745349592,7.014860356461,
    90.386094449621));
#2876 = CARTESIAN_POINT('',(58.772082267579,6.986595029432,
    90.32202788051));
#2877 = CARTESIAN_POINT('',(59.926746289385,7.009140663986,
    90.224554496552));
#2878 = CARTESIAN_POINT('',(61.856349072053,6.982864339515,
    90.025612674722));
#2879 = CARTESIAN_POINT('',(62.886480463578,7.025130656983,
    89.912999680565));
#2880 = CARTESIAN_POINT('',(63.524104839739,6.881164590696,
    89.880808464031));
#2881 = CARTESIAN_POINT('',(63.197946207501,7.280656931202,
    89.934886849185));
#2882 = CARTESIAN_POINT('',(64.737370192597,6.53524107624,
    89.897239603117));
#2883 = CARTESIAN_POINT('',(63.406069292012,7.592541284945,
    89.921306687064));
#2884 = CARTESIAN_POINT('',(65.755395908735,6.396947359739,
    89.580970751687));
#2885 = CARTESIAN_POINT('',(64.369015392897,7.495864698094,
    89.273458493042));
#2886 = CARTESIAN_POINT('',(66.081296357787,6.671806677889,
    88.605346526635));
#2887 = CARTESIAN_POINT('',(65.169589146036,7.600928032295,
    87.264602433135));
#2888 = CARTESIAN_POINT('',(72.063217738917,3.513038726868,
    86.065812701984));
#2889 = CARTESIAN_POINT('',(50.824262728774,16.683296925631,
    86.305673399684));
#2890 = CARTESIAN_POINT('',(97.44738310231,-11.88640459435,
    82.551165204405));
#2891 = CARTESIAN_POINT('',(20.476237422859,35.464178680814,
    85.686181324484));
#2892 = CARTESIAN_POINT('',(122.85568996781,-27.43793825833,
    78.531043971014));
#2893 = CARTESIAN_POINT('',(11.504445290385,40.981753547312,
    83.40869475761));
#2894 = CARTESIAN_POINT('',(111.3709549385,-20.42502043798,
    76.209925768725));
#2895 = CARTESIAN_POINT('',(37.455688592615,24.950614964958,
    78.795709845265));
#2896 = CARTESIAN_POINT('',(103.98240917413,-16.02148597875,
    72.492603492303));
#2897 = CARTESIAN_POINT('',(66.859499831591,6.761820066258,
    73.768884498191));
#2898 = CARTESIAN_POINT('',(116.87651655429,-24.0076317072,
    70.084804942838));
#2899 = CARTESIAN_POINT('',(61.227190683519,10.160923646464,
    72.470264818498));
#2900 = CARTESIAN_POINT('',(112.00969242919,-21.07782418448,
    68.710695955746));
#2901 = CARTESIAN_POINT('',(74.066120524407,2.212249872801,
    70.167424433951));
#2902 = CARTESIAN_POINT('',(96.479385960384,-11.5882453584,
    68.007922503875));
#2903 = CARTESIAN_POINT('',(86.491401611522,-5.473360539546,
    67.901269304438));
#2904 = CARTESIAN_POINT('',(89.192847964491,-7.153743125686,
    66.922043180337));
#2905 = CARTESIAN_POINT('',(89.170037227083,-7.173025204754,
    65.496951047873));
#2906 = CARTESIAN_POINT('',(86.25362705505,-5.390706054228,
    64.489537190749));
#2907 = CARTESIAN_POINT('',(96.684327648454,-11.80170957864,
    64.333615324735));
#2908 = CARTESIAN_POINT('',(73.224020628066,2.616463228211,
    62.18585520613));
#2909 = CARTESIAN_POINT('',(112.78165210585,-21.67809569399,
    63.533151220606));
#2910 = CARTESIAN_POINT('',(59.813156625355,10.881249457889,
    59.847167706299));
#2911 = CARTESIAN_POINT('',(117.78070365088,-24.71500507917,
    62.083297356178));
#2912 = CARTESIAN_POINT('',(65.660960464049,7.331057986901,
    58.473538309261));
#2913 = CARTESIAN_POINT('',(104.31690420811,-16.39343116268,
    59.638987412434));
#2914 = CARTESIAN_POINT('',(37.763736981154,24.578335761503,
    53.6316520809));
#2915 = CARTESIAN_POINT('',(110.17361782041,-19.85435071055,
    55.857213924863));
#2916 = CARTESIAN_POINT('',(12.404943916468,40.2706823782,
    49.231742053099));
#2917 = CARTESIAN_POINT('',(121.50162195417,-26.71061034143,
    53.537203857578));
#2918 = CARTESIAN_POINT('',(21.364018495877,34.853508790383,
    46.958698216056));
#2919 = CARTESIAN_POINT('',(96.800115529303,-11.46971318186,
    49.687305238406));
#2920 = CARTESIAN_POINT('',(51.364614008182,16.457579020772,
    46.185846513514));
#2921 = CARTESIAN_POINT('',(72.280217312433,3.605554004558,
    46.283965438508));
#2922 = CARTESIAN_POINT('',(65.804266469294,7.575202822683,
    45.072658120105));
#2923 = CARTESIAN_POINT('',(67.246275174933,6.66540931861,
    43.453899388741));
#2924 = CARTESIAN_POINT('',(65.835613583965,7.505530417698,
    42.590583681445));
#2925 = CARTESIAN_POINT('',(67.612214105269,6.385192262533,
    42.053853225885));
#2926 = CARTESIAN_POINT('',(65.604506755209,7.604091487925,
    41.462315104005));
#2927 = CARTESIAN_POINT('',(67.361019757773,6.526181690771,
    41.181962171732));
#2928 = CARTESIAN_POINT('',(66.194397637066,7.286127680001,
    40.789643108967));
#2929 = CARTESIAN_POINT('',(66.873762938837,6.878848173032,
    40.421746150065));
#2930 = CARTESIAN_POINT('',(66.492600549704,7.025620520216,
    39.946192708985));
#2931 = CARTESIAN_POINT('',(65.810368807422,6.982530319993,
    38.949455613998));
#2932 = CARTESIAN_POINT('',(63.886955887364,7.009318839798,
    37.962495911472));
#2933 = CARTESIAN_POINT('',(62.654328644188,6.986333730963,
    37.516388009326));
#2934 = CARTESIAN_POINT('',(60.990050329709,7.015150024266,
    37.163469901798));
#2935 = CARTESIAN_POINT('',(59.075599514057,6.986753044954,
    36.952218376332));
#2936 = CARTESIAN_POINT('',(56.744652462299,7.009179449957,
    36.898361896964));
#2937 = CARTESIAN_POINT('',(54.144804156253,6.995067373018,
    37.027353820477));
#2938 = CARTESIAN_POINT('',(51.183921741871,7.001929894706,
    37.349303617628));
#2939 = CARTESIAN_POINT('',(47.913505636991,6.999547175544,
    37.878145696508));
#2940 = CARTESIAN_POINT('',(44.312592584458,7.,38.623039984973));
#2941 = CARTESIAN_POINT('',(42.346153846154,7.,100.));
#2942 = CARTESIAN_POINT('',(45.938443723693,6.999555833528,
    100.71228855516));
#2943 = CARTESIAN_POINT('',(49.281471136352,7.001892995202,
    101.24183905921));
#2944 = CARTESIAN_POINT('',(52.383752013591,6.995161684632,
    101.5955755518));
#2945 = CARTESIAN_POINT('',(55.253802284872,7.009003939272,
    101.78042207266));
#2946 = CARTESIAN_POINT('',(57.900137879648,6.98700632616,
    101.80330266143));
#2947 = CARTESIAN_POINT('',(60.331274727389,7.01486035646,
    101.67114135784));
#2948 = CARTESIAN_POINT('',(62.555728757545,6.986595029433,
    101.39086220155));
#2949 = CARTESIAN_POINT('',(64.582015899583,7.009140663986,
    100.96938923226));
#2950 = CARTESIAN_POINT('',(68.255288266334,6.982864339515,
    99.857903747034));
#2951 = CARTESIAN_POINT('',(71.204020516281,7.025130656983,
    98.237035327283));
#2952 = CARTESIAN_POINT('',(72.505767541513,6.881164590696,
    97.306179423465));
#2953 = CARTESIAN_POINT('',(73.643411396462,7.280656931202,
    96.261825865384));
#2954 = CARTESIAN_POINT('',(74.625468010592,6.535241076239,
    95.110898692744));
#2955 = CARTESIAN_POINT('',(75.460453313356,7.592541284945,
    93.860321945206));
#2956 = CARTESIAN_POINT('',(76.156883234223,6.396947359739,
    92.517019662487));
#2957 = CARTESIAN_POINT('',(76.723273702644,7.495864698094,
    91.087915884248));
#2958 = CARTESIAN_POINT('',(77.168140648083,6.671806677889,
    89.579934650193));
#2959 = CARTESIAN_POINT('',(77.785371467037,7.600928032295,
    86.641387484353));
#2960 = CARTESIAN_POINT('',(77.987178668414,3.513038726867,
    85.229568505373));
#2961 = CARTESIAN_POINT('',(78.115743770287,16.683296925632,
    83.769019495642));
#2962 = CARTESIAN_POINT('',(78.181388938827,-11.88640459434,
    82.26421688776));
#2963 = CARTESIAN_POINT('',(78.194436340182,35.46417868082,
    80.719637114294));
#2964 = CARTESIAN_POINT('',(78.16520814053,-27.43793825833,
    79.139756607853));
#2965 = CARTESIAN_POINT('',(78.104026506017,40.981753547317,
    77.529051801004));
#2966 = CARTESIAN_POINT('',(78.021213602816,-20.42502043798,
    75.891999126348));
#2967 = CARTESIAN_POINT('',(77.927091597081,24.950614964958,
    74.233075016465));
#2968 = CARTESIAN_POINT('',(77.784169576185,-16.02148597875,
    71.714038320947));
#2969 = CARTESIAN_POINT('',(77.736107072454,6.761820066258,
    70.866924560476));
#2970 = CARTESIAN_POINT('',(77.689106579247,-24.0076317072,
    70.015983355136));
#2971 = CARTESIAN_POINT('',(77.644479532018,10.160923646465,
    69.161783437526));
#2972 = CARTESIAN_POINT('',(77.603537366236,-21.07782418448,
    68.304893540253));
#2973 = CARTESIAN_POINT('',(77.567591517348,2.212249872802,
    67.445882395917));
#2974 = CARTESIAN_POINT('',(77.537953420825,-11.5882453584,
    66.58531873712));
#2975 = CARTESIAN_POINT('',(77.515934512118,-5.473360539546,
    65.723771296468));
#2976 = CARTESIAN_POINT('',(77.50284622669,-7.153743125686,
    64.86180880656));
#2977 = CARTESIAN_POINT('',(77.497036475021,-7.173025204754,
    63.102674451777));
#2978 = CARTESIAN_POINT('',(77.505176592598,-5.390706054228,
    62.205515515073));
#2979 = CARTESIAN_POINT('',(77.52299993143,-11.80170957864,
    61.309121649296));
#2980 = CARTESIAN_POINT('',(77.549086070229,2.616463228212,
    60.41409131385));
#2981 = CARTESIAN_POINT('',(77.582014587682,-21.67809569399,
    59.521022968146));
#2982 = CARTESIAN_POINT('',(77.62036506251,10.881249457889,
    58.630515071586));
#2983 = CARTESIAN_POINT('',(77.6627170734,-24.71500507917,
    57.743166083582));
#2984 = CARTESIAN_POINT('',(77.707650199065,7.331057986901,
    56.859574463538));
#2985 = CARTESIAN_POINT('',(77.753744018203,-16.39343116268,
    55.980338670862));
#2986 = CARTESIAN_POINT('',(77.88532767726,24.578335761503,
    53.47039124325));
#2987 = CARTESIAN_POINT('',(77.970168158722,-19.85435071055,
    51.85206606724));
#2988 = CARTESIAN_POINT('',(78.044798179701,40.270682378199,
    50.255000541058));
#2989 = CARTESIAN_POINT('',(78.099916365996,-26.71061034143,
    48.683113568837));
#2990 = CARTESIAN_POINT('',(78.1262213434,34.853508790379,47.14032405471
    ));
#2991 = CARTESIAN_POINT('',(78.114411737715,-11.46971318186,
    45.630550902798));
#2992 = CARTESIAN_POINT('',(78.055186174734,16.457579020771,
    44.157713017246));
#2993 = CARTESIAN_POINT('',(77.939243280257,3.605554004558,
    42.725729302171));
#2994 = CARTESIAN_POINT('',(77.75728168008,7.575202822683,
    41.338518661714));
#2995 = CARTESIAN_POINT('',(77.172838031204,6.66540931861,
    38.297926224283));
#2996 = CARTESIAN_POINT('',(76.723884087733,7.505530417698,
    36.674586993855));
#2997 = CARTESIAN_POINT('',(76.143286834058,6.385192262533,35.1381794518
    ));
#2998 = CARTESIAN_POINT('',(75.421194934656,7.604091487926,
    33.696900741204));
#2999 = CARTESIAN_POINT('',(74.547757053995,6.52618169077,
    32.358948005157));
#3000 = CARTESIAN_POINT('',(73.513121856557,7.286127680002,
    31.132518386736));
#3001 = CARTESIAN_POINT('',(72.307438006806,6.878848173032,
    30.025809029039));
#3002 = CARTESIAN_POINT('',(70.920854169222,7.025620520216,
    29.047017075141));
#3003 = CARTESIAN_POINT('',(67.766183847328,6.982530319993,
    27.361662261128));
#3004 = CARTESIAN_POINT('',(63.809102889882,7.009318839798,
    26.253554207015));
#3005 = CARTESIAN_POINT('',(61.620108416743,6.986333730962,
    25.852009013023));
#3006 = CARTESIAN_POINT('',(59.210808613663,7.015150024267,
    25.611169795169));
#3007 = CARTESIAN_POINT('',(56.571352145116,6.986753044954,
    25.539233696565));
#3008 = CARTESIAN_POINT('',(53.691887675571,7.009179449957,
    25.644397860261));
#3009 = CARTESIAN_POINT('',(50.56256386951,6.995067373018,
    25.934859429379));
#3010 = CARTESIAN_POINT('',(47.173529391396,7.001929894706,
    26.418815546977));
#3011 = CARTESIAN_POINT('',(43.514932905711,6.999547175544,
    27.104463356158));
#3012 = CARTESIAN_POINT('',(39.576923076923,7.,28.));
#3013 = DEFINITIONAL_REPRESENTATION('',(#3014),#3029);
#3014 = B_SPLINE_CURVE_WITH_KNOTS('',7,(#3015,#3016,#3017,#3018,#3019,
    #3020,#3021,#3022,#3023,#3024,#3025,#3026,#3027,#3028),
  .UNSPECIFIED.,.F.,.F.,(8,6,8),(0.,0.574465855555,1.),.UNSPECIFIED.);
#3015 = CARTESIAN_POINT('',(1.571514235749,0.118409601231));
#3016 = CARTESIAN_POINT('',(1.624883876051,0.118409601231));
#3017 = CARTESIAN_POINT('',(1.678290584226,0.11609000761));
#3018 = CARTESIAN_POINT('',(1.731363568563,0.111446647188));
#3019 = CARTESIAN_POINT('',(1.78386073687,0.104621530742));
#3020 = CARTESIAN_POINT('',(1.835598077798,9.58466499182E-02));
#3021 = CARTESIAN_POINT('',(1.886431287557,8.540093611103E-02));
#3022 = CARTESIAN_POINT('',(1.973142862146,6.482086654277E-02));
#3023 = CARTESIAN_POINT('',(2.00950625582,5.530203057679E-02));
#3024 = CARTESIAN_POINT('',(2.045318262149,4.513192824109E-02));
#3025 = CARTESIAN_POINT('',(2.080576849491,3.441957020007E-02));
#3026 = CARTESIAN_POINT('',(2.115290274904,2.326721988919E-02));
#3027 = CARTESIAN_POINT('',(2.14947574108,1.176702627952E-02));
#3028 = CARTESIAN_POINT('',(2.183160435181,0.));
#3029 = ( GEOMETRIC_REPRESENTATION_CONTEXT(2) 
PARAMETRIC_REPRESENTATION_CONTEXT() REPRESENTATION_CONTEXT('2D SPACE',''
  ) );
#3030 = ORIENTED_EDGE('',*,*,#3031,.T.);
#3031 = EDGE_CURVE('',#2471,#1691,#3032,.T.);
#3032 = SEAM_CURVE('',#3033,(#3036,#3042),.PCURVE_S1.);
#3033 = B_SPLINE_CURVE_WITH_KNOTS('',1,(#3034,#3035),.UNSPECIFIED.,.F.,
  .F.,(2,2),(0.,1.),.PIECEWISE_BEZIER_KNOTS.);
#3034 = CARTESIAN_POINT('',(38.5,0.,4.));
#3035 = CARTESIAN_POINT('',(43.5,0.,130.));
#3036 = PCURVE('',#1707,#3037);
#3037 = DEFINITIONAL_REPRESENTATION('',(#3038),#3041);
#3038 = B_SPLINE_CURVE_WITH_KNOTS('',1,(#3039,#3040),.UNSPECIFIED.,.F.,
  .F.,(2,2),(0.,1.),.PIECEWISE_BEZIER_KNOTS.);
#3039 = CARTESIAN_POINT('',(0.,0.));
#3040 = CARTESIAN_POINT('',(0.,126.));
#3041 = ( GEOMETRIC_REPRESENTATION_CONTEXT(2) 
PARAMETRIC_REPRESENTATION_CONTEXT() REPRESENTATION_CONTEXT('2D SPACE',''
  ) );
#3042 = PCURVE('',#1707,#3043);
#3043 = DEFINITIONAL_REPRESENTATION('',(#3044),#3047);
#3044 = B_SPLINE_CURVE_WITH_KNOTS('',1,(#3045,#3046),.UNSPECIFIED.,.F.,
  .F.,(2,2),(0.,1.),.PIECEWISE_BEZIER_KNOTS.);
#3045 = CARTESIAN_POINT('',(6.28318530718,0.));
#3046 = CARTESIAN_POINT('',(6.28318530718,126.));
#3047 = ( GEOMETRIC_REPRESENTATION_CONTEXT(2) 
PARAMETRIC_REPRESENTATION_CONTEXT() REPRESENTATION_CONTEXT('2D SPACE',''
  ) );
#3048 = ORIENTED_EDGE('',*,*,#1690,.F.);
#3049 = ORIENTED_EDGE('',*,*,#3031,.F.);
#3050 = ORIENTED_EDGE('',*,*,#3051,.F.);
#3051 = EDGE_CURVE('',#3052,#2471,#3054,.T.);
#3052 = VERTEX_POINT('',#3053);
#3053 = CARTESIAN_POINT('',(42.346153846154,4.023178279728,
    105.72835373641));
#3054 = SURFACE_CURVE('',#3055,(#3070,#3088),.PCURVE_S1.);
#3055 = B_SPLINE_CURVE_WITH_KNOTS('',7,(#3056,#3057,#3058,#3059,#3060,
    #3061,#3062,#3063,#3064,#3065,#3066,#3067,#3068,#3069),
  .UNSPECIFIED.,.F.,.F.,(8,6,8),(0.,0.423571140431,1.),.UNSPECIFIED.);
#3056 = CARTESIAN_POINT('',(42.346153846154,4.023178279728,
    105.72835373641));
#3057 = CARTESIAN_POINT('',(42.369967099013,3.831034016638,
    105.86779286661));
#3058 = CARTESIAN_POINT('',(42.393297157876,3.630754764477,
    106.00160849849));
#3059 = CARTESIAN_POINT('',(42.415975145145,3.422255865479,
    106.12922883108));
#3060 = CARTESIAN_POINT('',(42.437808565037,3.205538514592,
    106.24998350904));
#3061 = CARTESIAN_POINT('',(42.458583143956,2.980709962675,
    106.36312104538));
#3062 = CARTESIAN_POINT('',(42.478069803218,2.748014039416,
    106.46783632241));
#3063 = CARTESIAN_POINT('',(42.520487614988,2.181067851332,
    106.69323375662));
#3064 = CARTESIAN_POINT('',(42.542146375908,1.840175141625,
    106.80615938326));
#3065 = CARTESIAN_POINT('',(42.560380446771,1.486738547347,
    106.89975171444));
#3066 = CARTESIAN_POINT('',(42.574585937093,1.122869387788,
    106.97184953715));
#3067 = CARTESIAN_POINT('',(42.584258182877,0.751318910213,
    107.02067389279));
#3068 = CARTESIAN_POINT('',(42.589089841338,0.375563591596,
    107.04506400171));
#3069 = CARTESIAN_POINT('',(42.589089841338,-1.073873735865E-14,
    107.04506400171));
#3070 = PCURVE('',#1707,#3071);
#3071 = DEFINITIONAL_REPRESENTATION('',(#3072),#3087);
#3072 = B_SPLINE_CURVE_WITH_KNOTS('',7,(#3073,#3074,#3075,#3076,#3077,
    #3078,#3079,#3080,#3081,#3082,#3083,#3084,#3085,#3086),
  .UNSPECIFIED.,.F.,.F.,(8,6,8),(0.,0.423571140431,1.),.UNSPECIFIED.);
#3073 = CARTESIAN_POINT('',(9.472261880953E-02,101.72835373641));
#3074 = CARTESIAN_POINT('',(9.017279336574E-02,101.86779286661));
#3075 = CARTESIAN_POINT('',(8.543503503353E-02,102.00160849849));
#3076 = CARTESIAN_POINT('',(8.050758581104E-02,102.12922883108));
#3077 = CARTESIAN_POINT('',(7.539066692285E-02,102.24998350904));
#3078 = CARTESIAN_POINT('',(7.008691607363E-02,102.36312104538));
#3079 = CARTESIAN_POINT('',(6.460206960819E-02,102.46783632241));
#3080 = CARTESIAN_POINT('',(5.124851576508E-02,102.69323375662));
#3081 = CARTESIAN_POINT('',(4.322680522767E-02,102.80615938326));
#3082 = CARTESIAN_POINT('',(3.491676332229E-02,102.89975171444));
#3083 = CARTESIAN_POINT('',(2.63671499538E-02,102.97184953715));
#3084 = CARTESIAN_POINT('',(1.76411122334E-02,103.02067389279));
#3085 = CARTESIAN_POINT('',(8.818305180862E-03,103.04506400171));
#3086 = CARTESIAN_POINT('',(0.,103.04506400171));
#3087 = ( GEOMETRIC_REPRESENTATION_CONTEXT(2) 
PARAMETRIC_REPRESENTATION_CONTEXT() REPRESENTATION_CONTEXT('2D SPACE',''
  ) );
#3088 = PCURVE('',#2508,#3089);
#3089 = DEFINITIONAL_REPRESENTATION('',(#3090),#3105);
#3090 = B_SPLINE_CURVE_WITH_KNOTS('',7,(#3091,#3092,#3093,#3094,#3095,
    #3096,#3097,#3098,#3099,#3100,#3101,#3102,#3103,#3104),
  .UNSPECIFIED.,.F.,.F.,(8,6,8),(0.,0.423571140431,1.),.UNSPECIFIED.);
#3091 = CARTESIAN_POINT('',(0.960854299682,0.));
#3092 = CARTESIAN_POINT('',(0.994297367208,1.171280880586E-02));
#3093 = CARTESIAN_POINT('',(1.028235256235,2.316125321127E-02));
#3094 = CARTESIAN_POINT('',(1.062696008404,3.426542394035E-02));
#3095 = CARTESIAN_POINT('',(1.097697935987,4.493448220043E-02));
#3096 = CARTESIAN_POINT('',(1.133250630251,5.506766279256E-02));
#3097 = CARTESIAN_POINT('',(1.169353627921,6.455755109349E-02));
#3098 = CARTESIAN_POINT('',(1.255854109929,8.518710297227E-02));
#3099 = CARTESIAN_POINT('',(1.306753897404,9.569711605349E-02));
#3100 = CARTESIAN_POINT('',(1.358578854553,0.104528554274));
#3101 = CARTESIAN_POINT('',(1.411187167672,0.111399237691));
#3102 = CARTESIAN_POINT('',(1.464396231362,0.116074248422));
#3103 = CARTESIAN_POINT('',(1.517963608672,0.118409601231));
#3104 = CARTESIAN_POINT('',(1.571514235749,0.118409601231));
#3105 = ( GEOMETRIC_REPRESENTATION_CONTEXT(2) 
PARAMETRIC_REPRESENTATION_CONTEXT() REPRESENTATION_CONTEXT('2D SPACE',''
  ) );
#3106 = ORIENTED_EDGE('',*,*,#3107,.T.);
#3107 = EDGE_CURVE('',#3052,#2419,#3108,.T.);
#3108 = SURFACE_CURVE('',#3109,(#3114,#3124),.PCURVE_S1.);
#3109 = HYPERBOLA('',#3110,1.067123076923E+03,42.346153846158);
#3110 = AXIS2_PLACEMENT_3D('',#3111,#3112,#3113);
#3111 = CARTESIAN_POINT('',(42.346153846158,-7.186350061862E-14,-966.2)
  );
#3112 = DIRECTION('',(1.,-1.69704906093E-15,4.101385336973E-15));
#3113 = DIRECTION('',(-4.101385336973E-15,6.960252134621E-30,1.));
#3114 = PCURVE('',#1707,#3115);
#3115 = DEFINITIONAL_REPRESENTATION('',(#3116),#3123);
#3116 = B_SPLINE_CURVE_WITH_KNOTS('',5,(#3117,#3118,#3119,#3120,#3121,
    #3122),.UNSPECIFIED.,.F.,.F.,(6,6),(-0.167684210388,
    -1.69704906093E-15),.PIECEWISE_BEZIER_KNOTS.);
#3117 = CARTESIAN_POINT('',(0.166903865667,111.96094401937));
#3118 = CARTESIAN_POINT('',(0.133833056462,105.93170929286));
#3119 = CARTESIAN_POINT('',(0.100531934388,101.42388361059));
#3120 = CARTESIAN_POINT('',(6.707368713621E-02,98.42334423543));
#3121 = CARTESIAN_POINT('',(3.353684207754E-02,96.923076923188));
#3122 = CARTESIAN_POINT('',(0.,96.923076923188));
#3123 = ( GEOMETRIC_REPRESENTATION_CONTEXT(2) 
PARAMETRIC_REPRESENTATION_CONTEXT() REPRESENTATION_CONTEXT('2D SPACE',''
  ) );
#3124 = PCURVE('',#2458,#3125);
#3125 = DEFINITIONAL_REPRESENTATION('',(#3126),#3130);
#3126 = ( BOUNDED_CURVE() B_SPLINE_CURVE(2,(#3127,#3128,#3129),
.UNSPECIFIED.,.F.,.F.) B_SPLINE_CURVE_WITH_KNOTS((3,3),(-0.167684210388,
-1.69704906093E-15),.PIECEWISE_BEZIER_KNOTS.) CURVE() 
GEOMETRIC_REPRESENTATION_ITEM() RATIONAL_B_SPLINE_CURVE((1.,
1.003516808695,1.)) REPRESENTATION_ITEM('') );
#3127 = CARTESIAN_POINT('',(15.960944019374,-7.13299584475));
#3128 = CARTESIAN_POINT('',(0.923076923188,-3.540985892656));
#3129 = CARTESIAN_POINT('',(0.923076923188,1.108962644067E-03));
#3130 = ( GEOMETRIC_REPRESENTATION_CONTEXT(2) 
PARAMETRIC_REPRESENTATION_CONTEXT() REPRESENTATION_CONTEXT('2D SPACE',''
  ) );
#3131 = ORIENTED_EDGE('',*,*,#2418,.F.);
#3132 = ORIENTED_EDGE('',*,*,#3133,.T.);
#3133 = EDGE_CURVE('',#2386,#3134,#3136,.T.);
#3134 = VERTEX_POINT('',#3135);
#3135 = CARTESIAN_POINT('',(38.802991399011,6.736991284095,
    26.263918724266));
#3136 = SURFACE_CURVE('',#3137,(#3142,#3152),.PCURVE_S1.);
#3137 = ELLIPSE('',#3138,88.947414742404,36.072611594899);
#3138 = AXIS2_PLACEMENT_3D('',#3139,#3140,#3141);
#3139 = CARTESIAN_POINT('',(3.223828722806,-4.252116916267E-15,
    -53.54715490319));
#3140 = DIRECTION('',(-0.913354076113,1.20468196406E-15,0.407166221152)
  );
#3141 = DIRECTION('',(0.407166221152,-5.370379525583E-16,0.913354076113)
  );
#3142 = PCURVE('',#1707,#3143);
#3143 = DEFINITIONAL_REPRESENTATION('',(#3144),#3151);
#3144 = B_SPLINE_CURVE_WITH_KNOTS('',5,(#3145,#3146,#3147,#3148,#3149,
    #3150),.UNSPECIFIED.,.F.,.F.,(6,6),(1.174303350836E-15,
    0.270077155212),.PIECEWISE_BEZIER_KNOTS.);
#3145 = CARTESIAN_POINT('',(0.,23.69332891151));
#3146 = CARTESIAN_POINT('',(4.940332700464E-02,23.69332891151));
#3147 = CARTESIAN_POINT('',(9.880665409842E-02,23.397039035265));
#3148 = CARTESIAN_POINT('',(0.148234526882,22.804453032365));
#3149 = CARTESIAN_POINT('',(0.197711493143,21.919194663805));
#3150 = CARTESIAN_POINT('',(0.247261639031,20.748386864598));
#3151 = ( GEOMETRIC_REPRESENTATION_CONTEXT(2) 
PARAMETRIC_REPRESENTATION_CONTEXT() REPRESENTATION_CONTEXT('2D SPACE',''
  ) );
#3152 = PCURVE('',#2406,#3153);
#3153 = DEFINITIONAL_REPRESENTATION('',(#3154),#3158);
#3154 = ELLIPSE('',#3155,88.947414742404,36.072611594899);
#3155 = AXIS2_PLACEMENT_2D('',#3156,#3157);
#3156 = CARTESIAN_POINT('',(89.283178381621,1.108962644077E-03));
#3157 = DIRECTION('',(-1.,5.370379525583E-16));
#3158 = ( GEOMETRIC_REPRESENTATION_CONTEXT(2) 
PARAMETRIC_REPRESENTATION_CONTEXT() REPRESENTATION_CONTEXT('2D SPACE',''
  ) );
#3159 = ORIENTED_EDGE('',*,*,#3160,.F.);
#3160 = EDGE_CURVE('',#1729,#3134,#3161,.T.);
#3161 = SURFACE_CURVE('',#3162,(#3193,#3227),.PCURVE_S1.);
#3162 = B_SPLINE_CURVE_WITH_KNOTS('',8,(#3163,#3164,#3165,#3166,#3167,
    #3168,#3169,#3170,#3171,#3172,#3173,#3174,#3175,#3176,#3177,#3178,
    #3179,#3180,#3181,#3182,#3183,#3184,#3185,#3186,#3187,#3188,#3189,
    #3190,#3191,#3192),.UNSPECIFIED.,.F.,.F.,(9,7,7,7,9),(0.,
    0.211139280908,0.348901785117,0.527188550657,1.),.UNSPECIFIED.);
#3163 = CARTESIAN_POINT('',(39.176462663732,-3.945055788122E-16,
    21.046859126037));
#3164 = CARTESIAN_POINT('',(39.176462663732,0.286183831075,
    21.046859126037));
#3165 = CARTESIAN_POINT('',(39.174623380281,0.57246410833,
    21.060716395127));
#3166 = CARTESIAN_POINT('',(39.170942335612,0.857030075268,
    21.088445451827));
#3167 = CARTESIAN_POINT('',(39.1654883496,1.138318942828,21.129718224345
    ));
#3168 = CARTESIAN_POINT('',(39.15838585052,1.41498861323,21.183959494781
    ));
#3169 = CARTESIAN_POINT('',(39.149799732606,1.685895603452,
    21.250421058585));
#3170 = CARTESIAN_POINT('',(39.139920760441,1.950078168355,
    21.328234599288));
#3171 = CARTESIAN_POINT('',(39.121794396172,2.374212341636,
    21.473996986575));
#3172 = CARTESIAN_POINT('',(39.114170514123,2.538539796946,
    21.535997041207));
#3173 = CARTESIAN_POINT('',(39.106133663313,2.699555960217,
    21.60220081075));
#3174 = CARTESIAN_POINT('',(39.097738067055,2.857129598812,
    21.672364628208));
#3175 = CARTESIAN_POINT('',(39.089037423892,3.011165045649,
    21.746248420036));
#3176 = CARTESIAN_POINT('',(39.080083948827,3.161597968257,
    21.823620334956));
#3177 = CARTESIAN_POINT('',(39.070927414546,3.308391137828,
    21.904261372767));
#3178 = CARTESIAN_POINT('',(39.049561390469,3.636775089507,22.0963024134
    ));
#3179 = CARTESIAN_POINT('',(39.037247250729,3.815883513044,
    22.209762551293));
#3180 = CARTESIAN_POINT('',(39.024772431133,3.988840873126,
    22.32791824309));
#3181 = CARTESIAN_POINT('',(39.012230400413,4.15566509954,
    22.450367609758));
#3182 = CARTESIAN_POINT('',(38.999707251446,4.316402130052,
    22.576741955033));
#3183 = CARTESIAN_POINT('',(38.987281514379,4.471121392838,
    22.70670864347));
#3184 = CARTESIAN_POINT('',(38.975023969746,4.619911288929,
    22.839973978486));
#3185 = CARTESIAN_POINT('',(38.931103502846,5.142009521778,
    23.337781911473));
#3186 = CARTESIAN_POINT('',(38.900874346971,5.479702887425,
    23.720262240017));
#3187 = CARTESIAN_POINT('',(38.873442772122,5.778509793699,
    24.119380279808));
#3188 = CARTESIAN_POINT('',(38.849702008184,6.039989770104,
    24.531672667777));
#3189 = CARTESIAN_POINT('',(38.830341292601,6.265559731199,
    24.954250984291));
#3190 = CARTESIAN_POINT('',(38.815866618607,6.456363332861,
    25.384843317825));
#3191 = CARTESIAN_POINT('',(38.806650317651,6.613343555043,
    25.821750573062));
#3192 = CARTESIAN_POINT('',(38.802991399011,6.736991284095,
    26.263918724266));
#3193 = PCURVE('',#1707,#3194);
#3194 = DEFINITIONAL_REPRESENTATION('',(#3195),#3226);
#3195 = B_SPLINE_CURVE_WITH_KNOTS('',8,(#3196,#3197,#3198,#3199,#3200,
    #3201,#3202,#3203,#3204,#3205,#3206,#3207,#3208,#3209,#3210,#3211,
    #3212,#3213,#3214,#3215,#3216,#3217,#3218,#3219,#3220,#3221,#3222,
    #3223,#3224,#3225),.UNSPECIFIED.,.F.,.F.,(9,7,7,7,9),(0.,
    0.211139280908,0.348901785117,0.527188550657,1.),.UNSPECIFIED.);
#3196 = CARTESIAN_POINT('',(0.,17.046859126037));
#3197 = CARTESIAN_POINT('',(7.304994162725E-03,17.046859126037));
#3198 = CARTESIAN_POINT('',(1.461245021712E-02,17.060716395127));
#3199 = CARTESIAN_POINT('',(2.187633122058E-02,17.088445451827));
#3200 = CARTESIAN_POINT('',(2.905693131853E-02,17.129718224345));
#3201 = CARTESIAN_POINT('',(3.612014183247E-02,17.183959494781));
#3202 = CARTESIAN_POINT('',(4.303686557004E-02,17.250421058585));
#3203 = CARTESIAN_POINT('',(4.978257935748E-02,17.328234599288));
#3204 = CARTESIAN_POINT('',(6.061365106285E-02,17.473996986575));
#3205 = CARTESIAN_POINT('',(6.481035836059E-02,17.535997041207));
#3206 = CARTESIAN_POINT('',(6.892279372941E-02,17.60220081075));
#3207 = CARTESIAN_POINT('',(7.294759003693E-02,17.672364628208));
#3208 = CARTESIAN_POINT('',(7.688227948449E-02,17.746248420036));
#3209 = CARTESIAN_POINT('',(8.07251871155E-02,17.823620334956));
#3210 = CARTESIAN_POINT('',(8.447532432367E-02,17.904261372767));
#3211 = CARTESIAN_POINT('',(9.286497231908E-02,18.0963024134));
#3212 = CARTESIAN_POINT('',(9.744118285754E-02,18.209762551293));
#3213 = CARTESIAN_POINT('',(0.101860449349,18.32791824309));
#3214 = CARTESIAN_POINT('',(0.106123127056,18.450367609758));
#3215 = CARTESIAN_POINT('',(0.110230279443,18.576741955033));
#3216 = CARTESIAN_POINT('',(0.114183566487,18.70670864347));
#3217 = CARTESIAN_POINT('',(0.117985132981,18.839973978486));
#3218 = CARTESIAN_POINT('',(0.131323462322,19.337781911473));
#3219 = CARTESIAN_POINT('',(0.139948239117,19.720262240017));
#3220 = CARTESIAN_POINT('',(0.147575048112,20.119380279807));
#3221 = CARTESIAN_POINT('',(0.154241791809,20.531672667778));
#3222 = CARTESIAN_POINT('',(0.159983105754,20.95425098429));
#3223 = CARTESIAN_POINT('',(0.164827173144,21.384843317825));
#3224 = CARTESIAN_POINT('',(0.168797559185,21.821750573062));
#3225 = CARTESIAN_POINT('',(0.171906758299,22.263918724266));
#3226 = ( GEOMETRIC_REPRESENTATION_CONTEXT(2) 
PARAMETRIC_REPRESENTATION_CONTEXT() REPRESENTATION_CONTEXT('2D SPACE',''
  ) );
#3227 = PCURVE('',#1846,#3228);
#3228 = DEFINITIONAL_REPRESENTATION('',(#3229),#3260);
#3229 = B_SPLINE_CURVE_WITH_KNOTS('',8,(#3230,#3231,#3232,#3233,#3234,
    #3235,#3236,#3237,#3238,#3239,#3240,#3241,#3242,#3243,#3244,#3245,
    #3246,#3247,#3248,#3249,#3250,#3251,#3252,#3253,#3254,#3255,#3256,
    #3257,#3258,#3259),.UNSPECIFIED.,.F.,.F.,(9,7,7,7,9),(0.,
    0.211139280908,0.348901785117,0.527188550657,1.),.UNSPECIFIED.);
#3230 = CARTESIAN_POINT('',(1.571514235749,123.72602703532));
#3231 = CARTESIAN_POINT('',(1.530707982584,123.72602703532));
#3232 = CARTESIAN_POINT('',(1.489894040372,123.72952170491));
#3233 = CARTESIAN_POINT('',(1.449226448766,123.73651490338));
#3234 = CARTESIAN_POINT('',(1.408824009532,123.74691458499));
#3235 = CARTESIAN_POINT('',(1.368781648617,123.76055795762));
#3236 = CARTESIAN_POINT('',(1.329178539638,123.77723210862));
#3237 = CARTESIAN_POINT('',(1.290082988802,123.79669009766));
#3238 = CARTESIAN_POINT('',(1.226415041428,123.83299890853));
#3239 = CARTESIAN_POINT('',(1.201508338185,123.84841095929));
#3240 = CARTESIAN_POINT('',(1.176842741424,123.86482945821));
#3241 = CARTESIAN_POINT('',(1.152423732682,123.88218480321));
#3242 = CARTESIAN_POINT('',(1.128253797557,123.90040829498));
#3243 = CARTESIAN_POINT('',(1.104332718141,123.91943343101));
#3244 = CARTESIAN_POINT('',(1.080657865446,123.93919719972));
#3245 = CARTESIAN_POINT('',(1.026897949725,123.98609941423));
#3246 = CARTESIAN_POINT('',(0.996978520657,124.01369459096));
#3247 = CARTESIAN_POINT('',(0.967453252305,124.04230158315));
#3248 = CARTESIAN_POINT('',(0.938308047663,124.0718038218));
#3249 = CARTESIAN_POINT('',(0.909527400737,124.10209415067));
#3250 = CARTESIAN_POINT('',(0.881094132224,124.13307548644));
#3251 = CARTESIAN_POINT('',(0.852989125203,124.16466147884));
#3252 = CARTESIAN_POINT('',(0.751471381884,124.28194707599));
#3253 = CARTESIAN_POINT('',(0.680000516126,124.37073759008));
#3254 = CARTESIAN_POINT('',(0.610280781097,124.46183656439));
#3255 = CARTESIAN_POINT('',(0.541994038852,124.55419812142));
#3256 = CARTESIAN_POINT('',(0.474854693836,124.64696782522));
#3257 = CARTESIAN_POINT('',(0.408600895701,124.73948443255));
#3258 = CARTESIAN_POINT('',(0.342954088169,124.83125282791));
#3259 = CARTESIAN_POINT('',(0.277586059938,124.92193557961));
#3260 = ( GEOMETRIC_REPRESENTATION_CONTEXT(2) 
PARAMETRIC_REPRESENTATION_CONTEXT() REPRESENTATION_CONTEXT('2D SPACE',''
  ) );
#3261 = ADVANCED_FACE('',(#3262),#1846,.T.);
#3262 = FACE_BOUND('',#3263,.T.);
#3263 = EDGE_LOOP('',(#3264,#3293,#3294));
#3264 = ORIENTED_EDGE('',*,*,#3265,.F.);
#3265 = EDGE_CURVE('',#3134,#1777,#3266,.T.);
#3266 = SURFACE_CURVE('',#3267,(#3275,#3282),.PCURVE_S1.);
#3267 = ( BOUNDED_CURVE() B_SPLINE_CURVE(6,(#3268,#3269,#3270,#3271,
#3272,#3273,#3274),.UNSPECIFIED.,.T.,.F.) B_SPLINE_CURVE_WITH_KNOTS((1,6
    ,6,1),(-6.28318530718,0.,6.28318530718,12.566370614359),
.UNSPECIFIED.) CURVE() GEOMETRIC_REPRESENTATION_ITEM() 
RATIONAL_B_SPLINE_CURVE((1.669078461068,1.03672962321,1.038346699848,
    0.853534330196,1.038346699848,1.03672962321,1.669078461068)) 
REPRESENTATION_ITEM('') );
#3268 = CARTESIAN_POINT('',(39.576923076923,7.,28.));
#3269 = CARTESIAN_POINT('',(34.841253569388,7.,17.376960015027));
#3270 = CARTESIAN_POINT('',(34.161292024967,-7.381837333837,
    15.851672267827));
#3271 = CARTESIAN_POINT('',(39.576923076923,-19.24381844705,28.));
#3272 = CARTESIAN_POINT('',(44.99255412888,-7.381837333837,
    40.148327732173));
#3273 = CARTESIAN_POINT('',(44.312592584458,7.,38.623039984973));
#3274 = CARTESIAN_POINT('',(39.576923076923,7.,28.));
#3275 = PCURVE('',#1846,#3276);
#3276 = DEFINITIONAL_REPRESENTATION('',(#3277),#3281);
#3277 = LINE('',#3278,#3279);
#3278 = CARTESIAN_POINT('',(0.,124.92193557961));
#3279 = VECTOR('',#3280,1.);
#3280 = DIRECTION('',(1.,0.));
#3281 = ( GEOMETRIC_REPRESENTATION_CONTEXT(2) 
PARAMETRIC_REPRESENTATION_CONTEXT() REPRESENTATION_CONTEXT('2D SPACE',''
  ) );
#3282 = PCURVE('',#2406,#3283);
#3283 = DEFINITIONAL_REPRESENTATION('',(#3284),#3292);
#3284 = ( BOUNDED_CURVE() B_SPLINE_CURVE(6,(#3285,#3286,#3287,#3288,
#3289,#3290,#3291),.UNSPECIFIED.,.T.,.F.) B_SPLINE_CURVE_WITH_KNOTS((1,6
    ,6,1),(-6.28318530718,0.,6.28318530718,12.566370614359),
.UNSPECIFIED.) CURVE() GEOMETRIC_REPRESENTATION_ITEM() 
RATIONAL_B_SPLINE_CURVE((1.669078461068,1.03672962321,1.038346699848,
    0.853534330196,1.038346699848,1.03672962321,1.669078461068)) 
REPRESENTATION_ITEM('') );
#3285 = CARTESIAN_POINT('',(0.,-6.998891037356));
#3286 = CARTESIAN_POINT('',(11.630801528997,-6.998891037356));
#3287 = CARTESIAN_POINT('',(13.300786682719,7.382946296481));
#3288 = CARTESIAN_POINT('',(1.42108547152E-14,19.244927409703));
#3289 = CARTESIAN_POINT('',(-13.30078668271,7.382946296481));
#3290 = CARTESIAN_POINT('',(-11.63080152899,-6.998891037356));
#3291 = CARTESIAN_POINT('',(0.,-6.998891037356));
#3292 = ( GEOMETRIC_REPRESENTATION_CONTEXT(2) 
PARAMETRIC_REPRESENTATION_CONTEXT() REPRESENTATION_CONTEXT('2D SPACE',''
  ) );
#3293 = ORIENTED_EDGE('',*,*,#3160,.F.);
#3294 = ORIENTED_EDGE('',*,*,#1776,.F.);
#3295 = ADVANCED_FACE('',(#3296),#2406,.T.);
#3296 = FACE_BOUND('',#3297,.T.);
#3297 = EDGE_LOOP('',(#3298,#3299,#3300));
#3298 = ORIENTED_EDGE('',*,*,#3133,.T.);
#3299 = ORIENTED_EDGE('',*,*,#3265,.T.);
#3300 = ORIENTED_EDGE('',*,*,#2385,.T.);
#3301 = ADVANCED_FACE('',(#3302),#2458,.F.);
#3302 = FACE_BOUND('',#3303,.F.);
#3303 = EDGE_LOOP('',(#3304,#3305,#3334));
#3304 = ORIENTED_EDGE('',*,*,#3107,.F.);
#3305 = ORIENTED_EDGE('',*,*,#3306,.T.);
#3306 = EDGE_CURVE('',#3052,#2439,#3307,.T.);
#3307 = SURFACE_CURVE('',#3308,(#3316,#3327),.PCURVE_S1.);
#3308 = ( BOUNDED_CURVE() B_SPLINE_CURVE(6,(#3309,#3310,#3311,#3312,
#3313,#3314,#3315),.UNSPECIFIED.,.T.,.F.) B_SPLINE_CURVE_WITH_KNOTS((1,6
    ,6,1),(-6.28318530718,0.,6.28318530718,12.566370614359),
.UNSPECIFIED.) CURVE() GEOMETRIC_REPRESENTATION_ITEM() 
RATIONAL_B_SPLINE_CURVE((1.669078461068,1.03672962321,1.038346699848,
    0.853534330196,1.038346699848,1.03672962321,1.669078461068)) 
REPRESENTATION_ITEM('') );
#3309 = CARTESIAN_POINT('',(42.346153846154,7.,100.));
#3310 = CARTESIAN_POINT('',(42.346153846154,7.,111.63080152899));
#3311 = CARTESIAN_POINT('',(42.346153846154,-7.381837333837,
    113.30078668271));
#3312 = CARTESIAN_POINT('',(42.346153846154,-19.24381844705,100.));
#3313 = CARTESIAN_POINT('',(42.346153846154,-7.381837333837,
    86.699213317281));
#3314 = CARTESIAN_POINT('',(42.346153846154,7.,88.369198471003));
#3315 = CARTESIAN_POINT('',(42.346153846154,7.,100.));
#3316 = PCURVE('',#2458,#3317);
#3317 = DEFINITIONAL_REPRESENTATION('',(#3318),#3326);
#3318 = ( BOUNDED_CURVE() B_SPLINE_CURVE(6,(#3319,#3320,#3321,#3322,
#3323,#3324,#3325),.UNSPECIFIED.,.T.,.F.) B_SPLINE_CURVE_WITH_KNOTS((1,6
    ,6,1),(-6.28318530718,0.,6.28318530718,12.566370614359),
.UNSPECIFIED.) CURVE() GEOMETRIC_REPRESENTATION_ITEM() 
RATIONAL_B_SPLINE_CURVE((1.669078461068,1.03672962321,1.038346699848,
    0.853534330196,1.038346699848,1.03672962321,1.669078461068)) 
REPRESENTATION_ITEM('') );
#3319 = CARTESIAN_POINT('',(1.42108547152E-14,-6.998891037356));
#3320 = CARTESIAN_POINT('',(11.630801528997,-6.998891037356));
#3321 = CARTESIAN_POINT('',(13.300786682719,7.382946296481));
#3322 = CARTESIAN_POINT('',(5.684341886081E-14,19.244927409703));
#3323 = CARTESIAN_POINT('',(-13.30078668271,7.382946296481));
#3324 = CARTESIAN_POINT('',(-11.63080152899,-6.998891037356));
#3325 = CARTESIAN_POINT('',(1.42108547152E-14,-6.998891037356));
#3326 = ( GEOMETRIC_REPRESENTATION_CONTEXT(2) 
PARAMETRIC_REPRESENTATION_CONTEXT() REPRESENTATION_CONTEXT('2D SPACE',''
  ) );
#3327 = PCURVE('',#2508,#3328);
#3328 = DEFINITIONAL_REPRESENTATION('',(#3329),#3333);
#3329 = LINE('',#3330,#3331);
#3330 = CARTESIAN_POINT('',(0.,0.));
#3331 = VECTOR('',#3332,1.);
#3332 = DIRECTION('',(1.,0.));
#3333 = ( GEOMETRIC_REPRESENTATION_CONTEXT(2) 
PARAMETRIC_REPRESENTATION_CONTEXT() REPRESENTATION_CONTEXT('2D SPACE',''
  ) );
#3334 = ORIENTED_EDGE('',*,*,#2438,.F.);
#3335 = ADVANCED_FACE('',(#3336),#2508,.T.);
#3336 = FACE_BOUND('',#3337,.T.);
#3337 = EDGE_LOOP('',(#3338,#3339,#3340));
#3338 = ORIENTED_EDGE('',*,*,#3051,.F.);
#3339 = ORIENTED_EDGE('',*,*,#3306,.T.);
#3340 = ORIENTED_EDGE('',*,*,#2470,.F.);
#3341 = ADVANCED_FACE('',(#3342),#1763,.T.);
#3342 = FACE_BOUND('',#3343,.T.);
#3343 = EDGE_LOOP('',(#3344));
#3344 = ORIENTED_EDGE('',*,*,#1748,.T.);
#3345 = ( GEOMETRIC_REPRESENTATION_CONTEXT(3) 
GLOBAL_UNCERTAINTY_ASSIGNED_CONTEXT((#3349)) 
GLOBAL_UNIT_ASSIGNED_CONTEXT((#3346,#3347,#3348)) REPRESENTATION_CONTEXT
('Context #1','3D Context with UNIT and UNCERTAINTY') );
#3346 = ( LENGTH_UNIT() NAMED_UNIT(*) SI_UNIT(.MILLI.,.METRE.) );
#3347 = ( NAMED_UNIT(*) PLANE_ANGLE_UNIT() SI_UNIT($,.RADIAN.) );
#3348 = ( NAMED_UNIT(*) SI_UNIT($,.STERADIAN.) SOLID_ANGLE_UNIT() );
#3349 = UNCERTAINTY_MEASURE_WITH_UNIT(LENGTH_MEASURE(2.E-06),#3346,
  'distance_accuracy_value','confusion accuracy');
#3350 = PRODUCT_RELATED_PRODUCT_CATEGORY('part',$,(#7));
ENDSEC;
END-ISO-10303-21;
