ISO-10303-21;
HEADER;
/* Generated by software containing ST-Developer
 * from STEP Tools, Inc. (www.steptools.com) 
 */
/* OPTION: strings as raw bytes, not using required /X/ escapes */

FILE_DESCRIPTION(
/* description */ ('Unknown'),
/* implementation_level */ '2;1');

FILE_NAME(
/* name */ 'Caster wheel',
/* time_stamp */ '2026-01-22T18:13:45+06:00',
/* author */ ('Unknown'),
/* organization */ ('Unknown'),
/* preprocessor_version */ 'ST-DEVELOPER v18.1',
/* originating_system */ 'Solid Edge',
/* authorisation */ 'Unknown');

FILE_SCHEMA (('AUTOMOTIVE_DESIGN {1 0 10303 214 3 1 1}'));
ENDSEC;

DATA;
#10=PROPERTY_DEFINITION_REPRESENTATION(#14,#12);
#11=PROPERTY_DEFINITION_REPRESENTATION(#15,#13);
#12=REPRESENTATION('',(#16),#3673);
#13=REPRESENTATION('',(#17),#3673);
#14=PROPERTY_DEFINITION('pmi validation property','',#3698);
#15=PROPERTY_DEFINITION('pmi validation property','',#3698);
#16=VALUE_REPRESENTATION_ITEM('number of annotations',COUNT_MEASURE(0.));
#17=VALUE_REPRESENTATION_ITEM('number of views',COUNT_MEASURE(0.));
#18=DRAUGHTING_PRE_DEFINED_COLOUR('black');
#19=CONICAL_SURFACE('',#2169,19.1870579767884,1.3810808421625);
#20=CONICAL_SURFACE('',#2185,30.3756374688288,1.38108084216248);
#21=CONICAL_SURFACE('',#2214,44.8215423474379,1.53509721411557);
#22=CONICAL_SURFACE('',#2222,36.4821542347438,1.53509721411557);
#23=CONICAL_SURFACE('',#2224,12.1962445006038,1.13262275978595);
#24=CONICAL_SURFACE('',#2228,5.04,0.785398163397452);
#25=CONICAL_SURFACE('',#2241,10.1596481831717,0.785398163397445);
#26=CONICAL_SURFACE('',#2254,12.1962445006038,1.13262275978595);
#27=CONICAL_SURFACE('',#2261,8.05313790244042,0.785398163397448);
#28=TOROIDAL_SURFACE('',#2164,26.5,10.);
#29=TOROIDAL_SURFACE('',#2166,18.998478484748,1.);
#30=TOROIDAL_SURFACE('',#2171,29.998478484748,2.);
#31=TOROIDAL_SURFACE('',#2183,29.998478484748,2.);
#32=TOROIDAL_SURFACE('',#2187,18.998478484748,1.);
#33=TOROIDAL_SURFACE('',#2207,45.,5.);
#34=TOROIDAL_SURFACE('',#2212,45.,5.);
#35=TOROIDAL_SURFACE('',#2216,36.5,0.5);
#36=TOROIDAL_SURFACE('',#2220,36.5,0.5);
#37=TOROIDAL_SURFACE('',#2234,11.8143868420681,0.9);
#38=TOROIDAL_SURFACE('',#2260,11.8143868420682,0.9);
#39=CONTEXT_DEPENDENT_SHAPE_REPRESENTATION(#59,#3700);
#40=CONTEXT_DEPENDENT_SHAPE_REPRESENTATION(#60,#3702);
#41=CONTEXT_DEPENDENT_SHAPE_REPRESENTATION(#61,#3704);
#42=CONTEXT_DEPENDENT_SHAPE_REPRESENTATION(#62,#3706);
#43=CONTEXT_DEPENDENT_SHAPE_REPRESENTATION(#63,#3708);
#44=CONTEXT_DEPENDENT_SHAPE_REPRESENTATION(#64,#3710);
#45=CONTEXT_DEPENDENT_SHAPE_REPRESENTATION(#65,#3712);
#46=CONTEXT_DEPENDENT_SHAPE_REPRESENTATION(#66,#3714);
#47=CONTEXT_DEPENDENT_SHAPE_REPRESENTATION(#67,#3716);
#48=CONTEXT_DEPENDENT_SHAPE_REPRESENTATION(#68,#3718);
#49=NEXT_ASSEMBLY_USAGE_OCCURRENCE('Base','Base','Base',#3719,#3720,'');
#50=NEXT_ASSEMBLY_USAGE_OCCURRENCE('75 dia Plate 2.8 MM',
'75 dia Plate 2.8 MM','75 dia Plate 2.8 MM',#3719,#3721,'');
#51=NEXT_ASSEMBLY_USAGE_OCCURRENCE('75 dia Plate 6MM',
'75 dia Plate 6MM','75 dia Plate 6MM',#3719,#3722,'');
#52=NEXT_ASSEMBLY_USAGE_OCCURRENCE('76 dia Plate 6MM',
'76 dia Plate 6MM','76 dia Plate 6MM',#3719,#3723,'');
#53=NEXT_ASSEMBLY_USAGE_OCCURRENCE('Top Plate 3 MM','Top Plate 3 MM',
'Top Plate 3 MM',#3719,#3724,'');
#54=NEXT_ASSEMBLY_USAGE_OCCURRENCE('Top Surface','Top Surface',
'Top Surface',#3719,#3725,'');
#55=NEXT_ASSEMBLY_USAGE_OCCURRENCE('Rim','Rim','Rim',#3719,#3726,'');
#56=NEXT_ASSEMBLY_USAGE_OCCURRENCE('Rubber tyre','Rubber tyre',
'Rubber tyre',#3719,#3727,'');
#57=NEXT_ASSEMBLY_USAGE_OCCURRENCE('Nut','Nut','Nut',#3719,#3728,'');
#58=NEXT_ASSEMBLY_USAGE_OCCURRENCE('Bolt','Bolt','Bolt',#3719,#3729,'');
#59=(
REPRESENTATION_RELATIONSHIP(' ',' ',#2018,#2019)
REPRESENTATION_RELATIONSHIP_WITH_TRANSFORMATION(#69)
SHAPE_REPRESENTATION_RELATIONSHIP()
);
#60=(
REPRESENTATION_RELATIONSHIP(' ',' ',#2020,#2019)
REPRESENTATION_RELATIONSHIP_WITH_TRANSFORMATION(#70)
SHAPE_REPRESENTATION_RELATIONSHIP()
);
#61=(
REPRESENTATION_RELATIONSHIP(' ',' ',#2021,#2019)
REPRESENTATION_RELATIONSHIP_WITH_TRANSFORMATION(#71)
SHAPE_REPRESENTATION_RELATIONSHIP()
);
#62=(
REPRESENTATION_RELATIONSHIP(' ',' ',#2022,#2019)
REPRESENTATION_RELATIONSHIP_WITH_TRANSFORMATION(#72)
SHAPE_REPRESENTATION_RELATIONSHIP()
);
#63=(
REPRESENTATION_RELATIONSHIP(' ',' ',#2023,#2019)
REPRESENTATION_RELATIONSHIP_WITH_TRANSFORMATION(#73)
SHAPE_REPRESENTATION_RELATIONSHIP()
);
#64=(
REPRESENTATION_RELATIONSHIP(' ',' ',#2024,#2019)
REPRESENTATION_RELATIONSHIP_WITH_TRANSFORMATION(#74)
SHAPE_REPRESENTATION_RELATIONSHIP()
);
#65=(
REPRESENTATION_RELATIONSHIP(' ',' ',#2025,#2019)
REPRESENTATION_RELATIONSHIP_WITH_TRANSFORMATION(#75)
SHAPE_REPRESENTATION_RELATIONSHIP()
);
#66=(
REPRESENTATION_RELATIONSHIP(' ',' ',#2026,#2019)
REPRESENTATION_RELATIONSHIP_WITH_TRANSFORMATION(#76)
SHAPE_REPRESENTATION_RELATIONSHIP()
);
#67=(
REPRESENTATION_RELATIONSHIP(' ',' ',#2027,#2019)
REPRESENTATION_RELATIONSHIP_WITH_TRANSFORMATION(#77)
SHAPE_REPRESENTATION_RELATIONSHIP()
);
#68=(
REPRESENTATION_RELATIONSHIP(' ',' ',#2028,#2019)
REPRESENTATION_RELATIONSHIP_WITH_TRANSFORMATION(#78)
SHAPE_REPRESENTATION_RELATIONSHIP()
);
#69=ITEM_DEFINED_TRANSFORMATION(' ',' ',#2029,#2083);
#70=ITEM_DEFINED_TRANSFORMATION(' ',' ',#2029,#2089);
#71=ITEM_DEFINED_TRANSFORMATION(' ',' ',#2029,#2095);
#72=ITEM_DEFINED_TRANSFORMATION(' ',' ',#2029,#2101);
#73=ITEM_DEFINED_TRANSFORMATION(' ',' ',#2029,#2155);
#74=ITEM_DEFINED_TRANSFORMATION(' ',' ',#2029,#2165);
#75=ITEM_DEFINED_TRANSFORMATION(' ',' ',#2029,#2206);
#76=ITEM_DEFINED_TRANSFORMATION(' ',' ',#2029,#2223);
#77=ITEM_DEFINED_TRANSFORMATION(' ',' ',#2029,#2244);
#78=ITEM_DEFINED_TRANSFORMATION(' ',' ',#2029,#2262);
#79=SHAPE_REPRESENTATION_RELATIONSHIP('','',#2018,#89);
#80=SHAPE_REPRESENTATION_RELATIONSHIP('','',#2020,#90);
#81=SHAPE_REPRESENTATION_RELATIONSHIP('','',#2021,#91);
#82=SHAPE_REPRESENTATION_RELATIONSHIP('','',#2022,#92);
#83=SHAPE_REPRESENTATION_RELATIONSHIP('','',#2023,#93);
#84=SHAPE_REPRESENTATION_RELATIONSHIP('','',#2024,#94);
#85=SHAPE_REPRESENTATION_RELATIONSHIP('','',#2025,#95);
#86=SHAPE_REPRESENTATION_RELATIONSHIP('','',#2026,#96);
#87=SHAPE_REPRESENTATION_RELATIONSHIP('','',#2027,#97);
#88=SHAPE_REPRESENTATION_RELATIONSHIP('','',#2028,#98);
#89=ADVANCED_BREP_SHAPE_REPRESENTATION('',(#1996),#3674);
#90=ADVANCED_BREP_SHAPE_REPRESENTATION('',(#1997),#3675);
#91=ADVANCED_BREP_SHAPE_REPRESENTATION('',(#1998),#3676);
#92=ADVANCED_BREP_SHAPE_REPRESENTATION('',(#1999),#3677);
#93=ADVANCED_BREP_SHAPE_REPRESENTATION('',(#2000),#3678);
#94=ADVANCED_BREP_SHAPE_REPRESENTATION('',(#2001,#2002),#3679);
#95=ADVANCED_BREP_SHAPE_REPRESENTATION('',(#2003),#3680);
#96=ADVANCED_BREP_SHAPE_REPRESENTATION('',(#2004),#3681);
#97=ADVANCED_BREP_SHAPE_REPRESENTATION('',(#2005),#3682);
#98=ADVANCED_BREP_SHAPE_REPRESENTATION('',(#2006),#3683);
#99=(
BOUNDED_SURFACE()
B_SPLINE_SURFACE(3,2,((#3060,#3061,#3062),(#3063,#3064,#3065),(#3066,#3067,
#3068),(#3069,#3070,#3071),(#3072,#3073,#3074),(#3075,#3076,#3077),(#3078,
#3079,#3080),(#3081,#3082,#3083),(#3084,#3085,#3086),(#3087,#3088,#3089),
(#3090,#3091,#3092),(#3093,#3094,#3095),(#3096,#3097,#3098),(#3099,#3100,
#3101),(#3102,#3103,#3104),(#3105,#3106,#3107),(#3108,#3109,#3110)),
 .UNSPECIFIED.,.F.,.F.,.F.)
B_SPLINE_SURFACE_WITH_KNOTS((4,1,1,1,1,1,1,1,1,1,1,1,1,1,4),(3,3),(0.0566601368458012,
0.0595261283312306,0.06239211981666,0.0652581113020895,0.0681241027875189,
0.0738560857583778,0.0767220772438072,0.0795880687292366,0.0853200517000955,
0.0881860431855249,0.0910520346709543,0.0939180261563838,0.0967840176418132,
0.0996500091272426,0.102516000612672),(0.,1.),.UNSPECIFIED.)
GEOMETRIC_REPRESENTATION_ITEM()
RATIONAL_B_SPLINE_SURFACE(((1.,0.940324691963255,1.),(1.,0.940324691941013,
1.),(1.,0.937120753655593,1.),(1.,0.923656778136606,1.),(1.,0.903726988339591,
1.),(1.,0.871189874093517,1.),(1.,0.831730827015521,1.),(1.,0.790346084009374,
1.),(1.,0.748386941890102,1.),(1.,0.710433566010738,1.),(1.,0.681298707491477,
1.),(1.,0.666106360216127,1.),(1.,0.657664013122798,1.),(1.,0.655646111693371,
1.),(1.,0.65829480806234,1.),(1.,0.661655708088118,1.),(1.,0.66339660163794,
1.)))
REPRESENTATION_ITEM('')
SURFACE()
);
#100=(
BOUNDED_SURFACE()
B_SPLINE_SURFACE(3,2,((#3113,#3114,#3115),(#3116,#3117,#3118),(#3119,#3120,
#3121),(#3122,#3123,#3124),(#3125,#3126,#3127),(#3128,#3129,#3130),(#3131,
#3132,#3133),(#3134,#3135,#3136),(#3137,#3138,#3139),(#3140,#3141,#3142),
(#3143,#3144,#3145),(#3146,#3147,#3148),(#3149,#3150,#3151),(#3152,#3153,
#3154),(#3155,#3156,#3157),(#3158,#3159,#3160),(#3161,#3162,#3163)),
 .UNSPECIFIED.,.F.,.F.,.F.)
B_SPLINE_SURFACE_WITH_KNOTS((4,1,1,1,1,1,1,1,1,1,1,1,1,1,4),(3,3),(0.0566601368458012,
0.0595261283312306,0.06239211981666,0.0652581113020894,0.0681241027875189,
0.0738560857583777,0.0767220772438072,0.0795880687292366,0.0853200517000955,
0.0881860431855249,0.0910520346709543,0.0939180261563838,0.0967840176418132,
0.0996500091272426,0.102516000612672),(0.,1.),.UNSPECIFIED.)
GEOMETRIC_REPRESENTATION_ITEM()
RATIONAL_B_SPLINE_SURFACE(((1.,0.940324691963255,1.),(1.,0.940324691941229,
1.),(1.,0.937120753655493,1.),(1.,0.923656778136633,1.),(1.,0.903726988339584,
1.),(1.,0.871189874093521,1.),(1.,0.83173082701552,1.),(1.,0.790346084009374,
1.),(1.,0.748386941890102,1.),(1.,0.710433566010738,1.),(1.,0.681298707491477,
1.),(1.,0.666106360216127,1.),(1.,0.657664013122797,1.),(1.,0.655646111693372,
1.),(1.,0.65829480806234,1.),(1.,0.661655708088118,1.),(1.,0.66339660163794,
1.)))
REPRESENTATION_ITEM('')
SURFACE()
);
#101=ELLIPSE('',#2037,53.1462908487477,39.5);
#102=ELLIPSE('',#2040,53.1462908487477,39.5);
#103=ELLIPSE('',#2042,47.0916501191435,35.);
#104=ELLIPSE('',#2049,53.1462908487477,39.5);
#105=ELLIPSE('',#2057,8.09339676747566,8.);
#106=ELLIPSE('',#2059,8.09339676747566,8.);
#107=ELLIPSE('',#2061,3.03502378780336,2.99999999999998);
#108=ELLIPSE('',#2064,3.03502378780337,3.);
#109=ELLIPSE('',#2074,10.7638057415185,8.);
#110=ELLIPSE('',#2075,10.7638057415185,8.);
#111=LINE('',#2842,#205);
#112=LINE('',#2847,#206);
#113=LINE('',#2857,#207);
#114=LINE('',#2859,#208);
#115=LINE('',#2861,#209);
#116=LINE('',#2878,#210);
#117=LINE('',#2880,#211);
#118=LINE('',#2897,#212);
#119=LINE('',#2904,#213);
#120=LINE('',#2922,#214);
#121=LINE('',#2926,#215);
#122=LINE('',#2929,#216);
#123=LINE('',#2969,#217);
#124=LINE('',#2973,#218);
#125=LINE('',#2976,#219);
#126=LINE('',#2978,#220);
#127=LINE('',#2980,#221);
#128=LINE('',#2986,#222);
#129=LINE('',#2989,#223);
#130=LINE('',#2991,#224);
#131=LINE('',#2995,#225);
#132=LINE('',#3019,#226);
#133=LINE('',#3023,#227);
#134=LINE('',#3025,#228);
#135=LINE('',#3027,#229);
#136=LINE('',#3031,#230);
#137=LINE('',#3035,#231);
#138=LINE('',#3038,#232);
#139=LINE('',#3042,#233);
#140=LINE('',#3043,#234);
#141=LINE('',#3047,#235);
#142=LINE('',#3048,#236);
#143=LINE('',#3050,#237);
#144=LINE('',#3051,#238);
#145=LINE('',#3193,#239);
#146=LINE('',#3197,#240);
#147=LINE('',#3199,#241);
#148=LINE('',#3201,#242);
#149=LINE('',#3203,#243);
#150=LINE('',#3207,#244);
#151=LINE('',#3211,#245);
#152=LINE('',#3213,#246);
#153=LINE('',#3215,#247);
#154=LINE('',#3219,#248);
#155=LINE('',#3223,#249);
#156=LINE('',#3225,#250);
#157=LINE('',#3227,#251);
#158=LINE('',#3231,#252);
#159=LINE('',#3235,#253);
#160=LINE('',#3238,#254);
#161=LINE('',#3240,#255);
#162=LINE('',#3242,#256);
#163=LINE('',#3246,#257);
#164=LINE('',#3250,#258);
#165=LINE('',#3252,#259);
#166=LINE('',#3254,#260);
#167=LINE('',#3259,#261);
#168=LINE('',#3263,#262);
#169=LINE('',#3265,#263);
#170=LINE('',#3267,#264);
#171=LINE('',#3269,#265);
#172=LINE('',#3273,#266);
#173=LINE('',#3280,#267);
#174=LINE('',#3284,#268);
#175=LINE('',#3286,#269);
#176=LINE('',#3288,#270);
#177=LINE('',#3290,#271);
#178=LINE('',#3294,#272);
#179=LINE('',#3298,#273);
#180=LINE('',#3301,#274);
#181=LINE('',#3303,#275);
#182=LINE('',#3305,#276);
#183=LINE('',#3309,#277);
#184=LINE('',#3313,#278);
#185=LINE('',#3315,#279);
#186=LINE('',#3317,#280);
#187=LINE('',#3322,#281);
#188=LINE('',#3323,#282);
#189=LINE('',#3330,#283);
#190=LINE('',#3331,#284);
#191=LINE('',#3336,#285);
#192=LINE('',#3337,#286);
#193=LINE('',#3494,#287);
#194=LINE('',#3504,#288);
#195=LINE('',#3506,#289);
#196=LINE('',#3516,#290);
#197=LINE('',#3526,#291);
#198=LINE('',#3536,#292);
#199=LINE('',#3568,#293);
#200=LINE('',#3576,#294);
#201=LINE('',#3592,#295);
#202=LINE('',#3608,#296);
#203=LINE('',#3625,#297);
#204=LINE('',#3641,#298);
#205=VECTOR('',#2273,1000.);
#206=VECTOR('',#2276,1000.);
#207=VECTOR('',#2279,1000.);
#208=VECTOR('',#2280,1000.);
#209=VECTOR('',#2281,1000.);
#210=VECTOR('',#2286,1000.);
#211=VECTOR('',#2289,1000.);
#212=VECTOR('',#2292,1000.);
#213=VECTOR('',#2299,1000.);
#214=VECTOR('',#2302,1000.);
#215=VECTOR('',#2307,1000.);
#216=VECTOR('',#2308,1000.);
#217=VECTOR('',#2317,1000.);
#218=VECTOR('',#2322,1000.);
#219=VECTOR('',#2323,1000.);
#220=VECTOR('',#2324,1000.);
#221=VECTOR('',#2325,1000.);
#222=VECTOR('',#2332,1000.);
#223=VECTOR('',#2333,1000.);
#224=VECTOR('',#2334,1000.);
#225=VECTOR('',#2337,1000.);
#226=VECTOR('',#2348,1000.);
#227=VECTOR('',#2351,1000.);
#228=VECTOR('',#2354,1000.);
#229=VECTOR('',#2355,1000.);
#230=VECTOR('',#2360,1000.);
#231=VECTOR('',#2365,1000.);
#232=VECTOR('',#2368,1000.);
#233=VECTOR('',#2373,1000.);
#234=VECTOR('',#2374,1000.);
#235=VECTOR('',#2379,1000.);
#236=VECTOR('',#2380,1000.);
#237=VECTOR('',#2383,1000.);
#238=VECTOR('',#2384,1000.);
#239=VECTOR('',#2447,1000.);
#240=VECTOR('',#2450,1000.);
#241=VECTOR('',#2453,1000.);
#242=VECTOR('',#2454,1000.);
#243=VECTOR('',#2455,1000.);
#244=VECTOR('',#2460,1000.);
#245=VECTOR('',#2465,1000.);
#246=VECTOR('',#2466,1000.);
#247=VECTOR('',#2467,1000.);
#248=VECTOR('',#2472,1000.);
#249=VECTOR('',#2477,1000.);
#250=VECTOR('',#2478,1000.);
#251=VECTOR('',#2479,1000.);
#252=VECTOR('',#2484,1000.);
#253=VECTOR('',#2489,1000.);
#254=VECTOR('',#2490,1000.);
#255=VECTOR('',#2491,1000.);
#256=VECTOR('',#2492,1000.);
#257=VECTOR('',#2497,1000.);
#258=VECTOR('',#2502,1000.);
#259=VECTOR('',#2503,1000.);
#260=VECTOR('',#2504,1000.);
#261=VECTOR('',#2509,1000.);
#262=VECTOR('',#2512,1000.);
#263=VECTOR('',#2515,1000.);
#264=VECTOR('',#2516,1000.);
#265=VECTOR('',#2517,1000.);
#266=VECTOR('',#2522,1000.);
#267=VECTOR('',#2529,1000.);
#268=VECTOR('',#2532,1000.);
#269=VECTOR('',#2535,1000.);
#270=VECTOR('',#2536,1000.);
#271=VECTOR('',#2537,1000.);
#272=VECTOR('',#2542,1000.);
#273=VECTOR('',#2547,1000.);
#274=VECTOR('',#2548,1000.);
#275=VECTOR('',#2549,1000.);
#276=VECTOR('',#2550,1000.);
#277=VECTOR('',#2555,1000.);
#278=VECTOR('',#2560,1000.);
#279=VECTOR('',#2561,1000.);
#280=VECTOR('',#2562,1000.);
#281=VECTOR('',#2571,1000.);
#282=VECTOR('',#2572,1000.);
#283=VECTOR('',#2581,1000.);
#284=VECTOR('',#2582,1000.);
#285=VECTOR('',#2591,1000.);
#286=VECTOR('',#2592,1000.);
#287=VECTOR('',#2759,1000.);
#288=VECTOR('',#2760,1000.);
#289=VECTOR('',#2763,1000.);
#290=VECTOR('',#2766,1000.);
#291=VECTOR('',#2769,1000.);
#292=VECTOR('',#2772,1000.);
#293=VECTOR('',#2785,1000.);
#294=VECTOR('',#2786,1000.);
#295=VECTOR('',#2789,1000.);
#296=VECTOR('',#2792,1000.);
#297=VECTOR('',#2795,1000.);
#298=VECTOR('',#2798,1000.);
#299=PLANE('',#2033);
#300=PLANE('',#2035);
#301=PLANE('',#2045);
#302=PLANE('',#2047);
#303=PLANE('',#2050);
#304=PLANE('',#2053);
#305=PLANE('',#2062);
#306=PLANE('',#2065);
#307=PLANE('',#2068);
#308=PLANE('',#2073);
#309=PLANE('',#2076);
#310=PLANE('',#2087);
#311=PLANE('',#2088);
#312=PLANE('',#2093);
#313=PLANE('',#2094);
#314=PLANE('',#2099);
#315=PLANE('',#2100);
#316=PLANE('',#2105);
#317=PLANE('',#2109);
#318=PLANE('',#2113);
#319=PLANE('',#2117);
#320=PLANE('',#2121);
#321=PLANE('',#2125);
#322=PLANE('',#2132);
#323=PLANE('',#2136);
#324=PLANE('',#2140);
#325=PLANE('',#2144);
#326=PLANE('',#2148);
#327=PLANE('',#2152);
#328=PLANE('',#2153);
#329=PLANE('',#2154);
#330=PLANE('',#2159);
#331=PLANE('',#2160);
#332=PLANE('',#2161);
#333=PLANE('',#2175);
#334=PLANE('',#2179);
#335=PLANE('',#2191);
#336=PLANE('',#2195);
#337=PLANE('',#2199);
#338=PLANE('',#2203);
#339=PLANE('',#2226);
#340=PLANE('',#2232);
#341=PLANE('',#2235);
#342=PLANE('',#2236);
#343=PLANE('',#2237);
#344=PLANE('',#2238);
#345=PLANE('',#2239);
#346=PLANE('',#2240);
#347=PLANE('',#2243);
#348=PLANE('',#2245);
#349=PLANE('',#2246);
#350=PLANE('',#2247);
#351=PLANE('',#2248);
#352=PLANE('',#2249);
#353=PLANE('',#2250);
#354=PLANE('',#2251);
#355=PLANE('',#2258);
#356=B_SPLINE_CURVE_WITH_KNOTS('',3,(#2830,#2831,#2832,#2833),
 .UNSPECIFIED.,.F.,.F.,(4,4),(0.0390297465387816,0.0407340517923435),
 .UNSPECIFIED.);
#357=B_SPLINE_CURVE_WITH_KNOTS('',3,(#2837,#2838,#2839,#2840),
 .UNSPECIFIED.,.F.,.F.,(4,4),(1.93947980722443E-18,0.00170452513700044),
 .UNSPECIFIED.);
#358=B_SPLINE_CURVE_WITH_KNOTS('',3,(#2849,#2850,#2851,#2852,#2853,#2854,
#2855),.UNSPECIFIED.,.F.,.F.,(4,1,1,1,4),(0.,0.00387980387958582,0.00775960775917163,
0.0116394116387574,0.0155192155183433),.UNSPECIFIED.);
#359=B_SPLINE_CURVE_WITH_KNOTS('',3,(#2863,#2864,#2865,#2866,#2867,#2868,
#2869),.UNSPECIFIED.,.F.,.F.,(4,1,1,1,4),(0.,0.00387980387958582,0.00775960775917164,
0.0116394116387575,0.0155192155183433),.UNSPECIFIED.);
#360=B_SPLINE_CURVE_WITH_KNOTS('',3,(#2873,#2874,#2875,#2876),
 .UNSPECIFIED.,.F.,.F.,(4,4),(0.,0.000645666814676848),.UNSPECIFIED.);
#361=B_SPLINE_CURVE_WITH_KNOTS('',3,(#2883,#2884,#2885,#2886,#2887),
 .UNSPECIFIED.,.F.,.F.,(4,1,4),(0.,0.00520767184715227,0.0104153436943045),
 .UNSPECIFIED.);
#362=B_SPLINE_CURVE_WITH_KNOTS('',3,(#2891,#2892,#2893,#2894,#2895),
 .UNSPECIFIED.,.F.,.F.,(4,1,4),(0.0303421599473374,0.0355523433782902,0.0407625268092431),
 .UNSPECIFIED.);
#363=B_SPLINE_CURVE_WITH_KNOTS('',3,(#2906,#2907,#2908,#2909,#2910,#2911),
 .UNSPECIFIED.,.F.,.F.,(4,1,1,4),(4.98261384108449E-18,0.00267813610939789,
0.00401720416409683,0.00535627221879577),.UNSPECIFIED.);
#364=B_SPLINE_CURVE_WITH_KNOTS('',3,(#2915,#2916,#2917,#2918,#2919,#2920),
 .UNSPECIFIED.,.F.,.F.,(4,1,1,4),(0.,0.00134254970207682,0.00268509940415363,
0.00537019880830726),.UNSPECIFIED.);
#365=B_SPLINE_CURVE_WITH_KNOTS('',3,(#2933,#2934,#2935,#2936,#2937,#2938,
#2939,#2940,#2941,#2942,#2943,#2944,#2945,#2946),.UNSPECIFIED.,.F.,.F.,
(4,1,1,1,1,1,1,1,1,1,1,4),(0.,0.00329851900236206,0.00659703800472413,0.00824629750590516,
0.00989555700708619,0.0115448165082672,0.0131940760094483,0.0148433355106293,
0.0164925950118103,0.0197911140141724,0.0230896330165345,0.0263881520188965),
 .UNSPECIFIED.);
#366=B_SPLINE_CURVE_WITH_KNOTS('',3,(#2947,#2948,#2949,#2950,#2951,#2952,
#2953,#2954,#2955,#2956,#2957,#2958,#2959,#2960),.UNSPECIFIED.,.F.,.F.,
(4,1,1,1,1,1,1,1,1,1,1,4),(0.,0.0032978560191388,0.0065957120382776,0.0098935680574164,
0.0115424960669858,0.0131914240765552,0.0148403520861246,0.016489280095694,
0.0181382081052634,0.0197871361148328,0.0230849921339716,0.0263828481531104),
 .UNSPECIFIED.);
#367=B_SPLINE_CURVE_WITH_KNOTS('',3,(#2962,#2963,#2964,#2965),
 .UNSPECIFIED.,.F.,.F.,(4,4),(0.,0.000645666814676827),.UNSPECIFIED.);
#368=B_SPLINE_CURVE_WITH_KNOTS('',3,(#2997,#2998,#2999,#3000,#3001,#3002,
#3003,#3004,#3005),.UNSPECIFIED.,.F.,.F.,(4,1,1,1,1,1,4),(0.,0.00225607452302308,
0.00451214904604616,0.00676822356906924,0.00902429809209232,0.0135364471381385,
0.0180485961841846),.UNSPECIFIED.);
#369=B_SPLINE_CURVE_WITH_KNOTS('',3,(#3008,#3009,#3010,#3011,#3012,#3013,
#3014,#3015,#3016),.UNSPECIFIED.,.F.,.F.,(4,1,1,1,1,1,4),(0.,0.00449330928648363,
0.00898661857296727,0.0112332732162091,0.0134799278594509,0.0157265825026927,
0.0179732371459345),.UNSPECIFIED.);
#370=B_SPLINE_CURVE_WITH_KNOTS('',3,(#3444,#3445,#3446,#3447,#3448),
 .UNSPECIFIED.,.F.,.F.,(4,1,4),(2.55653736520201E-7,0.0050086688740901,
0.0100170820944437),.UNSPECIFIED.);
#371=B_SPLINE_CURVE_WITH_KNOTS('',3,(#3451,#3452,#3453,#3454,#3455),
 .UNSPECIFIED.,.F.,.F.,(4,1,4),(2.04456107334092E-7,0.00500861772811298,
0.0100170310001186),.UNSPECIFIED.);
#372=B_SPLINE_CURVE_WITH_KNOTS('',3,(#3457,#3458,#3459,#3460,#3461),
 .UNSPECIFIED.,.F.,.F.,(4,1,4),(2.19300078054847E-7,0.00500863255710881,
0.0100170458141396),.UNSPECIFIED.);
#373=B_SPLINE_CURVE_WITH_KNOTS('',3,(#3463,#3464,#3465,#3466,#3467),
 .UNSPECIFIED.,.F.,.F.,(4,1,4),(2.5565373651575E-7,0.00500866887409009,
0.0100170820944437),.UNSPECIFIED.);
#374=B_SPLINE_CURVE_WITH_KNOTS('',3,(#3469,#3470,#3471,#3472,#3473),
 .UNSPECIFIED.,.F.,.F.,(4,1,4),(2.04456107335002E-7,0.00500861772811298,
0.0100170310001186),.UNSPECIFIED.);
#375=B_SPLINE_CURVE_WITH_KNOTS('',3,(#3475,#3476,#3477,#3478,#3479),
 .UNSPECIFIED.,.F.,.F.,(4,1,4),(2.19300078068967E-7,0.00500863255710884,
0.0100170458141396),.UNSPECIFIED.);
#376=B_SPLINE_CURVE_WITH_KNOTS('',3,(#3496,#3497,#3498,#3499,#3500,#3501,
#3502),.UNSPECIFIED.,.F.,.F.,(4,1,1,1,4),(2.77926148461627E-7,0.00258267236773383,
0.0051650668093192,0.00774746125090457,0.0103298556924899),
 .UNSPECIFIED.);
#377=B_SPLINE_CURVE_WITH_KNOTS('',3,(#3508,#3509,#3510,#3511,#3512,#3513,
#3514),.UNSPECIFIED.,.F.,.F.,(4,1,1,1,4),(2.38433536655467E-7,0.0025826037563836,
0.00516496907923055,0.00774733440207749,0.0103296997249244),
 .UNSPECIFIED.);
#378=B_SPLINE_CURVE_WITH_KNOTS('',3,(#3518,#3519,#3520,#3521,#3522,#3523,
#3524),.UNSPECIFIED.,.F.,.F.,(4,1,1,1,4),(2.22298158835617E-7,0.00258251797577329,
0.00516481365338774,0.00774710933100219,0.0103294050086166),
 .UNSPECIFIED.);
#379=B_SPLINE_CURVE_WITH_KNOTS('',3,(#3528,#3529,#3530,#3531,#3532,#3533,
#3534),.UNSPECIFIED.,.F.,.F.,(4,1,1,1,4),(2.77935513727697E-7,0.00258253270747105,
0.00516478747942837,0.00774704225138569,0.010329297023343),
 .UNSPECIFIED.);
#380=B_SPLINE_CURVE_WITH_KNOTS('',3,(#3538,#3539,#3540,#3541,#3542,#3543,
#3544),.UNSPECIFIED.,.F.,.F.,(4,1,1,1,4),(2.38385069199674E-7,0.00258252257337645,
0.00516480676168371,0.00774709094999096,0.0103293751382982),
 .UNSPECIFIED.);
#381=B_SPLINE_CURVE_WITH_KNOTS('',3,(#3546,#3547,#3548,#3549,#3550,#3551,
#3552),.UNSPECIFIED.,.F.,.F.,(4,1,1,1,4),(2.22245482072329E-7,0.00258257645698452,
0.00516493066848696,0.0077472848799894,0.0103296390914918),
 .UNSPECIFIED.);
#382=B_SPLINE_CURVE_WITH_KNOTS('',3,(#3559,#3560,#3561,#3562,#3563,#3564,
#3565),.UNSPECIFIED.,.F.,.F.,(4,1,1,1,4),(0.0133800384476035,0.0159871638938227,
0.0185942893400418,0.021201414786261,0.0238085402324801),.UNSPECIFIED.);
#383=B_SPLINE_CURVE_WITH_KNOTS('',3,(#3570,#3571,#3572,#3573,#3574),
 .UNSPECIFIED.,.F.,.F.,(4,1,4),(0.0106167189391638,0.015681210053837,0.0207457011685102),
 .UNSPECIFIED.);
#384=B_SPLINE_CURVE_WITH_KNOTS('',3,(#3578,#3579,#3580,#3581,#3582,#3583,
#3584),.UNSPECIFIED.,.F.,.F.,(4,1,1,1,4),(2.54079220368029E-7,0.00258287735946011,
0.00516550063969985,0.00774812391993958,0.0103307472001793),
 .UNSPECIFIED.);
#385=B_SPLINE_CURVE_WITH_KNOTS('',3,(#3586,#3587,#3588,#3589,#3590),
 .UNSPECIFIED.,.F.,.F.,(4,1,4),(2.34108641851205E-7,0.0050085124687742,
0.0100167908289066),.UNSPECIFIED.);
#386=B_SPLINE_CURVE_WITH_KNOTS('',3,(#3594,#3595,#3596,#3597,#3598,#3599,
#3600),.UNSPECIFIED.,.F.,.F.,(4,1,1,1,4),(2.54152727097427E-7,0.00258207704919079,
0.00516389994565448,0.00774572284211817,0.0103275457385819),
 .UNSPECIFIED.);
#387=B_SPLINE_CURVE_WITH_KNOTS('',3,(#3602,#3603,#3604,#3605,#3606),
 .UNSPECIFIED.,.F.,.F.,(4,1,4),(2.34019650326221E-7,0.00500840246946249,
0.0100165709192747),.UNSPECIFIED.);
#388=B_SPLINE_CURVE_WITH_KNOTS('',3,(#3610,#3611,#3612,#3613,#3614,#3615,
#3616,#3617),.UNSPECIFIED.,.F.,.F.,(4,1,1,1,1,4),(0.0133776154053392,0.0159830919576555,
0.0185885685099718,0.0198913067861299,0.0211940450622881,0.0237995216146043),
 .UNSPECIFIED.);
#389=B_SPLINE_CURVE_WITH_KNOTS('',3,(#3619,#3620,#3621,#3622,#3623),
 .UNSPECIFIED.,.F.,.F.,(4,1,4),(0.0106096848776837,0.0156734714971768,0.0207372581166698),
 .UNSPECIFIED.);
#390=B_SPLINE_CURVE_WITH_KNOTS('',3,(#3627,#3628,#3629,#3630,#3631,#3632,
#3633),.UNSPECIFIED.,.F.,.F.,(4,1,1,1,4),(2.54782834363356E-7,0.0025823053025206,
0.00516435582220684,0.00774640634189308,0.0103284568615793),
 .UNSPECIFIED.);
#391=B_SPLINE_CURVE_WITH_KNOTS('',3,(#3635,#3636,#3637,#3638,#3639),
 .UNSPECIFIED.,.F.,.F.,(4,1,4),(2.33966862344614E-7,0.00500880039458265,
0.010017366822303),.UNSPECIFIED.);
#392=B_SPLINE_CURVE_WITH_KNOTS('',3,(#3643,#3644,#3645,#3646,#3647,#3648,
#3649),.UNSPECIFIED.,.F.,.F.,(4,1,1,1,4),(2.54711861958351E-7,0.0025830831142994,
0.00516591151673684,0.00774873991917428,0.0103315683216117),
 .UNSPECIFIED.);
#393=B_SPLINE_CURVE_WITH_KNOTS('',3,(#3650,#3651,#3652,#3653,#3654),
 .UNSPECIFIED.,.F.,.F.,(4,1,4),(2.34056297908957E-7,0.00500889949906233,
0.0100175649418268),.UNSPECIFIED.);
#394=ORIENTED_EDGE('',*,*,#862,.T.);
#395=ORIENTED_EDGE('',*,*,#863,.T.);
#396=ORIENTED_EDGE('',*,*,#864,.T.);
#397=ORIENTED_EDGE('',*,*,#865,.T.);
#398=ORIENTED_EDGE('',*,*,#866,.F.);
#399=ORIENTED_EDGE('',*,*,#867,.T.);
#400=ORIENTED_EDGE('',*,*,#868,.F.);
#401=ORIENTED_EDGE('',*,*,#864,.F.);
#402=ORIENTED_EDGE('',*,*,#869,.T.);
#403=ORIENTED_EDGE('',*,*,#870,.T.);
#404=ORIENTED_EDGE('',*,*,#871,.F.);
#405=ORIENTED_EDGE('',*,*,#872,.T.);
#406=ORIENTED_EDGE('',*,*,#873,.T.);
#407=ORIENTED_EDGE('',*,*,#867,.F.);
#408=ORIENTED_EDGE('',*,*,#874,.T.);
#409=ORIENTED_EDGE('',*,*,#875,.T.);
#410=ORIENTED_EDGE('',*,*,#876,.T.);
#411=ORIENTED_EDGE('',*,*,#877,.T.);
#412=ORIENTED_EDGE('',*,*,#878,.T.);
#413=ORIENTED_EDGE('',*,*,#879,.T.);
#414=ORIENTED_EDGE('',*,*,#880,.T.);
#415=ORIENTED_EDGE('',*,*,#881,.T.);
#416=ORIENTED_EDGE('',*,*,#882,.T.);
#417=ORIENTED_EDGE('',*,*,#883,.F.);
#418=ORIENTED_EDGE('',*,*,#884,.F.);
#419=ORIENTED_EDGE('',*,*,#885,.F.);
#420=ORIENTED_EDGE('',*,*,#886,.F.);
#421=ORIENTED_EDGE('',*,*,#887,.F.);
#422=ORIENTED_EDGE('',*,*,#888,.F.);
#423=ORIENTED_EDGE('',*,*,#889,.F.);
#424=ORIENTED_EDGE('',*,*,#890,.F.);
#425=ORIENTED_EDGE('',*,*,#891,.F.);
#426=ORIENTED_EDGE('',*,*,#892,.T.);
#427=ORIENTED_EDGE('',*,*,#889,.T.);
#428=ORIENTED_EDGE('',*,*,#862,.F.);
#429=ORIENTED_EDGE('',*,*,#893,.T.);
#430=ORIENTED_EDGE('',*,*,#879,.F.);
#431=ORIENTED_EDGE('',*,*,#894,.T.);
#432=ORIENTED_EDGE('',*,*,#895,.T.);
#433=ORIENTED_EDGE('',*,*,#896,.T.);
#434=ORIENTED_EDGE('',*,*,#892,.F.);
#435=ORIENTED_EDGE('',*,*,#897,.T.);
#436=ORIENTED_EDGE('',*,*,#898,.T.);
#437=ORIENTED_EDGE('',*,*,#899,.T.);
#438=ORIENTED_EDGE('',*,*,#900,.T.);
#439=ORIENTED_EDGE('',*,*,#901,.T.);
#440=ORIENTED_EDGE('',*,*,#902,.T.);
#441=ORIENTED_EDGE('',*,*,#903,.T.);
#442=ORIENTED_EDGE('',*,*,#904,.F.);
#443=ORIENTED_EDGE('',*,*,#905,.T.);
#444=ORIENTED_EDGE('',*,*,#906,.T.);
#445=ORIENTED_EDGE('',*,*,#907,.T.);
#446=ORIENTED_EDGE('',*,*,#908,.T.);
#447=ORIENTED_EDGE('',*,*,#909,.T.);
#448=ORIENTED_EDGE('',*,*,#901,.F.);
#449=ORIENTED_EDGE('',*,*,#910,.T.);
#450=ORIENTED_EDGE('',*,*,#872,.F.);
#451=ORIENTED_EDGE('',*,*,#911,.F.);
#452=ORIENTED_EDGE('',*,*,#870,.F.);
#453=ORIENTED_EDGE('',*,*,#912,.T.);
#454=ORIENTED_EDGE('',*,*,#905,.F.);
#455=ORIENTED_EDGE('',*,*,#913,.F.);
#456=ORIENTED_EDGE('',*,*,#914,.T.);
#457=ORIENTED_EDGE('',*,*,#915,.T.);
#458=ORIENTED_EDGE('',*,*,#916,.F.);
#459=ORIENTED_EDGE('',*,*,#885,.T.);
#460=ORIENTED_EDGE('',*,*,#916,.T.);
#461=ORIENTED_EDGE('',*,*,#917,.T.);
#462=ORIENTED_EDGE('',*,*,#918,.F.);
#463=ORIENTED_EDGE('',*,*,#886,.T.);
#464=ORIENTED_EDGE('',*,*,#918,.T.);
#465=ORIENTED_EDGE('',*,*,#919,.T.);
#466=ORIENTED_EDGE('',*,*,#920,.F.);
#467=ORIENTED_EDGE('',*,*,#887,.T.);
#468=ORIENTED_EDGE('',*,*,#921,.F.);
#469=ORIENTED_EDGE('',*,*,#884,.T.);
#470=ORIENTED_EDGE('',*,*,#922,.T.);
#471=ORIENTED_EDGE('',*,*,#868,.T.);
#472=ORIENTED_EDGE('',*,*,#876,.F.);
#473=ORIENTED_EDGE('',*,*,#923,.T.);
#474=ORIENTED_EDGE('',*,*,#924,.T.);
#475=ORIENTED_EDGE('',*,*,#914,.F.);
#476=ORIENTED_EDGE('',*,*,#925,.F.);
#477=ORIENTED_EDGE('',*,*,#891,.T.);
#478=ORIENTED_EDGE('',*,*,#926,.T.);
#479=ORIENTED_EDGE('',*,*,#888,.T.);
#480=ORIENTED_EDGE('',*,*,#920,.T.);
#481=ORIENTED_EDGE('',*,*,#927,.T.);
#482=ORIENTED_EDGE('',*,*,#928,.T.);
#483=ORIENTED_EDGE('',*,*,#897,.F.);
#484=ORIENTED_EDGE('',*,*,#923,.F.);
#485=ORIENTED_EDGE('',*,*,#875,.F.);
#486=ORIENTED_EDGE('',*,*,#929,.F.);
#487=ORIENTED_EDGE('',*,*,#903,.F.);
#488=ORIENTED_EDGE('',*,*,#930,.T.);
#489=ORIENTED_EDGE('',*,*,#931,.F.);
#490=ORIENTED_EDGE('',*,*,#895,.F.);
#491=ORIENTED_EDGE('',*,*,#928,.F.);
#492=ORIENTED_EDGE('',*,*,#932,.T.);
#493=ORIENTED_EDGE('',*,*,#908,.F.);
#494=ORIENTED_EDGE('',*,*,#929,.T.);
#495=ORIENTED_EDGE('',*,*,#874,.F.);
#496=ORIENTED_EDGE('',*,*,#866,.T.);
#497=ORIENTED_EDGE('',*,*,#922,.F.);
#498=ORIENTED_EDGE('',*,*,#883,.T.);
#499=ORIENTED_EDGE('',*,*,#926,.F.);
#500=ORIENTED_EDGE('',*,*,#890,.T.);
#501=ORIENTED_EDGE('',*,*,#896,.F.);
#502=ORIENTED_EDGE('',*,*,#931,.T.);
#503=ORIENTED_EDGE('',*,*,#907,.F.);
#504=ORIENTED_EDGE('',*,*,#933,.T.);
#505=ORIENTED_EDGE('',*,*,#882,.F.);
#506=ORIENTED_EDGE('',*,*,#934,.T.);
#507=ORIENTED_EDGE('',*,*,#899,.F.);
#508=ORIENTED_EDGE('',*,*,#911,.T.);
#509=ORIENTED_EDGE('',*,*,#871,.T.);
#510=ORIENTED_EDGE('',*,*,#913,.T.);
#511=ORIENTED_EDGE('',*,*,#909,.F.);
#512=ORIENTED_EDGE('',*,*,#932,.F.);
#513=ORIENTED_EDGE('',*,*,#927,.F.);
#514=ORIENTED_EDGE('',*,*,#919,.F.);
#515=ORIENTED_EDGE('',*,*,#917,.F.);
#516=ORIENTED_EDGE('',*,*,#915,.F.);
#517=ORIENTED_EDGE('',*,*,#924,.F.);
#518=ORIENTED_EDGE('',*,*,#930,.F.);
#519=ORIENTED_EDGE('',*,*,#902,.F.);
#520=ORIENTED_EDGE('',*,*,#904,.T.);
#521=ORIENTED_EDGE('',*,*,#925,.T.);
#522=ORIENTED_EDGE('',*,*,#898,.F.);
#523=ORIENTED_EDGE('',*,*,#921,.T.);
#524=ORIENTED_EDGE('',*,*,#934,.F.);
#525=ORIENTED_EDGE('',*,*,#881,.F.);
#526=ORIENTED_EDGE('',*,*,#935,.F.);
#527=ORIENTED_EDGE('',*,*,#900,.F.);
#528=ORIENTED_EDGE('',*,*,#873,.F.);
#529=ORIENTED_EDGE('',*,*,#910,.F.);
#530=ORIENTED_EDGE('',*,*,#935,.T.);
#531=ORIENTED_EDGE('',*,*,#880,.F.);
#532=ORIENTED_EDGE('',*,*,#893,.F.);
#533=ORIENTED_EDGE('',*,*,#865,.F.);
#534=ORIENTED_EDGE('',*,*,#933,.F.);
#535=ORIENTED_EDGE('',*,*,#906,.F.);
#536=ORIENTED_EDGE('',*,*,#936,.F.);
#537=ORIENTED_EDGE('',*,*,#877,.F.);
#538=ORIENTED_EDGE('',*,*,#936,.T.);
#539=ORIENTED_EDGE('',*,*,#912,.F.);
#540=ORIENTED_EDGE('',*,*,#869,.F.);
#541=ORIENTED_EDGE('',*,*,#863,.F.);
#542=ORIENTED_EDGE('',*,*,#894,.F.);
#543=ORIENTED_EDGE('',*,*,#878,.F.);
#544=ORIENTED_EDGE('',*,*,#937,.T.);
#545=ORIENTED_EDGE('',*,*,#938,.F.);
#546=ORIENTED_EDGE('',*,*,#937,.F.);
#547=ORIENTED_EDGE('',*,*,#938,.T.);
#548=ORIENTED_EDGE('',*,*,#939,.T.);
#549=ORIENTED_EDGE('',*,*,#940,.F.);
#550=ORIENTED_EDGE('',*,*,#939,.F.);
#551=ORIENTED_EDGE('',*,*,#940,.T.);
#552=ORIENTED_EDGE('',*,*,#941,.T.);
#553=ORIENTED_EDGE('',*,*,#942,.F.);
#554=ORIENTED_EDGE('',*,*,#941,.F.);
#555=ORIENTED_EDGE('',*,*,#942,.T.);
#556=ORIENTED_EDGE('',*,*,#943,.T.);
#557=ORIENTED_EDGE('',*,*,#944,.F.);
#558=ORIENTED_EDGE('',*,*,#945,.F.);
#559=ORIENTED_EDGE('',*,*,#946,.T.);
#560=ORIENTED_EDGE('',*,*,#947,.T.);
#561=ORIENTED_EDGE('',*,*,#948,.F.);
#562=ORIENTED_EDGE('',*,*,#949,.F.);
#563=ORIENTED_EDGE('',*,*,#944,.T.);
#564=ORIENTED_EDGE('',*,*,#950,.T.);
#565=ORIENTED_EDGE('',*,*,#951,.F.);
#566=ORIENTED_EDGE('',*,*,#952,.F.);
#567=ORIENTED_EDGE('',*,*,#948,.T.);
#568=ORIENTED_EDGE('',*,*,#953,.T.);
#569=ORIENTED_EDGE('',*,*,#954,.F.);
#570=ORIENTED_EDGE('',*,*,#955,.F.);
#571=ORIENTED_EDGE('',*,*,#951,.T.);
#572=ORIENTED_EDGE('',*,*,#956,.T.);
#573=ORIENTED_EDGE('',*,*,#957,.F.);
#574=ORIENTED_EDGE('',*,*,#958,.F.);
#575=ORIENTED_EDGE('',*,*,#954,.T.);
#576=ORIENTED_EDGE('',*,*,#959,.T.);
#577=ORIENTED_EDGE('',*,*,#960,.F.);
#578=ORIENTED_EDGE('',*,*,#961,.F.);
#579=ORIENTED_EDGE('',*,*,#957,.T.);
#580=ORIENTED_EDGE('',*,*,#962,.T.);
#581=ORIENTED_EDGE('',*,*,#963,.F.);
#582=ORIENTED_EDGE('',*,*,#964,.F.);
#583=ORIENTED_EDGE('',*,*,#960,.T.);
#584=ORIENTED_EDGE('',*,*,#965,.F.);
#585=ORIENTED_EDGE('',*,*,#966,.F.);
#586=ORIENTED_EDGE('',*,*,#967,.T.);
#587=ORIENTED_EDGE('',*,*,#968,.T.);
#588=ORIENTED_EDGE('',*,*,#969,.F.);
#589=ORIENTED_EDGE('',*,*,#970,.F.);
#590=ORIENTED_EDGE('',*,*,#971,.T.);
#591=ORIENTED_EDGE('',*,*,#966,.T.);
#592=ORIENTED_EDGE('',*,*,#972,.F.);
#593=ORIENTED_EDGE('',*,*,#973,.F.);
#594=ORIENTED_EDGE('',*,*,#974,.T.);
#595=ORIENTED_EDGE('',*,*,#970,.T.);
#596=ORIENTED_EDGE('',*,*,#975,.T.);
#597=ORIENTED_EDGE('',*,*,#976,.F.);
#598=ORIENTED_EDGE('',*,*,#977,.F.);
#599=ORIENTED_EDGE('',*,*,#978,.T.);
#600=ORIENTED_EDGE('',*,*,#979,.T.);
#601=ORIENTED_EDGE('',*,*,#980,.F.);
#602=ORIENTED_EDGE('',*,*,#981,.F.);
#603=ORIENTED_EDGE('',*,*,#976,.T.);
#604=ORIENTED_EDGE('',*,*,#982,.T.);
#605=ORIENTED_EDGE('',*,*,#983,.F.);
#606=ORIENTED_EDGE('',*,*,#984,.F.);
#607=ORIENTED_EDGE('',*,*,#980,.T.);
#608=ORIENTED_EDGE('',*,*,#985,.T.);
#609=ORIENTED_EDGE('',*,*,#986,.F.);
#610=ORIENTED_EDGE('',*,*,#987,.F.);
#611=ORIENTED_EDGE('',*,*,#988,.T.);
#612=ORIENTED_EDGE('',*,*,#989,.T.);
#613=ORIENTED_EDGE('',*,*,#990,.F.);
#614=ORIENTED_EDGE('',*,*,#991,.F.);
#615=ORIENTED_EDGE('',*,*,#986,.T.);
#616=ORIENTED_EDGE('',*,*,#992,.T.);
#617=ORIENTED_EDGE('',*,*,#993,.F.);
#618=ORIENTED_EDGE('',*,*,#994,.F.);
#619=ORIENTED_EDGE('',*,*,#990,.T.);
#620=ORIENTED_EDGE('',*,*,#995,.F.);
#621=ORIENTED_EDGE('',*,*,#996,.F.);
#622=ORIENTED_EDGE('',*,*,#997,.T.);
#623=ORIENTED_EDGE('',*,*,#998,.T.);
#624=ORIENTED_EDGE('',*,*,#999,.F.);
#625=ORIENTED_EDGE('',*,*,#1000,.F.);
#626=ORIENTED_EDGE('',*,*,#1001,.T.);
#627=ORIENTED_EDGE('',*,*,#996,.T.);
#628=ORIENTED_EDGE('',*,*,#1002,.F.);
#629=ORIENTED_EDGE('',*,*,#1003,.F.);
#630=ORIENTED_EDGE('',*,*,#1004,.T.);
#631=ORIENTED_EDGE('',*,*,#1000,.T.);
#632=ORIENTED_EDGE('',*,*,#1005,.F.);
#633=ORIENTED_EDGE('',*,*,#968,.F.);
#634=ORIENTED_EDGE('',*,*,#1006,.T.);
#635=ORIENTED_EDGE('',*,*,#973,.T.);
#636=ORIENTED_EDGE('',*,*,#1007,.T.);
#637=ORIENTED_EDGE('',*,*,#978,.F.);
#638=ORIENTED_EDGE('',*,*,#1008,.F.);
#639=ORIENTED_EDGE('',*,*,#983,.T.);
#640=ORIENTED_EDGE('',*,*,#1009,.F.);
#641=ORIENTED_EDGE('',*,*,#1010,.T.);
#642=ORIENTED_EDGE('',*,*,#1011,.T.);
#643=ORIENTED_EDGE('',*,*,#988,.F.);
#644=ORIENTED_EDGE('',*,*,#1012,.F.);
#645=ORIENTED_EDGE('',*,*,#993,.T.);
#646=ORIENTED_EDGE('',*,*,#1013,.F.);
#647=ORIENTED_EDGE('',*,*,#998,.F.);
#648=ORIENTED_EDGE('',*,*,#1014,.T.);
#649=ORIENTED_EDGE('',*,*,#1003,.T.);
#650=ORIENTED_EDGE('',*,*,#1015,.T.);
#651=ORIENTED_EDGE('',*,*,#946,.F.);
#652=ORIENTED_EDGE('',*,*,#1016,.F.);
#653=ORIENTED_EDGE('',*,*,#963,.T.);
#654=ORIENTED_EDGE('',*,*,#997,.F.);
#655=ORIENTED_EDGE('',*,*,#1001,.F.);
#656=ORIENTED_EDGE('',*,*,#1004,.F.);
#657=ORIENTED_EDGE('',*,*,#1014,.F.);
#658=ORIENTED_EDGE('',*,*,#987,.T.);
#659=ORIENTED_EDGE('',*,*,#991,.T.);
#660=ORIENTED_EDGE('',*,*,#994,.T.);
#661=ORIENTED_EDGE('',*,*,#1012,.T.);
#662=ORIENTED_EDGE('',*,*,#1009,.T.);
#663=ORIENTED_EDGE('',*,*,#977,.T.);
#664=ORIENTED_EDGE('',*,*,#981,.T.);
#665=ORIENTED_EDGE('',*,*,#984,.T.);
#666=ORIENTED_EDGE('',*,*,#1008,.T.);
#667=ORIENTED_EDGE('',*,*,#967,.F.);
#668=ORIENTED_EDGE('',*,*,#971,.F.);
#669=ORIENTED_EDGE('',*,*,#974,.F.);
#670=ORIENTED_EDGE('',*,*,#1006,.F.);
#671=ORIENTED_EDGE('',*,*,#945,.T.);
#672=ORIENTED_EDGE('',*,*,#949,.T.);
#673=ORIENTED_EDGE('',*,*,#952,.T.);
#674=ORIENTED_EDGE('',*,*,#955,.T.);
#675=ORIENTED_EDGE('',*,*,#958,.T.);
#676=ORIENTED_EDGE('',*,*,#961,.T.);
#677=ORIENTED_EDGE('',*,*,#964,.T.);
#678=ORIENTED_EDGE('',*,*,#1016,.T.);
#679=ORIENTED_EDGE('',*,*,#995,.T.);
#680=ORIENTED_EDGE('',*,*,#1013,.T.);
#681=ORIENTED_EDGE('',*,*,#1002,.T.);
#682=ORIENTED_EDGE('',*,*,#999,.T.);
#683=ORIENTED_EDGE('',*,*,#985,.F.);
#684=ORIENTED_EDGE('',*,*,#1011,.F.);
#685=ORIENTED_EDGE('',*,*,#992,.F.);
#686=ORIENTED_EDGE('',*,*,#989,.F.);
#687=ORIENTED_EDGE('',*,*,#1010,.F.);
#688=ORIENTED_EDGE('',*,*,#975,.F.);
#689=ORIENTED_EDGE('',*,*,#1007,.F.);
#690=ORIENTED_EDGE('',*,*,#982,.F.);
#691=ORIENTED_EDGE('',*,*,#979,.F.);
#692=ORIENTED_EDGE('',*,*,#965,.T.);
#693=ORIENTED_EDGE('',*,*,#1005,.T.);
#694=ORIENTED_EDGE('',*,*,#972,.T.);
#695=ORIENTED_EDGE('',*,*,#969,.T.);
#696=ORIENTED_EDGE('',*,*,#943,.F.);
#697=ORIENTED_EDGE('',*,*,#1015,.F.);
#698=ORIENTED_EDGE('',*,*,#962,.F.);
#699=ORIENTED_EDGE('',*,*,#959,.F.);
#700=ORIENTED_EDGE('',*,*,#956,.F.);
#701=ORIENTED_EDGE('',*,*,#953,.F.);
#702=ORIENTED_EDGE('',*,*,#950,.F.);
#703=ORIENTED_EDGE('',*,*,#947,.F.);
#704=ORIENTED_EDGE('',*,*,#1017,.T.);
#705=ORIENTED_EDGE('',*,*,#1018,.F.);
#706=ORIENTED_EDGE('',*,*,#1017,.F.);
#707=ORIENTED_EDGE('',*,*,#1018,.T.);
#708=ORIENTED_EDGE('',*,*,#1019,.T.);
#709=ORIENTED_EDGE('',*,*,#1020,.F.);
#710=ORIENTED_EDGE('',*,*,#1020,.T.);
#711=ORIENTED_EDGE('',*,*,#1019,.F.);
#712=ORIENTED_EDGE('',*,*,#1021,.T.);
#713=ORIENTED_EDGE('',*,*,#1022,.F.);
#714=ORIENTED_EDGE('',*,*,#1023,.T.);
#715=ORIENTED_EDGE('',*,*,#1021,.F.);
#716=ORIENTED_EDGE('',*,*,#1024,.T.);
#717=ORIENTED_EDGE('',*,*,#1023,.F.);
#718=ORIENTED_EDGE('',*,*,#1025,.T.);
#719=ORIENTED_EDGE('',*,*,#1024,.F.);
#720=ORIENTED_EDGE('',*,*,#1026,.T.);
#721=ORIENTED_EDGE('',*,*,#1025,.F.);
#722=ORIENTED_EDGE('',*,*,#1027,.T.);
#723=ORIENTED_EDGE('',*,*,#1026,.F.);
#724=ORIENTED_EDGE('',*,*,#1028,.T.);
#725=ORIENTED_EDGE('',*,*,#1027,.F.);
#726=ORIENTED_EDGE('',*,*,#1029,.T.);
#727=ORIENTED_EDGE('',*,*,#1028,.F.);
#728=ORIENTED_EDGE('',*,*,#1030,.T.);
#729=ORIENTED_EDGE('',*,*,#1029,.F.);
#730=ORIENTED_EDGE('',*,*,#1031,.T.);
#731=ORIENTED_EDGE('',*,*,#1030,.F.);
#732=ORIENTED_EDGE('',*,*,#1032,.T.);
#733=ORIENTED_EDGE('',*,*,#1031,.F.);
#734=ORIENTED_EDGE('',*,*,#1033,.T.);
#735=ORIENTED_EDGE('',*,*,#1032,.F.);
#736=ORIENTED_EDGE('',*,*,#1034,.T.);
#737=ORIENTED_EDGE('',*,*,#1033,.F.);
#738=ORIENTED_EDGE('',*,*,#1035,.T.);
#739=ORIENTED_EDGE('',*,*,#1034,.F.);
#740=ORIENTED_EDGE('',*,*,#1036,.T.);
#741=ORIENTED_EDGE('',*,*,#1035,.F.);
#742=ORIENTED_EDGE('',*,*,#1037,.T.);
#743=ORIENTED_EDGE('',*,*,#1036,.F.);
#744=ORIENTED_EDGE('',*,*,#1038,.T.);
#745=ORIENTED_EDGE('',*,*,#1037,.F.);
#746=ORIENTED_EDGE('',*,*,#1039,.T.);
#747=ORIENTED_EDGE('',*,*,#1038,.F.);
#748=ORIENTED_EDGE('',*,*,#1040,.T.);
#749=ORIENTED_EDGE('',*,*,#1039,.F.);
#750=ORIENTED_EDGE('',*,*,#1022,.T.);
#751=ORIENTED_EDGE('',*,*,#1040,.F.);
#752=ORIENTED_EDGE('',*,*,#1041,.F.);
#753=ORIENTED_EDGE('',*,*,#1042,.T.);
#754=ORIENTED_EDGE('',*,*,#1043,.F.);
#755=ORIENTED_EDGE('',*,*,#1041,.T.);
#756=ORIENTED_EDGE('',*,*,#1044,.F.);
#757=ORIENTED_EDGE('',*,*,#1043,.T.);
#758=ORIENTED_EDGE('',*,*,#1045,.F.);
#759=ORIENTED_EDGE('',*,*,#1044,.T.);
#760=ORIENTED_EDGE('',*,*,#1046,.F.);
#761=ORIENTED_EDGE('',*,*,#1045,.T.);
#762=ORIENTED_EDGE('',*,*,#1047,.F.);
#763=ORIENTED_EDGE('',*,*,#1046,.T.);
#764=ORIENTED_EDGE('',*,*,#1048,.F.);
#765=ORIENTED_EDGE('',*,*,#1047,.T.);
#766=ORIENTED_EDGE('',*,*,#1042,.F.);
#767=ORIENTED_EDGE('',*,*,#1048,.T.);
#768=ORIENTED_EDGE('',*,*,#1049,.T.);
#769=ORIENTED_EDGE('',*,*,#1050,.F.);
#770=ORIENTED_EDGE('',*,*,#1051,.F.);
#771=ORIENTED_EDGE('',*,*,#1052,.F.);
#772=ORIENTED_EDGE('',*,*,#1053,.F.);
#773=ORIENTED_EDGE('',*,*,#1054,.F.);
#774=ORIENTED_EDGE('',*,*,#1055,.F.);
#775=ORIENTED_EDGE('',*,*,#1056,.F.);
#776=ORIENTED_EDGE('',*,*,#1057,.F.);
#777=ORIENTED_EDGE('',*,*,#1056,.T.);
#778=ORIENTED_EDGE('',*,*,#1058,.F.);
#779=ORIENTED_EDGE('',*,*,#1057,.T.);
#780=ORIENTED_EDGE('',*,*,#1059,.F.);
#781=ORIENTED_EDGE('',*,*,#1058,.T.);
#782=ORIENTED_EDGE('',*,*,#1049,.F.);
#783=ORIENTED_EDGE('',*,*,#1059,.T.);
#784=ORIENTED_EDGE('',*,*,#1060,.F.);
#785=ORIENTED_EDGE('',*,*,#1061,.T.);
#786=ORIENTED_EDGE('',*,*,#1062,.T.);
#787=ORIENTED_EDGE('',*,*,#1050,.T.);
#788=ORIENTED_EDGE('',*,*,#1063,.F.);
#789=ORIENTED_EDGE('',*,*,#1064,.T.);
#790=ORIENTED_EDGE('',*,*,#1060,.T.);
#791=ORIENTED_EDGE('',*,*,#1055,.T.);
#792=ORIENTED_EDGE('',*,*,#1065,.F.);
#793=ORIENTED_EDGE('',*,*,#1066,.T.);
#794=ORIENTED_EDGE('',*,*,#1063,.T.);
#795=ORIENTED_EDGE('',*,*,#1054,.T.);
#796=ORIENTED_EDGE('',*,*,#1067,.F.);
#797=ORIENTED_EDGE('',*,*,#1068,.T.);
#798=ORIENTED_EDGE('',*,*,#1065,.T.);
#799=ORIENTED_EDGE('',*,*,#1053,.T.);
#800=ORIENTED_EDGE('',*,*,#1069,.F.);
#801=ORIENTED_EDGE('',*,*,#1070,.T.);
#802=ORIENTED_EDGE('',*,*,#1067,.T.);
#803=ORIENTED_EDGE('',*,*,#1052,.T.);
#804=ORIENTED_EDGE('',*,*,#1062,.F.);
#805=ORIENTED_EDGE('',*,*,#1071,.T.);
#806=ORIENTED_EDGE('',*,*,#1069,.T.);
#807=ORIENTED_EDGE('',*,*,#1051,.T.);
#808=ORIENTED_EDGE('',*,*,#1072,.F.);
#809=ORIENTED_EDGE('',*,*,#1066,.F.);
#810=ORIENTED_EDGE('',*,*,#1068,.F.);
#811=ORIENTED_EDGE('',*,*,#1070,.F.);
#812=ORIENTED_EDGE('',*,*,#1071,.F.);
#813=ORIENTED_EDGE('',*,*,#1061,.F.);
#814=ORIENTED_EDGE('',*,*,#1064,.F.);
#815=ORIENTED_EDGE('',*,*,#1072,.T.);
#816=ORIENTED_EDGE('',*,*,#1073,.F.);
#817=ORIENTED_EDGE('',*,*,#1074,.T.);
#818=ORIENTED_EDGE('',*,*,#1075,.F.);
#819=ORIENTED_EDGE('',*,*,#1076,.F.);
#820=ORIENTED_EDGE('',*,*,#1077,.F.);
#821=ORIENTED_EDGE('',*,*,#1076,.T.);
#822=ORIENTED_EDGE('',*,*,#1078,.F.);
#823=ORIENTED_EDGE('',*,*,#1079,.F.);
#824=ORIENTED_EDGE('',*,*,#1080,.F.);
#825=ORIENTED_EDGE('',*,*,#1079,.T.);
#826=ORIENTED_EDGE('',*,*,#1081,.F.);
#827=ORIENTED_EDGE('',*,*,#1082,.F.);
#828=ORIENTED_EDGE('',*,*,#1083,.F.);
#829=ORIENTED_EDGE('',*,*,#1082,.T.);
#830=ORIENTED_EDGE('',*,*,#1084,.F.);
#831=ORIENTED_EDGE('',*,*,#1085,.F.);
#832=ORIENTED_EDGE('',*,*,#1086,.F.);
#833=ORIENTED_EDGE('',*,*,#1085,.T.);
#834=ORIENTED_EDGE('',*,*,#1087,.F.);
#835=ORIENTED_EDGE('',*,*,#1088,.F.);
#836=ORIENTED_EDGE('',*,*,#1089,.F.);
#837=ORIENTED_EDGE('',*,*,#1088,.T.);
#838=ORIENTED_EDGE('',*,*,#1090,.F.);
#839=ORIENTED_EDGE('',*,*,#1074,.F.);
#840=ORIENTED_EDGE('',*,*,#1091,.T.);
#841=ORIENTED_EDGE('',*,*,#1092,.T.);
#842=ORIENTED_EDGE('',*,*,#1093,.F.);
#843=ORIENTED_EDGE('',*,*,#1078,.T.);
#844=ORIENTED_EDGE('',*,*,#1075,.T.);
#845=ORIENTED_EDGE('',*,*,#1090,.T.);
#846=ORIENTED_EDGE('',*,*,#1087,.T.);
#847=ORIENTED_EDGE('',*,*,#1084,.T.);
#848=ORIENTED_EDGE('',*,*,#1081,.T.);
#849=ORIENTED_EDGE('',*,*,#1094,.T.);
#850=ORIENTED_EDGE('',*,*,#1091,.F.);
#851=ORIENTED_EDGE('',*,*,#1095,.T.);
#852=ORIENTED_EDGE('',*,*,#1094,.F.);
#853=ORIENTED_EDGE('',*,*,#1093,.T.);
#854=ORIENTED_EDGE('',*,*,#1095,.F.);
#855=ORIENTED_EDGE('',*,*,#1086,.T.);
#856=ORIENTED_EDGE('',*,*,#1089,.T.);
#857=ORIENTED_EDGE('',*,*,#1073,.T.);
#858=ORIENTED_EDGE('',*,*,#1077,.T.);
#859=ORIENTED_EDGE('',*,*,#1080,.T.);
#860=ORIENTED_EDGE('',*,*,#1083,.T.);
#861=ORIENTED_EDGE('',*,*,#1092,.F.);
#862=EDGE_CURVE('',#1096,#1097,#1270,.T.);
#863=EDGE_CURVE('',#1097,#1098,#356,.T.);
#864=EDGE_CURVE('',#1098,#1099,#1271,.T.);
#865=EDGE_CURVE('',#1099,#1096,#357,.T.);
#866=EDGE_CURVE('',#1100,#1101,#111,.T.);
#867=EDGE_CURVE('',#1100,#1102,#1272,.T.);
#868=EDGE_CURVE('',#1101,#1102,#112,.T.);
#869=EDGE_CURVE('',#1098,#1103,#358,.T.);
#870=EDGE_CURVE('',#1103,#1104,#113,.F.);
#871=EDGE_CURVE('',#1105,#1104,#114,.T.);
#872=EDGE_CURVE('',#1105,#1106,#115,.F.);
#873=EDGE_CURVE('',#1106,#1099,#359,.F.);
#874=EDGE_CURVE('',#1100,#1107,#101,.F.);
#875=EDGE_CURVE('',#1107,#1108,#360,.T.);
#876=EDGE_CURVE('',#1108,#1102,#116,.T.);
#877=EDGE_CURVE('',#1109,#1110,#117,.T.);
#878=EDGE_CURVE('',#1110,#1111,#361,.T.);
#879=EDGE_CURVE('',#1111,#1112,#1273,.T.);
#880=EDGE_CURVE('',#1112,#1113,#362,.T.);
#881=EDGE_CURVE('',#1113,#1114,#118,.F.);
#882=EDGE_CURVE('',#1114,#1109,#102,.T.);
#883=EDGE_CURVE('',#1115,#1116,#103,.T.);
#884=EDGE_CURVE('',#1117,#1115,#119,.F.);
#885=EDGE_CURVE('',#1118,#1117,#363,.T.);
#886=EDGE_CURVE('',#1119,#1118,#1274,.T.);
#887=EDGE_CURVE('',#1120,#1119,#364,.T.);
#888=EDGE_CURVE('',#1116,#1120,#120,.T.);
#889=EDGE_CURVE('',#1121,#1121,#1275,.T.);
#890=EDGE_CURVE('',#1122,#1123,#121,.T.);
#891=EDGE_CURVE('',#1124,#1122,#122,.T.);
#892=EDGE_CURVE('',#1124,#1123,#1276,.T.);
#893=EDGE_CURVE('',#1096,#1112,#365,.T.);
#894=EDGE_CURVE('',#1111,#1097,#366,.T.);
#895=EDGE_CURVE('',#1125,#1126,#367,.T.);
#896=EDGE_CURVE('',#1126,#1123,#104,.F.);
#897=EDGE_CURVE('',#1124,#1125,#123,.F.);
#898=EDGE_CURVE('',#1127,#1127,#1277,.T.);
#899=EDGE_CURVE('',#1128,#1129,#124,.T.);
#900=EDGE_CURVE('',#1129,#1130,#125,.F.);
#901=EDGE_CURVE('',#1130,#1131,#126,.T.);
#902=EDGE_CURVE('',#1131,#1132,#127,.T.);
#903=EDGE_CURVE('',#1132,#1128,#1278,.F.);
#904=EDGE_CURVE('',#1133,#1133,#1279,.T.);
#905=EDGE_CURVE('',#1134,#1135,#128,.T.);
#906=EDGE_CURVE('',#1135,#1136,#129,.T.);
#907=EDGE_CURVE('',#1136,#1137,#130,.T.);
#908=EDGE_CURVE('',#1137,#1138,#1280,.F.);
#909=EDGE_CURVE('',#1138,#1134,#131,.T.);
#910=EDGE_CURVE('',#1130,#1106,#368,.T.);
#911=EDGE_CURVE('',#1131,#1105,#105,.F.);
#912=EDGE_CURVE('',#1103,#1135,#369,.T.);
#913=EDGE_CURVE('',#1104,#1134,#106,.F.);
#914=EDGE_CURVE('',#1117,#1139,#132,.T.);
#915=EDGE_CURVE('',#1139,#1140,#107,.F.);
#916=EDGE_CURVE('',#1118,#1140,#133,.T.);
#917=EDGE_CURVE('',#1140,#1141,#134,.T.);
#918=EDGE_CURVE('',#1119,#1141,#135,.T.);
#919=EDGE_CURVE('',#1141,#1142,#108,.F.);
#920=EDGE_CURVE('',#1120,#1142,#136,.T.);
#921=EDGE_CURVE('',#1143,#1143,#1281,.F.);
#922=EDGE_CURVE('',#1115,#1101,#137,.T.);
#923=EDGE_CURVE('',#1108,#1144,#1282,.F.);
#924=EDGE_CURVE('',#1144,#1139,#138,.T.);
#925=EDGE_CURVE('',#1145,#1145,#1283,.F.);
#926=EDGE_CURVE('',#1122,#1116,#139,.T.);
#927=EDGE_CURVE('',#1142,#1146,#140,.T.);
#928=EDGE_CURVE('',#1146,#1125,#1284,.F.);
#929=EDGE_CURVE('',#1128,#1107,#141,.T.);
#930=EDGE_CURVE('',#1132,#1144,#142,.T.);
#931=EDGE_CURVE('',#1126,#1137,#143,.T.);
#932=EDGE_CURVE('',#1146,#1138,#144,.T.);
#933=EDGE_CURVE('',#1136,#1109,#109,.T.);
#934=EDGE_CURVE('',#1114,#1129,#110,.T.);
#935=EDGE_CURVE('',#1130,#1113,#1285,.T.);
#936=EDGE_CURVE('',#1110,#1135,#1286,.T.);
#937=EDGE_CURVE('',#1147,#1147,#1287,.T.);
#938=EDGE_CURVE('',#1148,#1148,#1288,.T.);
#939=EDGE_CURVE('',#1149,#1149,#1289,.T.);
#940=EDGE_CURVE('',#1150,#1150,#1290,.T.);
#941=EDGE_CURVE('',#1151,#1151,#1291,.T.);
#942=EDGE_CURVE('',#1152,#1152,#1292,.T.);
#943=EDGE_CURVE('',#1153,#1154,#1293,.T.);
#944=EDGE_CURVE('',#1155,#1154,#145,.T.);
#945=EDGE_CURVE('',#1156,#1155,#1294,.T.);
#946=EDGE_CURVE('',#1156,#1153,#146,.T.);
#947=EDGE_CURVE('',#1154,#1157,#147,.T.);
#948=EDGE_CURVE('',#1158,#1157,#148,.T.);
#949=EDGE_CURVE('',#1155,#1158,#149,.T.);
#950=EDGE_CURVE('',#1157,#1159,#1295,.T.);
#951=EDGE_CURVE('',#1160,#1159,#150,.T.);
#952=EDGE_CURVE('',#1158,#1160,#1296,.T.);
#953=EDGE_CURVE('',#1159,#1161,#151,.T.);
#954=EDGE_CURVE('',#1162,#1161,#152,.T.);
#955=EDGE_CURVE('',#1160,#1162,#153,.T.);
#956=EDGE_CURVE('',#1161,#1163,#1297,.T.);
#957=EDGE_CURVE('',#1164,#1163,#154,.T.);
#958=EDGE_CURVE('',#1162,#1164,#1298,.T.);
#959=EDGE_CURVE('',#1163,#1165,#155,.T.);
#960=EDGE_CURVE('',#1166,#1165,#156,.T.);
#961=EDGE_CURVE('',#1164,#1166,#157,.T.);
#962=EDGE_CURVE('',#1165,#1167,#1299,.T.);
#963=EDGE_CURVE('',#1168,#1167,#158,.T.);
#964=EDGE_CURVE('',#1166,#1168,#1300,.T.);
#965=EDGE_CURVE('',#1169,#1170,#159,.T.);
#966=EDGE_CURVE('',#1171,#1169,#160,.T.);
#967=EDGE_CURVE('',#1171,#1172,#161,.T.);
#968=EDGE_CURVE('',#1172,#1170,#162,.T.);
#969=EDGE_CURVE('',#1173,#1169,#1301,.T.);
#970=EDGE_CURVE('',#1174,#1173,#163,.T.);
#971=EDGE_CURVE('',#1174,#1171,#1302,.T.);
#972=EDGE_CURVE('',#1175,#1173,#164,.T.);
#973=EDGE_CURVE('',#1176,#1175,#165,.T.);
#974=EDGE_CURVE('',#1176,#1174,#166,.T.);
#975=EDGE_CURVE('',#1177,#1178,#1303,.T.);
#976=EDGE_CURVE('',#1179,#1178,#167,.T.);
#977=EDGE_CURVE('',#1180,#1179,#1304,.T.);
#978=EDGE_CURVE('',#1180,#1177,#168,.T.);
#979=EDGE_CURVE('',#1178,#1181,#169,.T.);
#980=EDGE_CURVE('',#1182,#1181,#170,.T.);
#981=EDGE_CURVE('',#1179,#1182,#171,.T.);
#982=EDGE_CURVE('',#1181,#1183,#1305,.T.);
#983=EDGE_CURVE('',#1184,#1183,#172,.T.);
#984=EDGE_CURVE('',#1182,#1184,#1306,.T.);
#985=EDGE_CURVE('',#1185,#1186,#1307,.T.);
#986=EDGE_CURVE('',#1187,#1186,#173,.T.);
#987=EDGE_CURVE('',#1188,#1187,#1308,.T.);
#988=EDGE_CURVE('',#1188,#1185,#174,.T.);
#989=EDGE_CURVE('',#1186,#1189,#175,.T.);
#990=EDGE_CURVE('',#1190,#1189,#176,.T.);
#991=EDGE_CURVE('',#1187,#1190,#177,.T.);
#992=EDGE_CURVE('',#1189,#1191,#1309,.T.);
#993=EDGE_CURVE('',#1192,#1191,#178,.T.);
#994=EDGE_CURVE('',#1190,#1192,#1310,.T.);
#995=EDGE_CURVE('',#1193,#1194,#179,.T.);
#996=EDGE_CURVE('',#1195,#1193,#180,.T.);
#997=EDGE_CURVE('',#1195,#1196,#181,.T.);
#998=EDGE_CURVE('',#1196,#1194,#182,.T.);
#999=EDGE_CURVE('',#1197,#1193,#1311,.T.);
#1000=EDGE_CURVE('',#1198,#1197,#183,.T.);
#1001=EDGE_CURVE('',#1198,#1195,#1312,.T.);
#1002=EDGE_CURVE('',#1199,#1197,#184,.T.);
#1003=EDGE_CURVE('',#1200,#1199,#185,.T.);
#1004=EDGE_CURVE('',#1200,#1198,#186,.T.);
#1005=EDGE_CURVE('',#1170,#1175,#1313,.T.);
#1006=EDGE_CURVE('',#1172,#1176,#1314,.T.);
#1007=EDGE_CURVE('',#1183,#1177,#187,.T.);
#1008=EDGE_CURVE('',#1184,#1180,#188,.T.);
#1009=EDGE_CURVE('',#1201,#1201,#1315,.T.);
#1010=EDGE_CURVE('',#1202,#1202,#1316,.T.);
#1011=EDGE_CURVE('',#1191,#1185,#189,.T.);
#1012=EDGE_CURVE('',#1192,#1188,#190,.T.);
#1013=EDGE_CURVE('',#1194,#1199,#1317,.T.);
#1014=EDGE_CURVE('',#1196,#1200,#1318,.T.);
#1015=EDGE_CURVE('',#1167,#1153,#191,.T.);
#1016=EDGE_CURVE('',#1168,#1156,#192,.T.);
#1017=EDGE_CURVE('',#1203,#1203,#1319,.T.);
#1018=EDGE_CURVE('',#1204,#1204,#1320,.T.);
#1019=EDGE_CURVE('',#1205,#1205,#1321,.T.);
#1020=EDGE_CURVE('',#1206,#1206,#1322,.T.);
#1021=EDGE_CURVE('',#1207,#1207,#1323,.T.);
#1022=EDGE_CURVE('',#1208,#1208,#1324,.T.);
#1023=EDGE_CURVE('',#1209,#1209,#1325,.T.);
#1024=EDGE_CURVE('',#1210,#1210,#1326,.T.);
#1025=EDGE_CURVE('',#1211,#1211,#1327,.T.);
#1026=EDGE_CURVE('',#1212,#1212,#1328,.T.);
#1027=EDGE_CURVE('',#1213,#1213,#1329,.T.);
#1028=EDGE_CURVE('',#1214,#1214,#1330,.T.);
#1029=EDGE_CURVE('',#1215,#1215,#1331,.T.);
#1030=EDGE_CURVE('',#1216,#1216,#1332,.T.);
#1031=EDGE_CURVE('',#1217,#1217,#1333,.T.);
#1032=EDGE_CURVE('',#1218,#1218,#1334,.T.);
#1033=EDGE_CURVE('',#1219,#1219,#1335,.T.);
#1034=EDGE_CURVE('',#1220,#1220,#1336,.T.);
#1035=EDGE_CURVE('',#1221,#1221,#1337,.T.);
#1036=EDGE_CURVE('',#1222,#1222,#1338,.T.);
#1037=EDGE_CURVE('',#1223,#1223,#1339,.T.);
#1038=EDGE_CURVE('',#1224,#1224,#1340,.T.);
#1039=EDGE_CURVE('',#1225,#1225,#1341,.T.);
#1040=EDGE_CURVE('',#1226,#1226,#1342,.T.);
#1041=EDGE_CURVE('',#1227,#1227,#1343,.T.);
#1042=EDGE_CURVE('',#1228,#1228,#1344,.T.);
#1043=EDGE_CURVE('',#1229,#1229,#1345,.T.);
#1044=EDGE_CURVE('',#1230,#1230,#1346,.T.);
#1045=EDGE_CURVE('',#1231,#1231,#1347,.T.);
#1046=EDGE_CURVE('',#1232,#1232,#1348,.T.);
#1047=EDGE_CURVE('',#1233,#1233,#1349,.T.);
#1048=EDGE_CURVE('',#1234,#1234,#1350,.T.);
#1049=EDGE_CURVE('',#1235,#1235,#1351,.T.);
#1050=EDGE_CURVE('',#1236,#1237,#370,.T.);
#1051=EDGE_CURVE('',#1238,#1236,#371,.T.);
#1052=EDGE_CURVE('',#1239,#1238,#372,.T.);
#1053=EDGE_CURVE('',#1240,#1239,#373,.T.);
#1054=EDGE_CURVE('',#1241,#1240,#374,.T.);
#1055=EDGE_CURVE('',#1237,#1241,#375,.T.);
#1056=EDGE_CURVE('',#1242,#1242,#1352,.T.);
#1057=EDGE_CURVE('',#1243,#1243,#1353,.T.);
#1058=EDGE_CURVE('',#1244,#1244,#1354,.T.);
#1059=EDGE_CURVE('',#1245,#1245,#1355,.T.);
#1060=EDGE_CURVE('',#1246,#1237,#193,.T.);
#1061=EDGE_CURVE('',#1246,#1247,#376,.T.);
#1062=EDGE_CURVE('',#1247,#1236,#194,.T.);
#1063=EDGE_CURVE('',#1248,#1241,#195,.T.);
#1064=EDGE_CURVE('',#1248,#1246,#377,.T.);
#1065=EDGE_CURVE('',#1249,#1240,#196,.T.);
#1066=EDGE_CURVE('',#1249,#1248,#378,.T.);
#1067=EDGE_CURVE('',#1250,#1239,#197,.T.);
#1068=EDGE_CURVE('',#1250,#1249,#379,.T.);
#1069=EDGE_CURVE('',#1251,#1238,#198,.T.);
#1070=EDGE_CURVE('',#1251,#1250,#380,.T.);
#1071=EDGE_CURVE('',#1247,#1251,#381,.T.);
#1072=EDGE_CURVE('',#1252,#1252,#1356,.T.);
#1073=EDGE_CURVE('',#1253,#1254,#382,.T.);
#1074=EDGE_CURVE('',#1253,#1255,#199,.T.);
#1075=EDGE_CURVE('',#1256,#1255,#383,.T.);
#1076=EDGE_CURVE('',#1254,#1256,#200,.T.);
#1077=EDGE_CURVE('',#1254,#1257,#384,.T.);
#1078=EDGE_CURVE('',#1258,#1256,#385,.T.);
#1079=EDGE_CURVE('',#1257,#1258,#201,.T.);
#1080=EDGE_CURVE('',#1257,#1259,#386,.T.);
#1081=EDGE_CURVE('',#1260,#1258,#387,.T.);
#1082=EDGE_CURVE('',#1259,#1260,#202,.T.);
#1083=EDGE_CURVE('',#1259,#1261,#388,.T.);
#1084=EDGE_CURVE('',#1262,#1260,#389,.T.);
#1085=EDGE_CURVE('',#1261,#1262,#203,.T.);
#1086=EDGE_CURVE('',#1261,#1263,#390,.T.);
#1087=EDGE_CURVE('',#1264,#1262,#391,.T.);
#1088=EDGE_CURVE('',#1263,#1264,#204,.T.);
#1089=EDGE_CURVE('',#1263,#1253,#392,.T.);
#1090=EDGE_CURVE('',#1255,#1264,#393,.T.);
#1091=EDGE_CURVE('',#1265,#1265,#1357,.T.);
#1092=EDGE_CURVE('',#1266,#1266,#1358,.T.);
#1093=EDGE_CURVE('',#1267,#1267,#1359,.T.);
#1094=EDGE_CURVE('',#1268,#1268,#1360,.T.);
#1095=EDGE_CURVE('',#1269,#1269,#1361,.T.);
#1096=VERTEX_POINT('',#2828);
#1097=VERTEX_POINT('',#2829);
#1098=VERTEX_POINT('',#2834);
#1099=VERTEX_POINT('',#2836);
#1100=VERTEX_POINT('',#2843);
#1101=VERTEX_POINT('',#2844);
#1102=VERTEX_POINT('',#2846);
#1103=VERTEX_POINT('',#2856);
#1104=VERTEX_POINT('',#2858);
#1105=VERTEX_POINT('',#2860);
#1106=VERTEX_POINT('',#2862);
#1107=VERTEX_POINT('',#2872);
#1108=VERTEX_POINT('',#2877);
#1109=VERTEX_POINT('',#2881);
#1110=VERTEX_POINT('',#2882);
#1111=VERTEX_POINT('',#2888);
#1112=VERTEX_POINT('',#2890);
#1113=VERTEX_POINT('',#2896);
#1114=VERTEX_POINT('',#2898);
#1115=VERTEX_POINT('',#2902);
#1116=VERTEX_POINT('',#2903);
#1117=VERTEX_POINT('',#2905);
#1118=VERTEX_POINT('',#2912);
#1119=VERTEX_POINT('',#2914);
#1120=VERTEX_POINT('',#2921);
#1121=VERTEX_POINT('',#2924);
#1122=VERTEX_POINT('',#2927);
#1123=VERTEX_POINT('',#2928);
#1124=VERTEX_POINT('',#2930);
#1125=VERTEX_POINT('',#2966);
#1126=VERTEX_POINT('',#2967);
#1127=VERTEX_POINT('',#2972);
#1128=VERTEX_POINT('',#2974);
#1129=VERTEX_POINT('',#2975);
#1130=VERTEX_POINT('',#2977);
#1131=VERTEX_POINT('',#2979);
#1132=VERTEX_POINT('',#2981);
#1133=VERTEX_POINT('',#2985);
#1134=VERTEX_POINT('',#2987);
#1135=VERTEX_POINT('',#2988);
#1136=VERTEX_POINT('',#2990);
#1137=VERTEX_POINT('',#2992);
#1138=VERTEX_POINT('',#2994);
#1139=VERTEX_POINT('',#3020);
#1140=VERTEX_POINT('',#3022);
#1141=VERTEX_POINT('',#3026);
#1142=VERTEX_POINT('',#3030);
#1143=VERTEX_POINT('',#3034);
#1144=VERTEX_POINT('',#3037);
#1145=VERTEX_POINT('',#3041);
#1146=VERTEX_POINT('',#3044);
#1147=VERTEX_POINT('',#3167);
#1148=VERTEX_POINT('',#3169);
#1149=VERTEX_POINT('',#3175);
#1150=VERTEX_POINT('',#3177);
#1151=VERTEX_POINT('',#3183);
#1152=VERTEX_POINT('',#3185);
#1153=VERTEX_POINT('',#3191);
#1154=VERTEX_POINT('',#3192);
#1155=VERTEX_POINT('',#3194);
#1156=VERTEX_POINT('',#3196);
#1157=VERTEX_POINT('',#3200);
#1158=VERTEX_POINT('',#3202);
#1159=VERTEX_POINT('',#3206);
#1160=VERTEX_POINT('',#3208);
#1161=VERTEX_POINT('',#3212);
#1162=VERTEX_POINT('',#3214);
#1163=VERTEX_POINT('',#3218);
#1164=VERTEX_POINT('',#3220);
#1165=VERTEX_POINT('',#3224);
#1166=VERTEX_POINT('',#3226);
#1167=VERTEX_POINT('',#3230);
#1168=VERTEX_POINT('',#3232);
#1169=VERTEX_POINT('',#3236);
#1170=VERTEX_POINT('',#3237);
#1171=VERTEX_POINT('',#3239);
#1172=VERTEX_POINT('',#3241);
#1173=VERTEX_POINT('',#3245);
#1174=VERTEX_POINT('',#3247);
#1175=VERTEX_POINT('',#3251);
#1176=VERTEX_POINT('',#3253);
#1177=VERTEX_POINT('',#3257);
#1178=VERTEX_POINT('',#3258);
#1179=VERTEX_POINT('',#3260);
#1180=VERTEX_POINT('',#3262);
#1181=VERTEX_POINT('',#3266);
#1182=VERTEX_POINT('',#3268);
#1183=VERTEX_POINT('',#3272);
#1184=VERTEX_POINT('',#3274);
#1185=VERTEX_POINT('',#3278);
#1186=VERTEX_POINT('',#3279);
#1187=VERTEX_POINT('',#3281);
#1188=VERTEX_POINT('',#3283);
#1189=VERTEX_POINT('',#3287);
#1190=VERTEX_POINT('',#3289);
#1191=VERTEX_POINT('',#3293);
#1192=VERTEX_POINT('',#3295);
#1193=VERTEX_POINT('',#3299);
#1194=VERTEX_POINT('',#3300);
#1195=VERTEX_POINT('',#3302);
#1196=VERTEX_POINT('',#3304);
#1197=VERTEX_POINT('',#3308);
#1198=VERTEX_POINT('',#3310);
#1199=VERTEX_POINT('',#3314);
#1200=VERTEX_POINT('',#3316);
#1201=VERTEX_POINT('',#3326);
#1202=VERTEX_POINT('',#3328);
#1203=VERTEX_POINT('',#3343);
#1204=VERTEX_POINT('',#3345);
#1205=VERTEX_POINT('',#3350);
#1206=VERTEX_POINT('',#3352);
#1207=VERTEX_POINT('',#3357);
#1208=VERTEX_POINT('',#3359);
#1209=VERTEX_POINT('',#3362);
#1210=VERTEX_POINT('',#3365);
#1211=VERTEX_POINT('',#3368);
#1212=VERTEX_POINT('',#3371);
#1213=VERTEX_POINT('',#3374);
#1214=VERTEX_POINT('',#3377);
#1215=VERTEX_POINT('',#3380);
#1216=VERTEX_POINT('',#3383);
#1217=VERTEX_POINT('',#3386);
#1218=VERTEX_POINT('',#3389);
#1219=VERTEX_POINT('',#3392);
#1220=VERTEX_POINT('',#3395);
#1221=VERTEX_POINT('',#3398);
#1222=VERTEX_POINT('',#3401);
#1223=VERTEX_POINT('',#3404);
#1224=VERTEX_POINT('',#3407);
#1225=VERTEX_POINT('',#3410);
#1226=VERTEX_POINT('',#3413);
#1227=VERTEX_POINT('',#3418);
#1228=VERTEX_POINT('',#3420);
#1229=VERTEX_POINT('',#3423);
#1230=VERTEX_POINT('',#3426);
#1231=VERTEX_POINT('',#3429);
#1232=VERTEX_POINT('',#3432);
#1233=VERTEX_POINT('',#3435);
#1234=VERTEX_POINT('',#3438);
#1235=VERTEX_POINT('',#3443);
#1236=VERTEX_POINT('',#3449);
#1237=VERTEX_POINT('',#3450);
#1238=VERTEX_POINT('',#3456);
#1239=VERTEX_POINT('',#3462);
#1240=VERTEX_POINT('',#3468);
#1241=VERTEX_POINT('',#3474);
#1242=VERTEX_POINT('',#3482);
#1243=VERTEX_POINT('',#3485);
#1244=VERTEX_POINT('',#3488);
#1245=VERTEX_POINT('',#3491);
#1246=VERTEX_POINT('',#3495);
#1247=VERTEX_POINT('',#3503);
#1248=VERTEX_POINT('',#3507);
#1249=VERTEX_POINT('',#3517);
#1250=VERTEX_POINT('',#3527);
#1251=VERTEX_POINT('',#3537);
#1252=VERTEX_POINT('',#3555);
#1253=VERTEX_POINT('',#3566);
#1254=VERTEX_POINT('',#3567);
#1255=VERTEX_POINT('',#3569);
#1256=VERTEX_POINT('',#3575);
#1257=VERTEX_POINT('',#3585);
#1258=VERTEX_POINT('',#3591);
#1259=VERTEX_POINT('',#3601);
#1260=VERTEX_POINT('',#3607);
#1261=VERTEX_POINT('',#3618);
#1262=VERTEX_POINT('',#3624);
#1263=VERTEX_POINT('',#3634);
#1264=VERTEX_POINT('',#3640);
#1265=VERTEX_POINT('',#3657);
#1266=VERTEX_POINT('',#3659);
#1267=VERTEX_POINT('',#3662);
#1268=VERTEX_POINT('',#3665);
#1269=VERTEX_POINT('',#3668);
#1270=CIRCLE('',#2031,39.5);
#1271=CIRCLE('',#2032,39.5);
#1272=CIRCLE('',#2034,39.5);
#1273=CIRCLE('',#2039,39.5);
#1274=CIRCLE('',#2043,35.);
#1275=CIRCLE('',#2044,35.);
#1276=CIRCLE('',#2046,39.5);
#1277=CIRCLE('',#2051,6.);
#1278=CIRCLE('',#2052,14.3052130605267);
#1279=CIRCLE('',#2054,6.);
#1280=CIRCLE('',#2055,14.3052130605267);
#1281=CIRCLE('',#2066,6.);
#1282=CIRCLE('',#2067,14.3052130605267);
#1283=CIRCLE('',#2069,6.);
#1284=CIRCLE('',#2070,14.3052130605267);
#1285=CIRCLE('',#2080,8.);
#1286=CIRCLE('',#2082,8.);
#1287=CIRCLE('',#2085,37.5);
#1288=CIRCLE('',#2086,37.5);
#1289=CIRCLE('',#2091,40.);
#1290=CIRCLE('',#2092,40.);
#1291=CIRCLE('',#2097,38.);
#1292=CIRCLE('',#2098,38.);
#1293=CIRCLE('',#2103,12.);
#1294=CIRCLE('',#2104,12.);
#1295=CIRCLE('',#2107,12.);
#1296=CIRCLE('',#2108,12.);
#1297=CIRCLE('',#2111,12.);
#1298=CIRCLE('',#2112,12.);
#1299=CIRCLE('',#2115,12.);
#1300=CIRCLE('',#2116,12.);
#1301=CIRCLE('',#2119,4.5);
#1302=CIRCLE('',#2120,4.5);
#1303=CIRCLE('',#2123,4.5);
#1304=CIRCLE('',#2124,4.5);
#1305=CIRCLE('',#2127,4.5);
#1306=CIRCLE('',#2128,4.5);
#1307=CIRCLE('',#2130,4.5);
#1308=CIRCLE('',#2131,4.5);
#1309=CIRCLE('',#2134,4.5);
#1310=CIRCLE('',#2135,4.5);
#1311=CIRCLE('',#2138,4.5);
#1312=CIRCLE('',#2139,4.5);
#1313=CIRCLE('',#2142,4.5);
#1314=CIRCLE('',#2143,4.5);
#1315=CIRCLE('',#2146,37.75);
#1316=CIRCLE('',#2147,37.75);
#1317=CIRCLE('',#2150,4.5);
#1318=CIRCLE('',#2151,4.5);
#1319=CIRCLE('',#2157,10.);
#1320=CIRCLE('',#2158,10.);
#1321=CIRCLE('',#2162,32.5);
#1322=CIRCLE('',#2163,20.5);
#1323=CIRCLE('',#2167,19.1870579767883);
#1324=CIRCLE('',#2168,17.998478484748);
#1325=CIRCLE('',#2170,30.3756374688288);
#1326=CIRCLE('',#2172,31.998478484748);
#1327=CIRCLE('',#2174,31.998478484748);
#1328=CIRCLE('',#2176,35.998478484748);
#1329=CIRCLE('',#2178,35.998478484748);
#1330=CIRCLE('',#2180,31.998478484748);
#1331=CIRCLE('',#2182,31.998478484748);
#1332=CIRCLE('',#2184,30.3756374688288);
#1333=CIRCLE('',#2186,19.1870579767884);
#1334=CIRCLE('',#2188,17.998478484748);
#1335=CIRCLE('',#2190,17.998478484748);
#1336=CIRCLE('',#2192,13.998478484748);
#1337=CIRCLE('',#2194,13.998478484748);
#1338=CIRCLE('',#2196,5.99847848474801);
#1339=CIRCLE('',#2198,5.99847848474802);
#1340=CIRCLE('',#2200,13.998478484748);
#1341=CIRCLE('',#2202,13.998478484748);
#1342=CIRCLE('',#2204,17.998478484748);
#1343=CIRCLE('',#2208,50.);
#1344=CIRCLE('',#2209,44.8215423474379);
#1345=CIRCLE('',#2211,50.);
#1346=CIRCLE('',#2213,44.8215423474379);
#1347=CIRCLE('',#2215,36.4821542347438);
#1348=CIRCLE('',#2217,36.);
#1349=CIRCLE('',#2219,36.);
#1350=CIRCLE('',#2221,36.4821542347438);
#1351=CIRCLE('',#2225,12.1962445006038);
#1352=CIRCLE('',#2227,5.04);
#1353=CIRCLE('',#2229,5.99999999999999);
#1354=CIRCLE('',#2231,6.);
#1355=CIRCLE('',#2233,11.8143868420681);
#1356=CIRCLE('',#2242,8.32432074263628);
#1357=CIRCLE('',#2252,6.01184199793252);
#1358=CIRCLE('',#2253,8.05313790244042);
#1359=CIRCLE('',#2255,12.1962445006038);
#1360=CIRCLE('',#2257,6.01184199793252);
#1361=CIRCLE('',#2259,11.8143868420681);
#1362=EDGE_LOOP('',(#394,#395,#396,#397));
#1363=EDGE_LOOP('',(#398,#399,#400));
#1364=EDGE_LOOP('',(#401,#402,#403,#404,#405,#406));
#1365=EDGE_LOOP('',(#407,#408,#409,#410));
#1366=EDGE_LOOP('',(#411,#412,#413,#414,#415,#416));
#1367=EDGE_LOOP('',(#417,#418,#419,#420,#421,#422));
#1368=EDGE_LOOP('',(#423));
#1369=EDGE_LOOP('',(#424,#425,#426));
#1370=EDGE_LOOP('',(#427));
#1371=EDGE_LOOP('',(#428,#429,#430,#431));
#1372=EDGE_LOOP('',(#432,#433,#434,#435));
#1373=EDGE_LOOP('',(#436));
#1374=EDGE_LOOP('',(#437,#438,#439,#440,#441));
#1375=EDGE_LOOP('',(#442));
#1376=EDGE_LOOP('',(#443,#444,#445,#446,#447));
#1377=EDGE_LOOP('',(#448,#449,#450,#451));
#1378=EDGE_LOOP('',(#452,#453,#454,#455));
#1379=EDGE_LOOP('',(#456,#457,#458,#459));
#1380=EDGE_LOOP('',(#460,#461,#462,#463));
#1381=EDGE_LOOP('',(#464,#465,#466,#467));
#1382=EDGE_LOOP('',(#468));
#1383=EDGE_LOOP('',(#469,#470,#471,#472,#473,#474,#475));
#1384=EDGE_LOOP('',(#476));
#1385=EDGE_LOOP('',(#477,#478,#479,#480,#481,#482,#483));
#1386=EDGE_LOOP('',(#484,#485,#486,#487,#488));
#1387=EDGE_LOOP('',(#489,#490,#491,#492,#493));
#1388=EDGE_LOOP('',(#494,#495,#496,#497,#498,#499,#500,#501,#502,#503,#504,
#505,#506,#507));
#1389=EDGE_LOOP('',(#508,#509,#510,#511,#512,#513,#514,#515,#516,#517,#518,
#519));
#1390=EDGE_LOOP('',(#520));
#1391=EDGE_LOOP('',(#521));
#1392=EDGE_LOOP('',(#522));
#1393=EDGE_LOOP('',(#523));
#1394=EDGE_LOOP('',(#524,#525,#526,#527));
#1395=EDGE_LOOP('',(#528,#529,#530,#531,#532,#533));
#1396=EDGE_LOOP('',(#534,#535,#536,#537));
#1397=EDGE_LOOP('',(#538,#539,#540,#541,#542,#543));
#1398=EDGE_LOOP('',(#544));
#1399=EDGE_LOOP('',(#545));
#1400=EDGE_LOOP('',(#546));
#1401=EDGE_LOOP('',(#547));
#1402=EDGE_LOOP('',(#548));
#1403=EDGE_LOOP('',(#549));
#1404=EDGE_LOOP('',(#550));
#1405=EDGE_LOOP('',(#551));
#1406=EDGE_LOOP('',(#552));
#1407=EDGE_LOOP('',(#553));
#1408=EDGE_LOOP('',(#554));
#1409=EDGE_LOOP('',(#555));
#1410=EDGE_LOOP('',(#556,#557,#558,#559));
#1411=EDGE_LOOP('',(#560,#561,#562,#563));
#1412=EDGE_LOOP('',(#564,#565,#566,#567));
#1413=EDGE_LOOP('',(#568,#569,#570,#571));
#1414=EDGE_LOOP('',(#572,#573,#574,#575));
#1415=EDGE_LOOP('',(#576,#577,#578,#579));
#1416=EDGE_LOOP('',(#580,#581,#582,#583));
#1417=EDGE_LOOP('',(#584,#585,#586,#587));
#1418=EDGE_LOOP('',(#588,#589,#590,#591));
#1419=EDGE_LOOP('',(#592,#593,#594,#595));
#1420=EDGE_LOOP('',(#596,#597,#598,#599));
#1421=EDGE_LOOP('',(#600,#601,#602,#603));
#1422=EDGE_LOOP('',(#604,#605,#606,#607));
#1423=EDGE_LOOP('',(#608,#609,#610,#611));
#1424=EDGE_LOOP('',(#612,#613,#614,#615));
#1425=EDGE_LOOP('',(#616,#617,#618,#619));
#1426=EDGE_LOOP('',(#620,#621,#622,#623));
#1427=EDGE_LOOP('',(#624,#625,#626,#627));
#1428=EDGE_LOOP('',(#628,#629,#630,#631));
#1429=EDGE_LOOP('',(#632,#633,#634,#635));
#1430=EDGE_LOOP('',(#636,#637,#638,#639));
#1431=EDGE_LOOP('',(#640));
#1432=EDGE_LOOP('',(#641));
#1433=EDGE_LOOP('',(#642,#643,#644,#645));
#1434=EDGE_LOOP('',(#646,#647,#648,#649));
#1435=EDGE_LOOP('',(#650,#651,#652,#653));
#1436=EDGE_LOOP('',(#654,#655,#656,#657));
#1437=EDGE_LOOP('',(#658,#659,#660,#661));
#1438=EDGE_LOOP('',(#662));
#1439=EDGE_LOOP('',(#663,#664,#665,#666));
#1440=EDGE_LOOP('',(#667,#668,#669,#670));
#1441=EDGE_LOOP('',(#671,#672,#673,#674,#675,#676,#677,#678));
#1442=EDGE_LOOP('',(#679,#680,#681,#682));
#1443=EDGE_LOOP('',(#683,#684,#685,#686));
#1444=EDGE_LOOP('',(#687));
#1445=EDGE_LOOP('',(#688,#689,#690,#691));
#1446=EDGE_LOOP('',(#692,#693,#694,#695));
#1447=EDGE_LOOP('',(#696,#697,#698,#699,#700,#701,#702,#703));
#1448=EDGE_LOOP('',(#704));
#1449=EDGE_LOOP('',(#705));
#1450=EDGE_LOOP('',(#706));
#1451=EDGE_LOOP('',(#707));
#1452=EDGE_LOOP('',(#708));
#1453=EDGE_LOOP('',(#709));
#1454=EDGE_LOOP('',(#710));
#1455=EDGE_LOOP('',(#711));
#1456=EDGE_LOOP('',(#712));
#1457=EDGE_LOOP('',(#713));
#1458=EDGE_LOOP('',(#714));
#1459=EDGE_LOOP('',(#715));
#1460=EDGE_LOOP('',(#716));
#1461=EDGE_LOOP('',(#717));
#1462=EDGE_LOOP('',(#718));
#1463=EDGE_LOOP('',(#719));
#1464=EDGE_LOOP('',(#720));
#1465=EDGE_LOOP('',(#721));
#1466=EDGE_LOOP('',(#722));
#1467=EDGE_LOOP('',(#723));
#1468=EDGE_LOOP('',(#724));
#1469=EDGE_LOOP('',(#725));
#1470=EDGE_LOOP('',(#726));
#1471=EDGE_LOOP('',(#727));
#1472=EDGE_LOOP('',(#728));
#1473=EDGE_LOOP('',(#729));
#1474=EDGE_LOOP('',(#730));
#1475=EDGE_LOOP('',(#731));
#1476=EDGE_LOOP('',(#732));
#1477=EDGE_LOOP('',(#733));
#1478=EDGE_LOOP('',(#734));
#1479=EDGE_LOOP('',(#735));
#1480=EDGE_LOOP('',(#736));
#1481=EDGE_LOOP('',(#737));
#1482=EDGE_LOOP('',(#738));
#1483=EDGE_LOOP('',(#739));
#1484=EDGE_LOOP('',(#740));
#1485=EDGE_LOOP('',(#741));
#1486=EDGE_LOOP('',(#742));
#1487=EDGE_LOOP('',(#743));
#1488=EDGE_LOOP('',(#744));
#1489=EDGE_LOOP('',(#745));
#1490=EDGE_LOOP('',(#746));
#1491=EDGE_LOOP('',(#747));
#1492=EDGE_LOOP('',(#748));
#1493=EDGE_LOOP('',(#749));
#1494=EDGE_LOOP('',(#750));
#1495=EDGE_LOOP('',(#751));
#1496=EDGE_LOOP('',(#752));
#1497=EDGE_LOOP('',(#753));
#1498=EDGE_LOOP('',(#754));
#1499=EDGE_LOOP('',(#755));
#1500=EDGE_LOOP('',(#756));
#1501=EDGE_LOOP('',(#757));
#1502=EDGE_LOOP('',(#758));
#1503=EDGE_LOOP('',(#759));
#1504=EDGE_LOOP('',(#760));
#1505=EDGE_LOOP('',(#761));
#1506=EDGE_LOOP('',(#762));
#1507=EDGE_LOOP('',(#763));
#1508=EDGE_LOOP('',(#764));
#1509=EDGE_LOOP('',(#765));
#1510=EDGE_LOOP('',(#766));
#1511=EDGE_LOOP('',(#767));
#1512=EDGE_LOOP('',(#768));
#1513=EDGE_LOOP('',(#769,#770,#771,#772,#773,#774));
#1514=EDGE_LOOP('',(#775));
#1515=EDGE_LOOP('',(#776));
#1516=EDGE_LOOP('',(#777));
#1517=EDGE_LOOP('',(#778));
#1518=EDGE_LOOP('',(#779));
#1519=EDGE_LOOP('',(#780));
#1520=EDGE_LOOP('',(#781));
#1521=EDGE_LOOP('',(#782));
#1522=EDGE_LOOP('',(#783));
#1523=EDGE_LOOP('',(#784,#785,#786,#787));
#1524=EDGE_LOOP('',(#788,#789,#790,#791));
#1525=EDGE_LOOP('',(#792,#793,#794,#795));
#1526=EDGE_LOOP('',(#796,#797,#798,#799));
#1527=EDGE_LOOP('',(#800,#801,#802,#803));
#1528=EDGE_LOOP('',(#804,#805,#806,#807));
#1529=EDGE_LOOP('',(#808));
#1530=EDGE_LOOP('',(#809,#810,#811,#812,#813,#814));
#1531=EDGE_LOOP('',(#815));
#1532=EDGE_LOOP('',(#816,#817,#818,#819));
#1533=EDGE_LOOP('',(#820,#821,#822,#823));
#1534=EDGE_LOOP('',(#824,#825,#826,#827));
#1535=EDGE_LOOP('',(#828,#829,#830,#831));
#1536=EDGE_LOOP('',(#832,#833,#834,#835));
#1537=EDGE_LOOP('',(#836,#837,#838,#839));
#1538=EDGE_LOOP('',(#840));
#1539=EDGE_LOOP('',(#841));
#1540=EDGE_LOOP('',(#842));
#1541=EDGE_LOOP('',(#843,#844,#845,#846,#847,#848));
#1542=EDGE_LOOP('',(#849));
#1543=EDGE_LOOP('',(#850));
#1544=EDGE_LOOP('',(#851));
#1545=EDGE_LOOP('',(#852));
#1546=EDGE_LOOP('',(#853));
#1547=EDGE_LOOP('',(#854));
#1548=EDGE_LOOP('',(#855,#856,#857,#858,#859,#860));
#1549=EDGE_LOOP('',(#861));
#1550=FACE_BOUND('',#1362,.T.);
#1551=FACE_BOUND('',#1363,.T.);
#1552=FACE_BOUND('',#1364,.T.);
#1553=FACE_BOUND('',#1365,.T.);
#1554=FACE_BOUND('',#1366,.T.);
#1555=FACE_BOUND('',#1367,.T.);
#1556=FACE_BOUND('',#1368,.T.);
#1557=FACE_BOUND('',#1369,.T.);
#1558=FACE_BOUND('',#1370,.T.);
#1559=FACE_BOUND('',#1371,.T.);
#1560=FACE_BOUND('',#1372,.T.);
#1561=FACE_BOUND('',#1373,.T.);
#1562=FACE_BOUND('',#1374,.T.);
#1563=FACE_BOUND('',#1375,.T.);
#1564=FACE_BOUND('',#1376,.T.);
#1565=FACE_BOUND('',#1377,.T.);
#1566=FACE_BOUND('',#1378,.T.);
#1567=FACE_BOUND('',#1379,.T.);
#1568=FACE_BOUND('',#1380,.T.);
#1569=FACE_BOUND('',#1381,.T.);
#1570=FACE_BOUND('',#1382,.T.);
#1571=FACE_BOUND('',#1383,.T.);
#1572=FACE_BOUND('',#1384,.T.);
#1573=FACE_BOUND('',#1385,.T.);
#1574=FACE_BOUND('',#1386,.T.);
#1575=FACE_BOUND('',#1387,.T.);
#1576=FACE_BOUND('',#1388,.T.);
#1577=FACE_BOUND('',#1389,.T.);
#1578=FACE_BOUND('',#1390,.T.);
#1579=FACE_BOUND('',#1391,.T.);
#1580=FACE_BOUND('',#1392,.T.);
#1581=FACE_BOUND('',#1393,.T.);
#1582=FACE_BOUND('',#1394,.T.);
#1583=FACE_BOUND('',#1395,.T.);
#1584=FACE_BOUND('',#1396,.T.);
#1585=FACE_BOUND('',#1397,.T.);
#1586=FACE_BOUND('',#1398,.T.);
#1587=FACE_BOUND('',#1399,.T.);
#1588=FACE_BOUND('',#1400,.T.);
#1589=FACE_BOUND('',#1401,.T.);
#1590=FACE_BOUND('',#1402,.T.);
#1591=FACE_BOUND('',#1403,.T.);
#1592=FACE_BOUND('',#1404,.T.);
#1593=FACE_BOUND('',#1405,.T.);
#1594=FACE_BOUND('',#1406,.T.);
#1595=FACE_BOUND('',#1407,.T.);
#1596=FACE_BOUND('',#1408,.T.);
#1597=FACE_BOUND('',#1409,.T.);
#1598=FACE_BOUND('',#1410,.T.);
#1599=FACE_BOUND('',#1411,.T.);
#1600=FACE_BOUND('',#1412,.T.);
#1601=FACE_BOUND('',#1413,.T.);
#1602=FACE_BOUND('',#1414,.T.);
#1603=FACE_BOUND('',#1415,.T.);
#1604=FACE_BOUND('',#1416,.T.);
#1605=FACE_BOUND('',#1417,.T.);
#1606=FACE_BOUND('',#1418,.T.);
#1607=FACE_BOUND('',#1419,.T.);
#1608=FACE_BOUND('',#1420,.T.);
#1609=FACE_BOUND('',#1421,.T.);
#1610=FACE_BOUND('',#1422,.T.);
#1611=FACE_BOUND('',#1423,.T.);
#1612=FACE_BOUND('',#1424,.T.);
#1613=FACE_BOUND('',#1425,.T.);
#1614=FACE_BOUND('',#1426,.T.);
#1615=FACE_BOUND('',#1427,.T.);
#1616=FACE_BOUND('',#1428,.T.);
#1617=FACE_BOUND('',#1429,.T.);
#1618=FACE_BOUND('',#1430,.T.);
#1619=FACE_BOUND('',#1431,.T.);
#1620=FACE_BOUND('',#1432,.T.);
#1621=FACE_BOUND('',#1433,.T.);
#1622=FACE_BOUND('',#1434,.T.);
#1623=FACE_BOUND('',#1435,.T.);
#1624=FACE_BOUND('',#1436,.T.);
#1625=FACE_BOUND('',#1437,.T.);
#1626=FACE_BOUND('',#1438,.T.);
#1627=FACE_BOUND('',#1439,.T.);
#1628=FACE_BOUND('',#1440,.T.);
#1629=FACE_BOUND('',#1441,.T.);
#1630=FACE_BOUND('',#1442,.T.);
#1631=FACE_BOUND('',#1443,.T.);
#1632=FACE_BOUND('',#1444,.T.);
#1633=FACE_BOUND('',#1445,.T.);
#1634=FACE_BOUND('',#1446,.T.);
#1635=FACE_BOUND('',#1447,.T.);
#1636=FACE_BOUND('',#1448,.T.);
#1637=FACE_BOUND('',#1449,.T.);
#1638=FACE_BOUND('',#1450,.T.);
#1639=FACE_BOUND('',#1451,.T.);
#1640=FACE_BOUND('',#1452,.T.);
#1641=FACE_BOUND('',#1453,.T.);
#1642=FACE_BOUND('',#1454,.T.);
#1643=FACE_BOUND('',#1455,.T.);
#1644=FACE_BOUND('',#1456,.T.);
#1645=FACE_BOUND('',#1457,.T.);
#1646=FACE_BOUND('',#1458,.T.);
#1647=FACE_BOUND('',#1459,.T.);
#1648=FACE_BOUND('',#1460,.T.);
#1649=FACE_BOUND('',#1461,.T.);
#1650=FACE_BOUND('',#1462,.T.);
#1651=FACE_BOUND('',#1463,.T.);
#1652=FACE_BOUND('',#1464,.T.);
#1653=FACE_BOUND('',#1465,.T.);
#1654=FACE_BOUND('',#1466,.T.);
#1655=FACE_BOUND('',#1467,.T.);
#1656=FACE_BOUND('',#1468,.T.);
#1657=FACE_BOUND('',#1469,.T.);
#1658=FACE_BOUND('',#1470,.T.);
#1659=FACE_BOUND('',#1471,.T.);
#1660=FACE_BOUND('',#1472,.T.);
#1661=FACE_BOUND('',#1473,.T.);
#1662=FACE_BOUND('',#1474,.T.);
#1663=FACE_BOUND('',#1475,.T.);
#1664=FACE_BOUND('',#1476,.T.);
#1665=FACE_BOUND('',#1477,.T.);
#1666=FACE_BOUND('',#1478,.T.);
#1667=FACE_BOUND('',#1479,.T.);
#1668=FACE_BOUND('',#1480,.T.);
#1669=FACE_BOUND('',#1481,.T.);
#1670=FACE_BOUND('',#1482,.T.);
#1671=FACE_BOUND('',#1483,.T.);
#1672=FACE_BOUND('',#1484,.T.);
#1673=FACE_BOUND('',#1485,.T.);
#1674=FACE_BOUND('',#1486,.T.);
#1675=FACE_BOUND('',#1487,.T.);
#1676=FACE_BOUND('',#1488,.T.);
#1677=FACE_BOUND('',#1489,.T.);
#1678=FACE_BOUND('',#1490,.T.);
#1679=FACE_BOUND('',#1491,.T.);
#1680=FACE_BOUND('',#1492,.T.);
#1681=FACE_BOUND('',#1493,.T.);
#1682=FACE_BOUND('',#1494,.T.);
#1683=FACE_BOUND('',#1495,.T.);
#1684=FACE_BOUND('',#1496,.T.);
#1685=FACE_BOUND('',#1497,.T.);
#1686=FACE_BOUND('',#1498,.T.);
#1687=FACE_BOUND('',#1499,.T.);
#1688=FACE_BOUND('',#1500,.T.);
#1689=FACE_BOUND('',#1501,.T.);
#1690=FACE_BOUND('',#1502,.T.);
#1691=FACE_BOUND('',#1503,.T.);
#1692=FACE_BOUND('',#1504,.T.);
#1693=FACE_BOUND('',#1505,.T.);
#1694=FACE_BOUND('',#1506,.T.);
#1695=FACE_BOUND('',#1507,.T.);
#1696=FACE_BOUND('',#1508,.T.);
#1697=FACE_BOUND('',#1509,.T.);
#1698=FACE_BOUND('',#1510,.T.);
#1699=FACE_BOUND('',#1511,.T.);
#1700=FACE_BOUND('',#1512,.T.);
#1701=FACE_BOUND('',#1513,.T.);
#1702=FACE_BOUND('',#1514,.T.);
#1703=FACE_BOUND('',#1515,.T.);
#1704=FACE_BOUND('',#1516,.T.);
#1705=FACE_BOUND('',#1517,.T.);
#1706=FACE_BOUND('',#1518,.T.);
#1707=FACE_BOUND('',#1519,.T.);
#1708=FACE_BOUND('',#1520,.T.);
#1709=FACE_BOUND('',#1521,.T.);
#1710=FACE_BOUND('',#1522,.T.);
#1711=FACE_BOUND('',#1523,.T.);
#1712=FACE_BOUND('',#1524,.T.);
#1713=FACE_BOUND('',#1525,.T.);
#1714=FACE_BOUND('',#1526,.T.);
#1715=FACE_BOUND('',#1527,.T.);
#1716=FACE_BOUND('',#1528,.T.);
#1717=FACE_BOUND('',#1529,.T.);
#1718=FACE_BOUND('',#1530,.T.);
#1719=FACE_BOUND('',#1531,.T.);
#1720=FACE_BOUND('',#1532,.T.);
#1721=FACE_BOUND('',#1533,.T.);
#1722=FACE_BOUND('',#1534,.T.);
#1723=FACE_BOUND('',#1535,.T.);
#1724=FACE_BOUND('',#1536,.T.);
#1725=FACE_BOUND('',#1537,.T.);
#1726=FACE_BOUND('',#1538,.T.);
#1727=FACE_BOUND('',#1539,.T.);
#1728=FACE_BOUND('',#1540,.T.);
#1729=FACE_BOUND('',#1541,.T.);
#1730=FACE_BOUND('',#1542,.T.);
#1731=FACE_BOUND('',#1543,.T.);
#1732=FACE_BOUND('',#1544,.T.);
#1733=FACE_BOUND('',#1545,.T.);
#1734=FACE_BOUND('',#1546,.T.);
#1735=FACE_BOUND('',#1547,.T.);
#1736=FACE_BOUND('',#1548,.T.);
#1737=FACE_BOUND('',#1549,.T.);
#1738=CYLINDRICAL_SURFACE('',#2030,39.5);
#1739=CYLINDRICAL_SURFACE('',#2036,39.5);
#1740=CYLINDRICAL_SURFACE('',#2038,39.5);
#1741=CYLINDRICAL_SURFACE('',#2041,35.);
#1742=CYLINDRICAL_SURFACE('',#2048,39.5);
#1743=CYLINDRICAL_SURFACE('',#2056,8.);
#1744=CYLINDRICAL_SURFACE('',#2058,8.);
#1745=CYLINDRICAL_SURFACE('',#2060,2.99999999999998);
#1746=CYLINDRICAL_SURFACE('',#2063,3.);
#1747=CYLINDRICAL_SURFACE('',#2071,14.3052130605267);
#1748=CYLINDRICAL_SURFACE('',#2072,14.3052130605267);
#1749=CYLINDRICAL_SURFACE('',#2077,6.);
#1750=CYLINDRICAL_SURFACE('',#2078,6.);
#1751=CYLINDRICAL_SURFACE('',#2079,8.);
#1752=CYLINDRICAL_SURFACE('',#2081,8.);
#1753=CYLINDRICAL_SURFACE('',#2084,37.5);
#1754=CYLINDRICAL_SURFACE('',#2090,40.);
#1755=CYLINDRICAL_SURFACE('',#2096,38.);
#1756=CYLINDRICAL_SURFACE('',#2102,12.);
#1757=CYLINDRICAL_SURFACE('',#2106,12.);
#1758=CYLINDRICAL_SURFACE('',#2110,12.);
#1759=CYLINDRICAL_SURFACE('',#2114,12.);
#1760=CYLINDRICAL_SURFACE('',#2118,4.5);
#1761=CYLINDRICAL_SURFACE('',#2122,4.5);
#1762=CYLINDRICAL_SURFACE('',#2126,4.5);
#1763=CYLINDRICAL_SURFACE('',#2129,4.5);
#1764=CYLINDRICAL_SURFACE('',#2133,4.5);
#1765=CYLINDRICAL_SURFACE('',#2137,4.5);
#1766=CYLINDRICAL_SURFACE('',#2141,4.5);
#1767=CYLINDRICAL_SURFACE('',#2145,37.75);
#1768=CYLINDRICAL_SURFACE('',#2149,4.5);
#1769=CYLINDRICAL_SURFACE('',#2156,10.);
#1770=CYLINDRICAL_SURFACE('',#2173,31.998478484748);
#1771=CYLINDRICAL_SURFACE('',#2177,35.998478484748);
#1772=CYLINDRICAL_SURFACE('',#2181,31.998478484748);
#1773=CYLINDRICAL_SURFACE('',#2189,17.998478484748);
#1774=CYLINDRICAL_SURFACE('',#2193,13.998478484748);
#1775=CYLINDRICAL_SURFACE('',#2197,5.99847848474802);
#1776=CYLINDRICAL_SURFACE('',#2201,13.998478484748);
#1777=CYLINDRICAL_SURFACE('',#2205,17.998478484748);
#1778=CYLINDRICAL_SURFACE('',#2210,50.);
#1779=CYLINDRICAL_SURFACE('',#2218,36.);
#1780=CYLINDRICAL_SURFACE('',#2230,5.99999999999999);
#1781=CYLINDRICAL_SURFACE('',#2256,6.01184199793252);
#1782=ADVANCED_FACE('',(#1550),#1738,.T.);
#1783=ADVANCED_FACE('',(#1551),#299,.T.);
#1784=ADVANCED_FACE('',(#1552),#300,.T.);
#1785=ADVANCED_FACE('',(#1553),#1739,.F.);
#1786=ADVANCED_FACE('',(#1554),#1740,.T.);
#1787=ADVANCED_FACE('',(#1555,#1556),#1741,.F.);
#1788=ADVANCED_FACE('',(#1557),#301,.T.);
#1789=ADVANCED_FACE('',(#1558,#1559),#302,.F.);
#1790=ADVANCED_FACE('',(#1560),#1742,.F.);
#1791=ADVANCED_FACE('',(#1561,#1562),#303,.F.);
#1792=ADVANCED_FACE('',(#1563,#1564),#304,.F.);
#1793=ADVANCED_FACE('',(#1565),#1743,.T.);
#1794=ADVANCED_FACE('',(#1566),#1744,.T.);
#1795=ADVANCED_FACE('',(#1567),#1745,.F.);
#1796=ADVANCED_FACE('',(#1568),#305,.F.);
#1797=ADVANCED_FACE('',(#1569),#1746,.F.);
#1798=ADVANCED_FACE('',(#1570,#1571),#306,.F.);
#1799=ADVANCED_FACE('',(#1572,#1573),#307,.F.);
#1800=ADVANCED_FACE('',(#1574),#1747,.T.);
#1801=ADVANCED_FACE('',(#1575),#1748,.T.);
#1802=ADVANCED_FACE('',(#1576),#308,.F.);
#1803=ADVANCED_FACE('',(#1577),#309,.F.);
#1804=ADVANCED_FACE('',(#1578,#1579),#1749,.F.);
#1805=ADVANCED_FACE('',(#1580,#1581),#1750,.F.);
#1806=ADVANCED_FACE('',(#1582),#1751,.F.);
#1807=ADVANCED_FACE('',(#1583),#99,.F.);
#1808=ADVANCED_FACE('',(#1584),#1752,.F.);
#1809=ADVANCED_FACE('',(#1585),#100,.F.);
#1810=ADVANCED_FACE('',(#1586,#1587),#1753,.T.);
#1811=ADVANCED_FACE('',(#1588),#310,.F.);
#1812=ADVANCED_FACE('',(#1589),#311,.T.);
#1813=ADVANCED_FACE('',(#1590,#1591),#1754,.T.);
#1814=ADVANCED_FACE('',(#1592),#312,.F.);
#1815=ADVANCED_FACE('',(#1593),#313,.T.);
#1816=ADVANCED_FACE('',(#1594,#1595),#1755,.T.);
#1817=ADVANCED_FACE('',(#1596),#314,.F.);
#1818=ADVANCED_FACE('',(#1597),#315,.T.);
#1819=ADVANCED_FACE('',(#1598),#1756,.T.);
#1820=ADVANCED_FACE('',(#1599),#316,.F.);
#1821=ADVANCED_FACE('',(#1600),#1757,.T.);
#1822=ADVANCED_FACE('',(#1601),#317,.F.);
#1823=ADVANCED_FACE('',(#1602),#1758,.T.);
#1824=ADVANCED_FACE('',(#1603),#318,.F.);
#1825=ADVANCED_FACE('',(#1604),#1759,.T.);
#1826=ADVANCED_FACE('',(#1605),#319,.T.);
#1827=ADVANCED_FACE('',(#1606),#1760,.F.);
#1828=ADVANCED_FACE('',(#1607),#320,.T.);
#1829=ADVANCED_FACE('',(#1608),#1761,.F.);
#1830=ADVANCED_FACE('',(#1609),#321,.F.);
#1831=ADVANCED_FACE('',(#1610),#1762,.F.);
#1832=ADVANCED_FACE('',(#1611),#1763,.F.);
#1833=ADVANCED_FACE('',(#1612),#322,.F.);
#1834=ADVANCED_FACE('',(#1613),#1764,.F.);
#1835=ADVANCED_FACE('',(#1614),#323,.T.);
#1836=ADVANCED_FACE('',(#1615),#1765,.F.);
#1837=ADVANCED_FACE('',(#1616),#324,.T.);
#1838=ADVANCED_FACE('',(#1617),#1766,.F.);
#1839=ADVANCED_FACE('',(#1618),#325,.F.);
#1840=ADVANCED_FACE('',(#1619,#1620),#1767,.F.);
#1841=ADVANCED_FACE('',(#1621),#326,.F.);
#1842=ADVANCED_FACE('',(#1622),#1768,.F.);
#1843=ADVANCED_FACE('',(#1623),#327,.F.);
#1844=ADVANCED_FACE('',(#1624,#1625,#1626,#1627,#1628,#1629),#328,.T.);
#1845=ADVANCED_FACE('',(#1630,#1631,#1632,#1633,#1634,#1635),#329,.F.);
#1846=ADVANCED_FACE('',(#1636,#1637),#1769,.T.);
#1847=ADVANCED_FACE('',(#1638),#330,.T.);
#1848=ADVANCED_FACE('',(#1639),#331,.T.);
#1849=ADVANCED_FACE('',(#1640,#1641),#332,.T.);
#1850=ADVANCED_FACE('',(#1642,#1643),#28,.T.);
#1851=ADVANCED_FACE('',(#1644,#1645),#29,.F.);
#1852=ADVANCED_FACE('',(#1646,#1647),#19,.F.);
#1853=ADVANCED_FACE('',(#1648,#1649),#30,.F.);
#1854=ADVANCED_FACE('',(#1650,#1651),#1770,.F.);
#1855=ADVANCED_FACE('',(#1652,#1653),#333,.T.);
#1856=ADVANCED_FACE('',(#1654,#1655),#1771,.T.);
#1857=ADVANCED_FACE('',(#1656,#1657),#334,.T.);
#1858=ADVANCED_FACE('',(#1658,#1659),#1772,.F.);
#1859=ADVANCED_FACE('',(#1660,#1661),#31,.F.);
#1860=ADVANCED_FACE('',(#1662,#1663),#20,.F.);
#1861=ADVANCED_FACE('',(#1664,#1665),#32,.F.);
#1862=ADVANCED_FACE('',(#1666,#1667),#1773,.T.);
#1863=ADVANCED_FACE('',(#1668,#1669),#335,.T.);
#1864=ADVANCED_FACE('',(#1670,#1671),#1774,.T.);
#1865=ADVANCED_FACE('',(#1672,#1673),#336,.T.);
#1866=ADVANCED_FACE('',(#1674,#1675),#1775,.F.);
#1867=ADVANCED_FACE('',(#1676,#1677),#337,.T.);
#1868=ADVANCED_FACE('',(#1678,#1679),#1776,.T.);
#1869=ADVANCED_FACE('',(#1680,#1681),#338,.T.);
#1870=ADVANCED_FACE('',(#1682,#1683),#1777,.T.);
#1871=ADVANCED_FACE('',(#1684,#1685),#33,.T.);
#1872=ADVANCED_FACE('',(#1686,#1687),#1778,.T.);
#1873=ADVANCED_FACE('',(#1688,#1689),#34,.T.);
#1874=ADVANCED_FACE('',(#1690,#1691),#21,.F.);
#1875=ADVANCED_FACE('',(#1692,#1693),#35,.T.);
#1876=ADVANCED_FACE('',(#1694,#1695),#1779,.F.);
#1877=ADVANCED_FACE('',(#1696,#1697),#36,.T.);
#1878=ADVANCED_FACE('',(#1698,#1699),#22,.F.);
#1879=ADVANCED_FACE('',(#1700,#1701),#23,.T.);
#1880=ADVANCED_FACE('',(#1702),#339,.F.);
#1881=ADVANCED_FACE('',(#1703,#1704),#24,.T.);
#1882=ADVANCED_FACE('',(#1705,#1706),#1780,.T.);
#1883=ADVANCED_FACE('',(#1707,#1708),#340,.F.);
#1884=ADVANCED_FACE('',(#1709,#1710),#37,.T.);
#1885=ADVANCED_FACE('',(#1711),#341,.F.);
#1886=ADVANCED_FACE('',(#1712),#342,.F.);
#1887=ADVANCED_FACE('',(#1713),#343,.F.);
#1888=ADVANCED_FACE('',(#1714),#344,.F.);
#1889=ADVANCED_FACE('',(#1715),#345,.F.);
#1890=ADVANCED_FACE('',(#1716),#346,.F.);
#1891=ADVANCED_FACE('',(#1717,#1718),#25,.T.);
#1892=ADVANCED_FACE('',(#1719),#347,.T.);
#1893=ADVANCED_FACE('',(#1720),#348,.F.);
#1894=ADVANCED_FACE('',(#1721),#349,.F.);
#1895=ADVANCED_FACE('',(#1722),#350,.F.);
#1896=ADVANCED_FACE('',(#1723),#351,.F.);
#1897=ADVANCED_FACE('',(#1724),#352,.F.);
#1898=ADVANCED_FACE('',(#1725),#353,.F.);
#1899=ADVANCED_FACE('',(#1726,#1727),#354,.T.);
#1900=ADVANCED_FACE('',(#1728,#1729),#26,.T.);
#1901=ADVANCED_FACE('',(#1730,#1731),#1781,.F.);
#1902=ADVANCED_FACE('',(#1732,#1733),#355,.T.);
#1903=ADVANCED_FACE('',(#1734,#1735),#38,.T.);
#1904=ADVANCED_FACE('',(#1736,#1737),#27,.T.);
#1905=CLOSED_SHELL('',(#1782,#1783,#1784,#1785,#1786,#1787,#1788,#1789,
#1790,#1791,#1792,#1793,#1794,#1795,#1796,#1797,#1798,#1799,#1800,#1801,
#1802,#1803,#1804,#1805,#1806,#1807,#1808,#1809));
#1906=CLOSED_SHELL('',(#1810,#1811,#1812));
#1907=CLOSED_SHELL('',(#1813,#1814,#1815));
#1908=CLOSED_SHELL('',(#1816,#1817,#1818));
#1909=CLOSED_SHELL('',(#1819,#1820,#1821,#1822,#1823,#1824,#1825,#1826,
#1827,#1828,#1829,#1830,#1831,#1832,#1833,#1834,#1835,#1836,#1837,#1838,
#1839,#1840,#1841,#1842,#1843,#1844,#1845));
#1910=CLOSED_SHELL('',(#1846,#1847,#1848));
#1911=CLOSED_SHELL('',(#1849,#1850));
#1912=CLOSED_SHELL('',(#1851,#1852,#1853,#1854,#1855,#1856,#1857,#1858,
#1859,#1860,#1861,#1862,#1863,#1864,#1865,#1866,#1867,#1868,#1869,#1870));
#1913=CLOSED_SHELL('',(#1871,#1872,#1873,#1874,#1875,#1876,#1877,#1878));
#1914=CLOSED_SHELL('',(#1879,#1880,#1881,#1882,#1883,#1884,#1885,#1886,
#1887,#1888,#1889,#1890,#1891,#1892));
#1915=CLOSED_SHELL('',(#1893,#1894,#1895,#1896,#1897,#1898,#1899,#1900,
#1901,#1902,#1903,#1904));
#1916=STYLED_ITEM('',(#1927),#1996);
#1917=STYLED_ITEM('',(#1928),#1997);
#1918=STYLED_ITEM('',(#1929),#1998);
#1919=STYLED_ITEM('',(#1930),#1999);
#1920=STYLED_ITEM('',(#1931),#2000);
#1921=STYLED_ITEM('',(#1932),#2001);
#1922=STYLED_ITEM('',(#1933),#2002);
#1923=STYLED_ITEM('',(#1934),#2003);
#1924=STYLED_ITEM('',(#1935),#2004);
#1925=STYLED_ITEM('',(#1936),#2005);
#1926=STYLED_ITEM('',(#1937),#2006);
#1927=PRESENTATION_STYLE_ASSIGNMENT((#1938));
#1928=PRESENTATION_STYLE_ASSIGNMENT((#1939));
#1929=PRESENTATION_STYLE_ASSIGNMENT((#1940));
#1930=PRESENTATION_STYLE_ASSIGNMENT((#1941));
#1931=PRESENTATION_STYLE_ASSIGNMENT((#1942));
#1932=PRESENTATION_STYLE_ASSIGNMENT((#1943));
#1933=PRESENTATION_STYLE_ASSIGNMENT((#1944));
#1934=PRESENTATION_STYLE_ASSIGNMENT((#1945));
#1935=PRESENTATION_STYLE_ASSIGNMENT((#1946));
#1936=PRESENTATION_STYLE_ASSIGNMENT((#1947));
#1937=PRESENTATION_STYLE_ASSIGNMENT((#1948));
#1938=SURFACE_STYLE_USAGE(.BOTH.,#1949);
#1939=SURFACE_STYLE_USAGE(.BOTH.,#1950);
#1940=SURFACE_STYLE_USAGE(.BOTH.,#1951);
#1941=SURFACE_STYLE_USAGE(.BOTH.,#1952);
#1942=SURFACE_STYLE_USAGE(.BOTH.,#1953);
#1943=SURFACE_STYLE_USAGE(.BOTH.,#1954);
#1944=SURFACE_STYLE_USAGE(.BOTH.,#1955);
#1945=SURFACE_STYLE_USAGE(.BOTH.,#1956);
#1946=SURFACE_STYLE_USAGE(.BOTH.,#1957);
#1947=SURFACE_STYLE_USAGE(.BOTH.,#1958);
#1948=SURFACE_STYLE_USAGE(.BOTH.,#1959);
#1949=SURFACE_SIDE_STYLE('',(#1960));
#1950=SURFACE_SIDE_STYLE('',(#1961));
#1951=SURFACE_SIDE_STYLE('',(#1962));
#1952=SURFACE_SIDE_STYLE('',(#1963));
#1953=SURFACE_SIDE_STYLE('',(#1964));
#1954=SURFACE_SIDE_STYLE('',(#1965));
#1955=SURFACE_SIDE_STYLE('',(#1966));
#1956=SURFACE_SIDE_STYLE('',(#1967));
#1957=SURFACE_SIDE_STYLE('',(#1968));
#1958=SURFACE_SIDE_STYLE('',(#1969));
#1959=SURFACE_SIDE_STYLE('',(#1970));
#1960=SURFACE_STYLE_FILL_AREA(#1971);
#1961=SURFACE_STYLE_FILL_AREA(#1972);
#1962=SURFACE_STYLE_FILL_AREA(#1973);
#1963=SURFACE_STYLE_FILL_AREA(#1974);
#1964=SURFACE_STYLE_FILL_AREA(#1975);
#1965=SURFACE_STYLE_FILL_AREA(#1976);
#1966=SURFACE_STYLE_FILL_AREA(#1977);
#1967=SURFACE_STYLE_FILL_AREA(#1978);
#1968=SURFACE_STYLE_FILL_AREA(#1979);
#1969=SURFACE_STYLE_FILL_AREA(#1980);
#1970=SURFACE_STYLE_FILL_AREA(#1981);
#1971=FILL_AREA_STYLE('',(#1982));
#1972=FILL_AREA_STYLE('',(#1983));
#1973=FILL_AREA_STYLE('',(#1984));
#1974=FILL_AREA_STYLE('',(#1985));
#1975=FILL_AREA_STYLE('',(#1986));
#1976=FILL_AREA_STYLE('',(#1987));
#1977=FILL_AREA_STYLE('',(#1988));
#1978=FILL_AREA_STYLE('',(#1989));
#1979=FILL_AREA_STYLE('',(#1990));
#1980=FILL_AREA_STYLE('',(#1991));
#1981=FILL_AREA_STYLE('',(#1992));
#1982=FILL_AREA_STYLE_COLOUR('',#1993);
#1983=FILL_AREA_STYLE_COLOUR('',#1993);
#1984=FILL_AREA_STYLE_COLOUR('',#1993);
#1985=FILL_AREA_STYLE_COLOUR('',#1993);
#1986=FILL_AREA_STYLE_COLOUR('',#1993);
#1987=FILL_AREA_STYLE_COLOUR('',#1993);
#1988=FILL_AREA_STYLE_COLOUR('',#1993);
#1989=FILL_AREA_STYLE_COLOUR('',#1994);
#1990=FILL_AREA_STYLE_COLOUR('',#18);
#1991=FILL_AREA_STYLE_COLOUR('',#1995);
#1992=FILL_AREA_STYLE_COLOUR('',#1994);
#1993=COLOUR_RGB('',0.699999988079071,0.699999988079071,0.699999988079071);
#1994=COLOUR_RGB('',0.331739127635956,0.340869575738907,0.349999994039536);
#1995=COLOUR_RGB('',0.800000011920929,0.760330617427826,0.);
#1996=MANIFOLD_SOLID_BREP('',#1905);
#1997=MANIFOLD_SOLID_BREP('',#1906);
#1998=MANIFOLD_SOLID_BREP('',#1907);
#1999=MANIFOLD_SOLID_BREP('',#1908);
#2000=MANIFOLD_SOLID_BREP('',#1909);
#2001=MANIFOLD_SOLID_BREP('',#1910);
#2002=MANIFOLD_SOLID_BREP('',#1911);
#2003=MANIFOLD_SOLID_BREP('',#1912);
#2004=MANIFOLD_SOLID_BREP('',#1913);
#2005=MANIFOLD_SOLID_BREP('',#1914);
#2006=MANIFOLD_SOLID_BREP('',#1915);
#2007=SHAPE_DEFINITION_REPRESENTATION(#3699,#2018);
#2008=SHAPE_DEFINITION_REPRESENTATION(#3698,#2019);
#2009=SHAPE_DEFINITION_REPRESENTATION(#3701,#2020);
#2010=SHAPE_DEFINITION_REPRESENTATION(#3703,#2021);
#2011=SHAPE_DEFINITION_REPRESENTATION(#3705,#2022);
#2012=SHAPE_DEFINITION_REPRESENTATION(#3707,#2023);
#2013=SHAPE_DEFINITION_REPRESENTATION(#3709,#2024);
#2014=SHAPE_DEFINITION_REPRESENTATION(#3711,#2025);
#2015=SHAPE_DEFINITION_REPRESENTATION(#3713,#2026);
#2016=SHAPE_DEFINITION_REPRESENTATION(#3715,#2027);
#2017=SHAPE_DEFINITION_REPRESENTATION(#3717,#2028);
#2018=SHAPE_REPRESENTATION('Base',(#2029),#3674);
#2019=SHAPE_REPRESENTATION('Caster wheel',(#2029,#2083,#2089,#2095,#2101,
#2155,#2165,#2206,#2223,#2244,#2262),#3673);
#2020=SHAPE_REPRESENTATION('75 dia Plate 2.8 MM',(#2029),#3675);
#2021=SHAPE_REPRESENTATION('75 dia Plate 6MM',(#2029),#3676);
#2022=SHAPE_REPRESENTATION('76 dia Plate 6MM',(#2029),#3677);
#2023=SHAPE_REPRESENTATION('Top Plate 3 MM',(#2029),#3678);
#2024=SHAPE_REPRESENTATION('Top Surface',(#2029),#3679);
#2025=SHAPE_REPRESENTATION('Rim',(#2029),#3680);
#2026=SHAPE_REPRESENTATION('Rubber tyre',(#2029),#3681);
#2027=SHAPE_REPRESENTATION('Nut',(#2029),#3682);
#2028=SHAPE_REPRESENTATION('Bolt',(#2029),#3683);
#2029=AXIS2_PLACEMENT_3D('',#2825,#2263,#2264);
#2030=AXIS2_PLACEMENT_3D('',#2826,#2265,#2266);
#2031=AXIS2_PLACEMENT_3D('',#2827,#2267,#2268);
#2032=AXIS2_PLACEMENT_3D('',#2835,#2269,#2270);
#2033=AXIS2_PLACEMENT_3D('',#2841,#2271,#2272);
#2034=AXIS2_PLACEMENT_3D('',#2845,#2274,#2275);
#2035=AXIS2_PLACEMENT_3D('',#2848,#2277,#2278);
#2036=AXIS2_PLACEMENT_3D('',#2870,#2282,#2283);
#2037=AXIS2_PLACEMENT_3D('',#2871,#2284,#2285);
#2038=AXIS2_PLACEMENT_3D('',#2879,#2287,#2288);
#2039=AXIS2_PLACEMENT_3D('',#2889,#2290,#2291);
#2040=AXIS2_PLACEMENT_3D('',#2899,#2293,#2294);
#2041=AXIS2_PLACEMENT_3D('',#2900,#2295,#2296);
#2042=AXIS2_PLACEMENT_3D('',#2901,#2297,#2298);
#2043=AXIS2_PLACEMENT_3D('',#2913,#2300,#2301);
#2044=AXIS2_PLACEMENT_3D('',#2923,#2303,#2304);
#2045=AXIS2_PLACEMENT_3D('',#2925,#2305,#2306);
#2046=AXIS2_PLACEMENT_3D('',#2931,#2309,#2310);
#2047=AXIS2_PLACEMENT_3D('',#2932,#2311,#2312);
#2048=AXIS2_PLACEMENT_3D('',#2961,#2313,#2314);
#2049=AXIS2_PLACEMENT_3D('',#2968,#2315,#2316);
#2050=AXIS2_PLACEMENT_3D('',#2970,#2318,#2319);
#2051=AXIS2_PLACEMENT_3D('',#2971,#2320,#2321);
#2052=AXIS2_PLACEMENT_3D('',#2982,#2326,#2327);
#2053=AXIS2_PLACEMENT_3D('',#2983,#2328,#2329);
#2054=AXIS2_PLACEMENT_3D('',#2984,#2330,#2331);
#2055=AXIS2_PLACEMENT_3D('',#2993,#2335,#2336);
#2056=AXIS2_PLACEMENT_3D('',#2996,#2338,#2339);
#2057=AXIS2_PLACEMENT_3D('',#3006,#2340,#2341);
#2058=AXIS2_PLACEMENT_3D('',#3007,#2342,#2343);
#2059=AXIS2_PLACEMENT_3D('',#3017,#2344,#2345);
#2060=AXIS2_PLACEMENT_3D('',#3018,#2346,#2347);
#2061=AXIS2_PLACEMENT_3D('',#3021,#2349,#2350);
#2062=AXIS2_PLACEMENT_3D('',#3024,#2352,#2353);
#2063=AXIS2_PLACEMENT_3D('',#3028,#2356,#2357);
#2064=AXIS2_PLACEMENT_3D('',#3029,#2358,#2359);
#2065=AXIS2_PLACEMENT_3D('',#3032,#2361,#2362);
#2066=AXIS2_PLACEMENT_3D('',#3033,#2363,#2364);
#2067=AXIS2_PLACEMENT_3D('',#3036,#2366,#2367);
#2068=AXIS2_PLACEMENT_3D('',#3039,#2369,#2370);
#2069=AXIS2_PLACEMENT_3D('',#3040,#2371,#2372);
#2070=AXIS2_PLACEMENT_3D('',#3045,#2375,#2376);
#2071=AXIS2_PLACEMENT_3D('',#3046,#2377,#2378);
#2072=AXIS2_PLACEMENT_3D('',#3049,#2381,#2382);
#2073=AXIS2_PLACEMENT_3D('',#3052,#2385,#2386);
#2074=AXIS2_PLACEMENT_3D('',#3053,#2387,#2388);
#2075=AXIS2_PLACEMENT_3D('',#3054,#2389,#2390);
#2076=AXIS2_PLACEMENT_3D('',#3055,#2391,#2392);
#2077=AXIS2_PLACEMENT_3D('',#3056,#2393,#2394);
#2078=AXIS2_PLACEMENT_3D('',#3057,#2395,#2396);
#2079=AXIS2_PLACEMENT_3D('',#3058,#2397,#2398);
#2080=AXIS2_PLACEMENT_3D('',#3059,#2399,#2400);
#2081=AXIS2_PLACEMENT_3D('',#3111,#2401,#2402);
#2082=AXIS2_PLACEMENT_3D('',#3112,#2403,#2404);
#2083=AXIS2_PLACEMENT_3D('',#3164,#2405,#2406);
#2084=AXIS2_PLACEMENT_3D('',#3165,#2407,#2408);
#2085=AXIS2_PLACEMENT_3D('',#3166,#2409,#2410);
#2086=AXIS2_PLACEMENT_3D('',#3168,#2411,#2412);
#2087=AXIS2_PLACEMENT_3D('',#3170,#2413,#2414);
#2088=AXIS2_PLACEMENT_3D('',#3171,#2415,#2416);
#2089=AXIS2_PLACEMENT_3D('',#3172,#2417,#2418);
#2090=AXIS2_PLACEMENT_3D('',#3173,#2419,#2420);
#2091=AXIS2_PLACEMENT_3D('',#3174,#2421,#2422);
#2092=AXIS2_PLACEMENT_3D('',#3176,#2423,#2424);
#2093=AXIS2_PLACEMENT_3D('',#3178,#2425,#2426);
#2094=AXIS2_PLACEMENT_3D('',#3179,#2427,#2428);
#2095=AXIS2_PLACEMENT_3D('',#3180,#2429,#2430);
#2096=AXIS2_PLACEMENT_3D('',#3181,#2431,#2432);
#2097=AXIS2_PLACEMENT_3D('',#3182,#2433,#2434);
#2098=AXIS2_PLACEMENT_3D('',#3184,#2435,#2436);
#2099=AXIS2_PLACEMENT_3D('',#3186,#2437,#2438);
#2100=AXIS2_PLACEMENT_3D('',#3187,#2439,#2440);
#2101=AXIS2_PLACEMENT_3D('',#3188,#2441,#2442);
#2102=AXIS2_PLACEMENT_3D('',#3189,#2443,#2444);
#2103=AXIS2_PLACEMENT_3D('',#3190,#2445,#2446);
#2104=AXIS2_PLACEMENT_3D('',#3195,#2448,#2449);
#2105=AXIS2_PLACEMENT_3D('',#3198,#2451,#2452);
#2106=AXIS2_PLACEMENT_3D('',#3204,#2456,#2457);
#2107=AXIS2_PLACEMENT_3D('',#3205,#2458,#2459);
#2108=AXIS2_PLACEMENT_3D('',#3209,#2461,#2462);
#2109=AXIS2_PLACEMENT_3D('',#3210,#2463,#2464);
#2110=AXIS2_PLACEMENT_3D('',#3216,#2468,#2469);
#2111=AXIS2_PLACEMENT_3D('',#3217,#2470,#2471);
#2112=AXIS2_PLACEMENT_3D('',#3221,#2473,#2474);
#2113=AXIS2_PLACEMENT_3D('',#3222,#2475,#2476);
#2114=AXIS2_PLACEMENT_3D('',#3228,#2480,#2481);
#2115=AXIS2_PLACEMENT_3D('',#3229,#2482,#2483);
#2116=AXIS2_PLACEMENT_3D('',#3233,#2485,#2486);
#2117=AXIS2_PLACEMENT_3D('',#3234,#2487,#2488);
#2118=AXIS2_PLACEMENT_3D('',#3243,#2493,#2494);
#2119=AXIS2_PLACEMENT_3D('',#3244,#2495,#2496);
#2120=AXIS2_PLACEMENT_3D('',#3248,#2498,#2499);
#2121=AXIS2_PLACEMENT_3D('',#3249,#2500,#2501);
#2122=AXIS2_PLACEMENT_3D('',#3255,#2505,#2506);
#2123=AXIS2_PLACEMENT_3D('',#3256,#2507,#2508);
#2124=AXIS2_PLACEMENT_3D('',#3261,#2510,#2511);
#2125=AXIS2_PLACEMENT_3D('',#3264,#2513,#2514);
#2126=AXIS2_PLACEMENT_3D('',#3270,#2518,#2519);
#2127=AXIS2_PLACEMENT_3D('',#3271,#2520,#2521);
#2128=AXIS2_PLACEMENT_3D('',#3275,#2523,#2524);
#2129=AXIS2_PLACEMENT_3D('',#3276,#2525,#2526);
#2130=AXIS2_PLACEMENT_3D('',#3277,#2527,#2528);
#2131=AXIS2_PLACEMENT_3D('',#3282,#2530,#2531);
#2132=AXIS2_PLACEMENT_3D('',#3285,#2533,#2534);
#2133=AXIS2_PLACEMENT_3D('',#3291,#2538,#2539);
#2134=AXIS2_PLACEMENT_3D('',#3292,#2540,#2541);
#2135=AXIS2_PLACEMENT_3D('',#3296,#2543,#2544);
#2136=AXIS2_PLACEMENT_3D('',#3297,#2545,#2546);
#2137=AXIS2_PLACEMENT_3D('',#3306,#2551,#2552);
#2138=AXIS2_PLACEMENT_3D('',#3307,#2553,#2554);
#2139=AXIS2_PLACEMENT_3D('',#3311,#2556,#2557);
#2140=AXIS2_PLACEMENT_3D('',#3312,#2558,#2559);
#2141=AXIS2_PLACEMENT_3D('',#3318,#2563,#2564);
#2142=AXIS2_PLACEMENT_3D('',#3319,#2565,#2566);
#2143=AXIS2_PLACEMENT_3D('',#3320,#2567,#2568);
#2144=AXIS2_PLACEMENT_3D('',#3321,#2569,#2570);
#2145=AXIS2_PLACEMENT_3D('',#3324,#2573,#2574);
#2146=AXIS2_PLACEMENT_3D('',#3325,#2575,#2576);
#2147=AXIS2_PLACEMENT_3D('',#3327,#2577,#2578);
#2148=AXIS2_PLACEMENT_3D('',#3329,#2579,#2580);
#2149=AXIS2_PLACEMENT_3D('',#3332,#2583,#2584);
#2150=AXIS2_PLACEMENT_3D('',#3333,#2585,#2586);
#2151=AXIS2_PLACEMENT_3D('',#3334,#2587,#2588);
#2152=AXIS2_PLACEMENT_3D('',#3335,#2589,#2590);
#2153=AXIS2_PLACEMENT_3D('',#3338,#2593,#2594);
#2154=AXIS2_PLACEMENT_3D('',#3339,#2595,#2596);
#2155=AXIS2_PLACEMENT_3D('',#3340,#2597,#2598);
#2156=AXIS2_PLACEMENT_3D('',#3341,#2599,#2600);
#2157=AXIS2_PLACEMENT_3D('',#3342,#2601,#2602);
#2158=AXIS2_PLACEMENT_3D('',#3344,#2603,#2604);
#2159=AXIS2_PLACEMENT_3D('',#3346,#2605,#2606);
#2160=AXIS2_PLACEMENT_3D('',#3347,#2607,#2608);
#2161=AXIS2_PLACEMENT_3D('',#3348,#2609,#2610);
#2162=AXIS2_PLACEMENT_3D('',#3349,#2611,#2612);
#2163=AXIS2_PLACEMENT_3D('',#3351,#2613,#2614);
#2164=AXIS2_PLACEMENT_3D('',#3353,#2615,#2616);
#2165=AXIS2_PLACEMENT_3D('',#3354,#2617,#2618);
#2166=AXIS2_PLACEMENT_3D('',#3355,#2619,#2620);
#2167=AXIS2_PLACEMENT_3D('',#3356,#2621,#2622);
#2168=AXIS2_PLACEMENT_3D('',#3358,#2623,#2624);
#2169=AXIS2_PLACEMENT_3D('',#3360,#2625,#2626);
#2170=AXIS2_PLACEMENT_3D('',#3361,#2627,#2628);
#2171=AXIS2_PLACEMENT_3D('',#3363,#2629,#2630);
#2172=AXIS2_PLACEMENT_3D('',#3364,#2631,#2632);
#2173=AXIS2_PLACEMENT_3D('',#3366,#2633,#2634);
#2174=AXIS2_PLACEMENT_3D('',#3367,#2635,#2636);
#2175=AXIS2_PLACEMENT_3D('',#3369,#2637,#2638);
#2176=AXIS2_PLACEMENT_3D('',#3370,#2639,#2640);
#2177=AXIS2_PLACEMENT_3D('',#3372,#2641,#2642);
#2178=AXIS2_PLACEMENT_3D('',#3373,#2643,#2644);
#2179=AXIS2_PLACEMENT_3D('',#3375,#2645,#2646);
#2180=AXIS2_PLACEMENT_3D('',#3376,#2647,#2648);
#2181=AXIS2_PLACEMENT_3D('',#3378,#2649,#2650);
#2182=AXIS2_PLACEMENT_3D('',#3379,#2651,#2652);
#2183=AXIS2_PLACEMENT_3D('',#3381,#2653,#2654);
#2184=AXIS2_PLACEMENT_3D('',#3382,#2655,#2656);
#2185=AXIS2_PLACEMENT_3D('',#3384,#2657,#2658);
#2186=AXIS2_PLACEMENT_3D('',#3385,#2659,#2660);
#2187=AXIS2_PLACEMENT_3D('',#3387,#2661,#2662);
#2188=AXIS2_PLACEMENT_3D('',#3388,#2663,#2664);
#2189=AXIS2_PLACEMENT_3D('',#3390,#2665,#2666);
#2190=AXIS2_PLACEMENT_3D('',#3391,#2667,#2668);
#2191=AXIS2_PLACEMENT_3D('',#3393,#2669,#2670);
#2192=AXIS2_PLACEMENT_3D('',#3394,#2671,#2672);
#2193=AXIS2_PLACEMENT_3D('',#3396,#2673,#2674);
#2194=AXIS2_PLACEMENT_3D('',#3397,#2675,#2676);
#2195=AXIS2_PLACEMENT_3D('',#3399,#2677,#2678);
#2196=AXIS2_PLACEMENT_3D('',#3400,#2679,#2680);
#2197=AXIS2_PLACEMENT_3D('',#3402,#2681,#2682);
#2198=AXIS2_PLACEMENT_3D('',#3403,#2683,#2684);
#2199=AXIS2_PLACEMENT_3D('',#3405,#2685,#2686);
#2200=AXIS2_PLACEMENT_3D('',#3406,#2687,#2688);
#2201=AXIS2_PLACEMENT_3D('',#3408,#2689,#2690);
#2202=AXIS2_PLACEMENT_3D('',#3409,#2691,#2692);
#2203=AXIS2_PLACEMENT_3D('',#3411,#2693,#2694);
#2204=AXIS2_PLACEMENT_3D('',#3412,#2695,#2696);
#2205=AXIS2_PLACEMENT_3D('',#3414,#2697,#2698);
#2206=AXIS2_PLACEMENT_3D('',#3415,#2699,#2700);
#2207=AXIS2_PLACEMENT_3D('',#3416,#2701,#2702);
#2208=AXIS2_PLACEMENT_3D('',#3417,#2703,#2704);
#2209=AXIS2_PLACEMENT_3D('',#3419,#2705,#2706);
#2210=AXIS2_PLACEMENT_3D('',#3421,#2707,#2708);
#2211=AXIS2_PLACEMENT_3D('',#3422,#2709,#2710);
#2212=AXIS2_PLACEMENT_3D('',#3424,#2711,#2712);
#2213=AXIS2_PLACEMENT_3D('',#3425,#2713,#2714);
#2214=AXIS2_PLACEMENT_3D('',#3427,#2715,#2716);
#2215=AXIS2_PLACEMENT_3D('',#3428,#2717,#2718);
#2216=AXIS2_PLACEMENT_3D('',#3430,#2719,#2720);
#2217=AXIS2_PLACEMENT_3D('',#3431,#2721,#2722);
#2218=AXIS2_PLACEMENT_3D('',#3433,#2723,#2724);
#2219=AXIS2_PLACEMENT_3D('',#3434,#2725,#2726);
#2220=AXIS2_PLACEMENT_3D('',#3436,#2727,#2728);
#2221=AXIS2_PLACEMENT_3D('',#3437,#2729,#2730);
#2222=AXIS2_PLACEMENT_3D('',#3439,#2731,#2732);
#2223=AXIS2_PLACEMENT_3D('',#3440,#2733,#2734);
#2224=AXIS2_PLACEMENT_3D('',#3441,#2735,#2736);
#2225=AXIS2_PLACEMENT_3D('',#3442,#2737,#2738);
#2226=AXIS2_PLACEMENT_3D('',#3480,#2739,#2740);
#2227=AXIS2_PLACEMENT_3D('',#3481,#2741,#2742);
#2228=AXIS2_PLACEMENT_3D('',#3483,#2743,#2744);
#2229=AXIS2_PLACEMENT_3D('',#3484,#2745,#2746);
#2230=AXIS2_PLACEMENT_3D('',#3486,#2747,#2748);
#2231=AXIS2_PLACEMENT_3D('',#3487,#2749,#2750);
#2232=AXIS2_PLACEMENT_3D('',#3489,#2751,#2752);
#2233=AXIS2_PLACEMENT_3D('',#3490,#2753,#2754);
#2234=AXIS2_PLACEMENT_3D('',#3492,#2755,#2756);
#2235=AXIS2_PLACEMENT_3D('',#3493,#2757,#2758);
#2236=AXIS2_PLACEMENT_3D('',#3505,#2761,#2762);
#2237=AXIS2_PLACEMENT_3D('',#3515,#2764,#2765);
#2238=AXIS2_PLACEMENT_3D('',#3525,#2767,#2768);
#2239=AXIS2_PLACEMENT_3D('',#3535,#2770,#2771);
#2240=AXIS2_PLACEMENT_3D('',#3545,#2773,#2774);
#2241=AXIS2_PLACEMENT_3D('',#3553,#2775,#2776);
#2242=AXIS2_PLACEMENT_3D('',#3554,#2777,#2778);
#2243=AXIS2_PLACEMENT_3D('',#3556,#2779,#2780);
#2244=AXIS2_PLACEMENT_3D('',#3557,#2781,#2782);
#2245=AXIS2_PLACEMENT_3D('',#3558,#2783,#2784);
#2246=AXIS2_PLACEMENT_3D('',#3577,#2787,#2788);
#2247=AXIS2_PLACEMENT_3D('',#3593,#2790,#2791);
#2248=AXIS2_PLACEMENT_3D('',#3609,#2793,#2794);
#2249=AXIS2_PLACEMENT_3D('',#3626,#2796,#2797);
#2250=AXIS2_PLACEMENT_3D('',#3642,#2799,#2800);
#2251=AXIS2_PLACEMENT_3D('',#3655,#2801,#2802);
#2252=AXIS2_PLACEMENT_3D('',#3656,#2803,#2804);
#2253=AXIS2_PLACEMENT_3D('',#3658,#2805,#2806);
#2254=AXIS2_PLACEMENT_3D('',#3660,#2807,#2808);
#2255=AXIS2_PLACEMENT_3D('',#3661,#2809,#2810);
#2256=AXIS2_PLACEMENT_3D('',#3663,#2811,#2812);
#2257=AXIS2_PLACEMENT_3D('',#3664,#2813,#2814);
#2258=AXIS2_PLACEMENT_3D('',#3666,#2815,#2816);
#2259=AXIS2_PLACEMENT_3D('',#3667,#2817,#2818);
#2260=AXIS2_PLACEMENT_3D('',#3669,#2819,#2820);
#2261=AXIS2_PLACEMENT_3D('',#3670,#2821,#2822);
#2262=AXIS2_PLACEMENT_3D('',#3671,#2823,#2824);
#2263=DIRECTION('',(0.,0.,1.));
#2264=DIRECTION('',(1.,0.,0.));
#2265=DIRECTION('',(0.,0.,1.));
#2266=DIRECTION('',(1.,0.,0.));
#2267=DIRECTION('',(0.,0.,-1.));
#2268=DIRECTION('',(1.,0.,0.));
#2269=DIRECTION('',(0.,0.,1.));
#2270=DIRECTION('',(-1.,0.,0.));
#2271=DIRECTION('',(0.,0.,-1.));
#2272=DIRECTION('',(-1.,0.,0.));
#2273=DIRECTION('',(-1.23908819712629E-16,-1.,0.));
#2274=DIRECTION('',(0.,0.,-1.));
#2275=DIRECTION('',(1.,0.,0.));
#2276=DIRECTION('',(1.,1.21734980770302E-16,0.));
#2277=DIRECTION('',(0.,0.,1.));
#2278=DIRECTION('',(1.,0.,0.));
#2279=DIRECTION('',(-1.,0.,0.));
#2280=DIRECTION('',(-1.23908819712629E-16,-1.,0.));
#2281=DIRECTION('',(1.,-1.23908819712629E-16,0.));
#2282=DIRECTION('',(0.,0.,1.));
#2283=DIRECTION('',(1.,0.,0.));
#2284=DIRECTION('',(0.669034279062153,-8.2899247865881E-17,0.743231547661821));
#2285=DIRECTION('',(-0.743231547661821,9.20929438439669E-17,0.669034279062153));
#2286=DIRECTION('',(0.,0.,1.));
#2287=DIRECTION('',(0.,0.,1.));
#2288=DIRECTION('',(1.,0.,0.));
#2289=DIRECTION('',(0.,0.,1.));
#2290=DIRECTION('',(0.,0.,-1.));
#2291=DIRECTION('',(1.,0.,0.));
#2292=DIRECTION('',(0.,0.,1.));
#2293=DIRECTION('',(0.669034279062153,-8.2899247865881E-17,0.743231547661821));
#2294=DIRECTION('',(-0.743231547661821,9.20929438439669E-17,0.669034279062153));
#2295=DIRECTION('',(0.,0.,1.));
#2296=DIRECTION('',(1.,0.,0.));
#2297=DIRECTION('',(0.669034279062153,-8.2899247865881E-17,0.743231547661821));
#2298=DIRECTION('',(-0.743231547661821,9.20929438439669E-17,0.669034279062153));
#2299=DIRECTION('',(0.,0.,1.));
#2300=DIRECTION('',(-2.5753235242662E-33,2.11551643411806E-17,1.));
#2301=DIRECTION('',(0.,-1.,2.11551643411806E-17));
#2302=DIRECTION('',(0.,0.,1.));
#2303=DIRECTION('',(0.,0.,-1.));
#2304=DIRECTION('',(1.,0.,0.));
#2305=DIRECTION('',(0.,0.,-1.));
#2306=DIRECTION('',(-1.,0.,0.));
#2307=DIRECTION('',(-1.23908819712629E-16,-1.,0.));
#2308=DIRECTION('',(-1.,-1.21734980770302E-16,0.));
#2309=DIRECTION('',(0.,0.,-1.));
#2310=DIRECTION('',(1.,0.,0.));
#2311=DIRECTION('',(0.,0.,-1.));
#2312=DIRECTION('',(-1.,0.,0.));
#2313=DIRECTION('',(0.,0.,1.));
#2314=DIRECTION('',(1.,0.,0.));
#2315=DIRECTION('',(0.669034279062153,-8.2899247865881E-17,0.743231547661821));
#2316=DIRECTION('',(-0.743231547661821,9.20929438439669E-17,0.669034279062153));
#2317=DIRECTION('',(0.,0.,1.));
#2318=DIRECTION('',(-1.23908819712629E-16,-1.,0.));
#2319=DIRECTION('',(1.,-1.23908819712629E-16,0.));
#2320=DIRECTION('',(-1.23908819712629E-16,-1.,0.));
#2321=DIRECTION('',(-1.,1.23908819712629E-16,0.));
#2322=DIRECTION('',(-0.743231547661821,9.20929438439669E-17,0.669034279062153));
#2323=DIRECTION('',(0.,0.,-1.));
#2324=DIRECTION('',(1.,-1.23908819712629E-16,0.));
#2325=DIRECTION('',(0.151481274455003,-1.87698659262842E-17,-0.988460127415106));
#2326=DIRECTION('',(-1.23908819712629E-16,-1.,0.));
#2327=DIRECTION('',(1.,-1.23908819712629E-16,0.));
#2328=DIRECTION('',(0.,1.,0.));
#2329=DIRECTION('',(0.,0.,1.));
#2330=DIRECTION('',(-1.23908819712629E-16,-1.,0.));
#2331=DIRECTION('',(-1.,1.23908819712629E-16,0.));
#2332=DIRECTION('',(-1.,0.,0.));
#2333=DIRECTION('',(0.,0.,-1.));
#2334=DIRECTION('',(0.743231547661821,0.,-0.669034279062153));
#2335=DIRECTION('',(0.,1.,0.));
#2336=DIRECTION('',(0.,0.,1.));
#2337=DIRECTION('',(-0.151481274455003,0.,0.988460127415106));
#2338=DIRECTION('',(-1.,1.23908819712629E-16,0.));
#2339=DIRECTION('',(-1.23908819712629E-16,-1.,0.));
#2340=DIRECTION('',(-0.988460127415106,1.22478927721001E-16,-0.151481274455003));
#2341=DIRECTION('',(-0.151481274455003,1.87698659262842E-17,0.988460127415106));
#2342=DIRECTION('',(1.,0.,0.));
#2343=DIRECTION('',(0.,0.,-1.));
#2344=DIRECTION('',(-0.988460127415106,1.22478927721001E-16,-0.151481274455003));
#2345=DIRECTION('',(0.151481274455003,7.99211235423877E-16,-0.988460127415106));
#2346=DIRECTION('',(1.,1.21734980770302E-16,0.));
#2347=DIRECTION('',(-1.21734980770302E-16,1.,0.));
#2348=DIRECTION('',(1.,1.21734980770302E-16,0.));
#2349=DIRECTION('',(-0.988460127415106,1.22478927721001E-16,-0.151481274455003));
#2350=DIRECTION('',(0.151481274455003,1.60284179113632E-15,-0.988460127415106));
#2351=DIRECTION('',(1.,1.21734980770302E-16,0.));
#2352=DIRECTION('',(-2.5753235242662E-33,2.11551643411806E-17,1.));
#2353=DIRECTION('',(0.,-1.,2.11551643411806E-17));
#2354=DIRECTION('',(-1.27150843509874E-16,-1.,2.11551643411806E-17));
#2355=DIRECTION('',(1.,1.21734980770302E-16,0.));
#2356=DIRECTION('',(1.,1.21734980770302E-16,0.));
#2357=DIRECTION('',(-1.21734980770302E-16,1.,0.));
#2358=DIRECTION('',(-0.988460127415106,1.22478927721001E-16,-0.151481274455003));
#2359=DIRECTION('',(0.151481274455003,1.60284179113632E-15,-0.988460127415106));
#2360=DIRECTION('',(1.,1.21734980770302E-16,0.));
#2361=DIRECTION('',(-1.21734980770302E-16,1.,-5.10212787052002E-17));
#2362=DIRECTION('',(-1.,-1.21734980770302E-16,0.));
#2363=DIRECTION('',(-1.21734980770302E-16,1.,-5.10212787052002E-17));
#2364=DIRECTION('',(-1.,-1.21734980770302E-16,0.));
#2365=DIRECTION('',(0.743231547661821,5.6342293747131E-17,-0.669034279062153));
#2366=DIRECTION('',(-1.21734980770302E-16,1.,-5.10212787052002E-17));
#2367=DIRECTION('',(-1.,-1.21734980770302E-16,0.));
#2368=DIRECTION('',(-0.151481274455003,3.19919296169833E-17,0.988460127415106));
#2369=DIRECTION('',(1.21734980770302E-16,-1.,0.));
#2370=DIRECTION('',(1.,1.21734980770302E-16,0.));
#2371=DIRECTION('',(1.21734980770302E-16,-1.,0.));
#2372=DIRECTION('',(1.,1.21734980770302E-16,0.));
#2373=DIRECTION('',(-0.743231547661821,-9.04772781624938E-17,0.669034279062153));
#2374=DIRECTION('',(0.151481274455003,1.84405700328406E-17,-0.988460127415106));
#2375=DIRECTION('',(1.21734980770302E-16,-1.,0.));
#2376=DIRECTION('',(1.,1.21734980770302E-16,0.));
#2377=DIRECTION('',(-1.23908819712629E-16,-1.,0.));
#2378=DIRECTION('',(1.,-1.23908819712629E-16,0.));
#2379=DIRECTION('',(-1.23908819712629E-16,-1.,0.));
#2380=DIRECTION('',(-1.23908819712629E-16,-1.,0.));
#2381=DIRECTION('',(-1.23908819712629E-16,-1.,0.));
#2382=DIRECTION('',(1.,-1.23908819712629E-16,0.));
#2383=DIRECTION('',(-1.23908819712629E-16,-1.,0.));
#2384=DIRECTION('',(-1.23908819712629E-16,-1.,0.));
#2385=DIRECTION('',(0.669034279062153,-8.2899247865881E-17,0.743231547661821));
#2386=DIRECTION('',(0.743231547661821,0.,-0.669034279062153));
#2387=DIRECTION('',(0.669034279062153,-8.2899247865881E-17,0.743231547661821));
#2388=DIRECTION('',(-0.743231547661821,9.20929438439669E-17,0.669034279062153));
#2389=DIRECTION('',(0.669034279062153,-8.2899247865881E-17,0.743231547661821));
#2390=DIRECTION('',(-0.743231547661821,9.20929438439669E-17,0.669034279062153));
#2391=DIRECTION('',(-0.988460127415106,1.22478927721001E-16,-0.151481274455003));
#2392=DIRECTION('',(-0.151481274455003,0.,0.988460127415106));
#2393=DIRECTION('',(1.23908819712629E-16,1.,0.));
#2394=DIRECTION('',(-1.,1.23908819712629E-16,0.));
#2395=DIRECTION('',(1.23908819712629E-16,1.,0.));
#2396=DIRECTION('',(-1.,1.23908819712629E-16,0.));
#2397=DIRECTION('',(0.,0.,1.));
#2398=DIRECTION('',(1.,0.,0.));
#2399=DIRECTION('',(0.,0.,-1.));
#2400=DIRECTION('',(-1.,0.,0.));
#2401=DIRECTION('',(0.,0.,1.));
#2402=DIRECTION('',(1.,0.,0.));
#2403=DIRECTION('',(0.,0.,-1.));
#2404=DIRECTION('',(-1.,0.,0.));
#2405=DIRECTION('',(0.,0.,1.));
#2406=DIRECTION('',(1.,0.,0.));
#2407=DIRECTION('',(0.,0.,-1.));
#2408=DIRECTION('',(-1.,0.,0.));
#2409=DIRECTION('',(0.,0.,-1.));
#2410=DIRECTION('',(1.,0.,0.));
#2411=DIRECTION('',(0.,0.,-1.));
#2412=DIRECTION('',(1.,0.,0.));
#2413=DIRECTION('',(0.,0.,-1.));
#2414=DIRECTION('',(-1.,0.,0.));
#2415=DIRECTION('',(0.,0.,-1.));
#2416=DIRECTION('',(-1.,0.,0.));
#2417=DIRECTION('',(0.,0.,1.));
#2418=DIRECTION('',(1.,0.,0.));
#2419=DIRECTION('',(0.,0.,-1.));
#2420=DIRECTION('',(-1.,0.,0.));
#2421=DIRECTION('',(0.,0.,-1.));
#2422=DIRECTION('',(1.,0.,0.));
#2423=DIRECTION('',(0.,0.,-1.));
#2424=DIRECTION('',(1.,0.,0.));
#2425=DIRECTION('',(0.,0.,-1.));
#2426=DIRECTION('',(-1.,0.,0.));
#2427=DIRECTION('',(0.,0.,-1.));
#2428=DIRECTION('',(-1.,0.,0.));
#2429=DIRECTION('',(0.,0.,1.));
#2430=DIRECTION('',(1.,0.,0.));
#2431=DIRECTION('',(0.,0.,-1.));
#2432=DIRECTION('',(-1.,0.,0.));
#2433=DIRECTION('',(0.,0.,-1.));
#2434=DIRECTION('',(1.,0.,0.));
#2435=DIRECTION('',(0.,0.,-1.));
#2436=DIRECTION('',(1.,0.,0.));
#2437=DIRECTION('',(0.,0.,-1.));
#2438=DIRECTION('',(-1.,0.,0.));
#2439=DIRECTION('',(0.,0.,-1.));
#2440=DIRECTION('',(-1.,0.,0.));
#2441=DIRECTION('',(0.,0.,1.));
#2442=DIRECTION('',(1.,0.,0.));
#2443=DIRECTION('',(0.,0.,-1.));
#2444=DIRECTION('',(-1.,0.,0.));
#2445=DIRECTION('',(0.,0.,1.));
#2446=DIRECTION('',(1.,0.,0.));
#2447=DIRECTION('',(0.,0.,-1.));
#2448=DIRECTION('',(0.,0.,1.));
#2449=DIRECTION('',(1.,0.,0.));
#2450=DIRECTION('',(0.,0.,-1.));
#2451=DIRECTION('',(0.,1.,0.));
#2452=DIRECTION('',(0.,0.,1.));
#2453=DIRECTION('',(1.,0.,0.));
#2454=DIRECTION('',(0.,0.,-1.));
#2455=DIRECTION('',(1.,0.,0.));
#2456=DIRECTION('',(0.,0.,-1.));
#2457=DIRECTION('',(-1.,0.,0.));
#2458=DIRECTION('',(0.,0.,1.));
#2459=DIRECTION('',(-1.,0.,0.));
#2460=DIRECTION('',(0.,0.,-1.));
#2461=DIRECTION('',(0.,0.,1.));
#2462=DIRECTION('',(-1.,0.,0.));
#2463=DIRECTION('',(-1.,-1.13752359080446E-16,0.));
#2464=DIRECTION('',(1.13752359080446E-16,-1.,0.));
#2465=DIRECTION('',(-1.13752359080446E-16,1.,0.));
#2466=DIRECTION('',(0.,0.,-1.));
#2467=DIRECTION('',(-1.13752359080446E-16,1.,0.));
#2468=DIRECTION('',(0.,0.,-1.));
#2469=DIRECTION('',(-1.,0.,0.));
#2470=DIRECTION('',(0.,0.,1.));
#2471=DIRECTION('',(1.,0.,0.));
#2472=DIRECTION('',(0.,0.,-1.));
#2473=DIRECTION('',(0.,0.,1.));
#2474=DIRECTION('',(1.,0.,0.));
#2475=DIRECTION('',(0.,-1.,0.));
#2476=DIRECTION('',(0.,0.,-1.));
#2477=DIRECTION('',(-1.,0.,0.));
#2478=DIRECTION('',(0.,0.,-1.));
#2479=DIRECTION('',(-1.,0.,0.));
#2480=DIRECTION('',(0.,0.,-1.));
#2481=DIRECTION('',(-1.,0.,0.));
#2482=DIRECTION('',(0.,0.,1.));
#2483=DIRECTION('',(1.,0.,0.));
#2484=DIRECTION('',(0.,0.,-1.));
#2485=DIRECTION('',(0.,0.,1.));
#2486=DIRECTION('',(1.,0.,0.));
#2487=DIRECTION('',(0.,1.,0.));
#2488=DIRECTION('',(0.,0.,1.));
#2489=DIRECTION('',(1.,0.,0.));
#2490=DIRECTION('',(0.,0.,-1.));
#2491=DIRECTION('',(1.,0.,0.));
#2492=DIRECTION('',(0.,0.,-1.));
#2493=DIRECTION('',(0.,0.,-1.));
#2494=DIRECTION('',(-1.,0.,0.));
#2495=DIRECTION('',(0.,0.,1.));
#2496=DIRECTION('',(1.,0.,0.));
#2497=DIRECTION('',(0.,0.,-1.));
#2498=DIRECTION('',(0.,0.,1.));
#2499=DIRECTION('',(1.,0.,0.));
#2500=DIRECTION('',(0.,-1.,0.));
#2501=DIRECTION('',(0.,0.,-1.));
#2502=DIRECTION('',(-1.,0.,0.));
#2503=DIRECTION('',(0.,0.,-1.));
#2504=DIRECTION('',(-1.,0.,0.));
#2505=DIRECTION('',(0.,0.,-1.));
#2506=DIRECTION('',(-1.,0.,0.));
#2507=DIRECTION('',(0.,0.,-1.));
#2508=DIRECTION('',(1.,0.,0.));
#2509=DIRECTION('',(0.,0.,-1.));
#2510=DIRECTION('',(0.,0.,-1.));
#2511=DIRECTION('',(1.,0.,0.));
#2512=DIRECTION('',(0.,0.,-1.));
#2513=DIRECTION('',(0.,1.,0.));
#2514=DIRECTION('',(0.,0.,1.));
#2515=DIRECTION('',(1.,0.,0.));
#2516=DIRECTION('',(0.,0.,-1.));
#2517=DIRECTION('',(1.,0.,0.));
#2518=DIRECTION('',(0.,0.,-1.));
#2519=DIRECTION('',(-1.,0.,0.));
#2520=DIRECTION('',(0.,0.,-1.));
#2521=DIRECTION('',(-1.,0.,0.));
#2522=DIRECTION('',(0.,0.,-1.));
#2523=DIRECTION('',(0.,0.,-1.));
#2524=DIRECTION('',(-1.,0.,0.));
#2525=DIRECTION('',(0.,0.,-1.));
#2526=DIRECTION('',(-1.,0.,0.));
#2527=DIRECTION('',(0.,0.,-1.));
#2528=DIRECTION('',(1.,0.,0.));
#2529=DIRECTION('',(0.,0.,-1.));
#2530=DIRECTION('',(0.,0.,-1.));
#2531=DIRECTION('',(1.,0.,0.));
#2532=DIRECTION('',(0.,0.,-1.));
#2533=DIRECTION('',(2.31296463463574E-15,1.,0.));
#2534=DIRECTION('',(-1.,2.31296463463574E-15,0.));
#2535=DIRECTION('',(1.,-2.31296463463574E-15,0.));
#2536=DIRECTION('',(0.,0.,-1.));
#2537=DIRECTION('',(1.,-2.31296463463574E-15,0.));
#2538=DIRECTION('',(0.,0.,-1.));
#2539=DIRECTION('',(-1.,0.,0.));
#2540=DIRECTION('',(0.,0.,-1.));
#2541=DIRECTION('',(-1.,0.,0.));
#2542=DIRECTION('',(0.,0.,-1.));
#2543=DIRECTION('',(0.,0.,-1.));
#2544=DIRECTION('',(-1.,0.,0.));
#2545=DIRECTION('',(0.,1.,0.));
#2546=DIRECTION('',(0.,0.,1.));
#2547=DIRECTION('',(1.,0.,0.));
#2548=DIRECTION('',(0.,0.,-1.));
#2549=DIRECTION('',(1.,0.,0.));
#2550=DIRECTION('',(0.,0.,-1.));
#2551=DIRECTION('',(0.,0.,-1.));
#2552=DIRECTION('',(-1.,0.,0.));
#2553=DIRECTION('',(0.,0.,1.));
#2554=DIRECTION('',(1.,0.,0.));
#2555=DIRECTION('',(0.,0.,-1.));
#2556=DIRECTION('',(0.,0.,1.));
#2557=DIRECTION('',(1.,0.,0.));
#2558=DIRECTION('',(0.,-1.,0.));
#2559=DIRECTION('',(0.,0.,-1.));
#2560=DIRECTION('',(-1.,0.,0.));
#2561=DIRECTION('',(0.,0.,-1.));
#2562=DIRECTION('',(-1.,0.,0.));
#2563=DIRECTION('',(0.,0.,-1.));
#2564=DIRECTION('',(-1.,0.,0.));
#2565=DIRECTION('',(0.,0.,1.));
#2566=DIRECTION('',(-1.,0.,0.));
#2567=DIRECTION('',(0.,0.,1.));
#2568=DIRECTION('',(-1.,0.,0.));
#2569=DIRECTION('',(0.,-1.,0.));
#2570=DIRECTION('',(0.,0.,-1.));
#2571=DIRECTION('',(-1.,0.,0.));
#2572=DIRECTION('',(-1.,0.,0.));
#2573=DIRECTION('',(0.,0.,-1.));
#2574=DIRECTION('',(-1.,0.,0.));
#2575=DIRECTION('',(0.,0.,-1.));
#2576=DIRECTION('',(1.,0.,0.));
#2577=DIRECTION('',(0.,0.,-1.));
#2578=DIRECTION('',(1.,0.,0.));
#2579=DIRECTION('',(0.,-1.,0.));
#2580=DIRECTION('',(0.,0.,-1.));
#2581=DIRECTION('',(-1.,0.,0.));
#2582=DIRECTION('',(-1.,0.,0.));
#2583=DIRECTION('',(0.,0.,-1.));
#2584=DIRECTION('',(-1.,0.,0.));
#2585=DIRECTION('',(0.,0.,1.));
#2586=DIRECTION('',(-1.,0.,0.));
#2587=DIRECTION('',(0.,0.,1.));
#2588=DIRECTION('',(-1.,0.,0.));
#2589=DIRECTION('',(1.,1.13752359080446E-16,0.));
#2590=DIRECTION('',(-1.13752359080446E-16,1.,0.));
#2591=DIRECTION('',(1.13752359080446E-16,-1.,0.));
#2592=DIRECTION('',(1.13752359080446E-16,-1.,0.));
#2593=DIRECTION('',(0.,0.,1.));
#2594=DIRECTION('',(1.,0.,0.));
#2595=DIRECTION('',(0.,0.,1.));
#2596=DIRECTION('',(1.,0.,0.));
#2597=DIRECTION('',(0.,0.,1.));
#2598=DIRECTION('',(1.,0.,0.));
#2599=DIRECTION('',(-1.59242194083808E-16,0.,1.));
#2600=DIRECTION('',(1.,0.,1.59242194083808E-16));
#2601=DIRECTION('',(-1.59242194083808E-16,0.,1.));
#2602=DIRECTION('',(1.,0.,1.59242194083808E-16));
#2603=DIRECTION('',(-1.59242194083808E-16,0.,1.));
#2604=DIRECTION('',(1.,0.,1.59242194083808E-16));
#2605=DIRECTION('',(1.59242194083808E-16,0.,-1.));
#2606=DIRECTION('',(-1.,0.,-1.59242194083808E-16));
#2607=DIRECTION('',(-1.59242194083808E-16,0.,1.));
#2608=DIRECTION('',(1.,0.,1.59242194083808E-16));
#2609=DIRECTION('',(1.59242194083808E-16,0.,-1.));
#2610=DIRECTION('',(-1.,0.,-1.59242194083808E-16));
#2611=DIRECTION('',(1.59242194083808E-16,0.,-1.));
#2612=DIRECTION('',(-1.,0.,-1.59242194083808E-16));
#2613=DIRECTION('',(1.59242194083808E-16,0.,-1.));
#2614=DIRECTION('',(-1.,0.,-1.59242194083808E-16));
#2615=DIRECTION('',(1.59242194083808E-16,0.,-1.));
#2616=DIRECTION('',(-1.,0.,-1.59242194083808E-16));
#2617=DIRECTION('',(0.,0.,1.));
#2618=DIRECTION('',(1.,0.,0.));
#2619=DIRECTION('',(-1.33440267382831E-16,1.,0.));
#2620=DIRECTION('',(-1.,-1.33440267382831E-16,0.));
#2621=DIRECTION('',(-1.33440267382831E-16,1.,0.));
#2622=DIRECTION('',(-1.,-1.33440267382831E-16,0.));
#2623=DIRECTION('',(-1.33440267382831E-16,1.,0.));
#2624=DIRECTION('',(-1.,-1.33440267382831E-16,0.));
#2625=DIRECTION('',(-1.33440267382831E-16,1.,0.));
#2626=DIRECTION('',(-1.,-1.33440267382831E-16,0.));
#2627=DIRECTION('',(-1.33440267382831E-16,1.,0.));
#2628=DIRECTION('',(-1.,-1.33440267382831E-16,0.));
#2629=DIRECTION('',(-1.33440267382831E-16,1.,0.));
#2630=DIRECTION('',(-1.,-1.33440267382831E-16,0.));
#2631=DIRECTION('',(-1.33440267382831E-16,1.,0.));
#2632=DIRECTION('',(-1.,-1.33440267382831E-16,0.));
#2633=DIRECTION('',(-1.33440267382831E-16,1.,0.));
#2634=DIRECTION('',(-1.,-1.33440267382831E-16,0.));
#2635=DIRECTION('',(-1.33440267382831E-16,1.,0.));
#2636=DIRECTION('',(-1.,-1.33440267382831E-16,0.));
#2637=DIRECTION('',(-1.33440267382831E-16,1.,0.));
#2638=DIRECTION('',(-1.,-1.33440267382831E-16,0.));
#2639=DIRECTION('',(-1.33440267382831E-16,1.,0.));
#2640=DIRECTION('',(-1.,-1.33440267382831E-16,0.));
#2641=DIRECTION('',(-1.33440267382831E-16,1.,0.));
#2642=DIRECTION('',(-1.,-1.33440267382831E-16,0.));
#2643=DIRECTION('',(-1.33440267382831E-16,1.,0.));
#2644=DIRECTION('',(-1.,-1.33440267382831E-16,0.));
#2645=DIRECTION('',(1.33440267382831E-16,-1.,0.));
#2646=DIRECTION('',(1.,1.33440267382831E-16,0.));
#2647=DIRECTION('',(-1.33440267382831E-16,1.,0.));
#2648=DIRECTION('',(-1.,-1.33440267382831E-16,0.));
#2649=DIRECTION('',(-1.33440267382831E-16,1.,0.));
#2650=DIRECTION('',(-1.,-1.33440267382831E-16,0.));
#2651=DIRECTION('',(-1.33440267382831E-16,1.,0.));
#2652=DIRECTION('',(-1.,-1.33440267382831E-16,0.));
#2653=DIRECTION('',(-1.33440267382831E-16,1.,0.));
#2654=DIRECTION('',(-1.,-1.33440267382831E-16,0.));
#2655=DIRECTION('',(-1.33440267382831E-16,1.,0.));
#2656=DIRECTION('',(-1.,-1.33440267382831E-16,0.));
#2657=DIRECTION('',(1.33440267382831E-16,-1.,0.));
#2658=DIRECTION('',(1.,1.33440267382831E-16,0.));
#2659=DIRECTION('',(-1.33440267382831E-16,1.,0.));
#2660=DIRECTION('',(-1.,-1.33440267382831E-16,0.));
#2661=DIRECTION('',(-1.33440267382831E-16,1.,0.));
#2662=DIRECTION('',(-1.,-1.33440267382831E-16,0.));
#2663=DIRECTION('',(-1.33440267382831E-16,1.,0.));
#2664=DIRECTION('',(-1.,-1.33440267382831E-16,0.));
#2665=DIRECTION('',(-1.33440267382831E-16,1.,0.));
#2666=DIRECTION('',(-1.,-1.33440267382831E-16,0.));
#2667=DIRECTION('',(-1.33440267382831E-16,1.,0.));
#2668=DIRECTION('',(-1.,-1.33440267382831E-16,0.));
#2669=DIRECTION('',(1.33440267382831E-16,-1.,0.));
#2670=DIRECTION('',(1.,1.33440267382831E-16,0.));
#2671=DIRECTION('',(-1.33440267382831E-16,1.,0.));
#2672=DIRECTION('',(-1.,-1.33440267382831E-16,0.));
#2673=DIRECTION('',(-1.33440267382831E-16,1.,0.));
#2674=DIRECTION('',(-1.,-1.33440267382831E-16,0.));
#2675=DIRECTION('',(-1.33440267382831E-16,1.,0.));
#2676=DIRECTION('',(-1.,-1.33440267382831E-16,0.));
#2677=DIRECTION('',(1.33440267382831E-16,-1.,0.));
#2678=DIRECTION('',(1.,1.33440267382831E-16,0.));
#2679=DIRECTION('',(-1.33440267382831E-16,1.,0.));
#2680=DIRECTION('',(-1.,-1.33440267382831E-16,0.));
#2681=DIRECTION('',(-1.33440267382831E-16,1.,0.));
#2682=DIRECTION('',(-1.,-1.33440267382831E-16,0.));
#2683=DIRECTION('',(-1.33440267382831E-16,1.,0.));
#2684=DIRECTION('',(-1.,-1.33440267382831E-16,0.));
#2685=DIRECTION('',(-1.33440267382831E-16,1.,0.));
#2686=DIRECTION('',(-1.,-1.33440267382831E-16,0.));
#2687=DIRECTION('',(-1.33440267382831E-16,1.,0.));
#2688=DIRECTION('',(-1.,-1.33440267382831E-16,0.));
#2689=DIRECTION('',(-1.33440267382831E-16,1.,0.));
#2690=DIRECTION('',(-1.,-1.33440267382831E-16,0.));
#2691=DIRECTION('',(-1.33440267382831E-16,1.,0.));
#2692=DIRECTION('',(-1.,-1.33440267382831E-16,0.));
#2693=DIRECTION('',(-1.33440267382831E-16,1.,0.));
#2694=DIRECTION('',(-1.,-1.33440267382831E-16,0.));
#2695=DIRECTION('',(-1.33440267382831E-16,1.,0.));
#2696=DIRECTION('',(-1.,-1.33440267382831E-16,0.));
#2697=DIRECTION('',(-1.33440267382831E-16,1.,0.));
#2698=DIRECTION('',(-1.,-1.33440267382831E-16,0.));
#2699=DIRECTION('',(0.,0.,1.));
#2700=DIRECTION('',(1.,0.,0.));
#2701=DIRECTION('',(0.,1.,0.));
#2702=DIRECTION('',(0.,0.,1.));
#2703=DIRECTION('',(0.,1.,0.));
#2704=DIRECTION('',(0.,0.,1.));
#2705=DIRECTION('',(0.,1.,0.));
#2706=DIRECTION('',(0.,0.,1.));
#2707=DIRECTION('',(0.,1.,0.));
#2708=DIRECTION('',(0.,0.,1.));
#2709=DIRECTION('',(0.,1.,0.));
#2710=DIRECTION('',(0.,0.,1.));
#2711=DIRECTION('',(0.,1.,0.));
#2712=DIRECTION('',(0.,0.,1.));
#2713=DIRECTION('',(0.,1.,0.));
#2714=DIRECTION('',(0.,0.,1.));
#2715=DIRECTION('',(0.,1.,0.));
#2716=DIRECTION('',(0.,0.,1.));
#2717=DIRECTION('',(0.,1.,0.));
#2718=DIRECTION('',(0.,0.,1.));
#2719=DIRECTION('',(0.,1.,0.));
#2720=DIRECTION('',(0.,0.,1.));
#2721=DIRECTION('',(0.,1.,0.));
#2722=DIRECTION('',(0.,0.,1.));
#2723=DIRECTION('',(0.,1.,0.));
#2724=DIRECTION('',(0.,0.,1.));
#2725=DIRECTION('',(0.,1.,0.));
#2726=DIRECTION('',(0.,0.,1.));
#2727=DIRECTION('',(0.,1.,0.));
#2728=DIRECTION('',(0.,0.,1.));
#2729=DIRECTION('',(0.,1.,0.));
#2730=DIRECTION('',(0.,0.,1.));
#2731=DIRECTION('',(0.,-1.,0.));
#2732=DIRECTION('',(0.,0.,-1.));
#2733=DIRECTION('',(0.,0.,1.));
#2734=DIRECTION('',(1.,0.,0.));
#2735=DIRECTION('',(0.,1.,0.));
#2736=DIRECTION('',(0.,0.,1.));
#2737=DIRECTION('',(0.,-1.,0.));
#2738=DIRECTION('',(0.,0.,-1.));
#2739=DIRECTION('',(0.,-1.,0.));
#2740=DIRECTION('',(0.,0.,-1.));
#2741=DIRECTION('',(0.,-1.,0.));
#2742=DIRECTION('',(0.,0.,-1.));
#2743=DIRECTION('',(0.,-1.,0.));
#2744=DIRECTION('',(0.,0.,-1.));
#2745=DIRECTION('',(0.,-1.,0.));
#2746=DIRECTION('',(0.,0.,-1.));
#2747=DIRECTION('',(0.,-1.,0.));
#2748=DIRECTION('',(0.,0.,-1.));
#2749=DIRECTION('',(0.,-1.,0.));
#2750=DIRECTION('',(0.,0.,-1.));
#2751=DIRECTION('',(0.,-1.,0.));
#2752=DIRECTION('',(0.,0.,-1.));
#2753=DIRECTION('',(0.,-1.,0.));
#2754=DIRECTION('',(0.,0.,-1.));
#2755=DIRECTION('',(0.,-1.,0.));
#2756=DIRECTION('',(0.,0.,-1.));
#2757=DIRECTION('',(-0.792801967194929,0.,0.609479319429175));
#2758=DIRECTION('',(0.609479319429175,0.,0.792801967194929));
#2759=DIRECTION('',(0.,1.,0.));
#2760=DIRECTION('',(0.,1.,0.));
#2761=DIRECTION('',(-0.92422555730438,0.,-0.3818469840465));
#2762=DIRECTION('',(-0.3818469840465,0.,0.92422555730438));
#2763=DIRECTION('',(0.,1.,0.));
#2764=DIRECTION('',(-0.13142359010945,0.,-0.991326303475674));
#2765=DIRECTION('',(-0.991326303475674,0.,0.13142359010945));
#2766=DIRECTION('',(0.,1.,0.));
#2767=DIRECTION('',(0.79280196719493,0.,-0.609479319429173));
#2768=DIRECTION('',(-0.609479319429174,0.,-0.79280196719493));
#2769=DIRECTION('',(0.,1.,0.));
#2770=DIRECTION('',(0.92422555730438,0.,0.381846984046499));
#2771=DIRECTION('',(0.381846984046499,0.,-0.924225557304381));
#2772=DIRECTION('',(0.,1.,0.));
#2773=DIRECTION('',(0.131423590109453,0.,0.991326303475673));
#2774=DIRECTION('',(0.991326303475673,0.,-0.131423590109453));
#2775=DIRECTION('',(0.,1.,0.));
#2776=DIRECTION('',(0.,0.,1.));
#2777=DIRECTION('',(0.,-1.,0.));
#2778=DIRECTION('',(0.,0.,-1.));
#2779=DIRECTION('',(0.,-1.,0.));
#2780=DIRECTION('',(0.,0.,-1.));
#2781=DIRECTION('',(0.,0.,1.));
#2782=DIRECTION('',(1.,0.,0.));
#2783=DIRECTION('',(-6.96995145666967E-9,0.,-1.));
#2784=DIRECTION('',(-1.,0.,6.96995145666967E-9));
#2785=DIRECTION('',(0.,-1.,0.));
#2786=DIRECTION('',(0.,-1.,0.));
#2787=DIRECTION('',(-0.866025407269415,0.,-0.499999993963844));
#2788=DIRECTION('',(-0.499999993963844,0.,0.866025407269415));
#2789=DIRECTION('',(0.,-1.,0.));
#2790=DIRECTION('',(-0.866025400299463,0.,0.500000006036156));
#2791=DIRECTION('',(0.500000006036156,0.,0.866025400299463));
#2792=DIRECTION('',(0.,-1.,0.));
#2793=DIRECTION('',(6.96995145666969E-9,0.,1.));
#2794=DIRECTION('',(1.,0.,-6.96995145666969E-9));
#2795=DIRECTION('',(0.,-1.,0.));
#2796=DIRECTION('',(0.866025407269414,0.,0.499999993963846));
#2797=DIRECTION('',(0.499999993963846,0.,-0.866025407269414));
#2798=DIRECTION('',(0.,-1.,0.));
#2799=DIRECTION('',(0.866025400299463,0.,-0.500000006036154));
#2800=DIRECTION('',(-0.500000006036154,0.,-0.866025400299463));
#2801=DIRECTION('',(0.,1.,0.));
#2802=DIRECTION('',(0.,0.,1.));
#2803=DIRECTION('',(0.,-1.,0.));
#2804=DIRECTION('',(-1.,0.,0.));
#2805=DIRECTION('',(0.,1.,0.));
#2806=DIRECTION('',(0.,0.,1.));
#2807=DIRECTION('',(0.,-1.,0.));
#2808=DIRECTION('',(0.,0.,-1.));
#2809=DIRECTION('',(0.,-1.,0.));
#2810=DIRECTION('',(0.,0.,-1.));
#2811=DIRECTION('',(0.,-1.,0.));
#2812=DIRECTION('',(0.,0.,-1.));
#2813=DIRECTION('',(0.,-1.,0.));
#2814=DIRECTION('',(0.,0.,-1.));
#2815=DIRECTION('',(0.,-1.,0.));
#2816=DIRECTION('',(0.,0.,-1.));
#2817=DIRECTION('',(0.,-1.,0.));
#2818=DIRECTION('',(0.,0.,-1.));
#2819=DIRECTION('',(0.,-1.,0.));
#2820=DIRECTION('',(0.,0.,-1.));
#2821=DIRECTION('',(0.,-1.,0.));
#2822=DIRECTION('',(0.,0.,-1.));
#2823=DIRECTION('',(0.,0.,1.));
#2824=DIRECTION('',(1.,0.,0.));
#2825=CARTESIAN_POINT('',(0.,0.,0.));
#2826=CARTESIAN_POINT('',(0.,0.,-70.5));
#2827=CARTESIAN_POINT('',(0.,0.,0.));
#2828=CARTESIAN_POINT('',(38.9876645791268,6.34129408445142,0.));
#2829=CARTESIAN_POINT('',(38.9876645791268,-6.34129408445142,0.));
#2830=CARTESIAN_POINT('',(38.9876645791268,-6.34129408445142,2.72862503672325E-16));
#2831=CARTESIAN_POINT('',(39.0358673660627,-6.04493279544526,-0.482971108966727));
#2832=CARTESIAN_POINT('',(39.0766830718253,-5.77283767709746,-0.983110222818093));
#2833=CARTESIAN_POINT('',(39.1117372859041,-5.52467252227862,-1.5));
#2834=CARTESIAN_POINT('',(39.1117372859041,-5.52467252227862,-1.5));
#2835=CARTESIAN_POINT('',(0.,0.,-1.5));
#2836=CARTESIAN_POINT('',(39.1117372859041,5.52467252227862,-1.5));
#2837=CARTESIAN_POINT('',(39.1117372859041,5.52467252227862,-1.5));
#2838=CARTESIAN_POINT('',(39.0766830718253,5.77283767709746,-0.983110222818092));
#2839=CARTESIAN_POINT('',(39.0358673660627,6.04493279544526,-0.482971108966725));
#2840=CARTESIAN_POINT('',(38.9876645791268,6.34129408445142,3.69307605773794E-16));
#2841=CARTESIAN_POINT('',(0.,0.,-70.5));
#2842=CARTESIAN_POINT('',(27.70957362091,-3.43346056210716E-15,-70.5));
#2843=CARTESIAN_POINT('',(27.70957362091,28.1501248620209,-70.5));
#2844=CARTESIAN_POINT('',(27.70957362091,23.5,-70.5));
#2845=CARTESIAN_POINT('',(0.,0.,-70.5));
#2846=CARTESIAN_POINT('',(31.7490157327751,23.5,-70.5));
#2847=CARTESIAN_POINT('',(-2.8607720481021E-15,23.5,-70.5));
#2848=CARTESIAN_POINT('',(0.,0.,-1.5));
#2849=CARTESIAN_POINT('',(39.1117372859041,-5.52467252227862,-1.5));
#2850=CARTESIAN_POINT('',(38.928225958856,-6.8238349221398,-1.5));
#2851=CARTESIAN_POINT('',(39.034593647742,-9.42923587908941,-1.5));
#2852=CARTESIAN_POINT('',(40.1793749288036,-13.1834385988544,-1.5));
#2853=CARTESIAN_POINT('',(41.7020069650685,-16.7651908985095,-1.5));
#2854=CARTESIAN_POINT('',(42.5337631144193,-19.2456323182076,-1.49999999999999));
#2855=CARTESIAN_POINT('',(42.8485705712572,-20.4999999999998,-1.49999999999999));
#2856=CARTESIAN_POINT('',(42.8485705712571,-20.5,-1.5));
#2857=CARTESIAN_POINT('',(55.3495886623547,-20.5,-1.5));
#2858=CARTESIAN_POINT('',(45.9935906053475,-20.5,-1.49999999999999));
#2859=CARTESIAN_POINT('',(45.9935906053475,103.5,-1.5));
#2860=CARTESIAN_POINT('',(45.9935906053475,20.5,-1.49999999999999));
#2861=CARTESIAN_POINT('',(27.3495886623547,20.5,-1.5));
#2862=CARTESIAN_POINT('',(42.8485705712571,20.5,-1.5));
#2863=CARTESIAN_POINT('',(39.1117372859041,5.52467252227862,-1.5));
#2864=CARTESIAN_POINT('',(38.9282259588561,6.8238349221398,-1.5));
#2865=CARTESIAN_POINT('',(39.0345936477417,9.42923587908947,-1.5));
#2866=CARTESIAN_POINT('',(40.1793749288045,13.1834385988542,-1.5));
#2867=CARTESIAN_POINT('',(41.7020069650654,16.7651908985103,-1.50000000000002));
#2868=CARTESIAN_POINT('',(42.5337631144259,19.245632318206,-1.49999999999996));
#2869=CARTESIAN_POINT('',(42.8485705712572,20.4999999999998,-1.5));
#2870=CARTESIAN_POINT('',(0.,0.,-77.5));
#2871=CARTESIAN_POINT('',(0.,0.,-45.5566903828193));
#2872=CARTESIAN_POINT('',(31.4054031702115,23.9572672005066,-73.8268725820807));
#2873=CARTESIAN_POINT('',(31.4054031702115,23.9572672005066,-73.8268725820807));
#2874=CARTESIAN_POINT('',(31.519994340709,23.8070504884291,-73.930024044612));
#2875=CARTESIAN_POINT('',(31.634570489566,23.6546180351994,-74.0298102392624));
#2876=CARTESIAN_POINT('',(31.7490157327751,23.5,-74.1264101419363));
#2877=CARTESIAN_POINT('',(31.7490157327751,23.5,-74.1264101419362));
#2878=CARTESIAN_POINT('',(31.7490157327751,23.5,-77.5));
#2879=CARTESIAN_POINT('',(0.,0.,-70.5));
#2880=CARTESIAN_POINT('',(25.2778115396228,-30.3526315789474,-70.5));
#2881=CARTESIAN_POINT('',(25.2778115396228,-30.3526315789474,-68.3110022428099));
#2882=CARTESIAN_POINT('',(25.2778115396228,-30.3526315789474,-9.49999999999999));
#2883=CARTESIAN_POINT('',(25.2778115396228,-30.3526315789474,-9.49999999999999));
#2884=CARTESIAN_POINT('',(25.2778115396228,-30.3526315789474,-7.73959286545772));
#2885=CARTESIAN_POINT('',(25.8767345934183,-29.866593284074,-4.29242781610416));
#2886=CARTESIAN_POINT('',(27.3113756723464,-28.5590724114143,-1.31291049717724));
#2887=CARTESIAN_POINT('',(28.1068748724868,-27.7534427576538,-1.23524906869297E-15));
#2888=CARTESIAN_POINT('',(28.1068748724868,-27.7534427576538,0.));
#2889=CARTESIAN_POINT('',(0.,0.,0.));
#2890=CARTESIAN_POINT('',(28.1068748724869,27.7534427576537,0.));
#2891=CARTESIAN_POINT('',(28.1068748724869,27.7534427576538,6.98633319785429E-14));
#2892=CARTESIAN_POINT('',(27.3113756723465,28.5590724114143,-1.31291049717718));
#2893=CARTESIAN_POINT('',(25.8767345934183,29.866593284074,-4.29242781610413));
#2894=CARTESIAN_POINT('',(25.2778115396228,30.3526315789474,-7.7395928654577));
#2895=CARTESIAN_POINT('',(25.2778115396228,30.3526315789474,-9.49999999999999));
#2896=CARTESIAN_POINT('',(25.2778115396228,30.3526315789474,-9.49999999999999));
#2897=CARTESIAN_POINT('',(25.2778115396228,30.3526315789474,-70.5));
#2898=CARTESIAN_POINT('',(25.2778115396228,30.3526315789474,-68.3110022428099));
#2899=CARTESIAN_POINT('',(0.,0.,-45.5566903828193));
#2900=CARTESIAN_POINT('',(0.,0.,-70.5));
#2901=CARTESIAN_POINT('',(0.,0.,-45.5566903828193));
#2902=CARTESIAN_POINT('',(25.9374246986859,23.5,-68.9047658091197));
#2903=CARTESIAN_POINT('',(25.9374246986859,-23.5,-68.9047658091197));
#2904=CARTESIAN_POINT('',(25.9374246986859,23.5,-70.5));
#2905=CARTESIAN_POINT('',(25.9374246986859,23.5,-9.49999999999998));
#2906=CARTESIAN_POINT('',(28.3681159050086,20.5,-6.5));
#2907=CARTESIAN_POINT('',(27.837961042205,21.2336338827129,-6.5));
#2908=CARTESIAN_POINT('',(27.009548217873,22.281739690688,-6.88055797946893));
#2909=CARTESIAN_POINT('',(26.1353107891484,23.2834999780044,-8.15539652986156));
#2910=CARTESIAN_POINT('',(25.9374246986859,23.5,-9.04426660745894));
#2911=CARTESIAN_POINT('',(25.9374246986859,23.5,-9.49999999999998));
#2912=CARTESIAN_POINT('',(28.3681159050086,20.5,-6.50000000000001));
#2913=CARTESIAN_POINT('',(0.,0.,-6.50000000000001));
#2914=CARTESIAN_POINT('',(28.3681159050086,-20.5,-6.5));
#2915=CARTESIAN_POINT('',(25.9374246986859,-23.5,-9.5));
#2916=CARTESIAN_POINT('',(25.9374246986859,-23.5,-9.04477533865679));
#2917=CARTESIAN_POINT('',(26.1331378071214,-23.2858367240323,-8.16274152990036));
#2918=CARTESIAN_POINT('',(27.0030378894616,-22.2896620094669,-6.88440871169249));
#2919=CARTESIAN_POINT('',(27.8383462187137,-21.2331008714035,-6.5));
#2920=CARTESIAN_POINT('',(28.3681159050086,-20.5,-6.5));
#2921=CARTESIAN_POINT('',(25.9374246986859,-23.5,-9.49999999999999));
#2922=CARTESIAN_POINT('',(25.9374246986859,-23.5,-70.5));
#2923=CARTESIAN_POINT('',(0.,0.,0.));
#2924=CARTESIAN_POINT('',(35.,0.,0.));
#2925=CARTESIAN_POINT('',(0.,0.,-70.5));
#2926=CARTESIAN_POINT('',(27.70957362091,-3.43346056210716E-15,-70.5));
#2927=CARTESIAN_POINT('',(27.70957362091,-23.5,-70.5));
#2928=CARTESIAN_POINT('',(27.70957362091,-28.1501248620209,-70.5));
#2929=CARTESIAN_POINT('',(2.8607720481021E-15,-23.5,-70.5));
#2930=CARTESIAN_POINT('',(31.7490157327751,-23.5,-70.5));
#2931=CARTESIAN_POINT('',(0.,0.,-70.5));
#2932=CARTESIAN_POINT('',(0.,0.,0.));
#2933=CARTESIAN_POINT('',(38.9876645791268,6.34129408445142,-9.78466982111285E-16));
#2934=CARTESIAN_POINT('',(38.8092611919878,7.43815717342442,-9.78466982111285E-16));
#2935=CARTESIAN_POINT('',(38.7386738138861,9.63749766252512,4.65776261180888E-16));
#2936=CARTESIAN_POINT('',(39.074077049604,12.3874657913304,-5.78009906083363E-17));
#2937=CARTESIAN_POINT('',(39.293192017203,14.5897504826367,1.08865308588278E-17));
#2938=CARTESIAN_POINT('',(39.2999360856459,16.2478386413396,-2.9170131937657E-18));
#2939=CARTESIAN_POINT('',(38.9702481031155,17.8914620152092,7.81521916235031E-19));
#2940=CARTESIAN_POINT('',(38.2163577393,19.3576290051752,-2.09074471174426E-19));
#2941=CARTESIAN_POINT('',(37.1284064834263,20.6253027895564,5.47759684626724E-20));
#2942=CARTESIAN_POINT('',(35.4908686124457,22.0612844497653,-3.16311930559094E-20));
#2943=CARTESIAN_POINT('',(33.2456326933992,23.6475655500303,1.08008951898227E-20));
#2944=CARTESIAN_POINT('',(30.5583793488815,25.548758733296,-3.08597005423507E-21));
#2945=CARTESIAN_POINT('',(28.8834491895162,26.9669789899502,0.));
#2946=CARTESIAN_POINT('',(28.1068748724869,27.7534427576538,0.));
#2947=CARTESIAN_POINT('',(28.1068748724868,-27.7534427576538,-1.78920458815675E-15));
#2948=CARTESIAN_POINT('',(28.8851912782517,-26.9652147162155,-1.78920458815675E-15));
#2949=CARTESIAN_POINT('',(30.5641768466163,-25.5442745051102,8.31902162150967E-16));
#2950=CARTESIAN_POINT('',(33.2611479344888,-23.6361378159381,-2.27850685293266E-16));
#2951=CARTESIAN_POINT('',(35.5065821576631,-22.0518801680178,2.82753683028686E-17));
#2952=CARTESIAN_POINT('',(37.1627217346631,-20.5908081500062,-5.32552588651046E-18));
#2953=CARTESIAN_POINT('',(38.2325980784482,-19.3348747499147,1.42695879051797E-18));
#2954=CARTESIAN_POINT('',(38.9862108094293,-17.8450681643821,-3.82309275561413E-19));
#2955=CARTESIAN_POINT('',(39.3001025544974,-16.2239673027245,1.02278311727684E-19));
#2956=CARTESIAN_POINT('',(39.2919562658685,-14.5686417121707,-2.68039713493242E-20));
#2957=CARTESIAN_POINT('',(39.0726754822778,-12.3805656101609,1.55180886759245E-20));
#2958=CARTESIAN_POINT('',(38.7398290239509,-9.64198661607867,-5.64294133669983E-21));
#2959=CARTESIAN_POINT('',(38.8082920340583,-7.44411576859096,0.));
#2960=CARTESIAN_POINT('',(38.9876645791269,-6.34129408445141,0.));
#2961=CARTESIAN_POINT('',(0.,0.,-77.5));
#2962=CARTESIAN_POINT('',(31.7490157327751,-23.5,-74.1264101419362));
#2963=CARTESIAN_POINT('',(31.634570489566,-23.6546180351994,-74.0298102392624));
#2964=CARTESIAN_POINT('',(31.519994340709,-23.8070504884292,-73.930024044612));
#2965=CARTESIAN_POINT('',(31.4054031702115,-23.9572672005067,-73.8268725820807));
#2966=CARTESIAN_POINT('',(31.7490157327751,-23.5,-74.1264101419362));
#2967=CARTESIAN_POINT('',(31.4054031702115,-23.9572672005066,-73.8268725820807));
#2968=CARTESIAN_POINT('',(0.,0.,-45.5566903828193));
#2969=CARTESIAN_POINT('',(31.7490157327751,-23.5,-77.5));
#2970=CARTESIAN_POINT('',(27.3495886623547,28.5,-77.5));
#2971=CARTESIAN_POINT('',(40.9760810769914,28.5,-63.1947869394733));
#2972=CARTESIAN_POINT('',(34.9760810769914,28.5,-63.1947869394733));
#2973=CARTESIAN_POINT('',(30.9914520803257,28.5,-73.4542464874807));
#2974=CARTESIAN_POINT('',(31.4054031702115,28.5,-73.8268725820807));
#2975=CARTESIAN_POINT('',(30.3973683071413,28.5,-72.9194704676181));
#2976=CARTESIAN_POINT('',(30.3973683071413,28.5,-9.49999999999999));
#2977=CARTESIAN_POINT('',(30.3973683071413,28.5,-9.49999999999999));
#2978=CARTESIAN_POINT('',(55.3495886623547,28.5,-9.49999999999999));
#2979=CARTESIAN_POINT('',(47.2195886623547,28.5,-9.49999999999999));
#2980=CARTESIAN_POINT('',(56.9454977768088,28.5,-72.9644341162897));
#2981=CARTESIAN_POINT('',(55.1162138014998,28.5,-61.0278150337144));
#2982=CARTESIAN_POINT('',(40.9760810769914,28.5,-63.1947869394733));
#2983=CARTESIAN_POINT('',(55.3495886623547,-28.5,-77.5));
#2984=CARTESIAN_POINT('',(40.9760810769914,-28.5,-63.1947869394733));
#2985=CARTESIAN_POINT('',(34.9760810769914,-28.5,-63.1947869394733));
#2986=CARTESIAN_POINT('',(27.3495886623547,-28.5,-9.49999999999999));
#2987=CARTESIAN_POINT('',(47.2195886623547,-28.5,-9.49999999999999));
#2988=CARTESIAN_POINT('',(30.3973683071413,-28.5,-9.49999999999999));
#2989=CARTESIAN_POINT('',(30.3973683071413,-28.5,-70.175952564207));
#2990=CARTESIAN_POINT('',(30.3973683071413,-28.5,-72.9194704676181));
#2991=CARTESIAN_POINT('',(46.4584598166397,-28.5,-87.3771732021336));
#2992=CARTESIAN_POINT('',(31.4054031702115,-28.5,-73.8268725820807));
#2993=CARTESIAN_POINT('',(40.9760810769914,-28.5,-63.1947869394733));
#2994=CARTESIAN_POINT('',(55.1162138014998,-28.5,-61.0278150337144));
#2995=CARTESIAN_POINT('',(57.5880019191032,-28.5,-77.1569637120559));
#2996=CARTESIAN_POINT('',(27.3495886623547,20.5,-9.49999999999999));
#2997=CARTESIAN_POINT('',(30.3973683071413,28.5,-9.49999999999999));
#2998=CARTESIAN_POINT('',(30.3973683071413,28.5,-8.73485573115678));
#2999=CARTESIAN_POINT('',(30.9590490491751,28.26837732861,-7.28376713091447));
#3000=CARTESIAN_POINT('',(32.4597550541744,27.6014345232061,-5.70941484529231));
#3001=CARTESIAN_POINT('',(34.1554071230327,26.7707522294992,-4.46355151392027));
#3002=CARTESIAN_POINT('',(36.5197504431734,25.4834875190307,-3.12691607949467));
#3003=CARTESIAN_POINT('',(39.5347078312025,23.5397930012405,-1.92762788736578));
#3004=CARTESIAN_POINT('',(41.8023192555598,21.5934237399006,-1.49999999999999));
#3005=CARTESIAN_POINT('',(42.8485705712571,20.5,-1.49999999999999));
#3006=CARTESIAN_POINT('',(47.2195886623547,20.5,-9.49999999999999));
#3007=CARTESIAN_POINT('',(55.3495886623547,-20.5,-9.49999999999999));
#3008=CARTESIAN_POINT('',(42.8485705712571,-20.5,-1.49999999999999));
#3009=CARTESIAN_POINT('',(41.8024633092148,-21.593273191286,-1.49999999999999));
#3010=CARTESIAN_POINT('',(39.5351919918622,-23.539404261345,-1.92749953136739));
#3011=CARTESIAN_POINT('',(36.5206635189362,-25.4829298120995,-3.12655139167388));
#3012=CARTESIAN_POINT('',(34.1566274378038,-26.7701215505239,-4.4627279689613));
#3013=CARTESIAN_POINT('',(32.461031065131,-27.6008325743974,-5.70856069930078));
#3014=CARTESIAN_POINT('',(30.9606525411373,-28.2676983968401,-7.28096942914117));
#3015=CARTESIAN_POINT('',(30.3973683071413,-28.5,-8.73471674146619));
#3016=CARTESIAN_POINT('',(30.3973683071413,-28.5,-9.5));
#3017=CARTESIAN_POINT('',(47.2195886623547,-20.5,-9.49999999999999));
#3018=CARTESIAN_POINT('',(0.,20.5,-9.49999999999998));
#3019=CARTESIAN_POINT('',(0.,23.5,-9.49999999999998));
#3020=CARTESIAN_POINT('',(47.2195886623547,23.5,-9.49999999999998));
#3021=CARTESIAN_POINT('',(47.2195886623547,20.5,-9.49999999999998));
#3022=CARTESIAN_POINT('',(46.759839390977,20.5,-6.5));
#3023=CARTESIAN_POINT('',(0.,20.5,-6.5));
#3024=CARTESIAN_POINT('',(0.,-20.5,-6.5));
#3025=CARTESIAN_POINT('',(46.759839390977,-20.5,-6.5));
#3026=CARTESIAN_POINT('',(46.759839390977,-20.5,-6.5));
#3027=CARTESIAN_POINT('',(0.,-20.5,-6.5));
#3028=CARTESIAN_POINT('',(0.,-20.5,-9.49999999999999));
#3029=CARTESIAN_POINT('',(47.2195886623547,-20.5,-9.49999999999999));
#3030=CARTESIAN_POINT('',(47.2195886623547,-23.5,-9.49999999999999));
#3031=CARTESIAN_POINT('',(0.,-23.5,-9.49999999999999));
#3032=CARTESIAN_POINT('',(0.,23.5,-9.49999999999998));
#3033=CARTESIAN_POINT('',(40.9760810769914,23.5,-63.1947869394733));
#3034=CARTESIAN_POINT('',(34.9760810769914,23.5,-63.1947869394733));
#3035=CARTESIAN_POINT('',(-17.9290949204615,23.5,-29.4174681820338));
#3036=CARTESIAN_POINT('',(40.9760810769914,23.5,-63.1947869394733));
#3037=CARTESIAN_POINT('',(55.1162138014998,23.5,-61.0278150337144));
#3038=CARTESIAN_POINT('',(46.1360607583191,23.5,-2.42965989404176));
#3039=CARTESIAN_POINT('',(0.,-23.5,-77.5));
#3040=CARTESIAN_POINT('',(40.9760810769914,-23.5,-63.1947869394733));
#3041=CARTESIAN_POINT('',(46.9760810769914,-23.5,-63.1947869394733));
#3042=CARTESIAN_POINT('',(15.8837271008383,-23.5,-59.8547351081283));
#3043=CARTESIAN_POINT('',(56.3179183480371,-23.5,-68.869292691327));
#3044=CARTESIAN_POINT('',(55.1162138014998,-23.5,-61.0278150337144));
#3045=CARTESIAN_POINT('',(40.9760810769914,-23.5,-63.1947869394733));
#3046=CARTESIAN_POINT('',(40.9760810769914,103.5,-63.1947869394733));
#3047=CARTESIAN_POINT('',(31.4054031702115,103.5,-73.8268725820807));
#3048=CARTESIAN_POINT('',(55.1162138014998,103.5,-61.0278150337144));
#3049=CARTESIAN_POINT('',(40.9760810769914,103.5,-63.1947869394733));
#3050=CARTESIAN_POINT('',(31.4054031702115,103.5,-73.8268725820807));
#3051=CARTESIAN_POINT('',(55.1162138014998,103.5,-61.0278150337144));
#3052=CARTESIAN_POINT('',(-39.5,103.5,-10.));
#3053=CARTESIAN_POINT('',(30.3973683071413,-36.5,-72.9194704676181));
#3054=CARTESIAN_POINT('',(30.3973683071413,36.5,-72.9194704676181));
#3055=CARTESIAN_POINT('',(45.9935906053475,103.5,-1.5));
#3056=CARTESIAN_POINT('',(40.9760810769914,-28.5,-63.1947869394733));
#3057=CARTESIAN_POINT('',(40.9760810769914,-28.5,-63.1947869394733));
#3058=CARTESIAN_POINT('',(30.3973683071413,36.5,-70.5));
#3059=CARTESIAN_POINT('',(30.3973683071413,36.5,-9.49999999999999));
#3060=CARTESIAN_POINT('',(30.3973683071413,28.5,-9.49999999999999));
#3061=CARTESIAN_POINT('',(27.5023808493184,28.5,-9.49999999999999));
#3062=CARTESIAN_POINT('',(25.2778115396228,30.3526315789474,-9.49999999999999));
#3063=CARTESIAN_POINT('',(30.3973683085972,28.5,-9.01374685398974));
#3064=CARTESIAN_POINT('',(27.5023808505071,28.4999999988639,-8.80245828305159));
#3065=CARTESIAN_POINT('',(25.2778115408343,30.3526315779384,-8.52749370797527));
#3066=CARTESIAN_POINT('',(30.6081443947431,28.4129829015987,-8.06945888404797));
#3067=CARTESIAN_POINT('',(27.6751425176423,28.3356039467689,-7.44130111629982));
#3068=CARTESIAN_POINT('',(25.4530884966807,30.2079084052323,-6.63891776809791));
#3069=CARTESIAN_POINT('',(31.4715489777237,28.0436906018477,-6.72366384398729));
#3070=CARTESIAN_POINT('',(28.3726194087025,27.6465200899896,-5.55375933102527));
#3071=CARTESIAN_POINT('',(26.1710775709493,29.5937170008425,-3.94732768797407));
#3072=CARTESIAN_POINT('',(32.6951623584049,27.4865621972431,-5.53416453179014));
#3073=CARTESIAN_POINT('',(29.3367184356953,26.6285612959048,-3.97189763471043));
#3074=CARTESIAN_POINT('',(27.1886086980419,28.6671244965004,-1.56832906358042));
#3075=CARTESIAN_POINT('',(34.5946670451782,26.5514515898804,-4.15525287104609));
#3076=CARTESIAN_POINT('',(30.7973503588644,24.9541713460449,-2.26837500348545));
#3077=CARTESIAN_POINT('',(28.7681968059903,27.1118879073608,1.1894942579079));
#3078=CARTESIAN_POINT('',(36.7214210640914,25.3569071672692,-3.05659383915989));
#3079=CARTESIAN_POINT('',(32.3080818158853,22.9461911193308,-1.2125171360514));
#3080=CARTESIAN_POINT('',(30.5367606743497,25.1251719203035,3.3868123216802));
#3081=CARTESIAN_POINT('',(38.8004906289104,23.9720342364529,-2.2584659654421));
#3082=CARTESIAN_POINT('',(33.5956082060348,20.9240228897038,-0.791045855331519));
#3083=CARTESIAN_POINT('',(32.2656711545676,22.8219095722053,4.98306806911582));
#3084=CARTESIAN_POINT('',(40.8427704635133,22.4378016789522,-1.66260423448165));
#3085=CARTESIAN_POINT('',(34.7658449202879,18.8666949179299,-0.776839277595383));
#3086=CARTESIAN_POINT('',(33.9639880696585,20.2702385818368,6.17479153103655));
#3087=CARTESIAN_POINT('',(42.6504237863326,20.7822968164341,-1.42161046505433));
#3088=CARTESIAN_POINT('',(35.5777787567459,17.1570424340618,-1.3437593372667));
#3089=CARTESIAN_POINT('',(35.4671945170549,17.5168725999634,6.65677906989175));
#3090=CARTESIAN_POINT('',(44.183791243598,19.0072943793522,-1.60204039392794));
#3091=CARTESIAN_POINT('',(36.1811051469093,15.9036092504236,-2.21687171358673));
#3092=CARTESIAN_POINT('',(36.7423106130985,14.5647632835553,6.29591921214346));
#3093=CARTESIAN_POINT('',(45.1288940262133,17.7016173760952,-1.9632361675037));
#3094=CARTESIAN_POINT('',(36.5704276844421,15.2014528329964,-2.92809401288881));
#3095=CARTESIAN_POINT('',(37.528238190215,12.3932162676065,5.57352766499511));
#3096=CARTESIAN_POINT('',(45.8860208757447,16.4314807785806,-2.5641504093024));
#3097=CARTESIAN_POINT('',(36.9542164649724,14.6481353175433,-3.65225669697003));
#3098=CARTESIAN_POINT('',(38.1578489387939,10.2807785580769,4.37169918138577));
#3099=CARTESIAN_POINT('',(46.4385502213191,15.2835039009309,-3.37911588675763));
#3100=CARTESIAN_POINT('',(37.3410687149187,14.1640631356718,-4.37687791513921));
#3101=CARTESIAN_POINT('',(38.6173207102977,8.37151175096048,2.74176822651994));
#3102=CARTESIAN_POINT('',(46.8257235716247,14.2730817402606,-4.40958206478338));
#3103=CARTESIAN_POINT('',(37.7256858714881,13.6741150250516,-5.18503593095461));
#3104=CARTESIAN_POINT('',(38.9392859176893,6.69102015771546,0.680835870301852));
#3105=CARTESIAN_POINT('',(46.9872668953294,13.7382289015033,-5.19740593574632));
#3106=CARTESIAN_POINT('',(37.9489155657518,13.3592822377053,-5.80530073061123));
#3107=CARTESIAN_POINT('',(39.073621944035,5.80147543569018,-0.894811871209543));
#3108=CARTESIAN_POINT('',(47.05213715774,13.5037051529458,-5.62032753791211));
#3109=CARTESIAN_POINT('',(38.0488883714843,13.2108598665662,-6.1484215943313));
#3110=CARTESIAN_POINT('',(39.127566689068,5.41142541226777,-1.74065507582423));
#3111=CARTESIAN_POINT('',(30.3973683071413,-36.5,-70.5));
#3112=CARTESIAN_POINT('',(30.3973683071413,-36.5,-9.49999999999999));
#3113=CARTESIAN_POINT('',(25.2778115396228,-30.3526315789474,-9.5));
#3114=CARTESIAN_POINT('',(27.5023808493183,-28.5,-9.49999999999999));
#3115=CARTESIAN_POINT('',(30.3973683071413,-28.5,-9.5));
#3116=CARTESIAN_POINT('',(25.2778115408313,-30.3526315779409,-8.52749370797443));
#3117=CARTESIAN_POINT('',(27.5023808504936,-28.4999999988753,-8.80245828305226));
#3118=CARTESIAN_POINT('',(30.3973683085922,-28.5,-9.0137468539889));
#3119=CARTESIAN_POINT('',(25.4530884966821,-30.2079084052311,-6.63891776809829));
#3120=CARTESIAN_POINT('',(27.6751425176487,-28.3356039467635,-7.44130111629936));
#3121=CARTESIAN_POINT('',(30.6081443947454,-28.4129829015987,-8.06945888404836));
#3122=CARTESIAN_POINT('',(26.1710775709489,-29.5937170008428,-3.94732768797396));
#3123=CARTESIAN_POINT('',(28.3726194087007,-27.646520089991,-5.55375933102544));
#3124=CARTESIAN_POINT('',(31.4715489777231,-28.0436906018477,-6.72366384398719));
#3125=CARTESIAN_POINT('',(27.188608698042,-28.6671244965003,-1.56832906358046));
#3126=CARTESIAN_POINT('',(29.3367184356958,-26.6285612959044,-3.97189763471037));
#3127=CARTESIAN_POINT('',(32.695162358405,-27.4865621972431,-5.53416453179017));
#3128=CARTESIAN_POINT('',(28.7681968059902,-27.1118879073608,1.18949425790792));
#3129=CARTESIAN_POINT('',(30.7973503588641,-24.9541713460451,-2.2683750034855));
#3130=CARTESIAN_POINT('',(34.5946670451781,-26.5514515898804,-4.15525287104607));
#3131=CARTESIAN_POINT('',(30.5367606743497,-25.1251719203035,3.38681232168019));
#3132=CARTESIAN_POINT('',(32.3080818158854,-22.9461911193308,-1.21251713605139));
#3133=CARTESIAN_POINT('',(36.7214210640914,-25.3569071672692,-3.05659383915989));
#3134=CARTESIAN_POINT('',(32.2656711545676,-22.8219095722053,4.98306806911582));
#3135=CARTESIAN_POINT('',(33.5956082060348,-20.9240228897038,-0.791045855331518));
#3136=CARTESIAN_POINT('',(38.8004906289104,-23.9720342364529,-2.2584659654421));
#3137=CARTESIAN_POINT('',(33.9639880696585,-20.2702385818368,6.17479153103655));
#3138=CARTESIAN_POINT('',(34.7658449202879,-18.8666949179299,-0.776839277595383));
#3139=CARTESIAN_POINT('',(40.8427704635132,-22.4378016789522,-1.66260423448165));
#3140=CARTESIAN_POINT('',(35.4671945170549,-17.5168725999634,6.65677906989175));
#3141=CARTESIAN_POINT('',(35.5777787567459,-17.1570424340618,-1.34375933726671));
#3142=CARTESIAN_POINT('',(42.6504237863326,-20.7822968164341,-1.42161046505433));
#3143=CARTESIAN_POINT('',(36.7423106130985,-14.5647632835553,6.29591921214346));
#3144=CARTESIAN_POINT('',(36.1811051469093,-15.9036092504236,-2.21687171358673));
#3145=CARTESIAN_POINT('',(44.183791243598,-19.0072943793522,-1.60204039392793));
#3146=CARTESIAN_POINT('',(37.528238190215,-12.3932162676065,5.57352766499511));
#3147=CARTESIAN_POINT('',(36.5704276844421,-15.2014528329964,-2.92809401288885));
#3148=CARTESIAN_POINT('',(45.1288940262133,-17.7016173760952,-1.96323616750372));
#3149=CARTESIAN_POINT('',(38.1578489387939,-10.2807785580769,4.37169918138575));
#3150=CARTESIAN_POINT('',(36.9542164649723,-14.6481353175432,-3.65225669696991));
#3151=CARTESIAN_POINT('',(45.8860208757447,-16.4314807785807,-2.56415040930235));
#3152=CARTESIAN_POINT('',(38.6173207102977,-8.37151175096047,2.74176822652003));
#3153=CARTESIAN_POINT('',(37.3410687149187,-14.1640631356721,-4.37687791513969));
#3154=CARTESIAN_POINT('',(46.4385502213191,-15.2835039009308,-3.37911588675781));
#3155=CARTESIAN_POINT('',(38.9392859176893,-6.69102015771546,0.680835870301511));
#3156=CARTESIAN_POINT('',(37.7256858714881,-13.6741150250504,-5.18503593095283));
#3157=CARTESIAN_POINT('',(46.8257235716247,-14.273081740261,-4.40958206478271));
#3158=CARTESIAN_POINT('',(39.073621944035,-5.80147543569018,-0.894811871208813));
#3159=CARTESIAN_POINT('',(37.9489155657518,-13.3592822377078,-5.80530073061505));
#3160=CARTESIAN_POINT('',(46.9872668953294,-13.7382289015025,-5.19740593574775));
#3161=CARTESIAN_POINT('',(39.127566689068,-5.41142541226777,-1.74065507582424));
#3162=CARTESIAN_POINT('',(38.0488883714843,-13.2108598665662,-6.1484215943313));
#3163=CARTESIAN_POINT('',(47.05213715774,-13.5037051529458,-5.62032753791212));
#3164=CARTESIAN_POINT('',(0.,0.,0.));
#3165=CARTESIAN_POINT('',(0.,0.,2.8));
#3166=CARTESIAN_POINT('',(0.,0.,2.8));
#3167=CARTESIAN_POINT('',(37.5,0.,2.8));
#3168=CARTESIAN_POINT('',(0.,0.,0.));
#3169=CARTESIAN_POINT('',(37.5,0.,0.));
#3170=CARTESIAN_POINT('',(0.,0.,2.8));
#3171=CARTESIAN_POINT('',(0.,0.,0.));
#3172=CARTESIAN_POINT('',(0.,0.,0.));
#3173=CARTESIAN_POINT('',(0.,0.,10.8));
#3174=CARTESIAN_POINT('',(0.,0.,10.8));
#3175=CARTESIAN_POINT('',(40.,0.,10.8));
#3176=CARTESIAN_POINT('',(0.,0.,2.8));
#3177=CARTESIAN_POINT('',(40.,0.,2.8));
#3178=CARTESIAN_POINT('',(0.,0.,10.8));
#3179=CARTESIAN_POINT('',(0.,0.,2.8));
#3180=CARTESIAN_POINT('',(0.,0.,0.));
#3181=CARTESIAN_POINT('',(0.,0.,11.8));
#3182=CARTESIAN_POINT('',(0.,0.,11.8));
#3183=CARTESIAN_POINT('',(38.,0.,11.8));
#3184=CARTESIAN_POINT('',(0.,0.,10.8));
#3185=CARTESIAN_POINT('',(38.,0.,10.8));
#3186=CARTESIAN_POINT('',(0.,0.,11.8));
#3187=CARTESIAN_POINT('',(0.,0.,10.8));
#3188=CARTESIAN_POINT('',(0.,0.,0.));
#3189=CARTESIAN_POINT('',(-40.5,-30.5,14.8));
#3190=CARTESIAN_POINT('',(-40.5,-30.5,11.8));
#3191=CARTESIAN_POINT('',(-52.5,-30.5,11.8));
#3192=CARTESIAN_POINT('',(-40.5,-42.5,11.8));
#3193=CARTESIAN_POINT('',(-40.5,-42.5,14.8));
#3194=CARTESIAN_POINT('',(-40.5,-42.5,14.8));
#3195=CARTESIAN_POINT('',(-40.5,-30.5,14.8));
#3196=CARTESIAN_POINT('',(-52.5,-30.5,14.8));
#3197=CARTESIAN_POINT('',(-52.5,-30.5,14.8));
#3198=CARTESIAN_POINT('',(-40.5,-42.5,14.8));
#3199=CARTESIAN_POINT('',(-40.5,-42.5,11.8));
#3200=CARTESIAN_POINT('',(40.5,-42.5,11.8));
#3201=CARTESIAN_POINT('',(40.5,-42.5,14.8));
#3202=CARTESIAN_POINT('',(40.5,-42.5,14.8));
#3203=CARTESIAN_POINT('',(-40.5,-42.5,14.8));
#3204=CARTESIAN_POINT('',(40.5,-30.5,14.8));
#3205=CARTESIAN_POINT('',(40.5,-30.5,11.8));
#3206=CARTESIAN_POINT('',(52.5,-30.5,11.8));
#3207=CARTESIAN_POINT('',(52.5,-30.5,14.8));
#3208=CARTESIAN_POINT('',(52.5,-30.5,14.8));
#3209=CARTESIAN_POINT('',(40.5,-30.5,14.8));
#3210=CARTESIAN_POINT('',(52.5,-30.5,14.8));
#3211=CARTESIAN_POINT('',(52.5,-30.5,11.8));
#3212=CARTESIAN_POINT('',(52.5,30.5,11.8));
#3213=CARTESIAN_POINT('',(52.5,30.5,14.8));
#3214=CARTESIAN_POINT('',(52.5,30.5,14.8));
#3215=CARTESIAN_POINT('',(52.5,-30.5,14.8));
#3216=CARTESIAN_POINT('',(40.5,30.5,14.8));
#3217=CARTESIAN_POINT('',(40.5,30.5,11.8));
#3218=CARTESIAN_POINT('',(40.5,42.5,11.8));
#3219=CARTESIAN_POINT('',(40.5,42.5,14.8));
#3220=CARTESIAN_POINT('',(40.5,42.5,14.8));
#3221=CARTESIAN_POINT('',(40.5,30.5,14.8));
#3222=CARTESIAN_POINT('',(40.5,42.5,14.8));
#3223=CARTESIAN_POINT('',(40.5,42.5,11.8));
#3224=CARTESIAN_POINT('',(-40.5,42.5,11.8));
#3225=CARTESIAN_POINT('',(-40.5,42.5,14.8));
#3226=CARTESIAN_POINT('',(-40.5,42.5,14.8));
#3227=CARTESIAN_POINT('',(40.5,42.5,14.8));
#3228=CARTESIAN_POINT('',(-40.5,30.5,14.8));
#3229=CARTESIAN_POINT('',(-40.5,30.5,11.8));
#3230=CARTESIAN_POINT('',(-52.5,30.5,11.8));
#3231=CARTESIAN_POINT('',(-52.5,30.5,14.8));
#3232=CARTESIAN_POINT('',(-52.5,30.5,14.8));
#3233=CARTESIAN_POINT('',(-40.5,30.5,14.8));
#3234=CARTESIAN_POINT('',(-40.5,-35.,14.8));
#3235=CARTESIAN_POINT('',(-40.5,-35.,11.8));
#3236=CARTESIAN_POINT('',(-40.5,-35.,11.8));
#3237=CARTESIAN_POINT('',(-39.,-35.,11.8));
#3238=CARTESIAN_POINT('',(-40.5,-35.,14.8));
#3239=CARTESIAN_POINT('',(-40.5,-35.,14.8));
#3240=CARTESIAN_POINT('',(-40.5,-35.,14.8));
#3241=CARTESIAN_POINT('',(-39.,-35.,14.8));
#3242=CARTESIAN_POINT('',(-39.,-35.,14.8));
#3243=CARTESIAN_POINT('',(-40.5,-30.5,14.8));
#3244=CARTESIAN_POINT('',(-40.5,-30.5,11.8));
#3245=CARTESIAN_POINT('',(-40.5,-26.,11.8));
#3246=CARTESIAN_POINT('',(-40.5,-26.,14.8));
#3247=CARTESIAN_POINT('',(-40.5,-26.,14.8));
#3248=CARTESIAN_POINT('',(-40.5,-30.5,14.8));
#3249=CARTESIAN_POINT('',(-40.5,-26.,14.8));
#3250=CARTESIAN_POINT('',(-40.5,-26.,11.8));
#3251=CARTESIAN_POINT('',(-39.,-26.,11.8));
#3252=CARTESIAN_POINT('',(-39.,-26.,14.8));
#3253=CARTESIAN_POINT('',(-39.,-26.,14.8));
#3254=CARTESIAN_POINT('',(-40.5,-26.,14.8));
#3255=CARTESIAN_POINT('',(-40.5,30.5,14.8));
#3256=CARTESIAN_POINT('',(-40.5,30.5,11.8));
#3257=CARTESIAN_POINT('',(-40.5,26.,11.8));
#3258=CARTESIAN_POINT('',(-40.5,35.,11.8));
#3259=CARTESIAN_POINT('',(-40.5,35.,14.8));
#3260=CARTESIAN_POINT('',(-40.5,35.,14.8));
#3261=CARTESIAN_POINT('',(-40.5,30.5,14.8));
#3262=CARTESIAN_POINT('',(-40.5,26.,14.8));
#3263=CARTESIAN_POINT('',(-40.5,26.,14.8));
#3264=CARTESIAN_POINT('',(-40.5,35.,14.8));
#3265=CARTESIAN_POINT('',(-40.5,35.,11.8));
#3266=CARTESIAN_POINT('',(-39.,35.,11.8));
#3267=CARTESIAN_POINT('',(-39.,35.,14.8));
#3268=CARTESIAN_POINT('',(-39.,35.,14.8));
#3269=CARTESIAN_POINT('',(-40.5,35.,14.8));
#3270=CARTESIAN_POINT('',(-39.,30.5,14.8));
#3271=CARTESIAN_POINT('',(-39.,30.5,11.8));
#3272=CARTESIAN_POINT('',(-39.,26.,11.8));
#3273=CARTESIAN_POINT('',(-39.,26.,14.8));
#3274=CARTESIAN_POINT('',(-39.,26.,14.8));
#3275=CARTESIAN_POINT('',(-39.,30.5,14.8));
#3276=CARTESIAN_POINT('',(39.,-30.5,14.8));
#3277=CARTESIAN_POINT('',(39.,-30.5,11.8));
#3278=CARTESIAN_POINT('',(39.,-35.,11.8));
#3279=CARTESIAN_POINT('',(39.,-26.,11.8));
#3280=CARTESIAN_POINT('',(39.,-26.,14.8));
#3281=CARTESIAN_POINT('',(39.,-26.,14.8));
#3282=CARTESIAN_POINT('',(39.,-30.5,14.8));
#3283=CARTESIAN_POINT('',(39.,-35.,14.8));
#3284=CARTESIAN_POINT('',(39.,-35.,14.8));
#3285=CARTESIAN_POINT('',(40.5,-26.,14.8));
#3286=CARTESIAN_POINT('',(40.5,-26.,11.8));
#3287=CARTESIAN_POINT('',(40.5,-26.,11.8));
#3288=CARTESIAN_POINT('',(40.5,-26.,14.8));
#3289=CARTESIAN_POINT('',(40.5,-26.,14.8));
#3290=CARTESIAN_POINT('',(40.5,-26.,14.8));
#3291=CARTESIAN_POINT('',(40.5,-30.5,14.8));
#3292=CARTESIAN_POINT('',(40.5,-30.5,11.8));
#3293=CARTESIAN_POINT('',(40.5,-35.,11.8));
#3294=CARTESIAN_POINT('',(40.5,-35.,14.8));
#3295=CARTESIAN_POINT('',(40.5,-35.,14.8));
#3296=CARTESIAN_POINT('',(40.5,-30.5,14.8));
#3297=CARTESIAN_POINT('',(40.5,26.,14.8));
#3298=CARTESIAN_POINT('',(40.5,26.,11.8));
#3299=CARTESIAN_POINT('',(39.,26.,11.8));
#3300=CARTESIAN_POINT('',(40.5,26.,11.8));
#3301=CARTESIAN_POINT('',(39.,26.,14.8));
#3302=CARTESIAN_POINT('',(39.,26.,14.8));
#3303=CARTESIAN_POINT('',(40.5,26.,14.8));
#3304=CARTESIAN_POINT('',(40.5,26.,14.8));
#3305=CARTESIAN_POINT('',(40.5,26.,14.8));
#3306=CARTESIAN_POINT('',(39.,30.5,14.8));
#3307=CARTESIAN_POINT('',(39.,30.5,11.8));
#3308=CARTESIAN_POINT('',(39.,35.,11.8));
#3309=CARTESIAN_POINT('',(39.,35.,14.8));
#3310=CARTESIAN_POINT('',(39.,35.,14.8));
#3311=CARTESIAN_POINT('',(39.,30.5,14.8));
#3312=CARTESIAN_POINT('',(40.5,35.,14.8));
#3313=CARTESIAN_POINT('',(40.5,35.,11.8));
#3314=CARTESIAN_POINT('',(40.5,35.,11.8));
#3315=CARTESIAN_POINT('',(40.5,35.,14.8));
#3316=CARTESIAN_POINT('',(40.5,35.,14.8));
#3317=CARTESIAN_POINT('',(40.5,35.,14.8));
#3318=CARTESIAN_POINT('',(-39.,-30.5,14.8));
#3319=CARTESIAN_POINT('',(-39.,-30.5,11.8));
#3320=CARTESIAN_POINT('',(-39.,-30.5,14.8));
#3321=CARTESIAN_POINT('',(-40.5,26.,14.8));
#3322=CARTESIAN_POINT('',(-40.5,26.,11.8));
#3323=CARTESIAN_POINT('',(-40.5,26.,14.8));
#3324=CARTESIAN_POINT('',(0.,0.,14.8));
#3325=CARTESIAN_POINT('',(0.,0.,14.8));
#3326=CARTESIAN_POINT('',(37.75,0.,14.8));
#3327=CARTESIAN_POINT('',(0.,0.,11.8));
#3328=CARTESIAN_POINT('',(37.75,0.,11.8));
#3329=CARTESIAN_POINT('',(40.5,-35.,14.8));
#3330=CARTESIAN_POINT('',(40.5,-35.,11.8));
#3331=CARTESIAN_POINT('',(40.5,-35.,14.8));
#3332=CARTESIAN_POINT('',(40.5,30.5,14.8));
#3333=CARTESIAN_POINT('',(40.5,30.5,11.8));
#3334=CARTESIAN_POINT('',(40.5,30.5,14.8));
#3335=CARTESIAN_POINT('',(-52.5,30.5,14.8));
#3336=CARTESIAN_POINT('',(-52.5,30.5,11.8));
#3337=CARTESIAN_POINT('',(-52.5,30.5,14.8));
#3338=CARTESIAN_POINT('',(-40.5,-30.5,14.8));
#3339=CARTESIAN_POINT('',(-40.5,-30.5,11.8));
#3340=CARTESIAN_POINT('',(0.,0.,0.));
#3341=CARTESIAN_POINT('',(6.93889390390723E-15,0.,11.8));
#3342=CARTESIAN_POINT('',(6.93889390390723E-15,0.,11.8));
#3343=CARTESIAN_POINT('',(10.,0.,11.8));
#3344=CARTESIAN_POINT('',(6.62040951573961E-15,0.,13.8));
#3345=CARTESIAN_POINT('',(10.,0.,13.8));
#3346=CARTESIAN_POINT('',(10.,0.,11.8));
#3347=CARTESIAN_POINT('',(6.62040951573961E-15,0.,13.8));
#3348=CARTESIAN_POINT('',(-32.5,0.,11.8));
#3349=CARTESIAN_POINT('',(6.93889390390723E-15,0.,11.8));
#3350=CARTESIAN_POINT('',(-32.5,0.,11.8));
#3351=CARTESIAN_POINT('',(6.93889390390723E-15,0.,11.8));
#3352=CARTESIAN_POINT('',(-20.5,0.,11.8));
#3353=CARTESIAN_POINT('',(6.93889390390723E-15,0.,3.8));
#3354=CARTESIAN_POINT('',(0.,0.,0.));
#3355=CARTESIAN_POINT('',(40.98,10.4137151505088,-63.19));
#3356=CARTESIAN_POINT('',(40.98,9.4316572218806,-63.19));
#3357=CARTESIAN_POINT('',(21.7929420232116,9.4316572218806,-63.19));
#3358=CARTESIAN_POINT('',(40.98,10.4137151505088,-63.19));
#3359=CARTESIAN_POINT('',(22.981521515252,10.4137151505088,-63.19));
#3360=CARTESIAN_POINT('',(40.98,9.4316572218806,-63.19));
#3361=CARTESIAN_POINT('',(40.98,11.5801421286815,-63.19));
#3362=CARTESIAN_POINT('',(10.6043625311712,11.5801421286815,-63.19));
#3363=CARTESIAN_POINT('',(40.98,13.5442579859382,-63.19));
#3364=CARTESIAN_POINT('',(40.98,13.5442579859382,-63.19));
#3365=CARTESIAN_POINT('',(8.981521515252,13.5442579859382,-63.19));
#3366=CARTESIAN_POINT('',(40.98,28.5,-63.19));
#3367=CARTESIAN_POINT('',(40.98,15.,-63.19));
#3368=CARTESIAN_POINT('',(8.98152151525197,15.,-63.19));
#3369=CARTESIAN_POINT('',(72.978478484748,15.,-63.19));
#3370=CARTESIAN_POINT('',(40.98,15.,-63.19));
#3371=CARTESIAN_POINT('',(4.98152151525197,15.,-63.19));
#3372=CARTESIAN_POINT('',(40.98,28.5,-63.19));
#3373=CARTESIAN_POINT('',(40.98,-15.,-63.19));
#3374=CARTESIAN_POINT('',(4.98152151525197,-15.,-63.19));
#3375=CARTESIAN_POINT('',(76.978478484748,-15.,-63.19));
#3376=CARTESIAN_POINT('',(40.98,-15.,-63.19));
#3377=CARTESIAN_POINT('',(8.981521515252,-15.,-63.19));
#3378=CARTESIAN_POINT('',(40.98,28.5,-63.19));
#3379=CARTESIAN_POINT('',(40.98,-13.5442579859382,-63.19));
#3380=CARTESIAN_POINT('',(8.98152151525201,-13.5442579859382,-63.19));
#3381=CARTESIAN_POINT('',(40.98,-13.5442579859382,-63.19));
#3382=CARTESIAN_POINT('',(40.98,-11.5801421286816,-63.19));
#3383=CARTESIAN_POINT('',(10.6043625311712,-11.5801421286816,-63.19));
#3384=CARTESIAN_POINT('',(40.98,-11.5801421286816,-63.19));
#3385=CARTESIAN_POINT('',(40.98,-9.43165722188048,-63.19));
#3386=CARTESIAN_POINT('',(21.7929420232116,-9.43165722188048,-63.19));
#3387=CARTESIAN_POINT('',(40.98,-10.4137151505088,-63.19));
#3388=CARTESIAN_POINT('',(40.98,-10.4137151505088,-63.19));
#3389=CARTESIAN_POINT('',(22.981521515252,-10.4137151505088,-63.19));
#3390=CARTESIAN_POINT('',(40.98,28.5,-63.19));
#3391=CARTESIAN_POINT('',(40.98,-15.,-63.19));
#3392=CARTESIAN_POINT('',(22.981521515252,-15.,-63.19));
#3393=CARTESIAN_POINT('',(58.978478484748,-15.,-63.19));
#3394=CARTESIAN_POINT('',(40.98,-15.,-63.19));
#3395=CARTESIAN_POINT('',(26.981521515252,-15.,-63.19));
#3396=CARTESIAN_POINT('',(40.98,28.5,-63.19));
#3397=CARTESIAN_POINT('',(40.98,-22.,-63.19));
#3398=CARTESIAN_POINT('',(26.981521515252,-22.,-63.19));
#3399=CARTESIAN_POINT('',(54.978478484748,-22.,-63.19));
#3400=CARTESIAN_POINT('',(40.98,-22.,-63.19));
#3401=CARTESIAN_POINT('',(34.981521515252,-22.,-63.19));
#3402=CARTESIAN_POINT('',(40.98,28.5,-63.19));
#3403=CARTESIAN_POINT('',(40.98,22.,-63.19));
#3404=CARTESIAN_POINT('',(34.981521515252,22.,-63.19));
#3405=CARTESIAN_POINT('',(54.978478484748,22.,-63.19));
#3406=CARTESIAN_POINT('',(40.98,22.,-63.19));
#3407=CARTESIAN_POINT('',(26.981521515252,22.,-63.19));
#3408=CARTESIAN_POINT('',(40.98,28.5,-63.19));
#3409=CARTESIAN_POINT('',(40.98,15.,-63.19));
#3410=CARTESIAN_POINT('',(26.981521515252,15.,-63.19));
#3411=CARTESIAN_POINT('',(58.978478484748,15.,-63.19));
#3412=CARTESIAN_POINT('',(40.98,15.,-63.19));
#3413=CARTESIAN_POINT('',(22.981521515252,15.,-63.19));
#3414=CARTESIAN_POINT('',(40.98,28.5,-63.19));
#3415=CARTESIAN_POINT('',(0.,0.,0.));
#3416=CARTESIAN_POINT('',(40.98,-10.8182408120993,-63.19));
#3417=CARTESIAN_POINT('',(40.98,-10.8182408120993,-63.19));
#3418=CARTESIAN_POINT('',(40.98,-10.8182408120993,-13.19));
#3419=CARTESIAN_POINT('',(40.98,-15.8150550838371,-63.19));
#3420=CARTESIAN_POINT('',(40.98,-15.8150550838371,-18.3684576525621));
#3421=CARTESIAN_POINT('',(40.98,-15.,-63.19));
#3422=CARTESIAN_POINT('',(40.98,10.8182408120993,-63.19));
#3423=CARTESIAN_POINT('',(40.98,10.8182408120993,-13.19));
#3424=CARTESIAN_POINT('',(40.98,10.8182408120993,-63.19));
#3425=CARTESIAN_POINT('',(40.98,15.8150550838371,-63.19));
#3426=CARTESIAN_POINT('',(40.98,15.8150550838371,-18.3684576525621));
#3427=CARTESIAN_POINT('',(40.98,15.8150550838371,-63.19));
#3428=CARTESIAN_POINT('',(40.98,15.517219794098,-63.19));
#3429=CARTESIAN_POINT('',(40.98,15.517219794098,-26.7078457652562));
#3430=CARTESIAN_POINT('',(40.98,15.0175383669242,-63.19));
#3431=CARTESIAN_POINT('',(40.98,15.0175383669242,-63.19));
#3432=CARTESIAN_POINT('',(40.98,15.0175383669242,-27.19));
#3433=CARTESIAN_POINT('',(40.98,-15.,-63.19));
#3434=CARTESIAN_POINT('',(40.98,-15.0175383669242,-63.19));
#3435=CARTESIAN_POINT('',(40.98,-15.0175383669242,-27.19));
#3436=CARTESIAN_POINT('',(40.98,-15.0175383669242,-63.19));
#3437=CARTESIAN_POINT('',(40.98,-15.517219794098,-63.19));
#3438=CARTESIAN_POINT('',(40.98,-15.517219794098,-26.7078457652562));
#3439=CARTESIAN_POINT('',(40.98,-15.517219794098,-63.19));
#3440=CARTESIAN_POINT('',(0.,0.,0.));
#3441=CARTESIAN_POINT('',(40.9760810769914,-30.214975293256,-63.19));
#3442=CARTESIAN_POINT('',(40.9760810769914,-30.214975293256,-63.19));
#3443=CARTESIAN_POINT('',(40.9760810769914,-30.214975293256,-75.3862445006038));
#3444=CARTESIAN_POINT('',(44.7944389073649,-31.244165751833,-72.431984462904));
#3445=CARTESIAN_POINT('',(45.7984791762309,-31.6301052466952,-71.125943265238));
#3446=CARTESIAN_POINT('',(47.8164539491272,-32.1129390997732,-68.5009905905512));
#3447=CARTESIAN_POINT('',(49.8813566980029,-31.631510698767,-65.8149946770097));
#3448=CARTESIAN_POINT('',(50.8890533184341,-31.244165751833,-64.5041973496093));
#3449=CARTESIAN_POINT('',(44.7944389073649,-31.244165751833,-72.431984462904));
#3450=CARTESIAN_POINT('',(50.8890533184341,-31.244165751833,-64.5041973496093));
#3451=CARTESIAN_POINT('',(34.8814666659222,-31.244165751833,-71.1177871132947));
#3452=CARTESIAN_POINT('',(36.5145521260845,-31.6301053578063,-71.3342909560532));
#3453=CARTESIAN_POINT('',(39.7968155933618,-32.1129390456192,-71.7694320867205));
#3454=CARTESIAN_POINT('',(43.1554068131039,-31.6315106986025,-72.2146922540953));
#3455=CARTESIAN_POINT('',(44.7944389073649,-31.244165751833,-72.431984462904));
#3456=CARTESIAN_POINT('',(34.8814666659222,-31.244165751833,-71.1177871132947));
#3457=CARTESIAN_POINT('',(31.0631088355487,-31.244165751833,-61.8758026503907));
#3458=CARTESIAN_POINT('',(31.6921536852764,-31.6301053255911,-63.3983479397316));
#3459=CARTESIAN_POINT('',(32.9564421029956,-32.1129390613204,-66.4584419467011));
#3460=CARTESIAN_POINT('',(34.2501311915866,-31.6315106986503,-69.5896975774539));
#3461=CARTESIAN_POINT('',(34.8814666659222,-31.244165751833,-71.1177871132947));
#3462=CARTESIAN_POINT('',(31.0631088355487,-31.244165751833,-61.8758026503907));
#3463=CARTESIAN_POINT('',(37.1577232466179,-31.244165751833,-53.948015537096));
#3464=CARTESIAN_POINT('',(36.1536829777518,-31.6301052466952,-55.254056734762));
#3465=CARTESIAN_POINT('',(34.1357082048556,-32.1129390997733,-57.8790094094488));
#3466=CARTESIAN_POINT('',(32.0708054559799,-31.631510698767,-60.5650053229904));
#3467=CARTESIAN_POINT('',(31.0631088355487,-31.244165751833,-61.8758026503907));
#3468=CARTESIAN_POINT('',(37.1577232466179,-31.244165751833,-53.948015537096));
#3469=CARTESIAN_POINT('',(47.0706954880606,-31.244165751833,-55.2622128867053));
#3470=CARTESIAN_POINT('',(45.4376100278983,-31.6301053578063,-55.0457090439468));
#3471=CARTESIAN_POINT('',(42.155346560621,-32.1129390456192,-54.6105679132795));
#3472=CARTESIAN_POINT('',(38.7967553408789,-31.6315106986025,-54.1653077459047));
#3473=CARTESIAN_POINT('',(37.1577232466179,-31.244165751833,-53.948015537096));
#3474=CARTESIAN_POINT('',(47.0706954880606,-31.244165751833,-55.2622128867053));
#3475=CARTESIAN_POINT('',(50.8890533184341,-31.244165751833,-64.5041973496093));
#3476=CARTESIAN_POINT('',(50.2600084687064,-31.6301053255911,-62.9816520602684));
#3477=CARTESIAN_POINT('',(48.9957200509871,-32.1129390613204,-59.9215580532989));
#3478=CARTESIAN_POINT('',(47.7020309623962,-31.6315106986503,-56.7903024225461));
#3479=CARTESIAN_POINT('',(47.0706954880606,-31.244165751833,-55.2622128867053));
#3480=CARTESIAN_POINT('',(40.9760810769914,46.5,-63.19));
#3481=CARTESIAN_POINT('',(40.9760810769914,46.5,-63.19));
#3482=CARTESIAN_POINT('',(40.9760810769914,46.5,-68.23));
#3483=CARTESIAN_POINT('',(40.9760810769914,46.5,-63.19));
#3484=CARTESIAN_POINT('',(40.9760810769914,45.54,-63.19));
#3485=CARTESIAN_POINT('',(40.9760810769914,45.54,-69.19));
#3486=CARTESIAN_POINT('',(40.9760810769914,-31.9,-63.19));
#3487=CARTESIAN_POINT('',(40.9760810769914,-28.5,-63.19));
#3488=CARTESIAN_POINT('',(40.9760810769914,-28.5,-69.19));
#3489=CARTESIAN_POINT('',(40.9760810769914,-28.5,-57.19));
#3490=CARTESIAN_POINT('',(40.9760810769914,-28.5,-63.19));
#3491=CARTESIAN_POINT('',(40.9760810769914,-28.5,-75.0043868420681));
#3492=CARTESIAN_POINT('',(40.9760810769914,-29.4,-63.19));
#3493=CARTESIAN_POINT('',(44.7944389073649,-41.3036511724228,-72.431984462904));
#3494=CARTESIAN_POINT('',(50.8890533184341,-41.3036511724228,-64.5041973496093));
#3495=CARTESIAN_POINT('',(50.8890533184341,-39.6321501708856,-64.5041973496093));
#3496=CARTESIAN_POINT('',(50.8890533184341,-39.6321501708856,-64.5041973496093));
#3497=CARTESIAN_POINT('',(50.4128447108423,-40.022783694215,-65.1236426841082));
#3498=CARTESIAN_POINT('',(49.4452748103499,-40.688330271039,-66.3822437490753));
#3499=CARTESIAN_POINT('',(47.8513238837771,-41.108990106202,-68.455632279112));
#3500=CARTESIAN_POINT('',(46.2661108755524,-40.7020967839141,-70.5176546501428));
#3501=CARTESIAN_POINT('',(45.273378285281,-40.022916170004,-71.8089869814888));
#3502=CARTESIAN_POINT('',(44.7944389073648,-39.6297610255761,-72.431984462904));
#3503=CARTESIAN_POINT('',(44.7944389073649,-39.629761025576,-72.431984462904));
#3504=CARTESIAN_POINT('',(44.7944389073649,-41.3036511724228,-72.431984462904));
#3505=CARTESIAN_POINT('',(50.8890533184341,-41.3036511724228,-64.5041973496093));
#3506=CARTESIAN_POINT('',(47.0706954880606,-41.3036511724228,-55.2622128867053));
#3507=CARTESIAN_POINT('',(47.0706954880606,-39.6306532724428,-55.2622128867053));
#3508=CARTESIAN_POINT('',(47.0706954880606,-39.6306532724428,-55.2622128867053));
#3509=CARTESIAN_POINT('',(47.3690079494464,-40.0214813203163,-55.9842508034474));
#3510=CARTESIAN_POINT('',(47.9751185626327,-40.6875231444017,-57.4512858794453));
#3511=CARTESIAN_POINT('',(48.9736400540165,-41.1094996481753,-59.8681154483864));
#3512=CARTESIAN_POINT('',(49.9668850856861,-40.7039011837994,-62.2721738311622));
#3513=CARTESIAN_POINT('',(50.5889523379963,-40.0251449763774,-63.7778304867538));
#3514=CARTESIAN_POINT('',(50.8890533184341,-39.6321501708857,-64.5041973496093));
#3515=CARTESIAN_POINT('',(47.0706954880606,-41.3036511724228,-55.2622128867053));
#3516=CARTESIAN_POINT('',(37.1577232466179,-41.3036511724228,-53.948015537096));
#3517=CARTESIAN_POINT('',(37.1577232466179,-39.6267681679092,-53.948015537096));
#3518=CARTESIAN_POINT('',(37.1577232466179,-39.6267681679092,-53.948015537096));
#3519=CARTESIAN_POINT('',(37.932148851744,-40.0176139085805,-54.0506838441323));
#3520=CARTESIAN_POINT('',(39.5056097480766,-40.6837451348725,-54.2592830502341));
#3521=CARTESIAN_POINT('',(42.0976833835423,-41.1063196212083,-54.6029233045142));
#3522=CARTESIAN_POINT('',(44.6763073503112,-40.7017177462186,-54.9447804892443));
#3523=CARTESIAN_POINT('',(46.2915076746414,-40.0234444006291,-55.1589132370844));
#3524=CARTESIAN_POINT('',(47.0706954880606,-39.6306532724428,-55.2622128867053));
#3525=CARTESIAN_POINT('',(37.1577232466179,-41.3036511724228,-53.948015537096));
#3526=CARTESIAN_POINT('',(31.0631088355487,-41.3036511724228,-61.8758026503907));
#3527=CARTESIAN_POINT('',(31.0631088355487,-39.6243803079765,-61.8758026503907));
#3528=CARTESIAN_POINT('',(31.0631088355487,-39.6243803079765,-61.8758026503907));
#3529=CARTESIAN_POINT('',(31.5392756409916,-40.0150492379662,-61.2564116915283));
#3530=CARTESIAN_POINT('',(32.506741638192,-40.6807750120656,-59.9979457824748));
#3531=CARTESIAN_POINT('',(34.1004192068524,-41.1026322700587,-57.9249128324944));
#3532=CARTESIAN_POINT('',(35.6856639475616,-40.6977316916964,-55.8628491843024));
#3533=CARTESIAN_POINT('',(36.678679245855,-40.0195160964825,-54.5711491104114));
#3534=CARTESIAN_POINT('',(37.1577232466179,-39.6267681679093,-53.948015537096));
#3535=CARTESIAN_POINT('',(31.0631088355487,-41.3036511724228,-61.8758026503907));
#3536=CARTESIAN_POINT('',(34.8814666659222,-41.3036511724228,-71.1177871132947));
#3537=CARTESIAN_POINT('',(34.8814666659222,-39.625876267617,-71.1177871132947));
#3538=CARTESIAN_POINT('',(34.8814666659222,-39.625876267617,-71.1177871132947));
#3539=CARTESIAN_POINT('',(34.5831029278485,-40.0163509989866,-70.3956250860387));
#3540=CARTESIAN_POINT('',(33.9768873092898,-40.6815818203583,-68.9283358541802));
#3541=CARTESIAN_POINT('',(32.978317091587,-41.1021231063924,-66.511388347659));
#3542=CARTESIAN_POINT('',(31.9852281577152,-40.6959290213126,-64.1077077852672));
#3543=CARTESIAN_POINT('',(31.3631973887355,-40.0172887304985,-62.6021394342266));
#3544=CARTESIAN_POINT('',(31.0631088355487,-39.6243803079766,-61.8758026503907));
#3545=CARTESIAN_POINT('',(34.8814666659222,-41.3036511724228,-71.1177871132947));
#3546=CARTESIAN_POINT('',(44.7944389073649,-39.629761025576,-72.431984462904));
#3547=CARTESIAN_POINT('',(44.0198121890695,-40.0202180430261,-72.3292894935925));
#3548=CARTESIAN_POINT('',(42.4459096864112,-40.6853590681148,-72.1206317421979));
#3549=CARTESIAN_POINT('',(39.8532649303493,-41.1053009152377,-71.7769157724658));
#3550=CARTESIAN_POINT('',(37.2750978342792,-40.6981106795339,-71.4351191566798));
#3551=CARTESIAN_POINT('',(35.6604520466382,-40.0189882291768,-71.2210599257052));
#3552=CARTESIAN_POINT('',(34.8814666659222,-39.625876267617,-71.1177871132947));
#3553=CARTESIAN_POINT('',(40.98,-39.4683237318873,-63.19));
#3554=CARTESIAN_POINT('',(40.98,-41.3036511724228,-63.19));
#3555=CARTESIAN_POINT('',(40.98,-41.3036511724228,-71.5143207426363));
#3556=CARTESIAN_POINT('',(0.,-41.3036511724228,0.));
#3557=CARTESIAN_POINT('',(0.,0.,0.));
#3558=CARTESIAN_POINT('',(36.0056415060005,41.1911806197127,-54.5635857026717));
#3559=CARTESIAN_POINT('',(36.0056415060005,39.2884010276163,-54.5635857026717));
#3560=CARTESIAN_POINT('',(36.7818481653656,39.675918134278,-54.5635857080818));
#3561=CARTESIAN_POINT('',(38.4092661244129,40.3543431886798,-54.5635857194248));
#3562=CARTESIAN_POINT('',(41.0050298674175,40.7545434770915,-54.5635857375172));
#3563=CARTESIAN_POINT('',(43.6096577148085,40.3345865148065,-54.5635857556713));
#3564=CARTESIAN_POINT('',(45.2300430108899,39.6493927857681,-54.5635857669653));
#3565=CARTESIAN_POINT('',(46.0053481683649,39.2589016603971,-54.5635857723691));
#3566=CARTESIAN_POINT('',(36.0056415060005,39.2884010276163,-54.5635857026717));
#3567=CARTESIAN_POINT('',(46.0053481683648,39.258901660397,-54.5635857723691));
#3568=CARTESIAN_POINT('',(36.0056415060005,41.1911806197127,-54.5635857026717));
#3569=CARTESIAN_POINT('',(36.0056415060005,31.4406569013722,-54.5635857026717));
#3570=CARTESIAN_POINT('',(46.0053481683648,31.4268349372122,-54.5635857723691));
#3571=CARTESIAN_POINT('',(44.3558834073796,31.8160938804551,-54.5635857608724));
#3572=CARTESIAN_POINT('',(40.9983062950728,32.3055769125364,-54.5635857374703));
#3573=CARTESIAN_POINT('',(37.6575125890676,31.8270654514503,-54.5635857141851));
#3574=CARTESIAN_POINT('',(36.0056415060005,31.4406569013722,-54.5635857026717));
#3575=CARTESIAN_POINT('',(46.0053481683648,31.4268349372122,-54.5635857723691));
#3576=CARTESIAN_POINT('',(46.0053481683648,41.1911806197127,-54.5635857723691));
#3577=CARTESIAN_POINT('',(46.0053481683648,41.1911806197127,-54.5635857723691));
#3578=CARTESIAN_POINT('',(46.0053481683648,39.258901660397,-54.5635857723691));
#3579=CARTESIAN_POINT('',(46.3965861449076,39.6472678317296,-55.2412298364993));
#3580=CARTESIAN_POINT('',(47.1916006713531,40.3071158280094,-56.6182354112231));
#3581=CARTESIAN_POINT('',(48.5006838450562,40.7133260879105,-58.8856340159073));
#3582=CARTESIAN_POINT('',(49.7998359944399,40.2930710377613,-61.1358315816224));
#3583=CARTESIAN_POINT('',(50.6128105755923,39.6098065752473,-62.5439448841061));
#3584=CARTESIAN_POINT('',(51.0052014391872,39.2151419235556,-63.2235858072179));
#3585=CARTESIAN_POINT('',(51.0052014391872,39.2151419235556,-63.2235858072179));
#3586=CARTESIAN_POINT('',(51.0052014391872,31.4063312596325,-63.2235858072179));
#3587=CARTESIAN_POINT('',(50.1817855605615,31.794379433113,-61.7973876467226));
#3588=CARTESIAN_POINT('',(48.5268626544804,32.2843952747843,-58.9309770446416));
#3589=CARTESIAN_POINT('',(46.8324198072985,31.8115157992423,-55.9961158955602));
#3590=CARTESIAN_POINT('',(46.0053481683648,31.4268349372122,-54.5635857723691));
#3591=CARTESIAN_POINT('',(51.0052014391872,31.4063312596325,-63.2235858072179));
#3592=CARTESIAN_POINT('',(51.0052014391872,41.1911806197127,-63.2235858072179));
#3593=CARTESIAN_POINT('',(51.0052014391872,41.1911806197127,-63.2235858072179));
#3594=CARTESIAN_POINT('',(51.0052014391872,39.2151419235556,-63.2235858072179));
#3595=CARTESIAN_POINT('',(50.6141978223507,39.6038754061161,-63.9008239266206));
#3596=CARTESIAN_POINT('',(49.8197588131414,40.2651519903904,-65.2768326319371));
#3597=CARTESIAN_POINT('',(48.5119923646195,40.6790921803746,-67.5419505287506));
#3598=CARTESIAN_POINT('',(47.2126141081249,40.27079395774,-69.7925396510231));
#3599=CARTESIAN_POINT('',(46.3982477391442,39.5931265527497,-71.2030635553688));
#3600=CARTESIAN_POINT('',(46.0053480476452,39.2008151571092,-71.8835857723692));
#3601=CARTESIAN_POINT('',(46.0053480476452,39.2008151571092,-71.8835857723692));
#3602=CARTESIAN_POINT('',(46.0053480476452,31.3996184359004,-71.8835857723692));
#3603=CARTESIAN_POINT('',(46.8290589944374,31.7849913043611,-70.4568765847393));
#3604=CARTESIAN_POINT('',(48.4844219596142,32.2677843122517,-67.5897038702365));
#3605=CARTESIAN_POINT('',(50.1783125704689,31.7915215954183,-64.6557993169976));
#3606=CARTESIAN_POINT('',(51.0052014391872,31.4063312596325,-63.2235858072179));
#3607=CARTESIAN_POINT('',(46.0053480476452,31.3996184359004,-71.8835857723692));
#3608=CARTESIAN_POINT('',(46.0053480476452,41.1911806197127,-71.8835857723692));
#3609=CARTESIAN_POINT('',(46.0053480476452,41.1911806197127,-71.8835857723692));
#3610=CARTESIAN_POINT('',(46.0053480476452,39.2008151571092,-71.8835857723692));
#3611=CARTESIAN_POINT('',(45.2302969750745,39.5889206483046,-71.8835857669671));
#3612=CARTESIAN_POINT('',(43.6011888187647,40.270381904715,-71.8835857556123));
#3613=CARTESIAN_POINT('',(41.4570878917078,40.616517765005,-71.883585740668));
#3614=CARTESIAN_POINT('',(39.6951761700382,40.4881583247775,-71.8835857283876));
#3615=CARTESIAN_POINT('',(38.0102697315455,40.1207218299539,-71.8835857166438));
#3616=CARTESIAN_POINT('',(36.7832516467551,39.6161027984206,-71.8835857080916));
#3617=CARTESIAN_POINT('',(36.0056413852808,39.2301434139066,-71.8835857026717));
#3618=CARTESIAN_POINT('',(36.0056413852809,39.2301434139064,-71.8835857026717));
#3619=CARTESIAN_POINT('',(36.0056413852809,31.4133602260653,-71.8835857026717));
#3620=CARTESIAN_POINT('',(37.6563233868888,31.7972443047699,-71.8835857141769));
#3621=CARTESIAN_POINT('',(41.0158488442976,32.2720118258104,-71.8835857375926));
#3622=CARTESIAN_POINT('',(44.353861574373,31.7871004505545,-71.8835857608584));
#3623=CARTESIAN_POINT('',(46.0053480476452,31.3996184359004,-71.8835857723692));
#3624=CARTESIAN_POINT('',(36.0056413852809,31.4133602260653,-71.8835857026717));
#3625=CARTESIAN_POINT('',(36.0056413852809,41.1911806197127,-71.8835857026717));
#3626=CARTESIAN_POINT('',(36.0056413852809,41.1911806197127,-71.8835857026717));
#3627=CARTESIAN_POINT('',(36.0056413852809,39.2301434139064,-71.8835857026717));
#3628=CARTESIAN_POINT('',(35.6155703865645,39.6230624801782,-71.2079629034606));
#3629=CARTESIAN_POINT('',(34.8231096092128,40.2944335888865,-69.8353805519884));
#3630=CARTESIAN_POINT('',(33.5172351888787,40.7306722769356,-67.5735396712575));
#3631=CARTESIAN_POINT('',(32.21538698138,40.3392575571652,-65.3186723958321));
#3632=CARTESIAN_POINT('',(31.3993106064005,39.6651932410103,-63.9051866287589));
#3633=CARTESIAN_POINT('',(31.0057881144585,39.2739689918802,-63.2235856678229));
#3634=CARTESIAN_POINT('',(31.0057881144585,39.2739689918801,-63.2235856678229));
#3635=CARTESIAN_POINT('',(31.0057881144585,31.4338947535872,-63.2235856678229));
#3636=CARTESIAN_POINT('',(31.8297503523836,31.8177085457491,-64.6507301503992));
#3637=CARTESIAN_POINT('',(33.4858139268821,32.293296613383,-67.5191164481654));
#3638=CARTESIAN_POINT('',(35.1793367629738,31.8033531126077,-70.4523840912696));
#3639=CARTESIAN_POINT('',(36.0056413852809,31.4133602260653,-71.8835857026717));
#3640=CARTESIAN_POINT('',(31.0057881144585,31.4338947535872,-63.2235856678229));
#3641=CARTESIAN_POINT('',(31.0057881144585,41.1911806197127,-63.2235856678229));
#3642=CARTESIAN_POINT('',(31.0057881144585,41.1911806197127,-63.2235856678229));
#3643=CARTESIAN_POINT('',(31.0057881144585,39.2739689918801,-63.2235856678229));
#3644=CARTESIAN_POINT('',(31.3960853656186,39.6665412210087,-62.5475710096407));
#3645=CARTESIAN_POINT('',(32.189090505447,40.3365470131502,-61.1740458389035));
#3646=CARTESIAN_POINT('',(33.4963462544065,40.7651964238747,-58.9098124996651));
#3647=CARTESIAN_POINT('',(34.7979408274057,40.3617471772416,-56.6553846046628));
#3648=CARTESIAN_POINT('',(35.6126356751132,39.682000183174,-55.2442917584823));
#3649=CARTESIAN_POINT('',(36.0056415060005,39.2884010276164,-54.5635857026716));
#3650=CARTESIAN_POINT('',(36.0056415060005,31.4406569013722,-54.5635857026717));
#3651=CARTESIAN_POINT('',(35.1819777995074,31.8271681665747,-55.9902130677045));
#3652=CARTESIAN_POINT('',(33.526352379855,32.3100406600686,-58.8578403666866));
#3653=CARTESIAN_POINT('',(31.8322708999674,31.823401474703,-61.7920755147828));
#3654=CARTESIAN_POINT('',(31.0057881144585,31.4338947535872,-63.2235856678229));
#3655=CARTESIAN_POINT('',(0.,41.1911806197127,0.));
#3656=CARTESIAN_POINT('',(40.9760810769914,41.1911806197127,-63.19));
#3657=CARTESIAN_POINT('',(34.9642390790589,41.1911806197127,-63.19));
#3658=CARTESIAN_POINT('',(40.9760810769914,41.1911806197127,-63.19));
#3659=CARTESIAN_POINT('',(40.9760810769914,41.1911806197127,-55.1368620975596));
#3660=CARTESIAN_POINT('',(40.9760810769914,30.3909489752913,-63.19));
#3661=CARTESIAN_POINT('',(40.9760810769914,30.3909489752913,-63.19));
#3662=CARTESIAN_POINT('',(40.9760810769914,30.3909489752913,-75.3862445006038));
#3663=CARTESIAN_POINT('',(40.9760810769914,32.0759736820353,-63.19));
#3664=CARTESIAN_POINT('',(40.9760810769914,28.6759736820353,-63.19));
#3665=CARTESIAN_POINT('',(40.9760810769914,28.6759736820353,-69.2018419979325));
#3666=CARTESIAN_POINT('',(40.9760810769914,28.6759736820353,-57.1781580020675));
#3667=CARTESIAN_POINT('',(40.9760810769914,28.6759736820353,-63.19));
#3668=CARTESIAN_POINT('',(40.9760810769914,28.6759736820353,-75.0043868420681));
#3669=CARTESIAN_POINT('',(40.9760810769914,29.5759736820353,-63.19));
#3670=CARTESIAN_POINT('',(40.9760810769914,41.1911806197127,-63.19));
#3671=CARTESIAN_POINT('',(0.,0.,0.));
#3672=MECHANICAL_DESIGN_GEOMETRIC_PRESENTATION_REPRESENTATION('',(#1916,
#1917,#1918,#1919,#1920,#1921,#1922,#1923,#1924,#1925,#1926),#3673);
#3673=(
GEOMETRIC_REPRESENTATION_CONTEXT(3)
GLOBAL_UNCERTAINTY_ASSIGNED_CONTEXT((#3684))
GLOBAL_UNIT_ASSIGNED_CONTEXT((#3697,#3696,#3695))
REPRESENTATION_CONTEXT('Caster wheel','TOP_LEVEL_ASSEMBLY_PART')
);
#3674=(
GEOMETRIC_REPRESENTATION_CONTEXT(3)
GLOBAL_UNCERTAINTY_ASSIGNED_CONTEXT((#3685))
GLOBAL_UNIT_ASSIGNED_CONTEXT((#3697,#3696,#3695))
REPRESENTATION_CONTEXT('Base','COMPONENT_PART')
);
#3675=(
GEOMETRIC_REPRESENTATION_CONTEXT(3)
GLOBAL_UNCERTAINTY_ASSIGNED_CONTEXT((#3686))
GLOBAL_UNIT_ASSIGNED_CONTEXT((#3697,#3696,#3695))
REPRESENTATION_CONTEXT('75 dia Plate 2.8 MM','COMPONENT_PART')
);
#3676=(
GEOMETRIC_REPRESENTATION_CONTEXT(3)
GLOBAL_UNCERTAINTY_ASSIGNED_CONTEXT((#3687))
GLOBAL_UNIT_ASSIGNED_CONTEXT((#3697,#3696,#3695))
REPRESENTATION_CONTEXT('75 dia Plate 6MM','COMPONENT_PART')
);
#3677=(
GEOMETRIC_REPRESENTATION_CONTEXT(3)
GLOBAL_UNCERTAINTY_ASSIGNED_CONTEXT((#3688))
GLOBAL_UNIT_ASSIGNED_CONTEXT((#3697,#3696,#3695))
REPRESENTATION_CONTEXT('76 dia Plate 6MM','COMPONENT_PART')
);
#3678=(
GEOMETRIC_REPRESENTATION_CONTEXT(3)
GLOBAL_UNCERTAINTY_ASSIGNED_CONTEXT((#3689))
GLOBAL_UNIT_ASSIGNED_CONTEXT((#3697,#3696,#3695))
REPRESENTATION_CONTEXT('Top Plate 3 MM','COMPONENT_PART')
);
#3679=(
GEOMETRIC_REPRESENTATION_CONTEXT(3)
GLOBAL_UNCERTAINTY_ASSIGNED_CONTEXT((#3690))
GLOBAL_UNIT_ASSIGNED_CONTEXT((#3697,#3696,#3695))
REPRESENTATION_CONTEXT('Top Surface','COMPONENT_PART')
);
#3680=(
GEOMETRIC_REPRESENTATION_CONTEXT(3)
GLOBAL_UNCERTAINTY_ASSIGNED_CONTEXT((#3691))
GLOBAL_UNIT_ASSIGNED_CONTEXT((#3697,#3696,#3695))
REPRESENTATION_CONTEXT('Rim','COMPONENT_PART')
);
#3681=(
GEOMETRIC_REPRESENTATION_CONTEXT(3)
GLOBAL_UNCERTAINTY_ASSIGNED_CONTEXT((#3692))
GLOBAL_UNIT_ASSIGNED_CONTEXT((#3697,#3696,#3695))
REPRESENTATION_CONTEXT('Rubber tyre','COMPONENT_PART')
);
#3682=(
GEOMETRIC_REPRESENTATION_CONTEXT(3)
GLOBAL_UNCERTAINTY_ASSIGNED_CONTEXT((#3693))
GLOBAL_UNIT_ASSIGNED_CONTEXT((#3697,#3696,#3695))
REPRESENTATION_CONTEXT('Nut','COMPONENT_PART')
);
#3683=(
GEOMETRIC_REPRESENTATION_CONTEXT(3)
GLOBAL_UNCERTAINTY_ASSIGNED_CONTEXT((#3694))
GLOBAL_UNIT_ASSIGNED_CONTEXT((#3697,#3696,#3695))
REPRESENTATION_CONTEXT('Bolt','COMPONENT_PART')
);
#3684=UNCERTAINTY_MEASURE_WITH_UNIT(LENGTH_MEASURE(0.005),#3697,
'DISTANCE_ACCURACY_VALUE','Maximum Tolerance applied to model');
#3685=UNCERTAINTY_MEASURE_WITH_UNIT(LENGTH_MEASURE(0.005),#3697,
'DISTANCE_ACCURACY_VALUE','Maximum Tolerance applied to model');
#3686=UNCERTAINTY_MEASURE_WITH_UNIT(LENGTH_MEASURE(0.005),#3697,
'DISTANCE_ACCURACY_VALUE','Maximum Tolerance applied to model');
#3687=UNCERTAINTY_MEASURE_WITH_UNIT(LENGTH_MEASURE(0.005),#3697,
'DISTANCE_ACCURACY_VALUE','Maximum Tolerance applied to model');
#3688=UNCERTAINTY_MEASURE_WITH_UNIT(LENGTH_MEASURE(0.005),#3697,
'DISTANCE_ACCURACY_VALUE','Maximum Tolerance applied to model');
#3689=UNCERTAINTY_MEASURE_WITH_UNIT(LENGTH_MEASURE(0.005),#3697,
'DISTANCE_ACCURACY_VALUE','Maximum Tolerance applied to model');
#3690=UNCERTAINTY_MEASURE_WITH_UNIT(LENGTH_MEASURE(0.005),#3697,
'DISTANCE_ACCURACY_VALUE','Maximum Tolerance applied to model');
#3691=UNCERTAINTY_MEASURE_WITH_UNIT(LENGTH_MEASURE(0.005),#3697,
'DISTANCE_ACCURACY_VALUE','Maximum Tolerance applied to model');
#3692=UNCERTAINTY_MEASURE_WITH_UNIT(LENGTH_MEASURE(0.005),#3697,
'DISTANCE_ACCURACY_VALUE','Maximum Tolerance applied to model');
#3693=UNCERTAINTY_MEASURE_WITH_UNIT(LENGTH_MEASURE(0.005),#3697,
'DISTANCE_ACCURACY_VALUE','Maximum Tolerance applied to model');
#3694=UNCERTAINTY_MEASURE_WITH_UNIT(LENGTH_MEASURE(0.005),#3697,
'DISTANCE_ACCURACY_VALUE','Maximum Tolerance applied to model');
#3695=(
NAMED_UNIT(*)
SI_UNIT($,.STERADIAN.)
SOLID_ANGLE_UNIT()
);
#3696=(
NAMED_UNIT(*)
PLANE_ANGLE_UNIT()
SI_UNIT($,.RADIAN.)
);
#3697=(
LENGTH_UNIT()
NAMED_UNIT(*)
SI_UNIT(.MILLI.,.METRE.)
);
#3698=PRODUCT_DEFINITION_SHAPE('','',#3719);
#3699=PRODUCT_DEFINITION_SHAPE('','',#3720);
#3700=PRODUCT_DEFINITION_SHAPE(' ','NAUO PRDDFN',#49);
#3701=PRODUCT_DEFINITION_SHAPE('','',#3721);
#3702=PRODUCT_DEFINITION_SHAPE(' ','NAUO PRDDFN',#50);
#3703=PRODUCT_DEFINITION_SHAPE('','',#3722);
#3704=PRODUCT_DEFINITION_SHAPE(' ','NAUO PRDDFN',#51);
#3705=PRODUCT_DEFINITION_SHAPE('','',#3723);
#3706=PRODUCT_DEFINITION_SHAPE(' ','NAUO PRDDFN',#52);
#3707=PRODUCT_DEFINITION_SHAPE('','',#3724);
#3708=PRODUCT_DEFINITION_SHAPE(' ','NAUO PRDDFN',#53);
#3709=PRODUCT_DEFINITION_SHAPE('','',#3725);
#3710=PRODUCT_DEFINITION_SHAPE(' ','NAUO PRDDFN',#54);
#3711=PRODUCT_DEFINITION_SHAPE('','',#3726);
#3712=PRODUCT_DEFINITION_SHAPE(' ','NAUO PRDDFN',#55);
#3713=PRODUCT_DEFINITION_SHAPE('','',#3727);
#3714=PRODUCT_DEFINITION_SHAPE(' ','NAUO PRDDFN',#56);
#3715=PRODUCT_DEFINITION_SHAPE('','',#3728);
#3716=PRODUCT_DEFINITION_SHAPE(' ','NAUO PRDDFN',#57);
#3717=PRODUCT_DEFINITION_SHAPE('','',#3729);
#3718=PRODUCT_DEFINITION_SHAPE(' ','NAUO PRDDFN',#58);
#3719=PRODUCT_DEFINITION('','',#3741,#3730);
#3720=PRODUCT_DEFINITION('','',#3742,#3731);
#3721=PRODUCT_DEFINITION('','',#3743,#3732);
#3722=PRODUCT_DEFINITION('','',#3744,#3733);
#3723=PRODUCT_DEFINITION('','',#3745,#3734);
#3724=PRODUCT_DEFINITION('','',#3746,#3735);
#3725=PRODUCT_DEFINITION('','',#3747,#3736);
#3726=PRODUCT_DEFINITION('','',#3748,#3737);
#3727=PRODUCT_DEFINITION('','',#3749,#3738);
#3728=PRODUCT_DEFINITION('','',#3750,#3739);
#3729=PRODUCT_DEFINITION('','',#3751,#3740);
#3730=PRODUCT_DEFINITION_CONTEXT('',#3797,'design');
#3731=PRODUCT_DEFINITION_CONTEXT('',#3797,'design');
#3732=PRODUCT_DEFINITION_CONTEXT('',#3797,'design');
#3733=PRODUCT_DEFINITION_CONTEXT('',#3797,'design');
#3734=PRODUCT_DEFINITION_CONTEXT('',#3797,'design');
#3735=PRODUCT_DEFINITION_CONTEXT('',#3797,'design');
#3736=PRODUCT_DEFINITION_CONTEXT('',#3797,'design');
#3737=PRODUCT_DEFINITION_CONTEXT('',#3797,'design');
#3738=PRODUCT_DEFINITION_CONTEXT('',#3797,'design');
#3739=PRODUCT_DEFINITION_CONTEXT('',#3797,'design');
#3740=PRODUCT_DEFINITION_CONTEXT('',#3797,'design');
#3741=PRODUCT_DEFINITION_FORMATION_WITH_SPECIFIED_SOURCE('','',#3763,
 .NOT_KNOWN.);
#3742=PRODUCT_DEFINITION_FORMATION_WITH_SPECIFIED_SOURCE('','',#3764,
 .NOT_KNOWN.);
#3743=PRODUCT_DEFINITION_FORMATION_WITH_SPECIFIED_SOURCE('','',#3765,
 .NOT_KNOWN.);
#3744=PRODUCT_DEFINITION_FORMATION_WITH_SPECIFIED_SOURCE('','',#3766,
 .NOT_KNOWN.);
#3745=PRODUCT_DEFINITION_FORMATION_WITH_SPECIFIED_SOURCE('','',#3767,
 .NOT_KNOWN.);
#3746=PRODUCT_DEFINITION_FORMATION_WITH_SPECIFIED_SOURCE('','',#3768,
 .NOT_KNOWN.);
#3747=PRODUCT_DEFINITION_FORMATION_WITH_SPECIFIED_SOURCE('','',#3769,
 .NOT_KNOWN.);
#3748=PRODUCT_DEFINITION_FORMATION_WITH_SPECIFIED_SOURCE('','',#3770,
 .NOT_KNOWN.);
#3749=PRODUCT_DEFINITION_FORMATION_WITH_SPECIFIED_SOURCE('','',#3771,
 .NOT_KNOWN.);
#3750=PRODUCT_DEFINITION_FORMATION_WITH_SPECIFIED_SOURCE('','',#3772,
 .NOT_KNOWN.);
#3751=PRODUCT_DEFINITION_FORMATION_WITH_SPECIFIED_SOURCE('','',#3773,
 .NOT_KNOWN.);
#3752=PRODUCT_RELATED_PRODUCT_CATEGORY('','',(#3763));
#3753=PRODUCT_RELATED_PRODUCT_CATEGORY('','',(#3764));
#3754=PRODUCT_RELATED_PRODUCT_CATEGORY('','',(#3765));
#3755=PRODUCT_RELATED_PRODUCT_CATEGORY('','',(#3766));
#3756=PRODUCT_RELATED_PRODUCT_CATEGORY('','',(#3767));
#3757=PRODUCT_RELATED_PRODUCT_CATEGORY('','',(#3768));
#3758=PRODUCT_RELATED_PRODUCT_CATEGORY('','',(#3769));
#3759=PRODUCT_RELATED_PRODUCT_CATEGORY('','',(#3770));
#3760=PRODUCT_RELATED_PRODUCT_CATEGORY('','',(#3771));
#3761=PRODUCT_RELATED_PRODUCT_CATEGORY('','',(#3772));
#3762=PRODUCT_RELATED_PRODUCT_CATEGORY('','',(#3773));
#3763=PRODUCT('Caster wheel','Caster wheel','Caster wheel',(#3785));
#3764=PRODUCT('Base','Base','Base',(#3786));
#3765=PRODUCT('75 dia Plate 2.8 MM','75 dia Plate 2.8 MM',
'75 dia Plate 2.8 MM',(#3787));
#3766=PRODUCT('75 dia Plate 6MM','75 dia Plate 6MM','75 dia Plate 6MM',
(#3788));
#3767=PRODUCT('76 dia Plate 6MM','76 dia Plate 6MM','76 dia Plate 6MM',
(#3789));
#3768=PRODUCT('Top Plate 3 MM','Top Plate 3 MM','Top Plate 3 MM',(#3790));
#3769=PRODUCT('Top Surface','Top Surface','Top Surface',(#3791));
#3770=PRODUCT('Rim','Rim','Rim',(#3792));
#3771=PRODUCT('Rubber tyre','Rubber tyre','Rubber tyre',(#3793));
#3772=PRODUCT('Nut','Nut','Nut',(#3794));
#3773=PRODUCT('Bolt','Bolt','Bolt',(#3795));
#3774=PRODUCT_CATEGORY('','');
#3775=PRODUCT_CATEGORY('','');
#3776=PRODUCT_CATEGORY('','');
#3777=PRODUCT_CATEGORY('','');
#3778=PRODUCT_CATEGORY('','');
#3779=PRODUCT_CATEGORY('','');
#3780=PRODUCT_CATEGORY('','');
#3781=PRODUCT_CATEGORY('','');
#3782=PRODUCT_CATEGORY('','');
#3783=PRODUCT_CATEGORY('','');
#3784=PRODUCT_CATEGORY('','');
#3785=PRODUCT_CONTEXT('',#3797,'mechanical');
#3786=PRODUCT_CONTEXT('',#3797,'mechanical');
#3787=PRODUCT_CONTEXT('',#3797,'mechanical');
#3788=PRODUCT_CONTEXT('',#3797,'mechanical');
#3789=PRODUCT_CONTEXT('',#3797,'mechanical');
#3790=PRODUCT_CONTEXT('',#3797,'mechanical');
#3791=PRODUCT_CONTEXT('',#3797,'mechanical');
#3792=PRODUCT_CONTEXT('',#3797,'mechanical');
#3793=PRODUCT_CONTEXT('',#3797,'mechanical');
#3794=PRODUCT_CONTEXT('',#3797,'mechanical');
#3795=PRODUCT_CONTEXT('',#3797,'mechanical');
#3796=APPLICATION_PROTOCOL_DEFINITION('international standard',
'automotive_design',2010,#3797);
#3797=APPLICATION_CONTEXT(
'core data for automotive mechanical design processes');
ENDSEC;
END-ISO-10303-21;
