ISO-10303-21;
HEADER;
FILE_DESCRIPTION(('Open CASCADE Model'),'2;1');
FILE_NAME('Open CASCADE Shape Model','2026-05-01T21:46:25',('Author'),(
    'Open CASCADE'),'Open CASCADE STEP processor 7.8','Open CASCADE 7.8'
  ,'Unknown');
FILE_SCHEMA(('AUTOMOTIVE_DESIGN { 1 0 10303 214 1 1 1 1 }'));
ENDSEC;
DATA;
#1 = APPLICATION_PROTOCOL_DEFINITION('international standard',
  'automotive_design',2000,#2);
#2 = APPLICATION_CONTEXT(
  'core data for automotive mechanical design processes');
#3 = SHAPE_DEFINITION_REPRESENTATION(#4,#10);
#4 = PRODUCT_DEFINITION_SHAPE('','',#5);
#5 = PRODUCT_DEFINITION('design','',#6,#9);
#6 = PRODUCT_DEFINITION_FORMATION('','',#7);
#7 = PRODUCT('705453c0-4596-11f1-8996-c0bfbe418dfa',
  '705453c0-4596-11f1-8996-c0bfbe418dfa','',(#8));
#8 = PRODUCT_CONTEXT('',#2,'mechanical');
#9 = PRODUCT_DEFINITION_CONTEXT('part definition',#2,'design');
#10 = SHAPE_REPRESENTATION('',(#11,#15,#19),#23);
#11 = AXIS2_PLACEMENT_3D('',#12,#13,#14);
#12 = CARTESIAN_POINT('',(0.,0.,0.));
#13 = DIRECTION('',(0.,0.,1.));
#14 = DIRECTION('',(1.,0.,-0.));
#15 = AXIS2_PLACEMENT_3D('',#16,#17,#18);
#16 = CARTESIAN_POINT('',(0.,0.,0.));
#17 = DIRECTION('',(0.,0.,1.));
#18 = DIRECTION('',(1.,0.,-0.));
#19 = AXIS2_PLACEMENT_3D('',#20,#21,#22);
#20 = CARTESIAN_POINT('',(0.,0.,58.));
#21 = DIRECTION('',(0.,0.,1.));
#22 = DIRECTION('',(1.,0.,-0.));
#23 = ( GEOMETRIC_REPRESENTATION_CONTEXT(3) 
GLOBAL_UNCERTAINTY_ASSIGNED_CONTEXT((#27)) GLOBAL_UNIT_ASSIGNED_CONTEXT(
(#24,#25,#26)) REPRESENTATION_CONTEXT('Context #1',
  '3D Context with UNIT and UNCERTAINTY') );
#24 = ( LENGTH_UNIT() NAMED_UNIT(*) SI_UNIT(.MILLI.,.METRE.) );
#25 = ( NAMED_UNIT(*) PLANE_ANGLE_UNIT() SI_UNIT($,.RADIAN.) );
#26 = ( NAMED_UNIT(*) SI_UNIT($,.STERADIAN.) SOLID_ANGLE_UNIT() );
#27 = UNCERTAINTY_MEASURE_WITH_UNIT(LENGTH_MEASURE(1.E-07),#24,
  'distance_accuracy_value','confusion accuracy');
#28 = PRODUCT_RELATED_PRODUCT_CATEGORY('part',$,(#7));
#29 = SHAPE_DEFINITION_REPRESENTATION(#30,#36);
#30 = PRODUCT_DEFINITION_SHAPE('','',#31);
#31 = PRODUCT_DEFINITION('design','',#32,#35);
#32 = PRODUCT_DEFINITION_FORMATION('','',#33);
#33 = PRODUCT('body','body','',(#34));
#34 = PRODUCT_CONTEXT('',#2,'mechanical');
#35 = PRODUCT_DEFINITION_CONTEXT('part definition',#2,'design');
#36 = ADVANCED_BREP_SHAPE_REPRESENTATION('',(#11,#37),#12209);
#37 = MANIFOLD_SOLID_BREP('',#38);
#38 = CLOSED_SHELL('',(#39,#229,#312,#391,#801,#851,#906,#961,#1019,
    #1138,#1438,#1464,#1575,#1625,#1675,#1764,#1845,#1894,#1948,#1997,
    #2051,#2100,#2154,#2181,#2220,#2259,#2285,#2340,#2395,#2421,#2447,
    #2473,#2480,#2535,#2590,#2645,#2700,#2755,#2810,#2865,#2920,#3045,
    #3100,#3155,#3194,#3233,#3268,#3303,#3338,#3373,#3412,#3451,#3490,
    #3529,#3601,#3648,#3695,#3722,#3757,#3792,#3847,#3902,#3957,#4007,
    #4057,#4107,#4162,#4217,#4272,#4327,#4580,#4639,#4698,#4733,#4768,
    #5019,#5054,#5089,#5124,#5159,#5240,#5289,#5343,#5392,#5446,#5495,
    #5549,#5576,#5615,#5654,#5713,#5772,#5848,#5902,#5956,#6005,#6054,
    #6108,#6162,#6189,#6248,#6307,#6366,#6425,#6550,#6605,#6660,#6699,
    #6738,#6863,#6902,#6941,#6980,#7019,#7091,#7138,#7185,#7212,#7247,
    #7282,#7337,#7392,#7464,#7511,#7558,#7585,#7640,#7695,#7750,#7805,
    #8058,#8117,#8176,#8211,#8246,#8459,#8494,#8529,#8564,#8599,#8646,
    #8673,#8700,#8727,#8754,#8781,#8808,#8815,#8854,#8893,#8952,#9011,
    #9070,#9129,#9188,#9247,#9302,#9357,#9396,#9435,#9474,#9513,#9552,
    #9591,#9626,#9661,#9716,#9771,#9826,#9881,#9936,#9991,#10050,#10109,
    #10144,#10179,#10214,#10249,#10284,#10319,#10358,#10397,#10456,
    #10515,#10574,#10633,#10692,#10751,#10806,#10861,#10900,#10939,
    #10978,#11017,#11056,#11095,#11130,#11165,#11220,#11275,#11330,
    #11385,#11440,#11495,#11554,#11613,#11648,#11683,#11718,#11753,
    #11788,#11823,#11827,#11831,#11890,#11949,#12008,#12067,#12126,
    #12185,#12189,#12193,#12197,#12201,#12205));
#39 = ADVANCED_FACE('',(#40,#159,#194),#54,.F.);
#40 = FACE_BOUND('',#41,.F.);
#41 = EDGE_LOOP('',(#42,#77,#105,#133));
#42 = ORIENTED_EDGE('',*,*,#43,.F.);
#43 = EDGE_CURVE('',#44,#46,#48,.T.);
#44 = VERTEX_POINT('',#45);
#45 = CARTESIAN_POINT('',(-51.5,-43.5,2.));
#46 = VERTEX_POINT('',#47);
#47 = CARTESIAN_POINT('',(-51.5,-43.5,58.));
#48 = SURFACE_CURVE('',#49,(#53,#65),.PCURVE_S1.);
#49 = LINE('',#50,#51);
#50 = CARTESIAN_POINT('',(-51.5,-43.5,0.));
#51 = VECTOR('',#52,1.);
#52 = DIRECTION('',(0.,0.,1.));
#53 = PCURVE('',#54,#59);
#54 = PLANE('',#55);
#55 = AXIS2_PLACEMENT_3D('',#56,#57,#58);
#56 = CARTESIAN_POINT('',(-51.5,-51.5,0.));
#57 = DIRECTION('',(1.,0.,0.));
#58 = DIRECTION('',(0.,0.,1.));
#59 = DEFINITIONAL_REPRESENTATION('',(#60),#64);
#60 = LINE('',#61,#62);
#61 = CARTESIAN_POINT('',(0.,-8.));
#62 = VECTOR('',#63,1.);
#63 = DIRECTION('',(1.,0.));
#64 = ( GEOMETRIC_REPRESENTATION_CONTEXT(2) 
PARAMETRIC_REPRESENTATION_CONTEXT() REPRESENTATION_CONTEXT('2D SPACE',''
  ) );
#65 = PCURVE('',#66,#71);
#66 = CYLINDRICAL_SURFACE('',#67,8.);
#67 = AXIS2_PLACEMENT_3D('',#68,#69,#70);
#68 = CARTESIAN_POINT('',(-43.5,-43.5,0.));
#69 = DIRECTION('',(0.,0.,1.));
#70 = DIRECTION('',(-1.,-0.,0.));
#71 = DEFINITIONAL_REPRESENTATION('',(#72),#76);
#72 = LINE('',#73,#74);
#73 = CARTESIAN_POINT('',(0.,0.));
#74 = VECTOR('',#75,1.);
#75 = DIRECTION('',(0.,1.));
#76 = ( GEOMETRIC_REPRESENTATION_CONTEXT(2) 
PARAMETRIC_REPRESENTATION_CONTEXT() REPRESENTATION_CONTEXT('2D SPACE',''
  ) );
#77 = ORIENTED_EDGE('',*,*,#78,.T.);
#78 = EDGE_CURVE('',#44,#79,#81,.T.);
#79 = VERTEX_POINT('',#80);
#80 = CARTESIAN_POINT('',(-51.5,43.5,2.));
#81 = SURFACE_CURVE('',#82,(#86,#93),.PCURVE_S1.);
#82 = LINE('',#83,#84);
#83 = CARTESIAN_POINT('',(-51.5,-43.5,2.));
#84 = VECTOR('',#85,1.);
#85 = DIRECTION('',(0.,1.,0.));
#86 = PCURVE('',#54,#87);
#87 = DEFINITIONAL_REPRESENTATION('',(#88),#92);
#88 = LINE('',#89,#90);
#89 = CARTESIAN_POINT('',(2.,-8.));
#90 = VECTOR('',#91,1.);
#91 = DIRECTION('',(0.,-1.));
#92 = ( GEOMETRIC_REPRESENTATION_CONTEXT(2) 
PARAMETRIC_REPRESENTATION_CONTEXT() REPRESENTATION_CONTEXT('2D SPACE',''
  ) );
#93 = PCURVE('',#94,#99);
#94 = CYLINDRICAL_SURFACE('',#95,2.);
#95 = AXIS2_PLACEMENT_3D('',#96,#97,#98);
#96 = CARTESIAN_POINT('',(-49.5,-43.5,2.));
#97 = DIRECTION('',(0.,1.,0.));
#98 = DIRECTION('',(-1.,0.,0.));
#99 = DEFINITIONAL_REPRESENTATION('',(#100),#104);
#100 = LINE('',#101,#102);
#101 = CARTESIAN_POINT('',(-0.,0.));
#102 = VECTOR('',#103,1.);
#103 = DIRECTION('',(-0.,1.));
#104 = ( GEOMETRIC_REPRESENTATION_CONTEXT(2) 
PARAMETRIC_REPRESENTATION_CONTEXT() REPRESENTATION_CONTEXT('2D SPACE',''
  ) );
#105 = ORIENTED_EDGE('',*,*,#106,.T.);
#106 = EDGE_CURVE('',#79,#107,#109,.T.);
#107 = VERTEX_POINT('',#108);
#108 = CARTESIAN_POINT('',(-51.5,43.5,58.));
#109 = SURFACE_CURVE('',#110,(#114,#121),.PCURVE_S1.);
#110 = LINE('',#111,#112);
#111 = CARTESIAN_POINT('',(-51.5,43.5,0.));
#112 = VECTOR('',#113,1.);
#113 = DIRECTION('',(0.,0.,1.));
#114 = PCURVE('',#54,#115);
#115 = DEFINITIONAL_REPRESENTATION('',(#116),#120);
#116 = LINE('',#117,#118);
#117 = CARTESIAN_POINT('',(0.,-95.));
#118 = VECTOR('',#119,1.);
#119 = DIRECTION('',(1.,0.));
#120 = ( GEOMETRIC_REPRESENTATION_CONTEXT(2) 
PARAMETRIC_REPRESENTATION_CONTEXT() REPRESENTATION_CONTEXT('2D SPACE',''
  ) );
#121 = PCURVE('',#122,#127);
#122 = CYLINDRICAL_SURFACE('',#123,8.);
#123 = AXIS2_PLACEMENT_3D('',#124,#125,#126);
#124 = CARTESIAN_POINT('',(-43.5,43.5,0.));
#125 = DIRECTION('',(0.,0.,1.));
#126 = DIRECTION('',(-1.,-0.,0.));
#127 = DEFINITIONAL_REPRESENTATION('',(#128),#132);
#128 = LINE('',#129,#130);
#129 = CARTESIAN_POINT('',(-0.,0.));
#130 = VECTOR('',#131,1.);
#131 = DIRECTION('',(-0.,1.));
#132 = ( GEOMETRIC_REPRESENTATION_CONTEXT(2) 
PARAMETRIC_REPRESENTATION_CONTEXT() REPRESENTATION_CONTEXT('2D SPACE',''
  ) );
#133 = ORIENTED_EDGE('',*,*,#134,.F.);
#134 = EDGE_CURVE('',#46,#107,#135,.T.);
#135 = SURFACE_CURVE('',#136,(#140,#147),.PCURVE_S1.);
#136 = LINE('',#137,#138);
#137 = CARTESIAN_POINT('',(-51.5,-51.5,58.));
#138 = VECTOR('',#139,1.);
#139 = DIRECTION('',(0.,1.,0.));
#140 = PCURVE('',#54,#141);
#141 = DEFINITIONAL_REPRESENTATION('',(#142),#146);
#142 = LINE('',#143,#144);
#143 = CARTESIAN_POINT('',(58.,0.));
#144 = VECTOR('',#145,1.);
#145 = DIRECTION('',(0.,-1.));
#146 = ( GEOMETRIC_REPRESENTATION_CONTEXT(2) 
PARAMETRIC_REPRESENTATION_CONTEXT() REPRESENTATION_CONTEXT('2D SPACE',''
  ) );
#147 = PCURVE('',#148,#153);
#148 = PLANE('',#149);
#149 = AXIS2_PLACEMENT_3D('',#150,#151,#152);
#150 = CARTESIAN_POINT('',(-51.5,-51.5,58.));
#151 = DIRECTION('',(0.,0.,1.));
#152 = DIRECTION('',(1.,0.,0.));
#153 = DEFINITIONAL_REPRESENTATION('',(#154),#158);
#154 = LINE('',#155,#156);
#155 = CARTESIAN_POINT('',(0.,0.));
#156 = VECTOR('',#157,1.);
#157 = DIRECTION('',(0.,1.));
#158 = ( GEOMETRIC_REPRESENTATION_CONTEXT(2) 
PARAMETRIC_REPRESENTATION_CONTEXT() REPRESENTATION_CONTEXT('2D SPACE',''
  ) );
#159 = FACE_BOUND('',#160,.F.);
#160 = EDGE_LOOP('',(#161));
#161 = ORIENTED_EDGE('',*,*,#162,.T.);
#162 = EDGE_CURVE('',#163,#163,#165,.T.);
#163 = VERTEX_POINT('',#164);
#164 = CARTESIAN_POINT('',(-51.5,20.,46.5));
#165 = SURFACE_CURVE('',#166,(#171,#182),.PCURVE_S1.);
#166 = CIRCLE('',#167,17.5);
#167 = AXIS2_PLACEMENT_3D('',#168,#169,#170);
#168 = CARTESIAN_POINT('',(-51.5,20.,29.));
#169 = DIRECTION('',(-1.,0.,1.110223024625E-16));
#170 = DIRECTION('',(1.110223024625E-16,0.,1.));
#171 = PCURVE('',#54,#172);
#172 = DEFINITIONAL_REPRESENTATION('',(#173),#181);
#173 = ( BOUNDED_CURVE() B_SPLINE_CURVE(2,(#174,#175,#176,#177,#178,#179
,#180),.UNSPECIFIED.,.T.,.F.) B_SPLINE_CURVE_WITH_KNOTS((1,2,2,2,2,1),(
    -2.094395102393,0.,2.094395102393,4.188790204786,6.28318530718,
8.377580409573),.UNSPECIFIED.) CURVE() GEOMETRIC_REPRESENTATION_ITEM() 
RATIONAL_B_SPLINE_CURVE((1.,0.5,1.,0.5,1.,0.5,1.)) REPRESENTATION_ITEM(
  '') );
#174 = CARTESIAN_POINT('',(46.5,-71.5));
#175 = CARTESIAN_POINT('',(46.5,-101.8108891324));
#176 = CARTESIAN_POINT('',(20.25,-86.65544456622));
#177 = CARTESIAN_POINT('',(-6.,-71.5));
#178 = CARTESIAN_POINT('',(20.25,-56.34455543377));
#179 = CARTESIAN_POINT('',(46.5,-41.18911086754));
#180 = CARTESIAN_POINT('',(46.5,-71.5));
#181 = ( GEOMETRIC_REPRESENTATION_CONTEXT(2) 
PARAMETRIC_REPRESENTATION_CONTEXT() REPRESENTATION_CONTEXT('2D SPACE',''
  ) );
#182 = PCURVE('',#183,#188);
#183 = CYLINDRICAL_SURFACE('',#184,17.5);
#184 = AXIS2_PLACEMENT_3D('',#185,#186,#187);
#185 = CARTESIAN_POINT('',(-51.5,20.,29.));
#186 = DIRECTION('',(1.,-0.,-1.110223024625E-16));
#187 = DIRECTION('',(1.110223024625E-16,0.,1.));
#188 = DEFINITIONAL_REPRESENTATION('',(#189),#193);
#189 = LINE('',#190,#191);
#190 = CARTESIAN_POINT('',(-0.,0.));
#191 = VECTOR('',#192,1.);
#192 = DIRECTION('',(-1.,0.));
#193 = ( GEOMETRIC_REPRESENTATION_CONTEXT(2) 
PARAMETRIC_REPRESENTATION_CONTEXT() REPRESENTATION_CONTEXT('2D SPACE',''
  ) );
#194 = FACE_BOUND('',#195,.F.);
#195 = EDGE_LOOP('',(#196));
#196 = ORIENTED_EDGE('',*,*,#197,.T.);
#197 = EDGE_CURVE('',#198,#198,#200,.T.);
#198 = VERTEX_POINT('',#199);
#199 = CARTESIAN_POINT('',(-51.5,-20.,46.5));
#200 = SURFACE_CURVE('',#201,(#206,#217),.PCURVE_S1.);
#201 = CIRCLE('',#202,17.5);
#202 = AXIS2_PLACEMENT_3D('',#203,#204,#205);
#203 = CARTESIAN_POINT('',(-51.5,-20.,29.));
#204 = DIRECTION('',(-1.,0.,1.110223024625E-16));
#205 = DIRECTION('',(1.110223024625E-16,0.,1.));
#206 = PCURVE('',#54,#207);
#207 = DEFINITIONAL_REPRESENTATION('',(#208),#216);
#208 = ( BOUNDED_CURVE() B_SPLINE_CURVE(2,(#209,#210,#211,#212,#213,#214
,#215),.UNSPECIFIED.,.T.,.F.) B_SPLINE_CURVE_WITH_KNOTS((1,2,2,2,2,1),(
    -2.094395102393,0.,2.094395102393,4.188790204786,6.28318530718,
8.377580409573),.UNSPECIFIED.) CURVE() GEOMETRIC_REPRESENTATION_ITEM() 
RATIONAL_B_SPLINE_CURVE((1.,0.5,1.,0.5,1.,0.5,1.)) REPRESENTATION_ITEM(
  '') );
#209 = CARTESIAN_POINT('',(46.5,-31.5));
#210 = CARTESIAN_POINT('',(46.5,-61.81088913245));
#211 = CARTESIAN_POINT('',(20.25,-46.65544456622));
#212 = CARTESIAN_POINT('',(-6.,-31.5));
#213 = CARTESIAN_POINT('',(20.25,-16.34455543377));
#214 = CARTESIAN_POINT('',(46.5,-1.189110867545));
#215 = CARTESIAN_POINT('',(46.5,-31.5));
#216 = ( GEOMETRIC_REPRESENTATION_CONTEXT(2) 
PARAMETRIC_REPRESENTATION_CONTEXT() REPRESENTATION_CONTEXT('2D SPACE',''
  ) );
#217 = PCURVE('',#218,#223);
#218 = CYLINDRICAL_SURFACE('',#219,17.5);
#219 = AXIS2_PLACEMENT_3D('',#220,#221,#222);
#220 = CARTESIAN_POINT('',(-51.5,-20.,29.));
#221 = DIRECTION('',(1.,-0.,-1.110223024625E-16));
#222 = DIRECTION('',(1.110223024625E-16,0.,1.));
#223 = DEFINITIONAL_REPRESENTATION('',(#224),#228);
#224 = LINE('',#225,#226);
#225 = CARTESIAN_POINT('',(-0.,0.));
#226 = VECTOR('',#227,1.);
#227 = DIRECTION('',(-1.,0.));
#228 = ( GEOMETRIC_REPRESENTATION_CONTEXT(2) 
PARAMETRIC_REPRESENTATION_CONTEXT() REPRESENTATION_CONTEXT('2D SPACE',''
  ) );
#229 = ADVANCED_FACE('',(#230),#66,.T.);
#230 = FACE_BOUND('',#231,.T.);
#231 = EDGE_LOOP('',(#232,#233,#262,#290));
#232 = ORIENTED_EDGE('',*,*,#43,.F.);
#233 = ORIENTED_EDGE('',*,*,#234,.F.);
#234 = EDGE_CURVE('',#235,#44,#237,.T.);
#235 = VERTEX_POINT('',#236);
#236 = CARTESIAN_POINT('',(-43.5,-51.5,2.));
#237 = SURFACE_CURVE('',#238,(#243,#250),.PCURVE_S1.);
#238 = CIRCLE('',#239,8.);
#239 = AXIS2_PLACEMENT_3D('',#240,#241,#242);
#240 = CARTESIAN_POINT('',(-43.5,-43.5,2.));
#241 = DIRECTION('',(-0.,-0.,-1.));
#242 = DIRECTION('',(0.,-1.,0.));
#243 = PCURVE('',#66,#244);
#244 = DEFINITIONAL_REPRESENTATION('',(#245),#249);
#245 = LINE('',#246,#247);
#246 = CARTESIAN_POINT('',(1.570796326795,2.));
#247 = VECTOR('',#248,1.);
#248 = DIRECTION('',(-1.,-0.));
#249 = ( GEOMETRIC_REPRESENTATION_CONTEXT(2) 
PARAMETRIC_REPRESENTATION_CONTEXT() REPRESENTATION_CONTEXT('2D SPACE',''
  ) );
#250 = PCURVE('',#251,#256);
#251 = TOROIDAL_SURFACE('',#252,6.,2.);
#252 = AXIS2_PLACEMENT_3D('',#253,#254,#255);
#253 = CARTESIAN_POINT('',(-43.5,-43.5,2.));
#254 = DIRECTION('',(-0.,-0.,-1.));
#255 = DIRECTION('',(0.,-1.,0.));
#256 = DEFINITIONAL_REPRESENTATION('',(#257),#261);
#257 = LINE('',#258,#259);
#258 = CARTESIAN_POINT('',(0.,0.));
#259 = VECTOR('',#260,1.);
#260 = DIRECTION('',(1.,0.));
#261 = ( GEOMETRIC_REPRESENTATION_CONTEXT(2) 
PARAMETRIC_REPRESENTATION_CONTEXT() REPRESENTATION_CONTEXT('2D SPACE',''
  ) );
#262 = ORIENTED_EDGE('',*,*,#263,.T.);
#263 = EDGE_CURVE('',#235,#264,#266,.T.);
#264 = VERTEX_POINT('',#265);
#265 = CARTESIAN_POINT('',(-43.5,-51.5,58.));
#266 = SURFACE_CURVE('',#267,(#271,#278),.PCURVE_S1.);
#267 = LINE('',#268,#269);
#268 = CARTESIAN_POINT('',(-43.5,-51.5,0.));
#269 = VECTOR('',#270,1.);
#270 = DIRECTION('',(0.,0.,1.));
#271 = PCURVE('',#66,#272);
#272 = DEFINITIONAL_REPRESENTATION('',(#273),#277);
#273 = LINE('',#274,#275);
#274 = CARTESIAN_POINT('',(1.570796326795,0.));
#275 = VECTOR('',#276,1.);
#276 = DIRECTION('',(0.,1.));
#277 = ( GEOMETRIC_REPRESENTATION_CONTEXT(2) 
PARAMETRIC_REPRESENTATION_CONTEXT() REPRESENTATION_CONTEXT('2D SPACE',''
  ) );
#278 = PCURVE('',#279,#284);
#279 = PLANE('',#280);
#280 = AXIS2_PLACEMENT_3D('',#281,#282,#283);
#281 = CARTESIAN_POINT('',(-51.5,-51.5,0.));
#282 = DIRECTION('',(0.,1.,0.));
#283 = DIRECTION('',(0.,0.,1.));
#284 = DEFINITIONAL_REPRESENTATION('',(#285),#289);
#285 = LINE('',#286,#287);
#286 = CARTESIAN_POINT('',(0.,8.));
#287 = VECTOR('',#288,1.);
#288 = DIRECTION('',(1.,0.));
#289 = ( GEOMETRIC_REPRESENTATION_CONTEXT(2) 
PARAMETRIC_REPRESENTATION_CONTEXT() REPRESENTATION_CONTEXT('2D SPACE',''
  ) );
#290 = ORIENTED_EDGE('',*,*,#291,.F.);
#291 = EDGE_CURVE('',#46,#264,#292,.T.);
#292 = SURFACE_CURVE('',#293,(#298,#305),.PCURVE_S1.);
#293 = CIRCLE('',#294,8.);
#294 = AXIS2_PLACEMENT_3D('',#295,#296,#297);
#295 = CARTESIAN_POINT('',(-43.5,-43.5,58.));
#296 = DIRECTION('',(0.,0.,1.));
#297 = DIRECTION('',(0.,-1.,0.));
#298 = PCURVE('',#66,#299);
#299 = DEFINITIONAL_REPRESENTATION('',(#300),#304);
#300 = LINE('',#301,#302);
#301 = CARTESIAN_POINT('',(-4.712388980385,58.));
#302 = VECTOR('',#303,1.);
#303 = DIRECTION('',(1.,0.));
#304 = ( GEOMETRIC_REPRESENTATION_CONTEXT(2) 
PARAMETRIC_REPRESENTATION_CONTEXT() REPRESENTATION_CONTEXT('2D SPACE',''
  ) );
#305 = PCURVE('',#148,#306);
#306 = DEFINITIONAL_REPRESENTATION('',(#307),#311);
#307 = CIRCLE('',#308,8.);
#308 = AXIS2_PLACEMENT_2D('',#309,#310);
#309 = CARTESIAN_POINT('',(8.,8.));
#310 = DIRECTION('',(0.,-1.));
#311 = ( GEOMETRIC_REPRESENTATION_CONTEXT(2) 
PARAMETRIC_REPRESENTATION_CONTEXT() REPRESENTATION_CONTEXT('2D SPACE',''
  ) );
#312 = ADVANCED_FACE('',(#313),#94,.T.);
#313 = FACE_BOUND('',#314,.F.);
#314 = EDGE_LOOP('',(#315,#337,#365,#390));
#315 = ORIENTED_EDGE('',*,*,#316,.T.);
#316 = EDGE_CURVE('',#44,#317,#319,.T.);
#317 = VERTEX_POINT('',#318);
#318 = CARTESIAN_POINT('',(-49.5,-43.5,-4.440892098501E-16));
#319 = SURFACE_CURVE('',#320,(#325,#331),.PCURVE_S1.);
#320 = CIRCLE('',#321,2.);
#321 = AXIS2_PLACEMENT_3D('',#322,#323,#324);
#322 = CARTESIAN_POINT('',(-49.5,-43.5,2.));
#323 = DIRECTION('',(-0.,-1.,-0.));
#324 = DIRECTION('',(-1.,0.,0.));
#325 = PCURVE('',#94,#326);
#326 = DEFINITIONAL_REPRESENTATION('',(#327),#330);
#327 = B_SPLINE_CURVE_WITH_KNOTS('',1,(#328,#329),.UNSPECIFIED.,.F.,.F.,
  (2,2),(0.,1.570796326795),.PIECEWISE_BEZIER_KNOTS.);
#328 = CARTESIAN_POINT('',(0.,0.));
#329 = CARTESIAN_POINT('',(-1.570796326795,0.));
#330 = ( GEOMETRIC_REPRESENTATION_CONTEXT(2) 
PARAMETRIC_REPRESENTATION_CONTEXT() REPRESENTATION_CONTEXT('2D SPACE',''
  ) );
#331 = PCURVE('',#251,#332);
#332 = DEFINITIONAL_REPRESENTATION('',(#333),#336);
#333 = B_SPLINE_CURVE_WITH_KNOTS('',1,(#334,#335),.UNSPECIFIED.,.F.,.F.,
  (2,2),(0.,1.570796326795),.PIECEWISE_BEZIER_KNOTS.);
#334 = CARTESIAN_POINT('',(1.570796326795,0.));
#335 = CARTESIAN_POINT('',(1.570796326795,1.570796326795));
#336 = ( GEOMETRIC_REPRESENTATION_CONTEXT(2) 
PARAMETRIC_REPRESENTATION_CONTEXT() REPRESENTATION_CONTEXT('2D SPACE',''
  ) );
#337 = ORIENTED_EDGE('',*,*,#338,.T.);
#338 = EDGE_CURVE('',#317,#339,#341,.T.);
#339 = VERTEX_POINT('',#340);
#340 = CARTESIAN_POINT('',(-49.5,43.5,-4.440892098501E-16));
#341 = SURFACE_CURVE('',#342,(#346,#353),.PCURVE_S1.);
#342 = LINE('',#343,#344);
#343 = CARTESIAN_POINT('',(-49.5,-43.5,-4.440892098501E-16));
#344 = VECTOR('',#345,1.);
#345 = DIRECTION('',(0.,1.,0.));
#346 = PCURVE('',#94,#347);
#347 = DEFINITIONAL_REPRESENTATION('',(#348),#352);
#348 = LINE('',#349,#350);
#349 = CARTESIAN_POINT('',(-1.570796326795,0.));
#350 = VECTOR('',#351,1.);
#351 = DIRECTION('',(-0.,1.));
#352 = ( GEOMETRIC_REPRESENTATION_CONTEXT(2) 
PARAMETRIC_REPRESENTATION_CONTEXT() REPRESENTATION_CONTEXT('2D SPACE',''
  ) );
#353 = PCURVE('',#354,#359);
#354 = PLANE('',#355);
#355 = AXIS2_PLACEMENT_3D('',#356,#357,#358);
#356 = CARTESIAN_POINT('',(-51.5,-51.5,0.));
#357 = DIRECTION('',(0.,0.,1.));
#358 = DIRECTION('',(1.,0.,0.));
#359 = DEFINITIONAL_REPRESENTATION('',(#360),#364);
#360 = LINE('',#361,#362);
#361 = CARTESIAN_POINT('',(2.,8.));
#362 = VECTOR('',#363,1.);
#363 = DIRECTION('',(0.,1.));
#364 = ( GEOMETRIC_REPRESENTATION_CONTEXT(2) 
PARAMETRIC_REPRESENTATION_CONTEXT() REPRESENTATION_CONTEXT('2D SPACE',''
  ) );
#365 = ORIENTED_EDGE('',*,*,#366,.F.);
#366 = EDGE_CURVE('',#79,#339,#367,.T.);
#367 = SURFACE_CURVE('',#368,(#373,#379),.PCURVE_S1.);
#368 = CIRCLE('',#369,2.);
#369 = AXIS2_PLACEMENT_3D('',#370,#371,#372);
#370 = CARTESIAN_POINT('',(-49.5,43.5,2.));
#371 = DIRECTION('',(-0.,-1.,-0.));
#372 = DIRECTION('',(-1.,0.,0.));
#373 = PCURVE('',#94,#374);
#374 = DEFINITIONAL_REPRESENTATION('',(#375),#378);
#375 = B_SPLINE_CURVE_WITH_KNOTS('',1,(#376,#377),.UNSPECIFIED.,.F.,.F.,
  (2,2),(0.,1.570796326795),.PIECEWISE_BEZIER_KNOTS.);
#376 = CARTESIAN_POINT('',(0.,87.));
#377 = CARTESIAN_POINT('',(-1.570796326795,87.));
#378 = ( GEOMETRIC_REPRESENTATION_CONTEXT(2) 
PARAMETRIC_REPRESENTATION_CONTEXT() REPRESENTATION_CONTEXT('2D SPACE',''
  ) );
#379 = PCURVE('',#380,#385);
#380 = TOROIDAL_SURFACE('',#381,6.,2.);
#381 = AXIS2_PLACEMENT_3D('',#382,#383,#384);
#382 = CARTESIAN_POINT('',(-43.5,43.5,2.));
#383 = DIRECTION('',(-0.,-0.,-1.));
#384 = DIRECTION('',(-1.,0.,0.));
#385 = DEFINITIONAL_REPRESENTATION('',(#386),#389);
#386 = B_SPLINE_CURVE_WITH_KNOTS('',1,(#387,#388),.UNSPECIFIED.,.F.,.F.,
  (2,2),(0.,1.570796326795),.PIECEWISE_BEZIER_KNOTS.);
#387 = CARTESIAN_POINT('',(0.,0.));
#388 = CARTESIAN_POINT('',(0.,1.570796326795));
#389 = ( GEOMETRIC_REPRESENTATION_CONTEXT(2) 
PARAMETRIC_REPRESENTATION_CONTEXT() REPRESENTATION_CONTEXT('2D SPACE',''
  ) );
#390 = ORIENTED_EDGE('',*,*,#78,.F.);
#391 = ADVANCED_FACE('',(#392,#563),#148,.T.);
#392 = FACE_BOUND('',#393,.T.);
#393 = EDGE_LOOP('',(#394,#395,#396,#419,#452,#480,#509,#537));
#394 = ORIENTED_EDGE('',*,*,#134,.F.);
#395 = ORIENTED_EDGE('',*,*,#291,.T.);
#396 = ORIENTED_EDGE('',*,*,#397,.T.);
#397 = EDGE_CURVE('',#264,#398,#400,.T.);
#398 = VERTEX_POINT('',#399);
#399 = CARTESIAN_POINT('',(43.5,-51.5,58.));
#400 = SURFACE_CURVE('',#401,(#405,#412),.PCURVE_S1.);
#401 = LINE('',#402,#403);
#402 = CARTESIAN_POINT('',(-51.5,-51.5,58.));
#403 = VECTOR('',#404,1.);
#404 = DIRECTION('',(1.,0.,0.));
#405 = PCURVE('',#148,#406);
#406 = DEFINITIONAL_REPRESENTATION('',(#407),#411);
#407 = LINE('',#408,#409);
#408 = CARTESIAN_POINT('',(0.,0.));
#409 = VECTOR('',#410,1.);
#410 = DIRECTION('',(1.,0.));
#411 = ( GEOMETRIC_REPRESENTATION_CONTEXT(2) 
PARAMETRIC_REPRESENTATION_CONTEXT() REPRESENTATION_CONTEXT('2D SPACE',''
  ) );
#412 = PCURVE('',#279,#413);
#413 = DEFINITIONAL_REPRESENTATION('',(#414),#418);
#414 = LINE('',#415,#416);
#415 = CARTESIAN_POINT('',(58.,0.));
#416 = VECTOR('',#417,1.);
#417 = DIRECTION('',(0.,1.));
#418 = ( GEOMETRIC_REPRESENTATION_CONTEXT(2) 
PARAMETRIC_REPRESENTATION_CONTEXT() REPRESENTATION_CONTEXT('2D SPACE',''
  ) );
#419 = ORIENTED_EDGE('',*,*,#420,.F.);
#420 = EDGE_CURVE('',#421,#398,#423,.T.);
#421 = VERTEX_POINT('',#422);
#422 = CARTESIAN_POINT('',(51.5,-43.5,58.));
#423 = SURFACE_CURVE('',#424,(#429,#440),.PCURVE_S1.);
#424 = CIRCLE('',#425,8.);
#425 = AXIS2_PLACEMENT_3D('',#426,#427,#428);
#426 = CARTESIAN_POINT('',(43.5,-43.5,58.));
#427 = DIRECTION('',(-0.,-0.,-1.));
#428 = DIRECTION('',(0.,-1.,0.));
#429 = PCURVE('',#148,#430);
#430 = DEFINITIONAL_REPRESENTATION('',(#431),#439);
#431 = ( BOUNDED_CURVE() B_SPLINE_CURVE(2,(#432,#433,#434,#435,#436,#437
,#438),.UNSPECIFIED.,.T.,.F.) B_SPLINE_CURVE_WITH_KNOTS((1,2,2,2,2,1),(
    -2.094395102393,0.,2.094395102393,4.188790204786,6.28318530718,
8.377580409573),.UNSPECIFIED.) CURVE() GEOMETRIC_REPRESENTATION_ITEM() 
RATIONAL_B_SPLINE_CURVE((1.,0.5,1.,0.5,1.,0.5,1.)) REPRESENTATION_ITEM(
  '') );
#432 = CARTESIAN_POINT('',(95.,0.));
#433 = CARTESIAN_POINT('',(81.143593539449,0.));
#434 = CARTESIAN_POINT('',(88.071796769724,12.));
#435 = CARTESIAN_POINT('',(95.,24.));
#436 = CARTESIAN_POINT('',(101.92820323027,12.));
#437 = CARTESIAN_POINT('',(108.85640646055,1.24344978758E-14));
#438 = CARTESIAN_POINT('',(95.,0.));
#439 = ( GEOMETRIC_REPRESENTATION_CONTEXT(2) 
PARAMETRIC_REPRESENTATION_CONTEXT() REPRESENTATION_CONTEXT('2D SPACE',''
  ) );
#440 = PCURVE('',#441,#446);
#441 = CYLINDRICAL_SURFACE('',#442,8.);
#442 = AXIS2_PLACEMENT_3D('',#443,#444,#445);
#443 = CARTESIAN_POINT('',(43.5,-43.5,0.));
#444 = DIRECTION('',(0.,0.,1.));
#445 = DIRECTION('',(1.,0.,-0.));
#446 = DEFINITIONAL_REPRESENTATION('',(#447),#451);
#447 = LINE('',#448,#449);
#448 = CARTESIAN_POINT('',(4.712388980385,58.));
#449 = VECTOR('',#450,1.);
#450 = DIRECTION('',(-1.,0.));
#451 = ( GEOMETRIC_REPRESENTATION_CONTEXT(2) 
PARAMETRIC_REPRESENTATION_CONTEXT() REPRESENTATION_CONTEXT('2D SPACE',''
  ) );
#452 = ORIENTED_EDGE('',*,*,#453,.T.);
#453 = EDGE_CURVE('',#421,#454,#456,.T.);
#454 = VERTEX_POINT('',#455);
#455 = CARTESIAN_POINT('',(51.5,43.5,58.));
#456 = SURFACE_CURVE('',#457,(#461,#468),.PCURVE_S1.);
#457 = LINE('',#458,#459);
#458 = CARTESIAN_POINT('',(51.5,-51.5,58.));
#459 = VECTOR('',#460,1.);
#460 = DIRECTION('',(0.,1.,0.));
#461 = PCURVE('',#148,#462);
#462 = DEFINITIONAL_REPRESENTATION('',(#463),#467);
#463 = LINE('',#464,#465);
#464 = CARTESIAN_POINT('',(103.,0.));
#465 = VECTOR('',#466,1.);
#466 = DIRECTION('',(0.,1.));
#467 = ( GEOMETRIC_REPRESENTATION_CONTEXT(2) 
PARAMETRIC_REPRESENTATION_CONTEXT() REPRESENTATION_CONTEXT('2D SPACE',''
  ) );
#468 = PCURVE('',#469,#474);
#469 = PLANE('',#470);
#470 = AXIS2_PLACEMENT_3D('',#471,#472,#473);
#471 = CARTESIAN_POINT('',(51.5,-51.5,0.));
#472 = DIRECTION('',(1.,0.,0.));
#473 = DIRECTION('',(0.,0.,1.));
#474 = DEFINITIONAL_REPRESENTATION('',(#475),#479);
#475 = LINE('',#476,#477);
#476 = CARTESIAN_POINT('',(58.,0.));
#477 = VECTOR('',#478,1.);
#478 = DIRECTION('',(0.,-1.));
#479 = ( GEOMETRIC_REPRESENTATION_CONTEXT(2) 
PARAMETRIC_REPRESENTATION_CONTEXT() REPRESENTATION_CONTEXT('2D SPACE',''
  ) );
#480 = ORIENTED_EDGE('',*,*,#481,.T.);
#481 = EDGE_CURVE('',#454,#482,#484,.T.);
#482 = VERTEX_POINT('',#483);
#483 = CARTESIAN_POINT('',(43.5,51.5,58.));
#484 = SURFACE_CURVE('',#485,(#490,#497),.PCURVE_S1.);
#485 = CIRCLE('',#486,8.);
#486 = AXIS2_PLACEMENT_3D('',#487,#488,#489);
#487 = CARTESIAN_POINT('',(43.5,43.5,58.));
#488 = DIRECTION('',(0.,0.,1.));
#489 = DIRECTION('',(0.,-1.,0.));
#490 = PCURVE('',#148,#491);
#491 = DEFINITIONAL_REPRESENTATION('',(#492),#496);
#492 = CIRCLE('',#493,8.);
#493 = AXIS2_PLACEMENT_2D('',#494,#495);
#494 = CARTESIAN_POINT('',(95.,95.));
#495 = DIRECTION('',(0.,-1.));
#496 = ( GEOMETRIC_REPRESENTATION_CONTEXT(2) 
PARAMETRIC_REPRESENTATION_CONTEXT() REPRESENTATION_CONTEXT('2D SPACE',''
  ) );
#497 = PCURVE('',#498,#503);
#498 = CYLINDRICAL_SURFACE('',#499,8.);
#499 = AXIS2_PLACEMENT_3D('',#500,#501,#502);
#500 = CARTESIAN_POINT('',(43.5,43.5,0.));
#501 = DIRECTION('',(0.,0.,1.));
#502 = DIRECTION('',(1.,0.,-0.));
#503 = DEFINITIONAL_REPRESENTATION('',(#504),#508);
#504 = LINE('',#505,#506);
#505 = CARTESIAN_POINT('',(-1.570796326795,58.));
#506 = VECTOR('',#507,1.);
#507 = DIRECTION('',(1.,0.));
#508 = ( GEOMETRIC_REPRESENTATION_CONTEXT(2) 
PARAMETRIC_REPRESENTATION_CONTEXT() REPRESENTATION_CONTEXT('2D SPACE',''
  ) );
#509 = ORIENTED_EDGE('',*,*,#510,.F.);
#510 = EDGE_CURVE('',#511,#482,#513,.T.);
#511 = VERTEX_POINT('',#512);
#512 = CARTESIAN_POINT('',(-43.5,51.5,58.));
#513 = SURFACE_CURVE('',#514,(#518,#525),.PCURVE_S1.);
#514 = LINE('',#515,#516);
#515 = CARTESIAN_POINT('',(-51.5,51.5,58.));
#516 = VECTOR('',#517,1.);
#517 = DIRECTION('',(1.,0.,0.));
#518 = PCURVE('',#148,#519);
#519 = DEFINITIONAL_REPRESENTATION('',(#520),#524);
#520 = LINE('',#521,#522);
#521 = CARTESIAN_POINT('',(0.,103.));
#522 = VECTOR('',#523,1.);
#523 = DIRECTION('',(1.,0.));
#524 = ( GEOMETRIC_REPRESENTATION_CONTEXT(2) 
PARAMETRIC_REPRESENTATION_CONTEXT() REPRESENTATION_CONTEXT('2D SPACE',''
  ) );
#525 = PCURVE('',#526,#531);
#526 = PLANE('',#527);
#527 = AXIS2_PLACEMENT_3D('',#528,#529,#530);
#528 = CARTESIAN_POINT('',(-51.5,51.5,0.));
#529 = DIRECTION('',(0.,1.,0.));
#530 = DIRECTION('',(0.,0.,1.));
#531 = DEFINITIONAL_REPRESENTATION('',(#532),#536);
#532 = LINE('',#533,#534);
#533 = CARTESIAN_POINT('',(58.,0.));
#534 = VECTOR('',#535,1.);
#535 = DIRECTION('',(0.,1.));
#536 = ( GEOMETRIC_REPRESENTATION_CONTEXT(2) 
PARAMETRIC_REPRESENTATION_CONTEXT() REPRESENTATION_CONTEXT('2D SPACE',''
  ) );
#537 = ORIENTED_EDGE('',*,*,#538,.F.);
#538 = EDGE_CURVE('',#107,#511,#539,.T.);
#539 = SURFACE_CURVE('',#540,(#545,#556),.PCURVE_S1.);
#540 = CIRCLE('',#541,8.);
#541 = AXIS2_PLACEMENT_3D('',#542,#543,#544);
#542 = CARTESIAN_POINT('',(-43.5,43.5,58.));
#543 = DIRECTION('',(-0.,-0.,-1.));
#544 = DIRECTION('',(0.,-1.,0.));
#545 = PCURVE('',#148,#546);
#546 = DEFINITIONAL_REPRESENTATION('',(#547),#555);
#547 = ( BOUNDED_CURVE() B_SPLINE_CURVE(2,(#548,#549,#550,#551,#552,#553
,#554),.UNSPECIFIED.,.T.,.F.) B_SPLINE_CURVE_WITH_KNOTS((1,2,2,2,2,1),(
    -2.094395102393,0.,2.094395102393,4.188790204786,6.28318530718,
8.377580409573),.UNSPECIFIED.) CURVE() GEOMETRIC_REPRESENTATION_ITEM() 
RATIONAL_B_SPLINE_CURVE((1.,0.5,1.,0.5,1.,0.5,1.)) REPRESENTATION_ITEM(
  '') );
#548 = CARTESIAN_POINT('',(8.,87.));
#549 = CARTESIAN_POINT('',(-5.856406460551,87.));
#550 = CARTESIAN_POINT('',(1.071796769724,99.));
#551 = CARTESIAN_POINT('',(8.,111.));
#552 = CARTESIAN_POINT('',(14.928203230276,99.));
#553 = CARTESIAN_POINT('',(21.856406460551,87.));
#554 = CARTESIAN_POINT('',(8.,87.));
#555 = ( GEOMETRIC_REPRESENTATION_CONTEXT(2) 
PARAMETRIC_REPRESENTATION_CONTEXT() REPRESENTATION_CONTEXT('2D SPACE',''
  ) );
#556 = PCURVE('',#122,#557);
#557 = DEFINITIONAL_REPRESENTATION('',(#558),#562);
#558 = LINE('',#559,#560);
#559 = CARTESIAN_POINT('',(1.570796326795,58.));
#560 = VECTOR('',#561,1.);
#561 = DIRECTION('',(-1.,0.));
#562 = ( GEOMETRIC_REPRESENTATION_CONTEXT(2) 
PARAMETRIC_REPRESENTATION_CONTEXT() REPRESENTATION_CONTEXT('2D SPACE',''
  ) );
#563 = FACE_BOUND('',#564,.T.);
#564 = EDGE_LOOP('',(#565,#596,#624,#657,#685,#714,#742,#775));
#565 = ORIENTED_EDGE('',*,*,#566,.F.);
#566 = EDGE_CURVE('',#567,#569,#571,.T.);
#567 = VERTEX_POINT('',#568);
#568 = CARTESIAN_POINT('',(-48.5,-43.5,58.));
#569 = VERTEX_POINT('',#570);
#570 = CARTESIAN_POINT('',(-43.5,-48.5,58.));
#571 = SURFACE_CURVE('',#572,(#577,#584),.PCURVE_S1.);
#572 = CIRCLE('',#573,5.);
#573 = AXIS2_PLACEMENT_3D('',#574,#575,#576);
#574 = CARTESIAN_POINT('',(-43.5,-43.5,58.));
#575 = DIRECTION('',(0.,0.,1.));
#576 = DIRECTION('',(0.,-1.,0.));
#577 = PCURVE('',#148,#578);
#578 = DEFINITIONAL_REPRESENTATION('',(#579),#583);
#579 = CIRCLE('',#580,5.);
#580 = AXIS2_PLACEMENT_2D('',#581,#582);
#581 = CARTESIAN_POINT('',(8.,8.));
#582 = DIRECTION('',(0.,-1.));
#583 = ( GEOMETRIC_REPRESENTATION_CONTEXT(2) 
PARAMETRIC_REPRESENTATION_CONTEXT() REPRESENTATION_CONTEXT('2D SPACE',''
  ) );
#584 = PCURVE('',#585,#590);
#585 = CYLINDRICAL_SURFACE('',#586,5.);
#586 = AXIS2_PLACEMENT_3D('',#587,#588,#589);
#587 = CARTESIAN_POINT('',(-43.5,-43.5,3.));
#588 = DIRECTION('',(0.,0.,1.));
#589 = DIRECTION('',(-1.,-0.,0.));
#590 = DEFINITIONAL_REPRESENTATION('',(#591),#595);
#591 = LINE('',#592,#593);
#592 = CARTESIAN_POINT('',(-4.712388980385,55.));
#593 = VECTOR('',#594,1.);
#594 = DIRECTION('',(1.,0.));
#595 = ( GEOMETRIC_REPRESENTATION_CONTEXT(2) 
PARAMETRIC_REPRESENTATION_CONTEXT() REPRESENTATION_CONTEXT('2D SPACE',''
  ) );
#596 = ORIENTED_EDGE('',*,*,#597,.T.);
#597 = EDGE_CURVE('',#567,#598,#600,.T.);
#598 = VERTEX_POINT('',#599);
#599 = CARTESIAN_POINT('',(-48.5,43.5,58.));
#600 = SURFACE_CURVE('',#601,(#605,#612),.PCURVE_S1.);
#601 = LINE('',#602,#603);
#602 = CARTESIAN_POINT('',(-48.5,-48.5,58.));
#603 = VECTOR('',#604,1.);
#604 = DIRECTION('',(0.,1.,0.));
#605 = PCURVE('',#148,#606);
#606 = DEFINITIONAL_REPRESENTATION('',(#607),#611);
#607 = LINE('',#608,#609);
#608 = CARTESIAN_POINT('',(3.,3.));
#609 = VECTOR('',#610,1.);
#610 = DIRECTION('',(0.,1.));
#611 = ( GEOMETRIC_REPRESENTATION_CONTEXT(2) 
PARAMETRIC_REPRESENTATION_CONTEXT() REPRESENTATION_CONTEXT('2D SPACE',''
  ) );
#612 = PCURVE('',#613,#618);
#613 = PLANE('',#614);
#614 = AXIS2_PLACEMENT_3D('',#615,#616,#617);
#615 = CARTESIAN_POINT('',(-48.5,-48.5,3.));
#616 = DIRECTION('',(1.,0.,0.));
#617 = DIRECTION('',(0.,0.,1.));
#618 = DEFINITIONAL_REPRESENTATION('',(#619),#623);
#619 = LINE('',#620,#621);
#620 = CARTESIAN_POINT('',(55.,0.));
#621 = VECTOR('',#622,1.);
#622 = DIRECTION('',(0.,-1.));
#623 = ( GEOMETRIC_REPRESENTATION_CONTEXT(2) 
PARAMETRIC_REPRESENTATION_CONTEXT() REPRESENTATION_CONTEXT('2D SPACE',''
  ) );
#624 = ORIENTED_EDGE('',*,*,#625,.T.);
#625 = EDGE_CURVE('',#598,#626,#628,.T.);
#626 = VERTEX_POINT('',#627);
#627 = CARTESIAN_POINT('',(-43.5,48.5,58.));
#628 = SURFACE_CURVE('',#629,(#634,#645),.PCURVE_S1.);
#629 = CIRCLE('',#630,5.);
#630 = AXIS2_PLACEMENT_3D('',#631,#632,#633);
#631 = CARTESIAN_POINT('',(-43.5,43.5,58.));
#632 = DIRECTION('',(-0.,-0.,-1.));
#633 = DIRECTION('',(0.,-1.,0.));
#634 = PCURVE('',#148,#635);
#635 = DEFINITIONAL_REPRESENTATION('',(#636),#644);
#636 = ( BOUNDED_CURVE() B_SPLINE_CURVE(2,(#637,#638,#639,#640,#641,#642
,#643),.UNSPECIFIED.,.T.,.F.) B_SPLINE_CURVE_WITH_KNOTS((1,2,2,2,2,1),(
    -2.094395102393,0.,2.094395102393,4.188790204786,6.28318530718,
8.377580409573),.UNSPECIFIED.) CURVE() GEOMETRIC_REPRESENTATION_ITEM() 
RATIONAL_B_SPLINE_CURVE((1.,0.5,1.,0.5,1.,0.5,1.)) REPRESENTATION_ITEM(
  '') );
#637 = CARTESIAN_POINT('',(8.,90.));
#638 = CARTESIAN_POINT('',(-0.660254037844,90.));
#639 = CARTESIAN_POINT('',(3.669872981078,97.5));
#640 = CARTESIAN_POINT('',(8.,105.));
#641 = CARTESIAN_POINT('',(12.330127018922,97.5));
#642 = CARTESIAN_POINT('',(16.660254037844,90.));
#643 = CARTESIAN_POINT('',(8.,90.));
#644 = ( GEOMETRIC_REPRESENTATION_CONTEXT(2) 
PARAMETRIC_REPRESENTATION_CONTEXT() REPRESENTATION_CONTEXT('2D SPACE',''
  ) );
#645 = PCURVE('',#646,#651);
#646 = CYLINDRICAL_SURFACE('',#647,5.);
#647 = AXIS2_PLACEMENT_3D('',#648,#649,#650);
#648 = CARTESIAN_POINT('',(-43.5,43.5,3.));
#649 = DIRECTION('',(0.,0.,1.));
#650 = DIRECTION('',(-1.,-0.,0.));
#651 = DEFINITIONAL_REPRESENTATION('',(#652),#656);
#652 = LINE('',#653,#654);
#653 = CARTESIAN_POINT('',(1.570796326795,55.));
#654 = VECTOR('',#655,1.);
#655 = DIRECTION('',(-1.,0.));
#656 = ( GEOMETRIC_REPRESENTATION_CONTEXT(2) 
PARAMETRIC_REPRESENTATION_CONTEXT() REPRESENTATION_CONTEXT('2D SPACE',''
  ) );
#657 = ORIENTED_EDGE('',*,*,#658,.T.);
#658 = EDGE_CURVE('',#626,#659,#661,.T.);
#659 = VERTEX_POINT('',#660);
#660 = CARTESIAN_POINT('',(43.5,48.5,58.));
#661 = SURFACE_CURVE('',#662,(#666,#673),.PCURVE_S1.);
#662 = LINE('',#663,#664);
#663 = CARTESIAN_POINT('',(-48.5,48.5,58.));
#664 = VECTOR('',#665,1.);
#665 = DIRECTION('',(1.,0.,0.));
#666 = PCURVE('',#148,#667);
#667 = DEFINITIONAL_REPRESENTATION('',(#668),#672);
#668 = LINE('',#669,#670);
#669 = CARTESIAN_POINT('',(3.,100.));
#670 = VECTOR('',#671,1.);
#671 = DIRECTION('',(1.,0.));
#672 = ( GEOMETRIC_REPRESENTATION_CONTEXT(2) 
PARAMETRIC_REPRESENTATION_CONTEXT() REPRESENTATION_CONTEXT('2D SPACE',''
  ) );
#673 = PCURVE('',#674,#679);
#674 = PLANE('',#675);
#675 = AXIS2_PLACEMENT_3D('',#676,#677,#678);
#676 = CARTESIAN_POINT('',(-48.5,48.5,3.));
#677 = DIRECTION('',(0.,1.,0.));
#678 = DIRECTION('',(0.,0.,1.));
#679 = DEFINITIONAL_REPRESENTATION('',(#680),#684);
#680 = LINE('',#681,#682);
#681 = CARTESIAN_POINT('',(55.,0.));
#682 = VECTOR('',#683,1.);
#683 = DIRECTION('',(0.,1.));
#684 = ( GEOMETRIC_REPRESENTATION_CONTEXT(2) 
PARAMETRIC_REPRESENTATION_CONTEXT() REPRESENTATION_CONTEXT('2D SPACE',''
  ) );
#685 = ORIENTED_EDGE('',*,*,#686,.F.);
#686 = EDGE_CURVE('',#687,#659,#689,.T.);
#687 = VERTEX_POINT('',#688);
#688 = CARTESIAN_POINT('',(48.5,43.5,58.));
#689 = SURFACE_CURVE('',#690,(#695,#702),.PCURVE_S1.);
#690 = CIRCLE('',#691,5.);
#691 = AXIS2_PLACEMENT_3D('',#692,#693,#694);
#692 = CARTESIAN_POINT('',(43.5,43.5,58.));
#693 = DIRECTION('',(0.,0.,1.));
#694 = DIRECTION('',(0.,-1.,0.));
#695 = PCURVE('',#148,#696);
#696 = DEFINITIONAL_REPRESENTATION('',(#697),#701);
#697 = CIRCLE('',#698,5.);
#698 = AXIS2_PLACEMENT_2D('',#699,#700);
#699 = CARTESIAN_POINT('',(95.,95.));
#700 = DIRECTION('',(0.,-1.));
#701 = ( GEOMETRIC_REPRESENTATION_CONTEXT(2) 
PARAMETRIC_REPRESENTATION_CONTEXT() REPRESENTATION_CONTEXT('2D SPACE',''
  ) );
#702 = PCURVE('',#703,#708);
#703 = CYLINDRICAL_SURFACE('',#704,5.);
#704 = AXIS2_PLACEMENT_3D('',#705,#706,#707);
#705 = CARTESIAN_POINT('',(43.5,43.5,3.));
#706 = DIRECTION('',(0.,0.,1.));
#707 = DIRECTION('',(1.,0.,-0.));
#708 = DEFINITIONAL_REPRESENTATION('',(#709),#713);
#709 = LINE('',#710,#711);
#710 = CARTESIAN_POINT('',(-1.570796326795,55.));
#711 = VECTOR('',#712,1.);
#712 = DIRECTION('',(1.,0.));
#713 = ( GEOMETRIC_REPRESENTATION_CONTEXT(2) 
PARAMETRIC_REPRESENTATION_CONTEXT() REPRESENTATION_CONTEXT('2D SPACE',''
  ) );
#714 = ORIENTED_EDGE('',*,*,#715,.F.);
#715 = EDGE_CURVE('',#716,#687,#718,.T.);
#716 = VERTEX_POINT('',#717);
#717 = CARTESIAN_POINT('',(48.5,-43.5,58.));
#718 = SURFACE_CURVE('',#719,(#723,#730),.PCURVE_S1.);
#719 = LINE('',#720,#721);
#720 = CARTESIAN_POINT('',(48.5,-48.5,58.));
#721 = VECTOR('',#722,1.);
#722 = DIRECTION('',(0.,1.,0.));
#723 = PCURVE('',#148,#724);
#724 = DEFINITIONAL_REPRESENTATION('',(#725),#729);
#725 = LINE('',#726,#727);
#726 = CARTESIAN_POINT('',(100.,3.));
#727 = VECTOR('',#728,1.);
#728 = DIRECTION('',(0.,1.));
#729 = ( GEOMETRIC_REPRESENTATION_CONTEXT(2) 
PARAMETRIC_REPRESENTATION_CONTEXT() REPRESENTATION_CONTEXT('2D SPACE',''
  ) );
#730 = PCURVE('',#731,#736);
#731 = PLANE('',#732);
#732 = AXIS2_PLACEMENT_3D('',#733,#734,#735);
#733 = CARTESIAN_POINT('',(48.5,-48.5,3.));
#734 = DIRECTION('',(1.,0.,0.));
#735 = DIRECTION('',(0.,0.,1.));
#736 = DEFINITIONAL_REPRESENTATION('',(#737),#741);
#737 = LINE('',#738,#739);
#738 = CARTESIAN_POINT('',(55.,0.));
#739 = VECTOR('',#740,1.);
#740 = DIRECTION('',(0.,-1.));
#741 = ( GEOMETRIC_REPRESENTATION_CONTEXT(2) 
PARAMETRIC_REPRESENTATION_CONTEXT() REPRESENTATION_CONTEXT('2D SPACE',''
  ) );
#742 = ORIENTED_EDGE('',*,*,#743,.T.);
#743 = EDGE_CURVE('',#716,#744,#746,.T.);
#744 = VERTEX_POINT('',#745);
#745 = CARTESIAN_POINT('',(43.5,-48.5,58.));
#746 = SURFACE_CURVE('',#747,(#752,#763),.PCURVE_S1.);
#747 = CIRCLE('',#748,5.);
#748 = AXIS2_PLACEMENT_3D('',#749,#750,#751);
#749 = CARTESIAN_POINT('',(43.5,-43.5,58.));
#750 = DIRECTION('',(-0.,-0.,-1.));
#751 = DIRECTION('',(0.,-1.,0.));
#752 = PCURVE('',#148,#753);
#753 = DEFINITIONAL_REPRESENTATION('',(#754),#762);
#754 = ( BOUNDED_CURVE() B_SPLINE_CURVE(2,(#755,#756,#757,#758,#759,#760
,#761),.UNSPECIFIED.,.T.,.F.) B_SPLINE_CURVE_WITH_KNOTS((1,2,2,2,2,1),(
    -2.094395102393,0.,2.094395102393,4.188790204786,6.28318530718,
8.377580409573),.UNSPECIFIED.) CURVE() GEOMETRIC_REPRESENTATION_ITEM() 
RATIONAL_B_SPLINE_CURVE((1.,0.5,1.,0.5,1.,0.5,1.)) REPRESENTATION_ITEM(
  '') );
#755 = CARTESIAN_POINT('',(95.,3.));
#756 = CARTESIAN_POINT('',(86.339745962156,3.));
#757 = CARTESIAN_POINT('',(90.669872981078,10.5));
#758 = CARTESIAN_POINT('',(95.,18.));
#759 = CARTESIAN_POINT('',(99.330127018922,10.5));
#760 = CARTESIAN_POINT('',(103.66025403784,3.));
#761 = CARTESIAN_POINT('',(95.,3.));
#762 = ( GEOMETRIC_REPRESENTATION_CONTEXT(2) 
PARAMETRIC_REPRESENTATION_CONTEXT() REPRESENTATION_CONTEXT('2D SPACE',''
  ) );
#763 = PCURVE('',#764,#769);
#764 = CYLINDRICAL_SURFACE('',#765,5.);
#765 = AXIS2_PLACEMENT_3D('',#766,#767,#768);
#766 = CARTESIAN_POINT('',(43.5,-43.5,3.));
#767 = DIRECTION('',(0.,0.,1.));
#768 = DIRECTION('',(1.,0.,-0.));
#769 = DEFINITIONAL_REPRESENTATION('',(#770),#774);
#770 = LINE('',#771,#772);
#771 = CARTESIAN_POINT('',(4.712388980385,55.));
#772 = VECTOR('',#773,1.);
#773 = DIRECTION('',(-1.,0.));
#774 = ( GEOMETRIC_REPRESENTATION_CONTEXT(2) 
PARAMETRIC_REPRESENTATION_CONTEXT() REPRESENTATION_CONTEXT('2D SPACE',''
  ) );
#775 = ORIENTED_EDGE('',*,*,#776,.F.);
#776 = EDGE_CURVE('',#569,#744,#777,.T.);
#777 = SURFACE_CURVE('',#778,(#782,#789),.PCURVE_S1.);
#778 = LINE('',#779,#780);
#779 = CARTESIAN_POINT('',(-48.5,-48.5,58.));
#780 = VECTOR('',#781,1.);
#781 = DIRECTION('',(1.,0.,0.));
#782 = PCURVE('',#148,#783);
#783 = DEFINITIONAL_REPRESENTATION('',(#784),#788);
#784 = LINE('',#785,#786);
#785 = CARTESIAN_POINT('',(3.,3.));
#786 = VECTOR('',#787,1.);
#787 = DIRECTION('',(1.,0.));
#788 = ( GEOMETRIC_REPRESENTATION_CONTEXT(2) 
PARAMETRIC_REPRESENTATION_CONTEXT() REPRESENTATION_CONTEXT('2D SPACE',''
  ) );
#789 = PCURVE('',#790,#795);
#790 = PLANE('',#791);
#791 = AXIS2_PLACEMENT_3D('',#792,#793,#794);
#792 = CARTESIAN_POINT('',(-48.5,-48.5,3.));
#793 = DIRECTION('',(0.,1.,0.));
#794 = DIRECTION('',(0.,0.,1.));
#795 = DEFINITIONAL_REPRESENTATION('',(#796),#800);
#796 = LINE('',#797,#798);
#797 = CARTESIAN_POINT('',(55.,0.));
#798 = VECTOR('',#799,1.);
#799 = DIRECTION('',(0.,1.));
#800 = ( GEOMETRIC_REPRESENTATION_CONTEXT(2) 
PARAMETRIC_REPRESENTATION_CONTEXT() REPRESENTATION_CONTEXT('2D SPACE',''
  ) );
#801 = ADVANCED_FACE('',(#802),#122,.T.);
#802 = FACE_BOUND('',#803,.F.);
#803 = EDGE_LOOP('',(#804,#805,#829,#850));
#804 = ORIENTED_EDGE('',*,*,#106,.F.);
#805 = ORIENTED_EDGE('',*,*,#806,.T.);
#806 = EDGE_CURVE('',#79,#807,#809,.T.);
#807 = VERTEX_POINT('',#808);
#808 = CARTESIAN_POINT('',(-43.5,51.5,2.));
#809 = SURFACE_CURVE('',#810,(#815,#822),.PCURVE_S1.);
#810 = CIRCLE('',#811,8.);
#811 = AXIS2_PLACEMENT_3D('',#812,#813,#814);
#812 = CARTESIAN_POINT('',(-43.5,43.5,2.));
#813 = DIRECTION('',(-0.,0.,-1.));
#814 = DIRECTION('',(-1.,0.,0.));
#815 = PCURVE('',#122,#816);
#816 = DEFINITIONAL_REPRESENTATION('',(#817),#821);
#817 = LINE('',#818,#819);
#818 = CARTESIAN_POINT('',(-0.,2.));
#819 = VECTOR('',#820,1.);
#820 = DIRECTION('',(-1.,0.));
#821 = ( GEOMETRIC_REPRESENTATION_CONTEXT(2) 
PARAMETRIC_REPRESENTATION_CONTEXT() REPRESENTATION_CONTEXT('2D SPACE',''
  ) );
#822 = PCURVE('',#380,#823);
#823 = DEFINITIONAL_REPRESENTATION('',(#824),#828);
#824 = LINE('',#825,#826);
#825 = CARTESIAN_POINT('',(0.,0.));
#826 = VECTOR('',#827,1.);
#827 = DIRECTION('',(1.,0.));
#828 = ( GEOMETRIC_REPRESENTATION_CONTEXT(2) 
PARAMETRIC_REPRESENTATION_CONTEXT() REPRESENTATION_CONTEXT('2D SPACE',''
  ) );
#829 = ORIENTED_EDGE('',*,*,#830,.T.);
#830 = EDGE_CURVE('',#807,#511,#831,.T.);
#831 = SURFACE_CURVE('',#832,(#836,#843),.PCURVE_S1.);
#832 = LINE('',#833,#834);
#833 = CARTESIAN_POINT('',(-43.5,51.5,0.));
#834 = VECTOR('',#835,1.);
#835 = DIRECTION('',(0.,0.,1.));
#836 = PCURVE('',#122,#837);
#837 = DEFINITIONAL_REPRESENTATION('',(#838),#842);
#838 = LINE('',#839,#840);
#839 = CARTESIAN_POINT('',(-1.570796326795,0.));
#840 = VECTOR('',#841,1.);
#841 = DIRECTION('',(-0.,1.));
#842 = ( GEOMETRIC_REPRESENTATION_CONTEXT(2) 
PARAMETRIC_REPRESENTATION_CONTEXT() REPRESENTATION_CONTEXT('2D SPACE',''
  ) );
#843 = PCURVE('',#526,#844);
#844 = DEFINITIONAL_REPRESENTATION('',(#845),#849);
#845 = LINE('',#846,#847);
#846 = CARTESIAN_POINT('',(0.,8.));
#847 = VECTOR('',#848,1.);
#848 = DIRECTION('',(1.,0.));
#849 = ( GEOMETRIC_REPRESENTATION_CONTEXT(2) 
PARAMETRIC_REPRESENTATION_CONTEXT() REPRESENTATION_CONTEXT('2D SPACE',''
  ) );
#850 = ORIENTED_EDGE('',*,*,#538,.F.);
#851 = ADVANCED_FACE('',(#852),#183,.T.);
#852 = FACE_BOUND('',#853,.F.);
#853 = EDGE_LOOP('',(#854,#877,#904,#905));
#854 = ORIENTED_EDGE('',*,*,#855,.T.);
#855 = EDGE_CURVE('',#163,#856,#858,.T.);
#856 = VERTEX_POINT('',#857);
#857 = CARTESIAN_POINT('',(-53.5,20.,46.5));
#858 = SEAM_CURVE('',#859,(#863,#870),.PCURVE_S1.);
#859 = LINE('',#860,#861);
#860 = CARTESIAN_POINT('',(-51.5,20.,46.5));
#861 = VECTOR('',#862,1.);
#862 = DIRECTION('',(-1.,0.,1.110223024625E-16));
#863 = PCURVE('',#183,#864);
#864 = DEFINITIONAL_REPRESENTATION('',(#865),#869);
#865 = LINE('',#866,#867);
#866 = CARTESIAN_POINT('',(-0.,0.));
#867 = VECTOR('',#868,1.);
#868 = DIRECTION('',(-0.,-1.));
#869 = ( GEOMETRIC_REPRESENTATION_CONTEXT(2) 
PARAMETRIC_REPRESENTATION_CONTEXT() REPRESENTATION_CONTEXT('2D SPACE',''
  ) );
#870 = PCURVE('',#183,#871);
#871 = DEFINITIONAL_REPRESENTATION('',(#872),#876);
#872 = LINE('',#873,#874);
#873 = CARTESIAN_POINT('',(-6.28318530718,0.));
#874 = VECTOR('',#875,1.);
#875 = DIRECTION('',(-0.,-1.));
#876 = ( GEOMETRIC_REPRESENTATION_CONTEXT(2) 
PARAMETRIC_REPRESENTATION_CONTEXT() REPRESENTATION_CONTEXT('2D SPACE',''
  ) );
#877 = ORIENTED_EDGE('',*,*,#878,.T.);
#878 = EDGE_CURVE('',#856,#856,#879,.T.);
#879 = SURFACE_CURVE('',#880,(#885,#892),.PCURVE_S1.);
#880 = CIRCLE('',#881,17.5);
#881 = AXIS2_PLACEMENT_3D('',#882,#883,#884);
#882 = CARTESIAN_POINT('',(-53.5,20.,29.));
#883 = DIRECTION('',(-1.,0.,1.110223024625E-16));
#884 = DIRECTION('',(1.110223024625E-16,0.,1.));
#885 = PCURVE('',#183,#886);
#886 = DEFINITIONAL_REPRESENTATION('',(#887),#891);
#887 = LINE('',#888,#889);
#888 = CARTESIAN_POINT('',(-0.,-2.));
#889 = VECTOR('',#890,1.);
#890 = DIRECTION('',(-1.,0.));
#891 = ( GEOMETRIC_REPRESENTATION_CONTEXT(2) 
PARAMETRIC_REPRESENTATION_CONTEXT() REPRESENTATION_CONTEXT('2D SPACE',''
  ) );
#892 = PCURVE('',#893,#898);
#893 = PLANE('',#894);
#894 = AXIS2_PLACEMENT_3D('',#895,#896,#897);
#895 = CARTESIAN_POINT('',(-53.5,20.,29.));
#896 = DIRECTION('',(-1.,0.,1.110223024625E-16));
#897 = DIRECTION('',(1.110223024625E-16,0.,1.));
#898 = DEFINITIONAL_REPRESENTATION('',(#899),#903);
#899 = CIRCLE('',#900,17.5);
#900 = AXIS2_PLACEMENT_2D('',#901,#902);
#901 = CARTESIAN_POINT('',(0.,0.));
#902 = DIRECTION('',(1.,0.));
#903 = ( GEOMETRIC_REPRESENTATION_CONTEXT(2) 
PARAMETRIC_REPRESENTATION_CONTEXT() REPRESENTATION_CONTEXT('2D SPACE',''
  ) );
#904 = ORIENTED_EDGE('',*,*,#855,.F.);
#905 = ORIENTED_EDGE('',*,*,#162,.F.);
#906 = ADVANCED_FACE('',(#907),#218,.T.);
#907 = FACE_BOUND('',#908,.F.);
#908 = EDGE_LOOP('',(#909,#932,#959,#960));
#909 = ORIENTED_EDGE('',*,*,#910,.T.);
#910 = EDGE_CURVE('',#198,#911,#913,.T.);
#911 = VERTEX_POINT('',#912);
#912 = CARTESIAN_POINT('',(-53.5,-20.,46.5));
#913 = SEAM_CURVE('',#914,(#918,#925),.PCURVE_S1.);
#914 = LINE('',#915,#916);
#915 = CARTESIAN_POINT('',(-51.5,-20.,46.5));
#916 = VECTOR('',#917,1.);
#917 = DIRECTION('',(-1.,0.,1.110223024625E-16));
#918 = PCURVE('',#218,#919);
#919 = DEFINITIONAL_REPRESENTATION('',(#920),#924);
#920 = LINE('',#921,#922);
#921 = CARTESIAN_POINT('',(-0.,0.));
#922 = VECTOR('',#923,1.);
#923 = DIRECTION('',(-0.,-1.));
#924 = ( GEOMETRIC_REPRESENTATION_CONTEXT(2) 
PARAMETRIC_REPRESENTATION_CONTEXT() REPRESENTATION_CONTEXT('2D SPACE',''
  ) );
#925 = PCURVE('',#218,#926);
#926 = DEFINITIONAL_REPRESENTATION('',(#927),#931);
#927 = LINE('',#928,#929);
#928 = CARTESIAN_POINT('',(-6.28318530718,0.));
#929 = VECTOR('',#930,1.);
#930 = DIRECTION('',(-0.,-1.));
#931 = ( GEOMETRIC_REPRESENTATION_CONTEXT(2) 
PARAMETRIC_REPRESENTATION_CONTEXT() REPRESENTATION_CONTEXT('2D SPACE',''
  ) );
#932 = ORIENTED_EDGE('',*,*,#933,.T.);
#933 = EDGE_CURVE('',#911,#911,#934,.T.);
#934 = SURFACE_CURVE('',#935,(#940,#947),.PCURVE_S1.);
#935 = CIRCLE('',#936,17.5);
#936 = AXIS2_PLACEMENT_3D('',#937,#938,#939);
#937 = CARTESIAN_POINT('',(-53.5,-20.,29.));
#938 = DIRECTION('',(-1.,0.,1.110223024625E-16));
#939 = DIRECTION('',(1.110223024625E-16,0.,1.));
#940 = PCURVE('',#218,#941);
#941 = DEFINITIONAL_REPRESENTATION('',(#942),#946);
#942 = LINE('',#943,#944);
#943 = CARTESIAN_POINT('',(-0.,-2.));
#944 = VECTOR('',#945,1.);
#945 = DIRECTION('',(-1.,0.));
#946 = ( GEOMETRIC_REPRESENTATION_CONTEXT(2) 
PARAMETRIC_REPRESENTATION_CONTEXT() REPRESENTATION_CONTEXT('2D SPACE',''
  ) );
#947 = PCURVE('',#948,#953);
#948 = PLANE('',#949);
#949 = AXIS2_PLACEMENT_3D('',#950,#951,#952);
#950 = CARTESIAN_POINT('',(-53.5,-20.,29.));
#951 = DIRECTION('',(-1.,0.,1.110223024625E-16));
#952 = DIRECTION('',(1.110223024625E-16,0.,1.));
#953 = DEFINITIONAL_REPRESENTATION('',(#954),#958);
#954 = CIRCLE('',#955,17.5);
#955 = AXIS2_PLACEMENT_2D('',#956,#957);
#956 = CARTESIAN_POINT('',(0.,0.));
#957 = DIRECTION('',(1.,0.));
#958 = ( GEOMETRIC_REPRESENTATION_CONTEXT(2) 
PARAMETRIC_REPRESENTATION_CONTEXT() REPRESENTATION_CONTEXT('2D SPACE',''
  ) );
#959 = ORIENTED_EDGE('',*,*,#910,.F.);
#960 = ORIENTED_EDGE('',*,*,#197,.F.);
#961 = ADVANCED_FACE('',(#962),#251,.T.);
#962 = FACE_BOUND('',#963,.T.);
#963 = EDGE_LOOP('',(#964,#991,#992,#993));
#964 = ORIENTED_EDGE('',*,*,#965,.F.);
#965 = EDGE_CURVE('',#235,#966,#968,.T.);
#966 = VERTEX_POINT('',#967);
#967 = CARTESIAN_POINT('',(-43.5,-49.5,-4.440892098501E-16));
#968 = SURFACE_CURVE('',#969,(#974,#980),.PCURVE_S1.);
#969 = CIRCLE('',#970,2.);
#970 = AXIS2_PLACEMENT_3D('',#971,#972,#973);
#971 = CARTESIAN_POINT('',(-43.5,-49.5,2.));
#972 = DIRECTION('',(1.,0.,0.));
#973 = DIRECTION('',(0.,-1.,0.));
#974 = PCURVE('',#251,#975);
#975 = DEFINITIONAL_REPRESENTATION('',(#976),#979);
#976 = B_SPLINE_CURVE_WITH_KNOTS('',1,(#977,#978),.UNSPECIFIED.,.F.,.F.,
  (2,2),(0.,1.570796326795),.PIECEWISE_BEZIER_KNOTS.);
#977 = CARTESIAN_POINT('',(0.,0.));
#978 = CARTESIAN_POINT('',(0.,1.570796326795));
#979 = ( GEOMETRIC_REPRESENTATION_CONTEXT(2) 
PARAMETRIC_REPRESENTATION_CONTEXT() REPRESENTATION_CONTEXT('2D SPACE',''
  ) );
#980 = PCURVE('',#981,#986);
#981 = CYLINDRICAL_SURFACE('',#982,2.);
#982 = AXIS2_PLACEMENT_3D('',#983,#984,#985);
#983 = CARTESIAN_POINT('',(43.5,-49.5,2.));
#984 = DIRECTION('',(-1.,-0.,-0.));
#985 = DIRECTION('',(0.,-1.,0.));
#986 = DEFINITIONAL_REPRESENTATION('',(#987),#990);
#987 = B_SPLINE_CURVE_WITH_KNOTS('',1,(#988,#989),.UNSPECIFIED.,.F.,.F.,
  (2,2),(0.,1.570796326795),.PIECEWISE_BEZIER_KNOTS.);
#988 = CARTESIAN_POINT('',(0.,87.));
#989 = CARTESIAN_POINT('',(-1.570796326795,87.));
#990 = ( GEOMETRIC_REPRESENTATION_CONTEXT(2) 
PARAMETRIC_REPRESENTATION_CONTEXT() REPRESENTATION_CONTEXT('2D SPACE',''
  ) );
#991 = ORIENTED_EDGE('',*,*,#234,.T.);
#992 = ORIENTED_EDGE('',*,*,#316,.T.);
#993 = ORIENTED_EDGE('',*,*,#994,.F.);
#994 = EDGE_CURVE('',#966,#317,#995,.T.);
#995 = SURFACE_CURVE('',#996,(#1001,#1008),.PCURVE_S1.);
#996 = CIRCLE('',#997,6.);
#997 = AXIS2_PLACEMENT_3D('',#998,#999,#1000);
#998 = CARTESIAN_POINT('',(-43.5,-43.5,0.));
#999 = DIRECTION('',(-0.,-0.,-1.));
#1000 = DIRECTION('',(0.,-1.,0.));
#1001 = PCURVE('',#251,#1002);
#1002 = DEFINITIONAL_REPRESENTATION('',(#1003),#1007);
#1003 = LINE('',#1004,#1005);
#1004 = CARTESIAN_POINT('',(0.,1.570796326795));
#1005 = VECTOR('',#1006,1.);
#1006 = DIRECTION('',(1.,0.));
#1007 = ( GEOMETRIC_REPRESENTATION_CONTEXT(2) 
PARAMETRIC_REPRESENTATION_CONTEXT() REPRESENTATION_CONTEXT('2D SPACE',''
  ) );
#1008 = PCURVE('',#354,#1009);
#1009 = DEFINITIONAL_REPRESENTATION('',(#1010),#1018);
#1010 = ( BOUNDED_CURVE() B_SPLINE_CURVE(2,(#1011,#1012,#1013,#1014,
#1015,#1016,#1017),.UNSPECIFIED.,.T.,.F.) B_SPLINE_CURVE_WITH_KNOTS((1,2
    ,2,2,2,1),(-2.094395102393,0.,2.094395102393,4.188790204786,
6.28318530718,8.377580409573),.UNSPECIFIED.) CURVE() 
GEOMETRIC_REPRESENTATION_ITEM() RATIONAL_B_SPLINE_CURVE((1.,0.5,1.,0.5,
1.,0.5,1.)) REPRESENTATION_ITEM('') );
#1011 = CARTESIAN_POINT('',(8.,2.));
#1012 = CARTESIAN_POINT('',(-2.392304845413,2.));
#1013 = CARTESIAN_POINT('',(2.803847577293,11.));
#1014 = CARTESIAN_POINT('',(8.,20.));
#1015 = CARTESIAN_POINT('',(13.196152422707,11.));
#1016 = CARTESIAN_POINT('',(18.392304845413,2.));
#1017 = CARTESIAN_POINT('',(8.,2.));
#1018 = ( GEOMETRIC_REPRESENTATION_CONTEXT(2) 
PARAMETRIC_REPRESENTATION_CONTEXT() REPRESENTATION_CONTEXT('2D SPACE',''
  ) );
#1019 = ADVANCED_FACE('',(#1020,#1068,#1103),#279,.F.);
#1020 = FACE_BOUND('',#1021,.F.);
#1021 = EDGE_LOOP('',(#1022,#1023,#1024,#1047));
#1022 = ORIENTED_EDGE('',*,*,#263,.T.);
#1023 = ORIENTED_EDGE('',*,*,#397,.T.);
#1024 = ORIENTED_EDGE('',*,*,#1025,.F.);
#1025 = EDGE_CURVE('',#1026,#398,#1028,.T.);
#1026 = VERTEX_POINT('',#1027);
#1027 = CARTESIAN_POINT('',(43.5,-51.5,2.));
#1028 = SURFACE_CURVE('',#1029,(#1033,#1040),.PCURVE_S1.);
#1029 = LINE('',#1030,#1031);
#1030 = CARTESIAN_POINT('',(43.5,-51.5,0.));
#1031 = VECTOR('',#1032,1.);
#1032 = DIRECTION('',(0.,0.,1.));
#1033 = PCURVE('',#279,#1034);
#1034 = DEFINITIONAL_REPRESENTATION('',(#1035),#1039);
#1035 = LINE('',#1036,#1037);
#1036 = CARTESIAN_POINT('',(0.,95.));
#1037 = VECTOR('',#1038,1.);
#1038 = DIRECTION('',(1.,0.));
#1039 = ( GEOMETRIC_REPRESENTATION_CONTEXT(2) 
PARAMETRIC_REPRESENTATION_CONTEXT() REPRESENTATION_CONTEXT('2D SPACE',''
  ) );
#1040 = PCURVE('',#441,#1041);
#1041 = DEFINITIONAL_REPRESENTATION('',(#1042),#1046);
#1042 = LINE('',#1043,#1044);
#1043 = CARTESIAN_POINT('',(-1.570796326795,0.));
#1044 = VECTOR('',#1045,1.);
#1045 = DIRECTION('',(-0.,1.));
#1046 = ( GEOMETRIC_REPRESENTATION_CONTEXT(2) 
PARAMETRIC_REPRESENTATION_CONTEXT() REPRESENTATION_CONTEXT('2D SPACE',''
  ) );
#1047 = ORIENTED_EDGE('',*,*,#1048,.T.);
#1048 = EDGE_CURVE('',#1026,#235,#1049,.T.);
#1049 = SURFACE_CURVE('',#1050,(#1054,#1061),.PCURVE_S1.);
#1050 = LINE('',#1051,#1052);
#1051 = CARTESIAN_POINT('',(43.5,-51.5,2.));
#1052 = VECTOR('',#1053,1.);
#1053 = DIRECTION('',(-1.,-0.,-0.));
#1054 = PCURVE('',#279,#1055);
#1055 = DEFINITIONAL_REPRESENTATION('',(#1056),#1060);
#1056 = LINE('',#1057,#1058);
#1057 = CARTESIAN_POINT('',(2.,95.));
#1058 = VECTOR('',#1059,1.);
#1059 = DIRECTION('',(-0.,-1.));
#1060 = ( GEOMETRIC_REPRESENTATION_CONTEXT(2) 
PARAMETRIC_REPRESENTATION_CONTEXT() REPRESENTATION_CONTEXT('2D SPACE',''
  ) );
#1061 = PCURVE('',#981,#1062);
#1062 = DEFINITIONAL_REPRESENTATION('',(#1063),#1067);
#1063 = LINE('',#1064,#1065);
#1064 = CARTESIAN_POINT('',(-0.,0.));
#1065 = VECTOR('',#1066,1.);
#1066 = DIRECTION('',(-0.,1.));
#1067 = ( GEOMETRIC_REPRESENTATION_CONTEXT(2) 
PARAMETRIC_REPRESENTATION_CONTEXT() REPRESENTATION_CONTEXT('2D SPACE',''
  ) );
#1068 = FACE_BOUND('',#1069,.F.);
#1069 = EDGE_LOOP('',(#1070));
#1070 = ORIENTED_EDGE('',*,*,#1071,.T.);
#1071 = EDGE_CURVE('',#1072,#1072,#1074,.T.);
#1072 = VERTEX_POINT('',#1073);
#1073 = CARTESIAN_POINT('',(-2.5,-51.5,29.));
#1074 = SURFACE_CURVE('',#1075,(#1080,#1091),.PCURVE_S1.);
#1075 = CIRCLE('',#1076,17.5);
#1076 = AXIS2_PLACEMENT_3D('',#1077,#1078,#1079);
#1077 = CARTESIAN_POINT('',(-20.,-51.5,29.));
#1078 = DIRECTION('',(0.,-1.,1.110223024625E-16));
#1079 = DIRECTION('',(1.,0.,0.));
#1080 = PCURVE('',#279,#1081);
#1081 = DEFINITIONAL_REPRESENTATION('',(#1082),#1090);
#1082 = ( BOUNDED_CURVE() B_SPLINE_CURVE(2,(#1083,#1084,#1085,#1086,
#1087,#1088,#1089),.UNSPECIFIED.,.T.,.F.) B_SPLINE_CURVE_WITH_KNOTS((1,2
    ,2,2,2,1),(-2.094395102393,0.,2.094395102393,4.188790204786,
6.28318530718,8.377580409573),.UNSPECIFIED.) CURVE() 
GEOMETRIC_REPRESENTATION_ITEM() RATIONAL_B_SPLINE_CURVE((1.,0.5,1.,0.5,
1.,0.5,1.)) REPRESENTATION_ITEM('') );
#1083 = CARTESIAN_POINT('',(29.,49.));
#1084 = CARTESIAN_POINT('',(59.310889132455,49.));
#1085 = CARTESIAN_POINT('',(44.155444566228,22.75));
#1086 = CARTESIAN_POINT('',(29.,-3.5));
#1087 = CARTESIAN_POINT('',(13.844555433772,22.75));
#1088 = CARTESIAN_POINT('',(-1.310889132455,49.));
#1089 = CARTESIAN_POINT('',(29.,49.));
#1090 = ( GEOMETRIC_REPRESENTATION_CONTEXT(2) 
PARAMETRIC_REPRESENTATION_CONTEXT() REPRESENTATION_CONTEXT('2D SPACE',''
  ) );
#1091 = PCURVE('',#1092,#1097);
#1092 = CYLINDRICAL_SURFACE('',#1093,17.5);
#1093 = AXIS2_PLACEMENT_3D('',#1094,#1095,#1096);
#1094 = CARTESIAN_POINT('',(-20.,-51.5,29.));
#1095 = DIRECTION('',(-0.,1.,-1.110223024625E-16));
#1096 = DIRECTION('',(1.,0.,0.));
#1097 = DEFINITIONAL_REPRESENTATION('',(#1098),#1102);
#1098 = LINE('',#1099,#1100);
#1099 = CARTESIAN_POINT('',(-0.,0.));
#1100 = VECTOR('',#1101,1.);
#1101 = DIRECTION('',(-1.,0.));
#1102 = ( GEOMETRIC_REPRESENTATION_CONTEXT(2) 
PARAMETRIC_REPRESENTATION_CONTEXT() REPRESENTATION_CONTEXT('2D SPACE',''
  ) );
#1103 = FACE_BOUND('',#1104,.F.);
#1104 = EDGE_LOOP('',(#1105));
#1105 = ORIENTED_EDGE('',*,*,#1106,.T.);
#1106 = EDGE_CURVE('',#1107,#1107,#1109,.T.);
#1107 = VERTEX_POINT('',#1108);
#1108 = CARTESIAN_POINT('',(37.5,-51.5,29.));
#1109 = SURFACE_CURVE('',#1110,(#1115,#1126),.PCURVE_S1.);
#1110 = CIRCLE('',#1111,17.5);
#1111 = AXIS2_PLACEMENT_3D('',#1112,#1113,#1114);
#1112 = CARTESIAN_POINT('',(20.,-51.5,29.));
#1113 = DIRECTION('',(0.,-1.,1.110223024625E-16));
#1114 = DIRECTION('',(1.,0.,0.));
#1115 = PCURVE('',#279,#1116);
#1116 = DEFINITIONAL_REPRESENTATION('',(#1117),#1125);
#1117 = ( BOUNDED_CURVE() B_SPLINE_CURVE(2,(#1118,#1119,#1120,#1121,
#1122,#1123,#1124),.UNSPECIFIED.,.T.,.F.) B_SPLINE_CURVE_WITH_KNOTS((1,2
    ,2,2,2,1),(-2.094395102393,0.,2.094395102393,4.188790204786,
6.28318530718,8.377580409573),.UNSPECIFIED.) CURVE() 
GEOMETRIC_REPRESENTATION_ITEM() RATIONAL_B_SPLINE_CURVE((1.,0.5,1.,0.5,
1.,0.5,1.)) REPRESENTATION_ITEM('') );
#1118 = CARTESIAN_POINT('',(29.,89.));
#1119 = CARTESIAN_POINT('',(59.310889132455,89.));
#1120 = CARTESIAN_POINT('',(44.155444566228,62.75));
#1121 = CARTESIAN_POINT('',(29.,36.5));
#1122 = CARTESIAN_POINT('',(13.844555433772,62.75));
#1123 = CARTESIAN_POINT('',(-1.310889132455,89.));
#1124 = CARTESIAN_POINT('',(29.,89.));
#1125 = ( GEOMETRIC_REPRESENTATION_CONTEXT(2) 
PARAMETRIC_REPRESENTATION_CONTEXT() REPRESENTATION_CONTEXT('2D SPACE',''
  ) );
#1126 = PCURVE('',#1127,#1132);
#1127 = CYLINDRICAL_SURFACE('',#1128,17.5);
#1128 = AXIS2_PLACEMENT_3D('',#1129,#1130,#1131);
#1129 = CARTESIAN_POINT('',(20.,-51.5,29.));
#1130 = DIRECTION('',(-0.,1.,-1.110223024625E-16));
#1131 = DIRECTION('',(1.,0.,0.));
#1132 = DEFINITIONAL_REPRESENTATION('',(#1133),#1137);
#1133 = LINE('',#1134,#1135);
#1134 = CARTESIAN_POINT('',(-0.,0.));
#1135 = VECTOR('',#1136,1.);
#1136 = DIRECTION('',(-1.,0.));
#1137 = ( GEOMETRIC_REPRESENTATION_CONTEXT(2) 
PARAMETRIC_REPRESENTATION_CONTEXT() REPRESENTATION_CONTEXT('2D SPACE',''
  ) );
#1138 = ADVANCED_FACE('',(#1139,#1314,#1345,#1376,#1407),#354,.F.);
#1139 = FACE_BOUND('',#1140,.F.);
#1140 = EDGE_LOOP('',(#1141,#1142,#1143,#1166,#1199,#1227,#1260,#1288));
#1141 = ORIENTED_EDGE('',*,*,#338,.F.);
#1142 = ORIENTED_EDGE('',*,*,#994,.F.);
#1143 = ORIENTED_EDGE('',*,*,#1144,.F.);
#1144 = EDGE_CURVE('',#1145,#966,#1147,.T.);
#1145 = VERTEX_POINT('',#1146);
#1146 = CARTESIAN_POINT('',(43.5,-49.5,0.));
#1147 = SURFACE_CURVE('',#1148,(#1152,#1159),.PCURVE_S1.);
#1148 = LINE('',#1149,#1150);
#1149 = CARTESIAN_POINT('',(43.5,-49.5,-4.440892098501E-16));
#1150 = VECTOR('',#1151,1.);
#1151 = DIRECTION('',(-1.,-0.,-0.));
#1152 = PCURVE('',#354,#1153);
#1153 = DEFINITIONAL_REPRESENTATION('',(#1154),#1158);
#1154 = LINE('',#1155,#1156);
#1155 = CARTESIAN_POINT('',(95.,2.));
#1156 = VECTOR('',#1157,1.);
#1157 = DIRECTION('',(-1.,-0.));
#1158 = ( GEOMETRIC_REPRESENTATION_CONTEXT(2) 
PARAMETRIC_REPRESENTATION_CONTEXT() REPRESENTATION_CONTEXT('2D SPACE',''
  ) );
#1159 = PCURVE('',#981,#1160);
#1160 = DEFINITIONAL_REPRESENTATION('',(#1161),#1165);
#1161 = LINE('',#1162,#1163);
#1162 = CARTESIAN_POINT('',(-1.570796326795,0.));
#1163 = VECTOR('',#1164,1.);
#1164 = DIRECTION('',(-0.,1.));
#1165 = ( GEOMETRIC_REPRESENTATION_CONTEXT(2) 
PARAMETRIC_REPRESENTATION_CONTEXT() REPRESENTATION_CONTEXT('2D SPACE',''
  ) );
#1166 = ORIENTED_EDGE('',*,*,#1167,.F.);
#1167 = EDGE_CURVE('',#1168,#1145,#1170,.T.);
#1168 = VERTEX_POINT('',#1169);
#1169 = CARTESIAN_POINT('',(49.5,-43.5,-4.440892098501E-16));
#1170 = SURFACE_CURVE('',#1171,(#1176,#1187),.PCURVE_S1.);
#1171 = CIRCLE('',#1172,6.);
#1172 = AXIS2_PLACEMENT_3D('',#1173,#1174,#1175);
#1173 = CARTESIAN_POINT('',(43.5,-43.5,0.));
#1174 = DIRECTION('',(0.,-0.,-1.));
#1175 = DIRECTION('',(1.,0.,-0.));
#1176 = PCURVE('',#354,#1177);
#1177 = DEFINITIONAL_REPRESENTATION('',(#1178),#1186);
#1178 = ( BOUNDED_CURVE() B_SPLINE_CURVE(2,(#1179,#1180,#1181,#1182,
#1183,#1184,#1185),.UNSPECIFIED.,.T.,.F.) B_SPLINE_CURVE_WITH_KNOTS((1,2
    ,2,2,2,1),(-2.094395102393,0.,2.094395102393,4.188790204786,
6.28318530718,8.377580409573),.UNSPECIFIED.) CURVE() 
GEOMETRIC_REPRESENTATION_ITEM() RATIONAL_B_SPLINE_CURVE((1.,0.5,1.,0.5,
1.,0.5,1.)) REPRESENTATION_ITEM('') );
#1179 = CARTESIAN_POINT('',(101.,8.));
#1180 = CARTESIAN_POINT('',(101.,-2.392304845413));
#1181 = CARTESIAN_POINT('',(92.,2.803847577293));
#1182 = CARTESIAN_POINT('',(83.,8.));
#1183 = CARTESIAN_POINT('',(92.,13.196152422707));
#1184 = CARTESIAN_POINT('',(101.,18.392304845413));
#1185 = CARTESIAN_POINT('',(101.,8.));
#1186 = ( GEOMETRIC_REPRESENTATION_CONTEXT(2) 
PARAMETRIC_REPRESENTATION_CONTEXT() REPRESENTATION_CONTEXT('2D SPACE',''
  ) );
#1187 = PCURVE('',#1188,#1193);
#1188 = TOROIDAL_SURFACE('',#1189,6.,2.);
#1189 = AXIS2_PLACEMENT_3D('',#1190,#1191,#1192);
#1190 = CARTESIAN_POINT('',(43.5,-43.5,2.));
#1191 = DIRECTION('',(-0.,-0.,-1.));
#1192 = DIRECTION('',(1.,0.,-0.));
#1193 = DEFINITIONAL_REPRESENTATION('',(#1194),#1198);
#1194 = LINE('',#1195,#1196);
#1195 = CARTESIAN_POINT('',(0.,1.570796326795));
#1196 = VECTOR('',#1197,1.);
#1197 = DIRECTION('',(1.,0.));
#1198 = ( GEOMETRIC_REPRESENTATION_CONTEXT(2) 
PARAMETRIC_REPRESENTATION_CONTEXT() REPRESENTATION_CONTEXT('2D SPACE',''
  ) );
#1199 = ORIENTED_EDGE('',*,*,#1200,.F.);
#1200 = EDGE_CURVE('',#1201,#1168,#1203,.T.);
#1201 = VERTEX_POINT('',#1202);
#1202 = CARTESIAN_POINT('',(49.5,43.5,0.));
#1203 = SURFACE_CURVE('',#1204,(#1208,#1215),.PCURVE_S1.);
#1204 = LINE('',#1205,#1206);
#1205 = CARTESIAN_POINT('',(49.5,43.5,-4.440892098501E-16));
#1206 = VECTOR('',#1207,1.);
#1207 = DIRECTION('',(-0.,-1.,-0.));
#1208 = PCURVE('',#354,#1209);
#1209 = DEFINITIONAL_REPRESENTATION('',(#1210),#1214);
#1210 = LINE('',#1211,#1212);
#1211 = CARTESIAN_POINT('',(101.,95.));
#1212 = VECTOR('',#1213,1.);
#1213 = DIRECTION('',(-0.,-1.));
#1214 = ( GEOMETRIC_REPRESENTATION_CONTEXT(2) 
PARAMETRIC_REPRESENTATION_CONTEXT() REPRESENTATION_CONTEXT('2D SPACE',''
  ) );
#1215 = PCURVE('',#1216,#1221);
#1216 = CYLINDRICAL_SURFACE('',#1217,2.);
#1217 = AXIS2_PLACEMENT_3D('',#1218,#1219,#1220);
#1218 = CARTESIAN_POINT('',(49.5,43.5,2.));
#1219 = DIRECTION('',(-0.,-1.,-0.));
#1220 = DIRECTION('',(1.,0.,-0.));
#1221 = DEFINITIONAL_REPRESENTATION('',(#1222),#1226);
#1222 = LINE('',#1223,#1224);
#1223 = CARTESIAN_POINT('',(-1.570796326795,0.));
#1224 = VECTOR('',#1225,1.);
#1225 = DIRECTION('',(-0.,1.));
#1226 = ( GEOMETRIC_REPRESENTATION_CONTEXT(2) 
PARAMETRIC_REPRESENTATION_CONTEXT() REPRESENTATION_CONTEXT('2D SPACE',''
  ) );
#1227 = ORIENTED_EDGE('',*,*,#1228,.F.);
#1228 = EDGE_CURVE('',#1229,#1201,#1231,.T.);
#1229 = VERTEX_POINT('',#1230);
#1230 = CARTESIAN_POINT('',(43.5,49.5,-4.440892098501E-16));
#1231 = SURFACE_CURVE('',#1232,(#1237,#1248),.PCURVE_S1.);
#1232 = CIRCLE('',#1233,6.);
#1233 = AXIS2_PLACEMENT_3D('',#1234,#1235,#1236);
#1234 = CARTESIAN_POINT('',(43.5,43.5,0.));
#1235 = DIRECTION('',(0.,-0.,-1.));
#1236 = DIRECTION('',(0.,1.,-0.));
#1237 = PCURVE('',#354,#1238);
#1238 = DEFINITIONAL_REPRESENTATION('',(#1239),#1247);
#1239 = ( BOUNDED_CURVE() B_SPLINE_CURVE(2,(#1240,#1241,#1242,#1243,
#1244,#1245,#1246),.UNSPECIFIED.,.T.,.F.) B_SPLINE_CURVE_WITH_KNOTS((1,2
    ,2,2,2,1),(-2.094395102393,0.,2.094395102393,4.188790204786,
6.28318530718,8.377580409573),.UNSPECIFIED.) CURVE() 
GEOMETRIC_REPRESENTATION_ITEM() RATIONAL_B_SPLINE_CURVE((1.,0.5,1.,0.5,
1.,0.5,1.)) REPRESENTATION_ITEM('') );
#1240 = CARTESIAN_POINT('',(95.,101.));
#1241 = CARTESIAN_POINT('',(105.39230484541,101.));
#1242 = CARTESIAN_POINT('',(100.1961524227,92.));
#1243 = CARTESIAN_POINT('',(95.,83.));
#1244 = CARTESIAN_POINT('',(89.803847577293,92.));
#1245 = CARTESIAN_POINT('',(84.607695154587,101.));
#1246 = CARTESIAN_POINT('',(95.,101.));
#1247 = ( GEOMETRIC_REPRESENTATION_CONTEXT(2) 
PARAMETRIC_REPRESENTATION_CONTEXT() REPRESENTATION_CONTEXT('2D SPACE',''
  ) );
#1248 = PCURVE('',#1249,#1254);
#1249 = TOROIDAL_SURFACE('',#1250,6.,2.);
#1250 = AXIS2_PLACEMENT_3D('',#1251,#1252,#1253);
#1251 = CARTESIAN_POINT('',(43.5,43.5,2.));
#1252 = DIRECTION('',(-0.,-0.,-1.));
#1253 = DIRECTION('',(0.,1.,-0.));
#1254 = DEFINITIONAL_REPRESENTATION('',(#1255),#1259);
#1255 = LINE('',#1256,#1257);
#1256 = CARTESIAN_POINT('',(0.,1.570796326795));
#1257 = VECTOR('',#1258,1.);
#1258 = DIRECTION('',(1.,0.));
#1259 = ( GEOMETRIC_REPRESENTATION_CONTEXT(2) 
PARAMETRIC_REPRESENTATION_CONTEXT() REPRESENTATION_CONTEXT('2D SPACE',''
  ) );
#1260 = ORIENTED_EDGE('',*,*,#1261,.F.);
#1261 = EDGE_CURVE('',#1262,#1229,#1264,.T.);
#1262 = VERTEX_POINT('',#1263);
#1263 = CARTESIAN_POINT('',(-43.5,49.5,0.));
#1264 = SURFACE_CURVE('',#1265,(#1269,#1276),.PCURVE_S1.);
#1265 = LINE('',#1266,#1267);
#1266 = CARTESIAN_POINT('',(-43.5,49.5,-4.440892098501E-16));
#1267 = VECTOR('',#1268,1.);
#1268 = DIRECTION('',(1.,0.,0.));
#1269 = PCURVE('',#354,#1270);
#1270 = DEFINITIONAL_REPRESENTATION('',(#1271),#1275);
#1271 = LINE('',#1272,#1273);
#1272 = CARTESIAN_POINT('',(8.,101.));
#1273 = VECTOR('',#1274,1.);
#1274 = DIRECTION('',(1.,0.));
#1275 = ( GEOMETRIC_REPRESENTATION_CONTEXT(2) 
PARAMETRIC_REPRESENTATION_CONTEXT() REPRESENTATION_CONTEXT('2D SPACE',''
  ) );
#1276 = PCURVE('',#1277,#1282);
#1277 = CYLINDRICAL_SURFACE('',#1278,2.);
#1278 = AXIS2_PLACEMENT_3D('',#1279,#1280,#1281);
#1279 = CARTESIAN_POINT('',(-43.5,49.5,2.));
#1280 = DIRECTION('',(1.,0.,0.));
#1281 = DIRECTION('',(-0.,1.,0.));
#1282 = DEFINITIONAL_REPRESENTATION('',(#1283),#1287);
#1283 = LINE('',#1284,#1285);
#1284 = CARTESIAN_POINT('',(-1.570796326795,0.));
#1285 = VECTOR('',#1286,1.);
#1286 = DIRECTION('',(-0.,1.));
#1287 = ( GEOMETRIC_REPRESENTATION_CONTEXT(2) 
PARAMETRIC_REPRESENTATION_CONTEXT() REPRESENTATION_CONTEXT('2D SPACE',''
  ) );
#1288 = ORIENTED_EDGE('',*,*,#1289,.F.);
#1289 = EDGE_CURVE('',#339,#1262,#1290,.T.);
#1290 = SURFACE_CURVE('',#1291,(#1296,#1307),.PCURVE_S1.);
#1291 = CIRCLE('',#1292,6.);
#1292 = AXIS2_PLACEMENT_3D('',#1293,#1294,#1295);
#1293 = CARTESIAN_POINT('',(-43.5,43.5,0.));
#1294 = DIRECTION('',(-0.,0.,-1.));
#1295 = DIRECTION('',(-1.,0.,0.));
#1296 = PCURVE('',#354,#1297);
#1297 = DEFINITIONAL_REPRESENTATION('',(#1298),#1306);
#1298 = ( BOUNDED_CURVE() B_SPLINE_CURVE(2,(#1299,#1300,#1301,#1302,
#1303,#1304,#1305),.UNSPECIFIED.,.T.,.F.) B_SPLINE_CURVE_WITH_KNOTS((1,2
    ,2,2,2,1),(-2.094395102393,0.,2.094395102393,4.188790204786,
6.28318530718,8.377580409573),.UNSPECIFIED.) CURVE() 
GEOMETRIC_REPRESENTATION_ITEM() RATIONAL_B_SPLINE_CURVE((1.,0.5,1.,0.5,
1.,0.5,1.)) REPRESENTATION_ITEM('') );
#1299 = CARTESIAN_POINT('',(2.,95.));
#1300 = CARTESIAN_POINT('',(2.,105.39230484541));
#1301 = CARTESIAN_POINT('',(11.,100.1961524227));
#1302 = CARTESIAN_POINT('',(20.,95.));
#1303 = CARTESIAN_POINT('',(11.,89.803847577293));
#1304 = CARTESIAN_POINT('',(2.,84.607695154587));
#1305 = CARTESIAN_POINT('',(2.,95.));
#1306 = ( GEOMETRIC_REPRESENTATION_CONTEXT(2) 
PARAMETRIC_REPRESENTATION_CONTEXT() REPRESENTATION_CONTEXT('2D SPACE',''
  ) );
#1307 = PCURVE('',#380,#1308);
#1308 = DEFINITIONAL_REPRESENTATION('',(#1309),#1313);
#1309 = LINE('',#1310,#1311);
#1310 = CARTESIAN_POINT('',(0.,1.570796326795));
#1311 = VECTOR('',#1312,1.);
#1312 = DIRECTION('',(1.,0.));
#1313 = ( GEOMETRIC_REPRESENTATION_CONTEXT(2) 
PARAMETRIC_REPRESENTATION_CONTEXT() REPRESENTATION_CONTEXT('2D SPACE',''
  ) );
#1314 = FACE_BOUND('',#1315,.F.);
#1315 = EDGE_LOOP('',(#1316));
#1316 = ORIENTED_EDGE('',*,*,#1317,.F.);
#1317 = EDGE_CURVE('',#1318,#1318,#1320,.T.);
#1318 = VERTEX_POINT('',#1319);
#1319 = CARTESIAN_POINT('',(-30.9,-32.5,0.));
#1320 = SURFACE_CURVE('',#1321,(#1326,#1333),.PCURVE_S1.);
#1321 = CIRCLE('',#1322,1.6);
#1322 = AXIS2_PLACEMENT_3D('',#1323,#1324,#1325);
#1323 = CARTESIAN_POINT('',(-32.5,-32.5,0.));
#1324 = DIRECTION('',(0.,0.,1.));
#1325 = DIRECTION('',(1.,0.,0.));
#1326 = PCURVE('',#354,#1327);
#1327 = DEFINITIONAL_REPRESENTATION('',(#1328),#1332);
#1328 = CIRCLE('',#1329,1.6);
#1329 = AXIS2_PLACEMENT_2D('',#1330,#1331);
#1330 = CARTESIAN_POINT('',(19.,19.));
#1331 = DIRECTION('',(1.,0.));
#1332 = ( GEOMETRIC_REPRESENTATION_CONTEXT(2) 
PARAMETRIC_REPRESENTATION_CONTEXT() REPRESENTATION_CONTEXT('2D SPACE',''
  ) );
#1333 = PCURVE('',#1334,#1339);
#1334 = CYLINDRICAL_SURFACE('',#1335,1.6);
#1335 = AXIS2_PLACEMENT_3D('',#1336,#1337,#1338);
#1336 = CARTESIAN_POINT('',(-32.5,-32.5,0.));
#1337 = DIRECTION('',(-0.,-0.,-1.));
#1338 = DIRECTION('',(1.,0.,0.));
#1339 = DEFINITIONAL_REPRESENTATION('',(#1340),#1344);
#1340 = LINE('',#1341,#1342);
#1341 = CARTESIAN_POINT('',(-0.,0.));
#1342 = VECTOR('',#1343,1.);
#1343 = DIRECTION('',(-1.,0.));
#1344 = ( GEOMETRIC_REPRESENTATION_CONTEXT(2) 
PARAMETRIC_REPRESENTATION_CONTEXT() REPRESENTATION_CONTEXT('2D SPACE',''
  ) );
#1345 = FACE_BOUND('',#1346,.F.);
#1346 = EDGE_LOOP('',(#1347));
#1347 = ORIENTED_EDGE('',*,*,#1348,.F.);
#1348 = EDGE_CURVE('',#1349,#1349,#1351,.T.);
#1349 = VERTEX_POINT('',#1350);
#1350 = CARTESIAN_POINT('',(34.1,-32.5,0.));
#1351 = SURFACE_CURVE('',#1352,(#1357,#1364),.PCURVE_S1.);
#1352 = CIRCLE('',#1353,1.6);
#1353 = AXIS2_PLACEMENT_3D('',#1354,#1355,#1356);
#1354 = CARTESIAN_POINT('',(32.5,-32.5,0.));
#1355 = DIRECTION('',(0.,0.,1.));
#1356 = DIRECTION('',(1.,0.,0.));
#1357 = PCURVE('',#354,#1358);
#1358 = DEFINITIONAL_REPRESENTATION('',(#1359),#1363);
#1359 = CIRCLE('',#1360,1.6);
#1360 = AXIS2_PLACEMENT_2D('',#1361,#1362);
#1361 = CARTESIAN_POINT('',(84.,19.));
#1362 = DIRECTION('',(1.,0.));
#1363 = ( GEOMETRIC_REPRESENTATION_CONTEXT(2) 
PARAMETRIC_REPRESENTATION_CONTEXT() REPRESENTATION_CONTEXT('2D SPACE',''
  ) );
#1364 = PCURVE('',#1365,#1370);
#1365 = CYLINDRICAL_SURFACE('',#1366,1.6);
#1366 = AXIS2_PLACEMENT_3D('',#1367,#1368,#1369);
#1367 = CARTESIAN_POINT('',(32.5,-32.5,0.));
#1368 = DIRECTION('',(-0.,-0.,-1.));
#1369 = DIRECTION('',(1.,0.,0.));
#1370 = DEFINITIONAL_REPRESENTATION('',(#1371),#1375);
#1371 = LINE('',#1372,#1373);
#1372 = CARTESIAN_POINT('',(-0.,0.));
#1373 = VECTOR('',#1374,1.);
#1374 = DIRECTION('',(-1.,0.));
#1375 = ( GEOMETRIC_REPRESENTATION_CONTEXT(2) 
PARAMETRIC_REPRESENTATION_CONTEXT() REPRESENTATION_CONTEXT('2D SPACE',''
  ) );
#1376 = FACE_BOUND('',#1377,.F.);
#1377 = EDGE_LOOP('',(#1378));
#1378 = ORIENTED_EDGE('',*,*,#1379,.F.);
#1379 = EDGE_CURVE('',#1380,#1380,#1382,.T.);
#1380 = VERTEX_POINT('',#1381);
#1381 = CARTESIAN_POINT('',(-30.9,32.5,0.));
#1382 = SURFACE_CURVE('',#1383,(#1388,#1395),.PCURVE_S1.);
#1383 = CIRCLE('',#1384,1.6);
#1384 = AXIS2_PLACEMENT_3D('',#1385,#1386,#1387);
#1385 = CARTESIAN_POINT('',(-32.5,32.5,0.));
#1386 = DIRECTION('',(0.,0.,1.));
#1387 = DIRECTION('',(1.,0.,0.));
#1388 = PCURVE('',#354,#1389);
#1389 = DEFINITIONAL_REPRESENTATION('',(#1390),#1394);
#1390 = CIRCLE('',#1391,1.6);
#1391 = AXIS2_PLACEMENT_2D('',#1392,#1393);
#1392 = CARTESIAN_POINT('',(19.,84.));
#1393 = DIRECTION('',(1.,0.));
#1394 = ( GEOMETRIC_REPRESENTATION_CONTEXT(2) 
PARAMETRIC_REPRESENTATION_CONTEXT() REPRESENTATION_CONTEXT('2D SPACE',''
  ) );
#1395 = PCURVE('',#1396,#1401);
#1396 = CYLINDRICAL_SURFACE('',#1397,1.6);
#1397 = AXIS2_PLACEMENT_3D('',#1398,#1399,#1400);
#1398 = CARTESIAN_POINT('',(-32.5,32.5,0.));
#1399 = DIRECTION('',(-0.,-0.,-1.));
#1400 = DIRECTION('',(1.,0.,0.));
#1401 = DEFINITIONAL_REPRESENTATION('',(#1402),#1406);
#1402 = LINE('',#1403,#1404);
#1403 = CARTESIAN_POINT('',(-0.,0.));
#1404 = VECTOR('',#1405,1.);
#1405 = DIRECTION('',(-1.,0.));
#1406 = ( GEOMETRIC_REPRESENTATION_CONTEXT(2) 
PARAMETRIC_REPRESENTATION_CONTEXT() REPRESENTATION_CONTEXT('2D SPACE',''
  ) );
#1407 = FACE_BOUND('',#1408,.F.);
#1408 = EDGE_LOOP('',(#1409));
#1409 = ORIENTED_EDGE('',*,*,#1410,.F.);
#1410 = EDGE_CURVE('',#1411,#1411,#1413,.T.);
#1411 = VERTEX_POINT('',#1412);
#1412 = CARTESIAN_POINT('',(34.1,32.5,0.));
#1413 = SURFACE_CURVE('',#1414,(#1419,#1426),.PCURVE_S1.);
#1414 = CIRCLE('',#1415,1.6);
#1415 = AXIS2_PLACEMENT_3D('',#1416,#1417,#1418);
#1416 = CARTESIAN_POINT('',(32.5,32.5,0.));
#1417 = DIRECTION('',(0.,0.,1.));
#1418 = DIRECTION('',(1.,0.,0.));
#1419 = PCURVE('',#354,#1420);
#1420 = DEFINITIONAL_REPRESENTATION('',(#1421),#1425);
#1421 = CIRCLE('',#1422,1.6);
#1422 = AXIS2_PLACEMENT_2D('',#1423,#1424);
#1423 = CARTESIAN_POINT('',(84.,84.));
#1424 = DIRECTION('',(1.,0.));
#1425 = ( GEOMETRIC_REPRESENTATION_CONTEXT(2) 
PARAMETRIC_REPRESENTATION_CONTEXT() REPRESENTATION_CONTEXT('2D SPACE',''
  ) );
#1426 = PCURVE('',#1427,#1432);
#1427 = CYLINDRICAL_SURFACE('',#1428,1.6);
#1428 = AXIS2_PLACEMENT_3D('',#1429,#1430,#1431);
#1429 = CARTESIAN_POINT('',(32.5,32.5,0.));
#1430 = DIRECTION('',(-0.,-0.,-1.));
#1431 = DIRECTION('',(1.,0.,0.));
#1432 = DEFINITIONAL_REPRESENTATION('',(#1433),#1437);
#1433 = LINE('',#1434,#1435);
#1434 = CARTESIAN_POINT('',(-0.,0.));
#1435 = VECTOR('',#1436,1.);
#1436 = DIRECTION('',(-1.,0.));
#1437 = ( GEOMETRIC_REPRESENTATION_CONTEXT(2) 
PARAMETRIC_REPRESENTATION_CONTEXT() REPRESENTATION_CONTEXT('2D SPACE',''
  ) );
#1438 = ADVANCED_FACE('',(#1439),#380,.T.);
#1439 = FACE_BOUND('',#1440,.T.);
#1440 = EDGE_LOOP('',(#1441,#1442,#1443,#1463));
#1441 = ORIENTED_EDGE('',*,*,#366,.F.);
#1442 = ORIENTED_EDGE('',*,*,#806,.T.);
#1443 = ORIENTED_EDGE('',*,*,#1444,.T.);
#1444 = EDGE_CURVE('',#807,#1262,#1445,.T.);
#1445 = SURFACE_CURVE('',#1446,(#1451,#1457),.PCURVE_S1.);
#1446 = CIRCLE('',#1447,2.);
#1447 = AXIS2_PLACEMENT_3D('',#1448,#1449,#1450);
#1448 = CARTESIAN_POINT('',(-43.5,49.5,2.));
#1449 = DIRECTION('',(-1.,-6.123233995737E-17,0.));
#1450 = DIRECTION('',(-6.123233995737E-17,1.,0.));
#1451 = PCURVE('',#380,#1452);
#1452 = DEFINITIONAL_REPRESENTATION('',(#1453),#1456);
#1453 = B_SPLINE_CURVE_WITH_KNOTS('',1,(#1454,#1455),.UNSPECIFIED.,.F.,
  .F.,(2,2),(0.,1.570796326795),.PIECEWISE_BEZIER_KNOTS.);
#1454 = CARTESIAN_POINT('',(1.570796326795,0.));
#1455 = CARTESIAN_POINT('',(1.570796326795,1.570796326795));
#1456 = ( GEOMETRIC_REPRESENTATION_CONTEXT(2) 
PARAMETRIC_REPRESENTATION_CONTEXT() REPRESENTATION_CONTEXT('2D SPACE',''
  ) );
#1457 = PCURVE('',#1277,#1458);
#1458 = DEFINITIONAL_REPRESENTATION('',(#1459),#1462);
#1459 = B_SPLINE_CURVE_WITH_KNOTS('',1,(#1460,#1461),.UNSPECIFIED.,.F.,
  .F.,(2,2),(0.,1.570796326795),.PIECEWISE_BEZIER_KNOTS.);
#1460 = CARTESIAN_POINT('',(0.,0.));
#1461 = CARTESIAN_POINT('',(-1.570796326795,0.));
#1462 = ( GEOMETRIC_REPRESENTATION_CONTEXT(2) 
PARAMETRIC_REPRESENTATION_CONTEXT() REPRESENTATION_CONTEXT('2D SPACE',''
  ) );
#1463 = ORIENTED_EDGE('',*,*,#1289,.F.);
#1464 = ADVANCED_FACE('',(#1465,#1513,#1544),#526,.T.);
#1465 = FACE_BOUND('',#1466,.T.);
#1466 = EDGE_LOOP('',(#1467,#1468,#1469,#1492));
#1467 = ORIENTED_EDGE('',*,*,#830,.T.);
#1468 = ORIENTED_EDGE('',*,*,#510,.T.);
#1469 = ORIENTED_EDGE('',*,*,#1470,.F.);
#1470 = EDGE_CURVE('',#1471,#482,#1473,.T.);
#1471 = VERTEX_POINT('',#1472);
#1472 = CARTESIAN_POINT('',(43.5,51.5,2.));
#1473 = SURFACE_CURVE('',#1474,(#1478,#1485),.PCURVE_S1.);
#1474 = LINE('',#1475,#1476);
#1475 = CARTESIAN_POINT('',(43.5,51.5,0.));
#1476 = VECTOR('',#1477,1.);
#1477 = DIRECTION('',(0.,0.,1.));
#1478 = PCURVE('',#526,#1479);
#1479 = DEFINITIONAL_REPRESENTATION('',(#1480),#1484);
#1480 = LINE('',#1481,#1482);
#1481 = CARTESIAN_POINT('',(0.,95.));
#1482 = VECTOR('',#1483,1.);
#1483 = DIRECTION('',(1.,0.));
#1484 = ( GEOMETRIC_REPRESENTATION_CONTEXT(2) 
PARAMETRIC_REPRESENTATION_CONTEXT() REPRESENTATION_CONTEXT('2D SPACE',''
  ) );
#1485 = PCURVE('',#498,#1486);
#1486 = DEFINITIONAL_REPRESENTATION('',(#1487),#1491);
#1487 = LINE('',#1488,#1489);
#1488 = CARTESIAN_POINT('',(1.570796326795,0.));
#1489 = VECTOR('',#1490,1.);
#1490 = DIRECTION('',(0.,1.));
#1491 = ( GEOMETRIC_REPRESENTATION_CONTEXT(2) 
PARAMETRIC_REPRESENTATION_CONTEXT() REPRESENTATION_CONTEXT('2D SPACE',''
  ) );
#1492 = ORIENTED_EDGE('',*,*,#1493,.F.);
#1493 = EDGE_CURVE('',#807,#1471,#1494,.T.);
#1494 = SURFACE_CURVE('',#1495,(#1499,#1506),.PCURVE_S1.);
#1495 = LINE('',#1496,#1497);
#1496 = CARTESIAN_POINT('',(-43.5,51.5,2.));
#1497 = VECTOR('',#1498,1.);
#1498 = DIRECTION('',(1.,0.,0.));
#1499 = PCURVE('',#526,#1500);
#1500 = DEFINITIONAL_REPRESENTATION('',(#1501),#1505);
#1501 = LINE('',#1502,#1503);
#1502 = CARTESIAN_POINT('',(2.,8.));
#1503 = VECTOR('',#1504,1.);
#1504 = DIRECTION('',(0.,1.));
#1505 = ( GEOMETRIC_REPRESENTATION_CONTEXT(2) 
PARAMETRIC_REPRESENTATION_CONTEXT() REPRESENTATION_CONTEXT('2D SPACE',''
  ) );
#1506 = PCURVE('',#1277,#1507);
#1507 = DEFINITIONAL_REPRESENTATION('',(#1508),#1512);
#1508 = LINE('',#1509,#1510);
#1509 = CARTESIAN_POINT('',(-0.,0.));
#1510 = VECTOR('',#1511,1.);
#1511 = DIRECTION('',(-0.,1.));
#1512 = ( GEOMETRIC_REPRESENTATION_CONTEXT(2) 
PARAMETRIC_REPRESENTATION_CONTEXT() REPRESENTATION_CONTEXT('2D SPACE',''
  ) );
#1513 = FACE_BOUND('',#1514,.T.);
#1514 = EDGE_LOOP('',(#1515));
#1515 = ORIENTED_EDGE('',*,*,#1516,.F.);
#1516 = EDGE_CURVE('',#1517,#1517,#1519,.T.);
#1517 = VERTEX_POINT('',#1518);
#1518 = CARTESIAN_POINT('',(-2.5,51.5,29.));
#1519 = SURFACE_CURVE('',#1520,(#1525,#1532),.PCURVE_S1.);
#1520 = CIRCLE('',#1521,17.5);
#1521 = AXIS2_PLACEMENT_3D('',#1522,#1523,#1524);
#1522 = CARTESIAN_POINT('',(-20.,51.5,29.));
#1523 = DIRECTION('',(-0.,1.,1.110223024625E-16));
#1524 = DIRECTION('',(1.,0.,0.));
#1525 = PCURVE('',#526,#1526);
#1526 = DEFINITIONAL_REPRESENTATION('',(#1527),#1531);
#1527 = CIRCLE('',#1528,17.5);
#1528 = AXIS2_PLACEMENT_2D('',#1529,#1530);
#1529 = CARTESIAN_POINT('',(29.,31.5));
#1530 = DIRECTION('',(0.,1.));
#1531 = ( GEOMETRIC_REPRESENTATION_CONTEXT(2) 
PARAMETRIC_REPRESENTATION_CONTEXT() REPRESENTATION_CONTEXT('2D SPACE',''
  ) );
#1532 = PCURVE('',#1533,#1538);
#1533 = CYLINDRICAL_SURFACE('',#1534,17.5);
#1534 = AXIS2_PLACEMENT_3D('',#1535,#1536,#1537);
#1535 = CARTESIAN_POINT('',(-20.,51.5,29.));
#1536 = DIRECTION('',(-0.,-1.,-1.110223024625E-16));
#1537 = DIRECTION('',(1.,0.,0.));
#1538 = DEFINITIONAL_REPRESENTATION('',(#1539),#1543);
#1539 = LINE('',#1540,#1541);
#1540 = CARTESIAN_POINT('',(-0.,0.));
#1541 = VECTOR('',#1542,1.);
#1542 = DIRECTION('',(-1.,0.));
#1543 = ( GEOMETRIC_REPRESENTATION_CONTEXT(2) 
PARAMETRIC_REPRESENTATION_CONTEXT() REPRESENTATION_CONTEXT('2D SPACE',''
  ) );
#1544 = FACE_BOUND('',#1545,.T.);
#1545 = EDGE_LOOP('',(#1546));
#1546 = ORIENTED_EDGE('',*,*,#1547,.F.);
#1547 = EDGE_CURVE('',#1548,#1548,#1550,.T.);
#1548 = VERTEX_POINT('',#1549);
#1549 = CARTESIAN_POINT('',(37.5,51.5,29.));
#1550 = SURFACE_CURVE('',#1551,(#1556,#1563),.PCURVE_S1.);
#1551 = CIRCLE('',#1552,17.5);
#1552 = AXIS2_PLACEMENT_3D('',#1553,#1554,#1555);
#1553 = CARTESIAN_POINT('',(20.,51.5,29.));
#1554 = DIRECTION('',(-0.,1.,1.110223024625E-16));
#1555 = DIRECTION('',(1.,0.,0.));
#1556 = PCURVE('',#526,#1557);
#1557 = DEFINITIONAL_REPRESENTATION('',(#1558),#1562);
#1558 = CIRCLE('',#1559,17.5);
#1559 = AXIS2_PLACEMENT_2D('',#1560,#1561);
#1560 = CARTESIAN_POINT('',(29.,71.5));
#1561 = DIRECTION('',(0.,1.));
#1562 = ( GEOMETRIC_REPRESENTATION_CONTEXT(2) 
PARAMETRIC_REPRESENTATION_CONTEXT() REPRESENTATION_CONTEXT('2D SPACE',''
  ) );
#1563 = PCURVE('',#1564,#1569);
#1564 = CYLINDRICAL_SURFACE('',#1565,17.5);
#1565 = AXIS2_PLACEMENT_3D('',#1566,#1567,#1568);
#1566 = CARTESIAN_POINT('',(20.,51.5,29.));
#1567 = DIRECTION('',(-0.,-1.,-1.110223024625E-16));
#1568 = DIRECTION('',(1.,0.,0.));
#1569 = DEFINITIONAL_REPRESENTATION('',(#1570),#1574);
#1570 = LINE('',#1571,#1572);
#1571 = CARTESIAN_POINT('',(-0.,0.));
#1572 = VECTOR('',#1573,1.);
#1573 = DIRECTION('',(-1.,0.));
#1574 = ( GEOMETRIC_REPRESENTATION_CONTEXT(2) 
PARAMETRIC_REPRESENTATION_CONTEXT() REPRESENTATION_CONTEXT('2D SPACE',''
  ) );
#1575 = ADVANCED_FACE('',(#1576),#441,.T.);
#1576 = FACE_BOUND('',#1577,.F.);
#1577 = EDGE_LOOP('',(#1578,#1601,#1623,#1624));
#1578 = ORIENTED_EDGE('',*,*,#1579,.F.);
#1579 = EDGE_CURVE('',#1580,#421,#1582,.T.);
#1580 = VERTEX_POINT('',#1581);
#1581 = CARTESIAN_POINT('',(51.5,-43.5,2.));
#1582 = SURFACE_CURVE('',#1583,(#1587,#1594),.PCURVE_S1.);
#1583 = LINE('',#1584,#1585);
#1584 = CARTESIAN_POINT('',(51.5,-43.5,0.));
#1585 = VECTOR('',#1586,1.);
#1586 = DIRECTION('',(0.,0.,1.));
#1587 = PCURVE('',#441,#1588);
#1588 = DEFINITIONAL_REPRESENTATION('',(#1589),#1593);
#1589 = LINE('',#1590,#1591);
#1590 = CARTESIAN_POINT('',(-0.,0.));
#1591 = VECTOR('',#1592,1.);
#1592 = DIRECTION('',(-0.,1.));
#1593 = ( GEOMETRIC_REPRESENTATION_CONTEXT(2) 
PARAMETRIC_REPRESENTATION_CONTEXT() REPRESENTATION_CONTEXT('2D SPACE',''
  ) );
#1594 = PCURVE('',#469,#1595);
#1595 = DEFINITIONAL_REPRESENTATION('',(#1596),#1600);
#1596 = LINE('',#1597,#1598);
#1597 = CARTESIAN_POINT('',(0.,-8.));
#1598 = VECTOR('',#1599,1.);
#1599 = DIRECTION('',(1.,0.));
#1600 = ( GEOMETRIC_REPRESENTATION_CONTEXT(2) 
PARAMETRIC_REPRESENTATION_CONTEXT() REPRESENTATION_CONTEXT('2D SPACE',''
  ) );
#1601 = ORIENTED_EDGE('',*,*,#1602,.T.);
#1602 = EDGE_CURVE('',#1580,#1026,#1603,.T.);
#1603 = SURFACE_CURVE('',#1604,(#1609,#1616),.PCURVE_S1.);
#1604 = CIRCLE('',#1605,8.);
#1605 = AXIS2_PLACEMENT_3D('',#1606,#1607,#1608);
#1606 = CARTESIAN_POINT('',(43.5,-43.5,2.));
#1607 = DIRECTION('',(0.,-0.,-1.));
#1608 = DIRECTION('',(1.,0.,-0.));
#1609 = PCURVE('',#441,#1610);
#1610 = DEFINITIONAL_REPRESENTATION('',(#1611),#1615);
#1611 = LINE('',#1612,#1613);
#1612 = CARTESIAN_POINT('',(-0.,2.));
#1613 = VECTOR('',#1614,1.);
#1614 = DIRECTION('',(-1.,0.));
#1615 = ( GEOMETRIC_REPRESENTATION_CONTEXT(2) 
PARAMETRIC_REPRESENTATION_CONTEXT() REPRESENTATION_CONTEXT('2D SPACE',''
  ) );
#1616 = PCURVE('',#1188,#1617);
#1617 = DEFINITIONAL_REPRESENTATION('',(#1618),#1622);
#1618 = LINE('',#1619,#1620);
#1619 = CARTESIAN_POINT('',(0.,0.));
#1620 = VECTOR('',#1621,1.);
#1621 = DIRECTION('',(1.,0.));
#1622 = ( GEOMETRIC_REPRESENTATION_CONTEXT(2) 
PARAMETRIC_REPRESENTATION_CONTEXT() REPRESENTATION_CONTEXT('2D SPACE',''
  ) );
#1623 = ORIENTED_EDGE('',*,*,#1025,.T.);
#1624 = ORIENTED_EDGE('',*,*,#420,.F.);
#1625 = ADVANCED_FACE('',(#1626),#498,.T.);
#1626 = FACE_BOUND('',#1627,.T.);
#1627 = EDGE_LOOP('',(#1628,#1651,#1673,#1674));
#1628 = ORIENTED_EDGE('',*,*,#1629,.F.);
#1629 = EDGE_CURVE('',#1630,#454,#1632,.T.);
#1630 = VERTEX_POINT('',#1631);
#1631 = CARTESIAN_POINT('',(51.5,43.5,2.));
#1632 = SURFACE_CURVE('',#1633,(#1637,#1644),.PCURVE_S1.);
#1633 = LINE('',#1634,#1635);
#1634 = CARTESIAN_POINT('',(51.5,43.5,0.));
#1635 = VECTOR('',#1636,1.);
#1636 = DIRECTION('',(0.,0.,1.));
#1637 = PCURVE('',#498,#1638);
#1638 = DEFINITIONAL_REPRESENTATION('',(#1639),#1643);
#1639 = LINE('',#1640,#1641);
#1640 = CARTESIAN_POINT('',(0.,0.));
#1641 = VECTOR('',#1642,1.);
#1642 = DIRECTION('',(0.,1.));
#1643 = ( GEOMETRIC_REPRESENTATION_CONTEXT(2) 
PARAMETRIC_REPRESENTATION_CONTEXT() REPRESENTATION_CONTEXT('2D SPACE',''
  ) );
#1644 = PCURVE('',#469,#1645);
#1645 = DEFINITIONAL_REPRESENTATION('',(#1646),#1650);
#1646 = LINE('',#1647,#1648);
#1647 = CARTESIAN_POINT('',(0.,-95.));
#1648 = VECTOR('',#1649,1.);
#1649 = DIRECTION('',(1.,0.));
#1650 = ( GEOMETRIC_REPRESENTATION_CONTEXT(2) 
PARAMETRIC_REPRESENTATION_CONTEXT() REPRESENTATION_CONTEXT('2D SPACE',''
  ) );
#1651 = ORIENTED_EDGE('',*,*,#1652,.F.);
#1652 = EDGE_CURVE('',#1471,#1630,#1653,.T.);
#1653 = SURFACE_CURVE('',#1654,(#1659,#1666),.PCURVE_S1.);
#1654 = CIRCLE('',#1655,8.);
#1655 = AXIS2_PLACEMENT_3D('',#1656,#1657,#1658);
#1656 = CARTESIAN_POINT('',(43.5,43.5,2.));
#1657 = DIRECTION('',(0.,-0.,-1.));
#1658 = DIRECTION('',(0.,1.,-0.));
#1659 = PCURVE('',#498,#1660);
#1660 = DEFINITIONAL_REPRESENTATION('',(#1661),#1665);
#1661 = LINE('',#1662,#1663);
#1662 = CARTESIAN_POINT('',(1.570796326795,2.));
#1663 = VECTOR('',#1664,1.);
#1664 = DIRECTION('',(-1.,-0.));
#1665 = ( GEOMETRIC_REPRESENTATION_CONTEXT(2) 
PARAMETRIC_REPRESENTATION_CONTEXT() REPRESENTATION_CONTEXT('2D SPACE',''
  ) );
#1666 = PCURVE('',#1249,#1667);
#1667 = DEFINITIONAL_REPRESENTATION('',(#1668),#1672);
#1668 = LINE('',#1669,#1670);
#1669 = CARTESIAN_POINT('',(0.,0.));
#1670 = VECTOR('',#1671,1.);
#1671 = DIRECTION('',(1.,0.));
#1672 = ( GEOMETRIC_REPRESENTATION_CONTEXT(2) 
PARAMETRIC_REPRESENTATION_CONTEXT() REPRESENTATION_CONTEXT('2D SPACE',''
  ) );
#1673 = ORIENTED_EDGE('',*,*,#1470,.T.);
#1674 = ORIENTED_EDGE('',*,*,#481,.F.);
#1675 = ADVANCED_FACE('',(#1676,#1702,#1733),#469,.T.);
#1676 = FACE_BOUND('',#1677,.T.);
#1677 = EDGE_LOOP('',(#1678,#1679,#1700,#1701));
#1678 = ORIENTED_EDGE('',*,*,#1579,.F.);
#1679 = ORIENTED_EDGE('',*,*,#1680,.F.);
#1680 = EDGE_CURVE('',#1630,#1580,#1681,.T.);
#1681 = SURFACE_CURVE('',#1682,(#1686,#1693),.PCURVE_S1.);
#1682 = LINE('',#1683,#1684);
#1683 = CARTESIAN_POINT('',(51.5,43.5,2.));
#1684 = VECTOR('',#1685,1.);
#1685 = DIRECTION('',(-0.,-1.,-0.));
#1686 = PCURVE('',#469,#1687);
#1687 = DEFINITIONAL_REPRESENTATION('',(#1688),#1692);
#1688 = LINE('',#1689,#1690);
#1689 = CARTESIAN_POINT('',(2.,-95.));
#1690 = VECTOR('',#1691,1.);
#1691 = DIRECTION('',(-0.,1.));
#1692 = ( GEOMETRIC_REPRESENTATION_CONTEXT(2) 
PARAMETRIC_REPRESENTATION_CONTEXT() REPRESENTATION_CONTEXT('2D SPACE',''
  ) );
#1693 = PCURVE('',#1216,#1694);
#1694 = DEFINITIONAL_REPRESENTATION('',(#1695),#1699);
#1695 = LINE('',#1696,#1697);
#1696 = CARTESIAN_POINT('',(-0.,0.));
#1697 = VECTOR('',#1698,1.);
#1698 = DIRECTION('',(-0.,1.));
#1699 = ( GEOMETRIC_REPRESENTATION_CONTEXT(2) 
PARAMETRIC_REPRESENTATION_CONTEXT() REPRESENTATION_CONTEXT('2D SPACE',''
  ) );
#1700 = ORIENTED_EDGE('',*,*,#1629,.T.);
#1701 = ORIENTED_EDGE('',*,*,#453,.F.);
#1702 = FACE_BOUND('',#1703,.T.);
#1703 = EDGE_LOOP('',(#1704));
#1704 = ORIENTED_EDGE('',*,*,#1705,.F.);
#1705 = EDGE_CURVE('',#1706,#1706,#1708,.T.);
#1706 = VERTEX_POINT('',#1707);
#1707 = CARTESIAN_POINT('',(51.5,20.,11.5));
#1708 = SURFACE_CURVE('',#1709,(#1714,#1721),.PCURVE_S1.);
#1709 = CIRCLE('',#1710,17.5);
#1710 = AXIS2_PLACEMENT_3D('',#1711,#1712,#1713);
#1711 = CARTESIAN_POINT('',(51.5,20.,29.));
#1712 = DIRECTION('',(1.,-0.,1.110223024625E-16));
#1713 = DIRECTION('',(1.110223024625E-16,0.,-1.));
#1714 = PCURVE('',#469,#1715);
#1715 = DEFINITIONAL_REPRESENTATION('',(#1716),#1720);
#1716 = CIRCLE('',#1717,17.5);
#1717 = AXIS2_PLACEMENT_2D('',#1718,#1719);
#1718 = CARTESIAN_POINT('',(29.,-71.5));
#1719 = DIRECTION('',(-1.,0.));
#1720 = ( GEOMETRIC_REPRESENTATION_CONTEXT(2) 
PARAMETRIC_REPRESENTATION_CONTEXT() REPRESENTATION_CONTEXT('2D SPACE',''
  ) );
#1721 = PCURVE('',#1722,#1727);
#1722 = CYLINDRICAL_SURFACE('',#1723,17.5);
#1723 = AXIS2_PLACEMENT_3D('',#1724,#1725,#1726);
#1724 = CARTESIAN_POINT('',(51.5,20.,29.));
#1725 = DIRECTION('',(-1.,-0.,-1.110223024625E-16));
#1726 = DIRECTION('',(1.110223024625E-16,0.,-1.));
#1727 = DEFINITIONAL_REPRESENTATION('',(#1728),#1732);
#1728 = LINE('',#1729,#1730);
#1729 = CARTESIAN_POINT('',(-0.,0.));
#1730 = VECTOR('',#1731,1.);
#1731 = DIRECTION('',(-1.,0.));
#1732 = ( GEOMETRIC_REPRESENTATION_CONTEXT(2) 
PARAMETRIC_REPRESENTATION_CONTEXT() REPRESENTATION_CONTEXT('2D SPACE',''
  ) );
#1733 = FACE_BOUND('',#1734,.T.);
#1734 = EDGE_LOOP('',(#1735));
#1735 = ORIENTED_EDGE('',*,*,#1736,.F.);
#1736 = EDGE_CURVE('',#1737,#1737,#1739,.T.);
#1737 = VERTEX_POINT('',#1738);
#1738 = CARTESIAN_POINT('',(51.5,-20.,11.5));
#1739 = SURFACE_CURVE('',#1740,(#1745,#1752),.PCURVE_S1.);
#1740 = CIRCLE('',#1741,17.5);
#1741 = AXIS2_PLACEMENT_3D('',#1742,#1743,#1744);
#1742 = CARTESIAN_POINT('',(51.5,-20.,29.));
#1743 = DIRECTION('',(1.,-0.,1.110223024625E-16));
#1744 = DIRECTION('',(1.110223024625E-16,0.,-1.));
#1745 = PCURVE('',#469,#1746);
#1746 = DEFINITIONAL_REPRESENTATION('',(#1747),#1751);
#1747 = CIRCLE('',#1748,17.5);
#1748 = AXIS2_PLACEMENT_2D('',#1749,#1750);
#1749 = CARTESIAN_POINT('',(29.,-31.5));
#1750 = DIRECTION('',(-1.,0.));
#1751 = ( GEOMETRIC_REPRESENTATION_CONTEXT(2) 
PARAMETRIC_REPRESENTATION_CONTEXT() REPRESENTATION_CONTEXT('2D SPACE',''
  ) );
#1752 = PCURVE('',#1753,#1758);
#1753 = CYLINDRICAL_SURFACE('',#1754,17.5);
#1754 = AXIS2_PLACEMENT_3D('',#1755,#1756,#1757);
#1755 = CARTESIAN_POINT('',(51.5,-20.,29.));
#1756 = DIRECTION('',(-1.,-0.,-1.110223024625E-16));
#1757 = DIRECTION('',(1.110223024625E-16,0.,-1.));
#1758 = DEFINITIONAL_REPRESENTATION('',(#1759),#1763);
#1759 = LINE('',#1760,#1761);
#1760 = CARTESIAN_POINT('',(-0.,0.));
#1761 = VECTOR('',#1762,1.);
#1762 = DIRECTION('',(-1.,0.));
#1763 = ( GEOMETRIC_REPRESENTATION_CONTEXT(2) 
PARAMETRIC_REPRESENTATION_CONTEXT() REPRESENTATION_CONTEXT('2D SPACE',''
  ) );
#1764 = ADVANCED_FACE('',(#1765),#585,.F.);
#1765 = FACE_BOUND('',#1766,.F.);
#1766 = EDGE_LOOP('',(#1767,#1790,#1823,#1844));
#1767 = ORIENTED_EDGE('',*,*,#1768,.F.);
#1768 = EDGE_CURVE('',#1769,#567,#1771,.T.);
#1769 = VERTEX_POINT('',#1770);
#1770 = CARTESIAN_POINT('',(-48.5,-43.5,46.25));
#1771 = SURFACE_CURVE('',#1772,(#1776,#1783),.PCURVE_S1.);
#1772 = LINE('',#1773,#1774);
#1773 = CARTESIAN_POINT('',(-48.5,-43.5,3.));
#1774 = VECTOR('',#1775,1.);
#1775 = DIRECTION('',(0.,0.,1.));
#1776 = PCURVE('',#585,#1777);
#1777 = DEFINITIONAL_REPRESENTATION('',(#1778),#1782);
#1778 = LINE('',#1779,#1780);
#1779 = CARTESIAN_POINT('',(0.,0.));
#1780 = VECTOR('',#1781,1.);
#1781 = DIRECTION('',(0.,1.));
#1782 = ( GEOMETRIC_REPRESENTATION_CONTEXT(2) 
PARAMETRIC_REPRESENTATION_CONTEXT() REPRESENTATION_CONTEXT('2D SPACE',''
  ) );
#1783 = PCURVE('',#613,#1784);
#1784 = DEFINITIONAL_REPRESENTATION('',(#1785),#1789);
#1785 = LINE('',#1786,#1787);
#1786 = CARTESIAN_POINT('',(0.,-5.));
#1787 = VECTOR('',#1788,1.);
#1788 = DIRECTION('',(1.,0.));
#1789 = ( GEOMETRIC_REPRESENTATION_CONTEXT(2) 
PARAMETRIC_REPRESENTATION_CONTEXT() REPRESENTATION_CONTEXT('2D SPACE',''
  ) );
#1790 = ORIENTED_EDGE('',*,*,#1791,.F.);
#1791 = EDGE_CURVE('',#1792,#1769,#1794,.T.);
#1792 = VERTEX_POINT('',#1793);
#1793 = CARTESIAN_POINT('',(-43.5,-48.5,46.25));
#1794 = SURFACE_CURVE('',#1795,(#1800,#1807),.PCURVE_S1.);
#1795 = CIRCLE('',#1796,5.);
#1796 = AXIS2_PLACEMENT_3D('',#1797,#1798,#1799);
#1797 = CARTESIAN_POINT('',(-43.5,-43.5,46.25));
#1798 = DIRECTION('',(0.,-0.,-1.));
#1799 = DIRECTION('',(0.,-1.,0.));
#1800 = PCURVE('',#585,#1801);
#1801 = DEFINITIONAL_REPRESENTATION('',(#1802),#1806);
#1802 = LINE('',#1803,#1804);
#1803 = CARTESIAN_POINT('',(1.570796326795,43.25));
#1804 = VECTOR('',#1805,1.);
#1805 = DIRECTION('',(-1.,-0.));
#1806 = ( GEOMETRIC_REPRESENTATION_CONTEXT(2) 
PARAMETRIC_REPRESENTATION_CONTEXT() REPRESENTATION_CONTEXT('2D SPACE',''
  ) );
#1807 = PCURVE('',#1808,#1813);
#1808 = PLANE('',#1809);
#1809 = AXIS2_PLACEMENT_3D('',#1810,#1811,#1812);
#1810 = CARTESIAN_POINT('',(-48.5,-48.5,46.25));
#1811 = DIRECTION('',(0.,0.,1.));
#1812 = DIRECTION('',(1.,0.,0.));
#1813 = DEFINITIONAL_REPRESENTATION('',(#1814),#1822);
#1814 = ( BOUNDED_CURVE() B_SPLINE_CURVE(2,(#1815,#1816,#1817,#1818,
#1819,#1820,#1821),.UNSPECIFIED.,.T.,.F.) B_SPLINE_CURVE_WITH_KNOTS((1,2
    ,2,2,2,1),(-2.094395102393,0.,2.094395102393,4.188790204786,
6.28318530718,8.377580409573),.UNSPECIFIED.) CURVE() 
GEOMETRIC_REPRESENTATION_ITEM() RATIONAL_B_SPLINE_CURVE((1.,0.5,1.,0.5,
1.,0.5,1.)) REPRESENTATION_ITEM('') );
#1815 = CARTESIAN_POINT('',(5.,0.));
#1816 = CARTESIAN_POINT('',(-3.660254037844,0.));
#1817 = CARTESIAN_POINT('',(0.669872981078,7.5));
#1818 = CARTESIAN_POINT('',(5.,15.));
#1819 = CARTESIAN_POINT('',(9.330127018922,7.5));
#1820 = CARTESIAN_POINT('',(13.660254037844,7.993605777301E-15));
#1821 = CARTESIAN_POINT('',(5.,0.));
#1822 = ( GEOMETRIC_REPRESENTATION_CONTEXT(2) 
PARAMETRIC_REPRESENTATION_CONTEXT() REPRESENTATION_CONTEXT('2D SPACE',''
  ) );
#1823 = ORIENTED_EDGE('',*,*,#1824,.T.);
#1824 = EDGE_CURVE('',#1792,#569,#1825,.T.);
#1825 = SURFACE_CURVE('',#1826,(#1830,#1837),.PCURVE_S1.);
#1826 = LINE('',#1827,#1828);
#1827 = CARTESIAN_POINT('',(-43.5,-48.5,3.));
#1828 = VECTOR('',#1829,1.);
#1829 = DIRECTION('',(0.,0.,1.));
#1830 = PCURVE('',#585,#1831);
#1831 = DEFINITIONAL_REPRESENTATION('',(#1832),#1836);
#1832 = LINE('',#1833,#1834);
#1833 = CARTESIAN_POINT('',(1.570796326795,0.));
#1834 = VECTOR('',#1835,1.);
#1835 = DIRECTION('',(0.,1.));
#1836 = ( GEOMETRIC_REPRESENTATION_CONTEXT(2) 
PARAMETRIC_REPRESENTATION_CONTEXT() REPRESENTATION_CONTEXT('2D SPACE',''
  ) );
#1837 = PCURVE('',#790,#1838);
#1838 = DEFINITIONAL_REPRESENTATION('',(#1839),#1843);
#1839 = LINE('',#1840,#1841);
#1840 = CARTESIAN_POINT('',(0.,5.));
#1841 = VECTOR('',#1842,1.);
#1842 = DIRECTION('',(1.,0.));
#1843 = ( GEOMETRIC_REPRESENTATION_CONTEXT(2) 
PARAMETRIC_REPRESENTATION_CONTEXT() REPRESENTATION_CONTEXT('2D SPACE',''
  ) );
#1844 = ORIENTED_EDGE('',*,*,#566,.F.);
#1845 = ADVANCED_FACE('',(#1846),#790,.T.);
#1846 = FACE_BOUND('',#1847,.T.);
#1847 = EDGE_LOOP('',(#1848,#1871,#1872,#1873));
#1848 = ORIENTED_EDGE('',*,*,#1849,.F.);
#1849 = EDGE_CURVE('',#1792,#1850,#1852,.T.);
#1850 = VERTEX_POINT('',#1851);
#1851 = CARTESIAN_POINT('',(43.5,-48.5,46.25));
#1852 = SURFACE_CURVE('',#1853,(#1857,#1864),.PCURVE_S1.);
#1853 = LINE('',#1854,#1855);
#1854 = CARTESIAN_POINT('',(-48.5,-48.5,46.25));
#1855 = VECTOR('',#1856,1.);
#1856 = DIRECTION('',(1.,0.,0.));
#1857 = PCURVE('',#790,#1858);
#1858 = DEFINITIONAL_REPRESENTATION('',(#1859),#1863);
#1859 = LINE('',#1860,#1861);
#1860 = CARTESIAN_POINT('',(43.25,0.));
#1861 = VECTOR('',#1862,1.);
#1862 = DIRECTION('',(0.,1.));
#1863 = ( GEOMETRIC_REPRESENTATION_CONTEXT(2) 
PARAMETRIC_REPRESENTATION_CONTEXT() REPRESENTATION_CONTEXT('2D SPACE',''
  ) );
#1864 = PCURVE('',#1808,#1865);
#1865 = DEFINITIONAL_REPRESENTATION('',(#1866),#1870);
#1866 = LINE('',#1867,#1868);
#1867 = CARTESIAN_POINT('',(0.,0.));
#1868 = VECTOR('',#1869,1.);
#1869 = DIRECTION('',(1.,0.));
#1870 = ( GEOMETRIC_REPRESENTATION_CONTEXT(2) 
PARAMETRIC_REPRESENTATION_CONTEXT() REPRESENTATION_CONTEXT('2D SPACE',''
  ) );
#1871 = ORIENTED_EDGE('',*,*,#1824,.T.);
#1872 = ORIENTED_EDGE('',*,*,#776,.T.);
#1873 = ORIENTED_EDGE('',*,*,#1874,.F.);
#1874 = EDGE_CURVE('',#1850,#744,#1875,.T.);
#1875 = SURFACE_CURVE('',#1876,(#1880,#1887),.PCURVE_S1.);
#1876 = LINE('',#1877,#1878);
#1877 = CARTESIAN_POINT('',(43.5,-48.5,3.));
#1878 = VECTOR('',#1879,1.);
#1879 = DIRECTION('',(0.,0.,1.));
#1880 = PCURVE('',#790,#1881);
#1881 = DEFINITIONAL_REPRESENTATION('',(#1882),#1886);
#1882 = LINE('',#1883,#1884);
#1883 = CARTESIAN_POINT('',(0.,92.));
#1884 = VECTOR('',#1885,1.);
#1885 = DIRECTION('',(1.,0.));
#1886 = ( GEOMETRIC_REPRESENTATION_CONTEXT(2) 
PARAMETRIC_REPRESENTATION_CONTEXT() REPRESENTATION_CONTEXT('2D SPACE',''
  ) );
#1887 = PCURVE('',#764,#1888);
#1888 = DEFINITIONAL_REPRESENTATION('',(#1889),#1893);
#1889 = LINE('',#1890,#1891);
#1890 = CARTESIAN_POINT('',(-1.570796326795,0.));
#1891 = VECTOR('',#1892,1.);
#1892 = DIRECTION('',(-0.,1.));
#1893 = ( GEOMETRIC_REPRESENTATION_CONTEXT(2) 
PARAMETRIC_REPRESENTATION_CONTEXT() REPRESENTATION_CONTEXT('2D SPACE',''
  ) );
#1894 = ADVANCED_FACE('',(#1895),#764,.F.);
#1895 = FACE_BOUND('',#1896,.T.);
#1896 = EDGE_LOOP('',(#1897,#1920,#1946,#1947));
#1897 = ORIENTED_EDGE('',*,*,#1898,.F.);
#1898 = EDGE_CURVE('',#1899,#716,#1901,.T.);
#1899 = VERTEX_POINT('',#1900);
#1900 = CARTESIAN_POINT('',(48.5,-43.5,46.25));
#1901 = SURFACE_CURVE('',#1902,(#1906,#1913),.PCURVE_S1.);
#1902 = LINE('',#1903,#1904);
#1903 = CARTESIAN_POINT('',(48.5,-43.5,3.));
#1904 = VECTOR('',#1905,1.);
#1905 = DIRECTION('',(0.,0.,1.));
#1906 = PCURVE('',#764,#1907);
#1907 = DEFINITIONAL_REPRESENTATION('',(#1908),#1912);
#1908 = LINE('',#1909,#1910);
#1909 = CARTESIAN_POINT('',(-0.,0.));
#1910 = VECTOR('',#1911,1.);
#1911 = DIRECTION('',(-0.,1.));
#1912 = ( GEOMETRIC_REPRESENTATION_CONTEXT(2) 
PARAMETRIC_REPRESENTATION_CONTEXT() REPRESENTATION_CONTEXT('2D SPACE',''
  ) );
#1913 = PCURVE('',#731,#1914);
#1914 = DEFINITIONAL_REPRESENTATION('',(#1915),#1919);
#1915 = LINE('',#1916,#1917);
#1916 = CARTESIAN_POINT('',(0.,-5.));
#1917 = VECTOR('',#1918,1.);
#1918 = DIRECTION('',(1.,0.));
#1919 = ( GEOMETRIC_REPRESENTATION_CONTEXT(2) 
PARAMETRIC_REPRESENTATION_CONTEXT() REPRESENTATION_CONTEXT('2D SPACE',''
  ) );
#1920 = ORIENTED_EDGE('',*,*,#1921,.T.);
#1921 = EDGE_CURVE('',#1899,#1850,#1922,.T.);
#1922 = SURFACE_CURVE('',#1923,(#1928,#1935),.PCURVE_S1.);
#1923 = CIRCLE('',#1924,5.);
#1924 = AXIS2_PLACEMENT_3D('',#1925,#1926,#1927);
#1925 = CARTESIAN_POINT('',(43.5,-43.5,46.25));
#1926 = DIRECTION('',(0.,0.,-1.));
#1927 = DIRECTION('',(1.,0.,0.));
#1928 = PCURVE('',#764,#1929);
#1929 = DEFINITIONAL_REPRESENTATION('',(#1930),#1934);
#1930 = LINE('',#1931,#1932);
#1931 = CARTESIAN_POINT('',(-0.,43.25));
#1932 = VECTOR('',#1933,1.);
#1933 = DIRECTION('',(-1.,-0.));
#1934 = ( GEOMETRIC_REPRESENTATION_CONTEXT(2) 
PARAMETRIC_REPRESENTATION_CONTEXT() REPRESENTATION_CONTEXT('2D SPACE',''
  ) );
#1935 = PCURVE('',#1808,#1936);
#1936 = DEFINITIONAL_REPRESENTATION('',(#1937),#1945);
#1937 = ( BOUNDED_CURVE() B_SPLINE_CURVE(2,(#1938,#1939,#1940,#1941,
#1942,#1943,#1944),.UNSPECIFIED.,.T.,.F.) B_SPLINE_CURVE_WITH_KNOTS((1,2
    ,2,2,2,1),(-2.094395102393,0.,2.094395102393,4.188790204786,
6.28318530718,8.377580409573),.UNSPECIFIED.) CURVE() 
GEOMETRIC_REPRESENTATION_ITEM() RATIONAL_B_SPLINE_CURVE((1.,0.5,1.,0.5,
1.,0.5,1.)) REPRESENTATION_ITEM('') );
#1938 = CARTESIAN_POINT('',(97.,5.));
#1939 = CARTESIAN_POINT('',(97.,-3.660254037844));
#1940 = CARTESIAN_POINT('',(89.5,0.669872981078));
#1941 = CARTESIAN_POINT('',(82.,5.));
#1942 = CARTESIAN_POINT('',(89.5,9.330127018922));
#1943 = CARTESIAN_POINT('',(97.,13.660254037844));
#1944 = CARTESIAN_POINT('',(97.,5.));
#1945 = ( GEOMETRIC_REPRESENTATION_CONTEXT(2) 
PARAMETRIC_REPRESENTATION_CONTEXT() REPRESENTATION_CONTEXT('2D SPACE',''
  ) );
#1946 = ORIENTED_EDGE('',*,*,#1874,.T.);
#1947 = ORIENTED_EDGE('',*,*,#743,.F.);
#1948 = ADVANCED_FACE('',(#1949),#731,.F.);
#1949 = FACE_BOUND('',#1950,.F.);
#1950 = EDGE_LOOP('',(#1951,#1952,#1953,#1976));
#1951 = ORIENTED_EDGE('',*,*,#715,.F.);
#1952 = ORIENTED_EDGE('',*,*,#1898,.F.);
#1953 = ORIENTED_EDGE('',*,*,#1954,.T.);
#1954 = EDGE_CURVE('',#1899,#1955,#1957,.T.);
#1955 = VERTEX_POINT('',#1956);
#1956 = CARTESIAN_POINT('',(48.5,43.5,46.25));
#1957 = SURFACE_CURVE('',#1958,(#1962,#1969),.PCURVE_S1.);
#1958 = LINE('',#1959,#1960);
#1959 = CARTESIAN_POINT('',(48.5,-48.5,46.25));
#1960 = VECTOR('',#1961,1.);
#1961 = DIRECTION('',(0.,1.,0.));
#1962 = PCURVE('',#731,#1963);
#1963 = DEFINITIONAL_REPRESENTATION('',(#1964),#1968);
#1964 = LINE('',#1965,#1966);
#1965 = CARTESIAN_POINT('',(43.25,0.));
#1966 = VECTOR('',#1967,1.);
#1967 = DIRECTION('',(0.,-1.));
#1968 = ( GEOMETRIC_REPRESENTATION_CONTEXT(2) 
PARAMETRIC_REPRESENTATION_CONTEXT() REPRESENTATION_CONTEXT('2D SPACE',''
  ) );
#1969 = PCURVE('',#1808,#1970);
#1970 = DEFINITIONAL_REPRESENTATION('',(#1971),#1975);
#1971 = LINE('',#1972,#1973);
#1972 = CARTESIAN_POINT('',(97.,0.));
#1973 = VECTOR('',#1974,1.);
#1974 = DIRECTION('',(0.,1.));
#1975 = ( GEOMETRIC_REPRESENTATION_CONTEXT(2) 
PARAMETRIC_REPRESENTATION_CONTEXT() REPRESENTATION_CONTEXT('2D SPACE',''
  ) );
#1976 = ORIENTED_EDGE('',*,*,#1977,.T.);
#1977 = EDGE_CURVE('',#1955,#687,#1978,.T.);
#1978 = SURFACE_CURVE('',#1979,(#1983,#1990),.PCURVE_S1.);
#1979 = LINE('',#1980,#1981);
#1980 = CARTESIAN_POINT('',(48.5,43.5,3.));
#1981 = VECTOR('',#1982,1.);
#1982 = DIRECTION('',(0.,0.,1.));
#1983 = PCURVE('',#731,#1984);
#1984 = DEFINITIONAL_REPRESENTATION('',(#1985),#1989);
#1985 = LINE('',#1986,#1987);
#1986 = CARTESIAN_POINT('',(0.,-92.));
#1987 = VECTOR('',#1988,1.);
#1988 = DIRECTION('',(1.,0.));
#1989 = ( GEOMETRIC_REPRESENTATION_CONTEXT(2) 
PARAMETRIC_REPRESENTATION_CONTEXT() REPRESENTATION_CONTEXT('2D SPACE',''
  ) );
#1990 = PCURVE('',#703,#1991);
#1991 = DEFINITIONAL_REPRESENTATION('',(#1992),#1996);
#1992 = LINE('',#1993,#1994);
#1993 = CARTESIAN_POINT('',(0.,0.));
#1994 = VECTOR('',#1995,1.);
#1995 = DIRECTION('',(0.,1.));
#1996 = ( GEOMETRIC_REPRESENTATION_CONTEXT(2) 
PARAMETRIC_REPRESENTATION_CONTEXT() REPRESENTATION_CONTEXT('2D SPACE',''
  ) );
#1997 = ADVANCED_FACE('',(#1998),#703,.F.);
#1998 = FACE_BOUND('',#1999,.F.);
#1999 = EDGE_LOOP('',(#2000,#2001,#2029,#2050));
#2000 = ORIENTED_EDGE('',*,*,#1977,.F.);
#2001 = ORIENTED_EDGE('',*,*,#2002,.F.);
#2002 = EDGE_CURVE('',#2003,#1955,#2005,.T.);
#2003 = VERTEX_POINT('',#2004);
#2004 = CARTESIAN_POINT('',(43.5,48.5,46.25));
#2005 = SURFACE_CURVE('',#2006,(#2011,#2018),.PCURVE_S1.);
#2006 = CIRCLE('',#2007,5.);
#2007 = AXIS2_PLACEMENT_3D('',#2008,#2009,#2010);
#2008 = CARTESIAN_POINT('',(43.5,43.5,46.25));
#2009 = DIRECTION('',(0.,0.,-1.));
#2010 = DIRECTION('',(0.,1.,0.));
#2011 = PCURVE('',#703,#2012);
#2012 = DEFINITIONAL_REPRESENTATION('',(#2013),#2017);
#2013 = LINE('',#2014,#2015);
#2014 = CARTESIAN_POINT('',(1.570796326795,43.25));
#2015 = VECTOR('',#2016,1.);
#2016 = DIRECTION('',(-1.,-0.));
#2017 = ( GEOMETRIC_REPRESENTATION_CONTEXT(2) 
PARAMETRIC_REPRESENTATION_CONTEXT() REPRESENTATION_CONTEXT('2D SPACE',''
  ) );
#2018 = PCURVE('',#1808,#2019);
#2019 = DEFINITIONAL_REPRESENTATION('',(#2020),#2028);
#2020 = ( BOUNDED_CURVE() B_SPLINE_CURVE(2,(#2021,#2022,#2023,#2024,
#2025,#2026,#2027),.UNSPECIFIED.,.T.,.F.) B_SPLINE_CURVE_WITH_KNOTS((1,2
    ,2,2,2,1),(-2.094395102393,0.,2.094395102393,4.188790204786,
6.28318530718,8.377580409573),.UNSPECIFIED.) CURVE() 
GEOMETRIC_REPRESENTATION_ITEM() RATIONAL_B_SPLINE_CURVE((1.,0.5,1.,0.5,
1.,0.5,1.)) REPRESENTATION_ITEM('') );
#2021 = CARTESIAN_POINT('',(92.,97.));
#2022 = CARTESIAN_POINT('',(100.66025403784,97.));
#2023 = CARTESIAN_POINT('',(96.330127018922,89.5));
#2024 = CARTESIAN_POINT('',(92.,82.));
#2025 = CARTESIAN_POINT('',(87.669872981078,89.5));
#2026 = CARTESIAN_POINT('',(83.339745962156,97.));
#2027 = CARTESIAN_POINT('',(92.,97.));
#2028 = ( GEOMETRIC_REPRESENTATION_CONTEXT(2) 
PARAMETRIC_REPRESENTATION_CONTEXT() REPRESENTATION_CONTEXT('2D SPACE',''
  ) );
#2029 = ORIENTED_EDGE('',*,*,#2030,.T.);
#2030 = EDGE_CURVE('',#2003,#659,#2031,.T.);
#2031 = SURFACE_CURVE('',#2032,(#2036,#2043),.PCURVE_S1.);
#2032 = LINE('',#2033,#2034);
#2033 = CARTESIAN_POINT('',(43.5,48.5,3.));
#2034 = VECTOR('',#2035,1.);
#2035 = DIRECTION('',(0.,0.,1.));
#2036 = PCURVE('',#703,#2037);
#2037 = DEFINITIONAL_REPRESENTATION('',(#2038),#2042);
#2038 = LINE('',#2039,#2040);
#2039 = CARTESIAN_POINT('',(1.570796326795,0.));
#2040 = VECTOR('',#2041,1.);
#2041 = DIRECTION('',(0.,1.));
#2042 = ( GEOMETRIC_REPRESENTATION_CONTEXT(2) 
PARAMETRIC_REPRESENTATION_CONTEXT() REPRESENTATION_CONTEXT('2D SPACE',''
  ) );
#2043 = PCURVE('',#674,#2044);
#2044 = DEFINITIONAL_REPRESENTATION('',(#2045),#2049);
#2045 = LINE('',#2046,#2047);
#2046 = CARTESIAN_POINT('',(0.,92.));
#2047 = VECTOR('',#2048,1.);
#2048 = DIRECTION('',(1.,0.));
#2049 = ( GEOMETRIC_REPRESENTATION_CONTEXT(2) 
PARAMETRIC_REPRESENTATION_CONTEXT() REPRESENTATION_CONTEXT('2D SPACE',''
  ) );
#2050 = ORIENTED_EDGE('',*,*,#686,.F.);
#2051 = ADVANCED_FACE('',(#2052),#674,.F.);
#2052 = FACE_BOUND('',#2053,.F.);
#2053 = EDGE_LOOP('',(#2054,#2077,#2098,#2099));
#2054 = ORIENTED_EDGE('',*,*,#2055,.F.);
#2055 = EDGE_CURVE('',#2056,#2003,#2058,.T.);
#2056 = VERTEX_POINT('',#2057);
#2057 = CARTESIAN_POINT('',(-43.5,48.5,46.25));
#2058 = SURFACE_CURVE('',#2059,(#2063,#2070),.PCURVE_S1.);
#2059 = LINE('',#2060,#2061);
#2060 = CARTESIAN_POINT('',(-48.5,48.5,46.25));
#2061 = VECTOR('',#2062,1.);
#2062 = DIRECTION('',(1.,0.,0.));
#2063 = PCURVE('',#674,#2064);
#2064 = DEFINITIONAL_REPRESENTATION('',(#2065),#2069);
#2065 = LINE('',#2066,#2067);
#2066 = CARTESIAN_POINT('',(43.25,0.));
#2067 = VECTOR('',#2068,1.);
#2068 = DIRECTION('',(0.,1.));
#2069 = ( GEOMETRIC_REPRESENTATION_CONTEXT(2) 
PARAMETRIC_REPRESENTATION_CONTEXT() REPRESENTATION_CONTEXT('2D SPACE',''
  ) );
#2070 = PCURVE('',#1808,#2071);
#2071 = DEFINITIONAL_REPRESENTATION('',(#2072),#2076);
#2072 = LINE('',#2073,#2074);
#2073 = CARTESIAN_POINT('',(0.,97.));
#2074 = VECTOR('',#2075,1.);
#2075 = DIRECTION('',(1.,0.));
#2076 = ( GEOMETRIC_REPRESENTATION_CONTEXT(2) 
PARAMETRIC_REPRESENTATION_CONTEXT() REPRESENTATION_CONTEXT('2D SPACE',''
  ) );
#2077 = ORIENTED_EDGE('',*,*,#2078,.T.);
#2078 = EDGE_CURVE('',#2056,#626,#2079,.T.);
#2079 = SURFACE_CURVE('',#2080,(#2084,#2091),.PCURVE_S1.);
#2080 = LINE('',#2081,#2082);
#2081 = CARTESIAN_POINT('',(-43.5,48.5,3.));
#2082 = VECTOR('',#2083,1.);
#2083 = DIRECTION('',(0.,0.,1.));
#2084 = PCURVE('',#674,#2085);
#2085 = DEFINITIONAL_REPRESENTATION('',(#2086),#2090);
#2086 = LINE('',#2087,#2088);
#2087 = CARTESIAN_POINT('',(0.,5.));
#2088 = VECTOR('',#2089,1.);
#2089 = DIRECTION('',(1.,0.));
#2090 = ( GEOMETRIC_REPRESENTATION_CONTEXT(2) 
PARAMETRIC_REPRESENTATION_CONTEXT() REPRESENTATION_CONTEXT('2D SPACE',''
  ) );
#2091 = PCURVE('',#646,#2092);
#2092 = DEFINITIONAL_REPRESENTATION('',(#2093),#2097);
#2093 = LINE('',#2094,#2095);
#2094 = CARTESIAN_POINT('',(-1.570796326795,0.));
#2095 = VECTOR('',#2096,1.);
#2096 = DIRECTION('',(-0.,1.));
#2097 = ( GEOMETRIC_REPRESENTATION_CONTEXT(2) 
PARAMETRIC_REPRESENTATION_CONTEXT() REPRESENTATION_CONTEXT('2D SPACE',''
  ) );
#2098 = ORIENTED_EDGE('',*,*,#658,.T.);
#2099 = ORIENTED_EDGE('',*,*,#2030,.F.);
#2100 = ADVANCED_FACE('',(#2101),#646,.F.);
#2101 = FACE_BOUND('',#2102,.T.);
#2102 = EDGE_LOOP('',(#2103,#2126,#2152,#2153));
#2103 = ORIENTED_EDGE('',*,*,#2104,.F.);
#2104 = EDGE_CURVE('',#2105,#598,#2107,.T.);
#2105 = VERTEX_POINT('',#2106);
#2106 = CARTESIAN_POINT('',(-48.5,43.5,46.25));
#2107 = SURFACE_CURVE('',#2108,(#2112,#2119),.PCURVE_S1.);
#2108 = LINE('',#2109,#2110);
#2109 = CARTESIAN_POINT('',(-48.5,43.5,3.));
#2110 = VECTOR('',#2111,1.);
#2111 = DIRECTION('',(0.,0.,1.));
#2112 = PCURVE('',#646,#2113);
#2113 = DEFINITIONAL_REPRESENTATION('',(#2114),#2118);
#2114 = LINE('',#2115,#2116);
#2115 = CARTESIAN_POINT('',(-0.,0.));
#2116 = VECTOR('',#2117,1.);
#2117 = DIRECTION('',(-0.,1.));
#2118 = ( GEOMETRIC_REPRESENTATION_CONTEXT(2) 
PARAMETRIC_REPRESENTATION_CONTEXT() REPRESENTATION_CONTEXT('2D SPACE',''
  ) );
#2119 = PCURVE('',#613,#2120);
#2120 = DEFINITIONAL_REPRESENTATION('',(#2121),#2125);
#2121 = LINE('',#2122,#2123);
#2122 = CARTESIAN_POINT('',(0.,-92.));
#2123 = VECTOR('',#2124,1.);
#2124 = DIRECTION('',(1.,0.));
#2125 = ( GEOMETRIC_REPRESENTATION_CONTEXT(2) 
PARAMETRIC_REPRESENTATION_CONTEXT() REPRESENTATION_CONTEXT('2D SPACE',''
  ) );
#2126 = ORIENTED_EDGE('',*,*,#2127,.T.);
#2127 = EDGE_CURVE('',#2105,#2056,#2128,.T.);
#2128 = SURFACE_CURVE('',#2129,(#2134,#2141),.PCURVE_S1.);
#2129 = CIRCLE('',#2130,5.);
#2130 = AXIS2_PLACEMENT_3D('',#2131,#2132,#2133);
#2131 = CARTESIAN_POINT('',(-43.5,43.5,46.25));
#2132 = DIRECTION('',(0.,0.,-1.));
#2133 = DIRECTION('',(-1.,0.,0.));
#2134 = PCURVE('',#646,#2135);
#2135 = DEFINITIONAL_REPRESENTATION('',(#2136),#2140);
#2136 = LINE('',#2137,#2138);
#2137 = CARTESIAN_POINT('',(-0.,43.25));
#2138 = VECTOR('',#2139,1.);
#2139 = DIRECTION('',(-1.,-0.));
#2140 = ( GEOMETRIC_REPRESENTATION_CONTEXT(2) 
PARAMETRIC_REPRESENTATION_CONTEXT() REPRESENTATION_CONTEXT('2D SPACE',''
  ) );
#2141 = PCURVE('',#1808,#2142);
#2142 = DEFINITIONAL_REPRESENTATION('',(#2143),#2151);
#2143 = ( BOUNDED_CURVE() B_SPLINE_CURVE(2,(#2144,#2145,#2146,#2147,
#2148,#2149,#2150),.UNSPECIFIED.,.T.,.F.) B_SPLINE_CURVE_WITH_KNOTS((1,2
    ,2,2,2,1),(-2.094395102393,0.,2.094395102393,4.188790204786,
6.28318530718,8.377580409573),.UNSPECIFIED.) CURVE() 
GEOMETRIC_REPRESENTATION_ITEM() RATIONAL_B_SPLINE_CURVE((1.,0.5,1.,0.5,
1.,0.5,1.)) REPRESENTATION_ITEM('') );
#2144 = CARTESIAN_POINT('',(0.,92.));
#2145 = CARTESIAN_POINT('',(0.,100.66025403784));
#2146 = CARTESIAN_POINT('',(7.5,96.330127018922));
#2147 = CARTESIAN_POINT('',(15.,92.));
#2148 = CARTESIAN_POINT('',(7.5,87.669872981078));
#2149 = CARTESIAN_POINT('',(7.993605777301E-15,83.339745962156));
#2150 = CARTESIAN_POINT('',(0.,92.));
#2151 = ( GEOMETRIC_REPRESENTATION_CONTEXT(2) 
PARAMETRIC_REPRESENTATION_CONTEXT() REPRESENTATION_CONTEXT('2D SPACE',''
  ) );
#2152 = ORIENTED_EDGE('',*,*,#2078,.T.);
#2153 = ORIENTED_EDGE('',*,*,#625,.F.);
#2154 = ADVANCED_FACE('',(#2155),#613,.T.);
#2155 = FACE_BOUND('',#2156,.T.);
#2156 = EDGE_LOOP('',(#2157,#2158,#2159,#2180));
#2157 = ORIENTED_EDGE('',*,*,#597,.F.);
#2158 = ORIENTED_EDGE('',*,*,#1768,.F.);
#2159 = ORIENTED_EDGE('',*,*,#2160,.T.);
#2160 = EDGE_CURVE('',#1769,#2105,#2161,.T.);
#2161 = SURFACE_CURVE('',#2162,(#2166,#2173),.PCURVE_S1.);
#2162 = LINE('',#2163,#2164);
#2163 = CARTESIAN_POINT('',(-48.5,-48.5,46.25));
#2164 = VECTOR('',#2165,1.);
#2165 = DIRECTION('',(0.,1.,0.));
#2166 = PCURVE('',#613,#2167);
#2167 = DEFINITIONAL_REPRESENTATION('',(#2168),#2172);
#2168 = LINE('',#2169,#2170);
#2169 = CARTESIAN_POINT('',(43.25,0.));
#2170 = VECTOR('',#2171,1.);
#2171 = DIRECTION('',(0.,-1.));
#2172 = ( GEOMETRIC_REPRESENTATION_CONTEXT(2) 
PARAMETRIC_REPRESENTATION_CONTEXT() REPRESENTATION_CONTEXT('2D SPACE',''
  ) );
#2173 = PCURVE('',#1808,#2174);
#2174 = DEFINITIONAL_REPRESENTATION('',(#2175),#2179);
#2175 = LINE('',#2176,#2177);
#2176 = CARTESIAN_POINT('',(0.,0.));
#2177 = VECTOR('',#2178,1.);
#2178 = DIRECTION('',(0.,1.));
#2179 = ( GEOMETRIC_REPRESENTATION_CONTEXT(2) 
PARAMETRIC_REPRESENTATION_CONTEXT() REPRESENTATION_CONTEXT('2D SPACE',''
  ) );
#2180 = ORIENTED_EDGE('',*,*,#2104,.T.);
#2181 = ADVANCED_FACE('',(#2182,#2185),#893,.T.);
#2182 = FACE_BOUND('',#2183,.T.);
#2183 = EDGE_LOOP('',(#2184));
#2184 = ORIENTED_EDGE('',*,*,#878,.T.);
#2185 = FACE_BOUND('',#2186,.T.);
#2186 = EDGE_LOOP('',(#2187));
#2187 = ORIENTED_EDGE('',*,*,#2188,.T.);
#2188 = EDGE_CURVE('',#2189,#2189,#2191,.T.);
#2189 = VERTEX_POINT('',#2190);
#2190 = CARTESIAN_POINT('',(-53.5,20.,43.6));
#2191 = SURFACE_CURVE('',#2192,(#2197,#2208),.PCURVE_S1.);
#2192 = CIRCLE('',#2193,14.6);
#2193 = AXIS2_PLACEMENT_3D('',#2194,#2195,#2196);
#2194 = CARTESIAN_POINT('',(-53.5,20.,29.));
#2195 = DIRECTION('',(1.,0.,-1.110223024625E-16));
#2196 = DIRECTION('',(1.110223024625E-16,0.,1.));
#2197 = PCURVE('',#893,#2198);
#2198 = DEFINITIONAL_REPRESENTATION('',(#2199),#2207);
#2199 = ( BOUNDED_CURVE() B_SPLINE_CURVE(2,(#2200,#2201,#2202,#2203,
#2204,#2205,#2206),.UNSPECIFIED.,.T.,.F.) B_SPLINE_CURVE_WITH_KNOTS((1,2
    ,2,2,2,1),(-2.094395102393,0.,2.094395102393,4.188790204786,
6.28318530718,8.377580409573),.UNSPECIFIED.) CURVE() 
GEOMETRIC_REPRESENTATION_ITEM() RATIONAL_B_SPLINE_CURVE((1.,0.5,1.,0.5,
1.,0.5,1.)) REPRESENTATION_ITEM('') );
#2200 = CARTESIAN_POINT('',(14.6,0.));
#2201 = CARTESIAN_POINT('',(14.6,-25.2879417905));
#2202 = CARTESIAN_POINT('',(-7.3,-12.64397089525));
#2203 = CARTESIAN_POINT('',(-29.2,-3.57596865351E-15));
#2204 = CARTESIAN_POINT('',(-7.3,12.643970895253));
#2205 = CARTESIAN_POINT('',(14.6,25.287941790506));
#2206 = CARTESIAN_POINT('',(14.6,0.));
#2207 = ( GEOMETRIC_REPRESENTATION_CONTEXT(2) 
PARAMETRIC_REPRESENTATION_CONTEXT() REPRESENTATION_CONTEXT('2D SPACE',''
  ) );
#2208 = PCURVE('',#2209,#2214);
#2209 = CYLINDRICAL_SURFACE('',#2210,14.6);
#2210 = AXIS2_PLACEMENT_3D('',#2211,#2212,#2213);
#2211 = CARTESIAN_POINT('',(-52.7,20.,29.));
#2212 = DIRECTION('',(1.,-0.,-1.110223024625E-16));
#2213 = DIRECTION('',(1.110223024625E-16,0.,1.));
#2214 = DEFINITIONAL_REPRESENTATION('',(#2215),#2219);
#2215 = LINE('',#2216,#2217);
#2216 = CARTESIAN_POINT('',(-6.28318530718,-0.8));
#2217 = VECTOR('',#2218,1.);
#2218 = DIRECTION('',(1.,-0.));
#2219 = ( GEOMETRIC_REPRESENTATION_CONTEXT(2) 
PARAMETRIC_REPRESENTATION_CONTEXT() REPRESENTATION_CONTEXT('2D SPACE',''
  ) );
#2220 = ADVANCED_FACE('',(#2221,#2224),#948,.T.);
#2221 = FACE_BOUND('',#2222,.T.);
#2222 = EDGE_LOOP('',(#2223));
#2223 = ORIENTED_EDGE('',*,*,#933,.T.);
#2224 = FACE_BOUND('',#2225,.T.);
#2225 = EDGE_LOOP('',(#2226));
#2226 = ORIENTED_EDGE('',*,*,#2227,.T.);
#2227 = EDGE_CURVE('',#2228,#2228,#2230,.T.);
#2228 = VERTEX_POINT('',#2229);
#2229 = CARTESIAN_POINT('',(-53.5,-20.,43.6));
#2230 = SURFACE_CURVE('',#2231,(#2236,#2247),.PCURVE_S1.);
#2231 = CIRCLE('',#2232,14.6);
#2232 = AXIS2_PLACEMENT_3D('',#2233,#2234,#2235);
#2233 = CARTESIAN_POINT('',(-53.5,-20.,29.));
#2234 = DIRECTION('',(1.,0.,-1.110223024625E-16));
#2235 = DIRECTION('',(1.110223024625E-16,0.,1.));
#2236 = PCURVE('',#948,#2237);
#2237 = DEFINITIONAL_REPRESENTATION('',(#2238),#2246);
#2238 = ( BOUNDED_CURVE() B_SPLINE_CURVE(2,(#2239,#2240,#2241,#2242,
#2243,#2244,#2245),.UNSPECIFIED.,.T.,.F.) B_SPLINE_CURVE_WITH_KNOTS((1,2
    ,2,2,2,1),(-2.094395102393,0.,2.094395102393,4.188790204786,
6.28318530718,8.377580409573),.UNSPECIFIED.) CURVE() 
GEOMETRIC_REPRESENTATION_ITEM() RATIONAL_B_SPLINE_CURVE((1.,0.5,1.,0.5,
1.,0.5,1.)) REPRESENTATION_ITEM('') );
#2239 = CARTESIAN_POINT('',(14.6,0.));
#2240 = CARTESIAN_POINT('',(14.6,-25.2879417905));
#2241 = CARTESIAN_POINT('',(-7.3,-12.64397089525));
#2242 = CARTESIAN_POINT('',(-29.2,-3.57596865351E-15));
#2243 = CARTESIAN_POINT('',(-7.3,12.643970895253));
#2244 = CARTESIAN_POINT('',(14.6,25.287941790506));
#2245 = CARTESIAN_POINT('',(14.6,0.));
#2246 = ( GEOMETRIC_REPRESENTATION_CONTEXT(2) 
PARAMETRIC_REPRESENTATION_CONTEXT() REPRESENTATION_CONTEXT('2D SPACE',''
  ) );
#2247 = PCURVE('',#2248,#2253);
#2248 = CYLINDRICAL_SURFACE('',#2249,14.6);
#2249 = AXIS2_PLACEMENT_3D('',#2250,#2251,#2252);
#2250 = CARTESIAN_POINT('',(-52.7,-20.,29.));
#2251 = DIRECTION('',(1.,-0.,-1.110223024625E-16));
#2252 = DIRECTION('',(1.110223024625E-16,0.,1.));
#2253 = DEFINITIONAL_REPRESENTATION('',(#2254),#2258);
#2254 = LINE('',#2255,#2256);
#2255 = CARTESIAN_POINT('',(-6.28318530718,-0.8));
#2256 = VECTOR('',#2257,1.);
#2257 = DIRECTION('',(1.,-0.));
#2258 = ( GEOMETRIC_REPRESENTATION_CONTEXT(2) 
PARAMETRIC_REPRESENTATION_CONTEXT() REPRESENTATION_CONTEXT('2D SPACE',''
  ) );
#2259 = ADVANCED_FACE('',(#2260),#981,.T.);
#2260 = FACE_BOUND('',#2261,.F.);
#2261 = EDGE_LOOP('',(#2262,#2282,#2283,#2284));
#2262 = ORIENTED_EDGE('',*,*,#2263,.T.);
#2263 = EDGE_CURVE('',#1026,#1145,#2264,.T.);
#2264 = SURFACE_CURVE('',#2265,(#2270,#2276),.PCURVE_S1.);
#2265 = CIRCLE('',#2266,2.);
#2266 = AXIS2_PLACEMENT_3D('',#2267,#2268,#2269);
#2267 = CARTESIAN_POINT('',(43.5,-49.5,2.));
#2268 = DIRECTION('',(1.,6.123233995737E-17,0.));
#2269 = DIRECTION('',(6.123233995737E-17,-1.,0.));
#2270 = PCURVE('',#981,#2271);
#2271 = DEFINITIONAL_REPRESENTATION('',(#2272),#2275);
#2272 = B_SPLINE_CURVE_WITH_KNOTS('',1,(#2273,#2274),.UNSPECIFIED.,.F.,
  .F.,(2,2),(0.,1.570796326795),.PIECEWISE_BEZIER_KNOTS.);
#2273 = CARTESIAN_POINT('',(0.,0.));
#2274 = CARTESIAN_POINT('',(-1.570796326795,0.));
#2275 = ( GEOMETRIC_REPRESENTATION_CONTEXT(2) 
PARAMETRIC_REPRESENTATION_CONTEXT() REPRESENTATION_CONTEXT('2D SPACE',''
  ) );
#2276 = PCURVE('',#1188,#2277);
#2277 = DEFINITIONAL_REPRESENTATION('',(#2278),#2281);
#2278 = B_SPLINE_CURVE_WITH_KNOTS('',1,(#2279,#2280),.UNSPECIFIED.,.F.,
  .F.,(2,2),(0.,1.570796326795),.PIECEWISE_BEZIER_KNOTS.);
#2279 = CARTESIAN_POINT('',(1.570796326795,0.));
#2280 = CARTESIAN_POINT('',(1.570796326795,1.570796326795));
#2281 = ( GEOMETRIC_REPRESENTATION_CONTEXT(2) 
PARAMETRIC_REPRESENTATION_CONTEXT() REPRESENTATION_CONTEXT('2D SPACE',''
  ) );
#2282 = ORIENTED_EDGE('',*,*,#1144,.T.);
#2283 = ORIENTED_EDGE('',*,*,#965,.F.);
#2284 = ORIENTED_EDGE('',*,*,#1048,.F.);
#2285 = ADVANCED_FACE('',(#2286),#1092,.T.);
#2286 = FACE_BOUND('',#2287,.F.);
#2287 = EDGE_LOOP('',(#2288,#2311,#2338,#2339));
#2288 = ORIENTED_EDGE('',*,*,#2289,.T.);
#2289 = EDGE_CURVE('',#1072,#2290,#2292,.T.);
#2290 = VERTEX_POINT('',#2291);
#2291 = CARTESIAN_POINT('',(-2.5,-53.5,29.));
#2292 = SEAM_CURVE('',#2293,(#2297,#2304),.PCURVE_S1.);
#2293 = LINE('',#2294,#2295);
#2294 = CARTESIAN_POINT('',(-2.5,-51.5,29.));
#2295 = VECTOR('',#2296,1.);
#2296 = DIRECTION('',(0.,-1.,1.110223024625E-16));
#2297 = PCURVE('',#1092,#2298);
#2298 = DEFINITIONAL_REPRESENTATION('',(#2299),#2303);
#2299 = LINE('',#2300,#2301);
#2300 = CARTESIAN_POINT('',(-0.,0.));
#2301 = VECTOR('',#2302,1.);
#2302 = DIRECTION('',(-0.,-1.));
#2303 = ( GEOMETRIC_REPRESENTATION_CONTEXT(2) 
PARAMETRIC_REPRESENTATION_CONTEXT() REPRESENTATION_CONTEXT('2D SPACE',''
  ) );
#2304 = PCURVE('',#1092,#2305);
#2305 = DEFINITIONAL_REPRESENTATION('',(#2306),#2310);
#2306 = LINE('',#2307,#2308);
#2307 = CARTESIAN_POINT('',(-6.28318530718,0.));
#2308 = VECTOR('',#2309,1.);
#2309 = DIRECTION('',(-0.,-1.));
#2310 = ( GEOMETRIC_REPRESENTATION_CONTEXT(2) 
PARAMETRIC_REPRESENTATION_CONTEXT() REPRESENTATION_CONTEXT('2D SPACE',''
  ) );
#2311 = ORIENTED_EDGE('',*,*,#2312,.T.);
#2312 = EDGE_CURVE('',#2290,#2290,#2313,.T.);
#2313 = SURFACE_CURVE('',#2314,(#2319,#2326),.PCURVE_S1.);
#2314 = CIRCLE('',#2315,17.5);
#2315 = AXIS2_PLACEMENT_3D('',#2316,#2317,#2318);
#2316 = CARTESIAN_POINT('',(-20.,-53.5,29.));
#2317 = DIRECTION('',(0.,-1.,1.110223024625E-16));
#2318 = DIRECTION('',(1.,0.,0.));
#2319 = PCURVE('',#1092,#2320);
#2320 = DEFINITIONAL_REPRESENTATION('',(#2321),#2325);
#2321 = LINE('',#2322,#2323);
#2322 = CARTESIAN_POINT('',(-0.,-2.));
#2323 = VECTOR('',#2324,1.);
#2324 = DIRECTION('',(-1.,0.));
#2325 = ( GEOMETRIC_REPRESENTATION_CONTEXT(2) 
PARAMETRIC_REPRESENTATION_CONTEXT() REPRESENTATION_CONTEXT('2D SPACE',''
  ) );
#2326 = PCURVE('',#2327,#2332);
#2327 = PLANE('',#2328);
#2328 = AXIS2_PLACEMENT_3D('',#2329,#2330,#2331);
#2329 = CARTESIAN_POINT('',(-20.,-53.5,29.));
#2330 = DIRECTION('',(0.,-1.,1.110223024625E-16));
#2331 = DIRECTION('',(1.,0.,0.));
#2332 = DEFINITIONAL_REPRESENTATION('',(#2333),#2337);
#2333 = CIRCLE('',#2334,17.5);
#2334 = AXIS2_PLACEMENT_2D('',#2335,#2336);
#2335 = CARTESIAN_POINT('',(0.,0.));
#2336 = DIRECTION('',(1.,0.));
#2337 = ( GEOMETRIC_REPRESENTATION_CONTEXT(2) 
PARAMETRIC_REPRESENTATION_CONTEXT() REPRESENTATION_CONTEXT('2D SPACE',''
  ) );
#2338 = ORIENTED_EDGE('',*,*,#2289,.F.);
#2339 = ORIENTED_EDGE('',*,*,#1071,.F.);
#2340 = ADVANCED_FACE('',(#2341),#1127,.T.);
#2341 = FACE_BOUND('',#2342,.F.);
#2342 = EDGE_LOOP('',(#2343,#2366,#2393,#2394));
#2343 = ORIENTED_EDGE('',*,*,#2344,.T.);
#2344 = EDGE_CURVE('',#1107,#2345,#2347,.T.);
#2345 = VERTEX_POINT('',#2346);
#2346 = CARTESIAN_POINT('',(37.5,-53.5,29.));
#2347 = SEAM_CURVE('',#2348,(#2352,#2359),.PCURVE_S1.);
#2348 = LINE('',#2349,#2350);
#2349 = CARTESIAN_POINT('',(37.5,-51.5,29.));
#2350 = VECTOR('',#2351,1.);
#2351 = DIRECTION('',(0.,-1.,1.110223024625E-16));
#2352 = PCURVE('',#1127,#2353);
#2353 = DEFINITIONAL_REPRESENTATION('',(#2354),#2358);
#2354 = LINE('',#2355,#2356);
#2355 = CARTESIAN_POINT('',(-0.,0.));
#2356 = VECTOR('',#2357,1.);
#2357 = DIRECTION('',(-0.,-1.));
#2358 = ( GEOMETRIC_REPRESENTATION_CONTEXT(2) 
PARAMETRIC_REPRESENTATION_CONTEXT() REPRESENTATION_CONTEXT('2D SPACE',''
  ) );
#2359 = PCURVE('',#1127,#2360);
#2360 = DEFINITIONAL_REPRESENTATION('',(#2361),#2365);
#2361 = LINE('',#2362,#2363);
#2362 = CARTESIAN_POINT('',(-6.28318530718,0.));
#2363 = VECTOR('',#2364,1.);
#2364 = DIRECTION('',(-0.,-1.));
#2365 = ( GEOMETRIC_REPRESENTATION_CONTEXT(2) 
PARAMETRIC_REPRESENTATION_CONTEXT() REPRESENTATION_CONTEXT('2D SPACE',''
  ) );
#2366 = ORIENTED_EDGE('',*,*,#2367,.T.);
#2367 = EDGE_CURVE('',#2345,#2345,#2368,.T.);
#2368 = SURFACE_CURVE('',#2369,(#2374,#2381),.PCURVE_S1.);
#2369 = CIRCLE('',#2370,17.5);
#2370 = AXIS2_PLACEMENT_3D('',#2371,#2372,#2373);
#2371 = CARTESIAN_POINT('',(20.,-53.5,29.));
#2372 = DIRECTION('',(0.,-1.,1.110223024625E-16));
#2373 = DIRECTION('',(1.,0.,0.));
#2374 = PCURVE('',#1127,#2375);
#2375 = DEFINITIONAL_REPRESENTATION('',(#2376),#2380);
#2376 = LINE('',#2377,#2378);
#2377 = CARTESIAN_POINT('',(-0.,-2.));
#2378 = VECTOR('',#2379,1.);
#2379 = DIRECTION('',(-1.,0.));
#2380 = ( GEOMETRIC_REPRESENTATION_CONTEXT(2) 
PARAMETRIC_REPRESENTATION_CONTEXT() REPRESENTATION_CONTEXT('2D SPACE',''
  ) );
#2381 = PCURVE('',#2382,#2387);
#2382 = PLANE('',#2383);
#2383 = AXIS2_PLACEMENT_3D('',#2384,#2385,#2386);
#2384 = CARTESIAN_POINT('',(20.,-53.5,29.));
#2385 = DIRECTION('',(0.,-1.,1.110223024625E-16));
#2386 = DIRECTION('',(1.,0.,0.));
#2387 = DEFINITIONAL_REPRESENTATION('',(#2388),#2392);
#2388 = CIRCLE('',#2389,17.5);
#2389 = AXIS2_PLACEMENT_2D('',#2390,#2391);
#2390 = CARTESIAN_POINT('',(0.,0.));
#2391 = DIRECTION('',(1.,0.));
#2392 = ( GEOMETRIC_REPRESENTATION_CONTEXT(2) 
PARAMETRIC_REPRESENTATION_CONTEXT() REPRESENTATION_CONTEXT('2D SPACE',''
  ) );
#2393 = ORIENTED_EDGE('',*,*,#2344,.F.);
#2394 = ORIENTED_EDGE('',*,*,#1106,.F.);
#2395 = ADVANCED_FACE('',(#2396),#1277,.T.);
#2396 = FACE_BOUND('',#2397,.F.);
#2397 = EDGE_LOOP('',(#2398,#2399,#2400,#2420));
#2398 = ORIENTED_EDGE('',*,*,#1444,.T.);
#2399 = ORIENTED_EDGE('',*,*,#1261,.T.);
#2400 = ORIENTED_EDGE('',*,*,#2401,.F.);
#2401 = EDGE_CURVE('',#1471,#1229,#2402,.T.);
#2402 = SURFACE_CURVE('',#2403,(#2408,#2414),.PCURVE_S1.);
#2403 = CIRCLE('',#2404,2.);
#2404 = AXIS2_PLACEMENT_3D('',#2405,#2406,#2407);
#2405 = CARTESIAN_POINT('',(43.5,49.5,2.));
#2406 = DIRECTION('',(-1.,0.,-0.));
#2407 = DIRECTION('',(-0.,1.,0.));
#2408 = PCURVE('',#1277,#2409);
#2409 = DEFINITIONAL_REPRESENTATION('',(#2410),#2413);
#2410 = B_SPLINE_CURVE_WITH_KNOTS('',1,(#2411,#2412),.UNSPECIFIED.,.F.,
  .F.,(2,2),(0.,1.570796326795),.PIECEWISE_BEZIER_KNOTS.);
#2411 = CARTESIAN_POINT('',(0.,87.));
#2412 = CARTESIAN_POINT('',(-1.570796326795,87.));
#2413 = ( GEOMETRIC_REPRESENTATION_CONTEXT(2) 
PARAMETRIC_REPRESENTATION_CONTEXT() REPRESENTATION_CONTEXT('2D SPACE',''
  ) );
#2414 = PCURVE('',#1249,#2415);
#2415 = DEFINITIONAL_REPRESENTATION('',(#2416),#2419);
#2416 = B_SPLINE_CURVE_WITH_KNOTS('',1,(#2417,#2418),.UNSPECIFIED.,.F.,
  .F.,(2,2),(0.,1.570796326795),.PIECEWISE_BEZIER_KNOTS.);
#2417 = CARTESIAN_POINT('',(0.,0.));
#2418 = CARTESIAN_POINT('',(0.,1.570796326795));
#2419 = ( GEOMETRIC_REPRESENTATION_CONTEXT(2) 
PARAMETRIC_REPRESENTATION_CONTEXT() REPRESENTATION_CONTEXT('2D SPACE',''
  ) );
#2420 = ORIENTED_EDGE('',*,*,#1493,.F.);
#2421 = ADVANCED_FACE('',(#2422),#1188,.T.);
#2422 = FACE_BOUND('',#2423,.T.);
#2423 = EDGE_LOOP('',(#2424,#2444,#2445,#2446));
#2424 = ORIENTED_EDGE('',*,*,#2425,.F.);
#2425 = EDGE_CURVE('',#1580,#1168,#2426,.T.);
#2426 = SURFACE_CURVE('',#2427,(#2432,#2438),.PCURVE_S1.);
#2427 = CIRCLE('',#2428,2.);
#2428 = AXIS2_PLACEMENT_3D('',#2429,#2430,#2431);
#2429 = CARTESIAN_POINT('',(49.5,-43.5,2.));
#2430 = DIRECTION('',(0.,1.,0.));
#2431 = DIRECTION('',(1.,0.,-0.));
#2432 = PCURVE('',#1188,#2433);
#2433 = DEFINITIONAL_REPRESENTATION('',(#2434),#2437);
#2434 = B_SPLINE_CURVE_WITH_KNOTS('',1,(#2435,#2436),.UNSPECIFIED.,.F.,
  .F.,(2,2),(0.,1.570796326795),.PIECEWISE_BEZIER_KNOTS.);
#2435 = CARTESIAN_POINT('',(0.,0.));
#2436 = CARTESIAN_POINT('',(0.,1.570796326795));
#2437 = ( GEOMETRIC_REPRESENTATION_CONTEXT(2) 
PARAMETRIC_REPRESENTATION_CONTEXT() REPRESENTATION_CONTEXT('2D SPACE',''
  ) );
#2438 = PCURVE('',#1216,#2439);
#2439 = DEFINITIONAL_REPRESENTATION('',(#2440),#2443);
#2440 = B_SPLINE_CURVE_WITH_KNOTS('',1,(#2441,#2442),.UNSPECIFIED.,.F.,
  .F.,(2,2),(0.,1.570796326795),.PIECEWISE_BEZIER_KNOTS.);
#2441 = CARTESIAN_POINT('',(0.,87.));
#2442 = CARTESIAN_POINT('',(-1.570796326795,87.));
#2443 = ( GEOMETRIC_REPRESENTATION_CONTEXT(2) 
PARAMETRIC_REPRESENTATION_CONTEXT() REPRESENTATION_CONTEXT('2D SPACE',''
  ) );
#2444 = ORIENTED_EDGE('',*,*,#1602,.T.);
#2445 = ORIENTED_EDGE('',*,*,#2263,.T.);
#2446 = ORIENTED_EDGE('',*,*,#1167,.F.);
#2447 = ADVANCED_FACE('',(#2448),#1249,.T.);
#2448 = FACE_BOUND('',#2449,.T.);
#2449 = EDGE_LOOP('',(#2450,#2451,#2452,#2472));
#2450 = ORIENTED_EDGE('',*,*,#2401,.F.);
#2451 = ORIENTED_EDGE('',*,*,#1652,.T.);
#2452 = ORIENTED_EDGE('',*,*,#2453,.T.);
#2453 = EDGE_CURVE('',#1630,#1201,#2454,.T.);
#2454 = SURFACE_CURVE('',#2455,(#2460,#2466),.PCURVE_S1.);
#2455 = CIRCLE('',#2456,2.);
#2456 = AXIS2_PLACEMENT_3D('',#2457,#2458,#2459);
#2457 = CARTESIAN_POINT('',(49.5,43.5,2.));
#2458 = DIRECTION('',(-6.123233995737E-17,1.,0.));
#2459 = DIRECTION('',(1.,6.123233995737E-17,0.));
#2460 = PCURVE('',#1249,#2461);
#2461 = DEFINITIONAL_REPRESENTATION('',(#2462),#2465);
#2462 = B_SPLINE_CURVE_WITH_KNOTS('',1,(#2463,#2464),.UNSPECIFIED.,.F.,
  .F.,(2,2),(0.,1.570796326795),.PIECEWISE_BEZIER_KNOTS.);
#2463 = CARTESIAN_POINT('',(1.570796326795,0.));
#2464 = CARTESIAN_POINT('',(1.570796326795,1.570796326795));
#2465 = ( GEOMETRIC_REPRESENTATION_CONTEXT(2) 
PARAMETRIC_REPRESENTATION_CONTEXT() REPRESENTATION_CONTEXT('2D SPACE',''
  ) );
#2466 = PCURVE('',#1216,#2467);
#2467 = DEFINITIONAL_REPRESENTATION('',(#2468),#2471);
#2468 = B_SPLINE_CURVE_WITH_KNOTS('',1,(#2469,#2470),.UNSPECIFIED.,.F.,
  .F.,(2,2),(0.,1.570796326795),.PIECEWISE_BEZIER_KNOTS.);
#2469 = CARTESIAN_POINT('',(0.,0.));
#2470 = CARTESIAN_POINT('',(-1.570796326795,0.));
#2471 = ( GEOMETRIC_REPRESENTATION_CONTEXT(2) 
PARAMETRIC_REPRESENTATION_CONTEXT() REPRESENTATION_CONTEXT('2D SPACE',''
  ) );
#2472 = ORIENTED_EDGE('',*,*,#1228,.F.);
#2473 = ADVANCED_FACE('',(#2474),#1216,.T.);
#2474 = FACE_BOUND('',#2475,.F.);
#2475 = EDGE_LOOP('',(#2476,#2477,#2478,#2479));
#2476 = ORIENTED_EDGE('',*,*,#2453,.T.);
#2477 = ORIENTED_EDGE('',*,*,#1200,.T.);
#2478 = ORIENTED_EDGE('',*,*,#2425,.F.);
#2479 = ORIENTED_EDGE('',*,*,#1680,.F.);
#2480 = ADVANCED_FACE('',(#2481),#1334,.F.);
#2481 = FACE_BOUND('',#2482,.T.);
#2482 = EDGE_LOOP('',(#2483,#2506,#2533,#2534));
#2483 = ORIENTED_EDGE('',*,*,#2484,.T.);
#2484 = EDGE_CURVE('',#1318,#2485,#2487,.T.);
#2485 = VERTEX_POINT('',#2486);
#2486 = CARTESIAN_POINT('',(-30.9,-32.5,58.));
#2487 = SEAM_CURVE('',#2488,(#2492,#2499),.PCURVE_S1.);
#2488 = LINE('',#2489,#2490);
#2489 = CARTESIAN_POINT('',(-30.9,-32.5,0.));
#2490 = VECTOR('',#2491,1.);
#2491 = DIRECTION('',(0.,0.,1.));
#2492 = PCURVE('',#1334,#2493);
#2493 = DEFINITIONAL_REPRESENTATION('',(#2494),#2498);
#2494 = LINE('',#2495,#2496);
#2495 = CARTESIAN_POINT('',(-0.,0.));
#2496 = VECTOR('',#2497,1.);
#2497 = DIRECTION('',(-0.,-1.));
#2498 = ( GEOMETRIC_REPRESENTATION_CONTEXT(2) 
PARAMETRIC_REPRESENTATION_CONTEXT() REPRESENTATION_CONTEXT('2D SPACE',''
  ) );
#2499 = PCURVE('',#1334,#2500);
#2500 = DEFINITIONAL_REPRESENTATION('',(#2501),#2505);
#2501 = LINE('',#2502,#2503);
#2502 = CARTESIAN_POINT('',(-6.28318530718,0.));
#2503 = VECTOR('',#2504,1.);
#2504 = DIRECTION('',(-0.,-1.));
#2505 = ( GEOMETRIC_REPRESENTATION_CONTEXT(2) 
PARAMETRIC_REPRESENTATION_CONTEXT() REPRESENTATION_CONTEXT('2D SPACE',''
  ) );
#2506 = ORIENTED_EDGE('',*,*,#2507,.T.);
#2507 = EDGE_CURVE('',#2485,#2485,#2508,.T.);
#2508 = SURFACE_CURVE('',#2509,(#2514,#2521),.PCURVE_S1.);
#2509 = CIRCLE('',#2510,1.6);
#2510 = AXIS2_PLACEMENT_3D('',#2511,#2512,#2513);
#2511 = CARTESIAN_POINT('',(-32.5,-32.5,58.));
#2512 = DIRECTION('',(0.,0.,1.));
#2513 = DIRECTION('',(1.,0.,0.));
#2514 = PCURVE('',#1334,#2515);
#2515 = DEFINITIONAL_REPRESENTATION('',(#2516),#2520);
#2516 = LINE('',#2517,#2518);
#2517 = CARTESIAN_POINT('',(-0.,-58.));
#2518 = VECTOR('',#2519,1.);
#2519 = DIRECTION('',(-1.,0.));
#2520 = ( GEOMETRIC_REPRESENTATION_CONTEXT(2) 
PARAMETRIC_REPRESENTATION_CONTEXT() REPRESENTATION_CONTEXT('2D SPACE',''
  ) );
#2521 = PCURVE('',#2522,#2527);
#2522 = PLANE('',#2523);
#2523 = AXIS2_PLACEMENT_3D('',#2524,#2525,#2526);
#2524 = CARTESIAN_POINT('',(-32.5,-32.5,58.));
#2525 = DIRECTION('',(0.,0.,1.));
#2526 = DIRECTION('',(1.,0.,-0.));
#2527 = DEFINITIONAL_REPRESENTATION('',(#2528),#2532);
#2528 = CIRCLE('',#2529,1.6);
#2529 = AXIS2_PLACEMENT_2D('',#2530,#2531);
#2530 = CARTESIAN_POINT('',(0.,-7.105427357601E-15));
#2531 = DIRECTION('',(1.,0.));
#2532 = ( GEOMETRIC_REPRESENTATION_CONTEXT(2) 
PARAMETRIC_REPRESENTATION_CONTEXT() REPRESENTATION_CONTEXT('2D SPACE',''
  ) );
#2533 = ORIENTED_EDGE('',*,*,#2484,.F.);
#2534 = ORIENTED_EDGE('',*,*,#1317,.F.);
#2535 = ADVANCED_FACE('',(#2536),#1365,.F.);
#2536 = FACE_BOUND('',#2537,.T.);
#2537 = EDGE_LOOP('',(#2538,#2561,#2588,#2589));
#2538 = ORIENTED_EDGE('',*,*,#2539,.T.);
#2539 = EDGE_CURVE('',#1349,#2540,#2542,.T.);
#2540 = VERTEX_POINT('',#2541);
#2541 = CARTESIAN_POINT('',(34.1,-32.5,58.));
#2542 = SEAM_CURVE('',#2543,(#2547,#2554),.PCURVE_S1.);
#2543 = LINE('',#2544,#2545);
#2544 = CARTESIAN_POINT('',(34.1,-32.5,0.));
#2545 = VECTOR('',#2546,1.);
#2546 = DIRECTION('',(0.,0.,1.));
#2547 = PCURVE('',#1365,#2548);
#2548 = DEFINITIONAL_REPRESENTATION('',(#2549),#2553);
#2549 = LINE('',#2550,#2551);
#2550 = CARTESIAN_POINT('',(-0.,0.));
#2551 = VECTOR('',#2552,1.);
#2552 = DIRECTION('',(-0.,-1.));
#2553 = ( GEOMETRIC_REPRESENTATION_CONTEXT(2) 
PARAMETRIC_REPRESENTATION_CONTEXT() REPRESENTATION_CONTEXT('2D SPACE',''
  ) );
#2554 = PCURVE('',#1365,#2555);
#2555 = DEFINITIONAL_REPRESENTATION('',(#2556),#2560);
#2556 = LINE('',#2557,#2558);
#2557 = CARTESIAN_POINT('',(-6.28318530718,0.));
#2558 = VECTOR('',#2559,1.);
#2559 = DIRECTION('',(-0.,-1.));
#2560 = ( GEOMETRIC_REPRESENTATION_CONTEXT(2) 
PARAMETRIC_REPRESENTATION_CONTEXT() REPRESENTATION_CONTEXT('2D SPACE',''
  ) );
#2561 = ORIENTED_EDGE('',*,*,#2562,.T.);
#2562 = EDGE_CURVE('',#2540,#2540,#2563,.T.);
#2563 = SURFACE_CURVE('',#2564,(#2569,#2576),.PCURVE_S1.);
#2564 = CIRCLE('',#2565,1.6);
#2565 = AXIS2_PLACEMENT_3D('',#2566,#2567,#2568);
#2566 = CARTESIAN_POINT('',(32.5,-32.5,58.));
#2567 = DIRECTION('',(0.,0.,1.));
#2568 = DIRECTION('',(1.,0.,0.));
#2569 = PCURVE('',#1365,#2570);
#2570 = DEFINITIONAL_REPRESENTATION('',(#2571),#2575);
#2571 = LINE('',#2572,#2573);
#2572 = CARTESIAN_POINT('',(-0.,-58.));
#2573 = VECTOR('',#2574,1.);
#2574 = DIRECTION('',(-1.,0.));
#2575 = ( GEOMETRIC_REPRESENTATION_CONTEXT(2) 
PARAMETRIC_REPRESENTATION_CONTEXT() REPRESENTATION_CONTEXT('2D SPACE',''
  ) );
#2576 = PCURVE('',#2577,#2582);
#2577 = PLANE('',#2578);
#2578 = AXIS2_PLACEMENT_3D('',#2579,#2580,#2581);
#2579 = CARTESIAN_POINT('',(32.5,-32.5,58.));
#2580 = DIRECTION('',(0.,0.,1.));
#2581 = DIRECTION('',(1.,0.,-0.));
#2582 = DEFINITIONAL_REPRESENTATION('',(#2583),#2587);
#2583 = CIRCLE('',#2584,1.6);
#2584 = AXIS2_PLACEMENT_2D('',#2585,#2586);
#2585 = CARTESIAN_POINT('',(7.105427357601E-15,-7.105427357601E-15));
#2586 = DIRECTION('',(1.,0.));
#2587 = ( GEOMETRIC_REPRESENTATION_CONTEXT(2) 
PARAMETRIC_REPRESENTATION_CONTEXT() REPRESENTATION_CONTEXT('2D SPACE',''
  ) );
#2588 = ORIENTED_EDGE('',*,*,#2539,.F.);
#2589 = ORIENTED_EDGE('',*,*,#1348,.F.);
#2590 = ADVANCED_FACE('',(#2591),#1396,.F.);
#2591 = FACE_BOUND('',#2592,.T.);
#2592 = EDGE_LOOP('',(#2593,#2616,#2643,#2644));
#2593 = ORIENTED_EDGE('',*,*,#2594,.T.);
#2594 = EDGE_CURVE('',#1380,#2595,#2597,.T.);
#2595 = VERTEX_POINT('',#2596);
#2596 = CARTESIAN_POINT('',(-30.9,32.5,58.));
#2597 = SEAM_CURVE('',#2598,(#2602,#2609),.PCURVE_S1.);
#2598 = LINE('',#2599,#2600);
#2599 = CARTESIAN_POINT('',(-30.9,32.5,0.));
#2600 = VECTOR('',#2601,1.);
#2601 = DIRECTION('',(0.,0.,1.));
#2602 = PCURVE('',#1396,#2603);
#2603 = DEFINITIONAL_REPRESENTATION('',(#2604),#2608);
#2604 = LINE('',#2605,#2606);
#2605 = CARTESIAN_POINT('',(-0.,0.));
#2606 = VECTOR('',#2607,1.);
#2607 = DIRECTION('',(-0.,-1.));
#2608 = ( GEOMETRIC_REPRESENTATION_CONTEXT(2) 
PARAMETRIC_REPRESENTATION_CONTEXT() REPRESENTATION_CONTEXT('2D SPACE',''
  ) );
#2609 = PCURVE('',#1396,#2610);
#2610 = DEFINITIONAL_REPRESENTATION('',(#2611),#2615);
#2611 = LINE('',#2612,#2613);
#2612 = CARTESIAN_POINT('',(-6.28318530718,0.));
#2613 = VECTOR('',#2614,1.);
#2614 = DIRECTION('',(-0.,-1.));
#2615 = ( GEOMETRIC_REPRESENTATION_CONTEXT(2) 
PARAMETRIC_REPRESENTATION_CONTEXT() REPRESENTATION_CONTEXT('2D SPACE',''
  ) );
#2616 = ORIENTED_EDGE('',*,*,#2617,.T.);
#2617 = EDGE_CURVE('',#2595,#2595,#2618,.T.);
#2618 = SURFACE_CURVE('',#2619,(#2624,#2631),.PCURVE_S1.);
#2619 = CIRCLE('',#2620,1.6);
#2620 = AXIS2_PLACEMENT_3D('',#2621,#2622,#2623);
#2621 = CARTESIAN_POINT('',(-32.5,32.5,58.));
#2622 = DIRECTION('',(0.,0.,1.));
#2623 = DIRECTION('',(1.,0.,0.));
#2624 = PCURVE('',#1396,#2625);
#2625 = DEFINITIONAL_REPRESENTATION('',(#2626),#2630);
#2626 = LINE('',#2627,#2628);
#2627 = CARTESIAN_POINT('',(-0.,-58.));
#2628 = VECTOR('',#2629,1.);
#2629 = DIRECTION('',(-1.,0.));
#2630 = ( GEOMETRIC_REPRESENTATION_CONTEXT(2) 
PARAMETRIC_REPRESENTATION_CONTEXT() REPRESENTATION_CONTEXT('2D SPACE',''
  ) );
#2631 = PCURVE('',#2632,#2637);
#2632 = PLANE('',#2633);
#2633 = AXIS2_PLACEMENT_3D('',#2634,#2635,#2636);
#2634 = CARTESIAN_POINT('',(-32.5,32.5,58.));
#2635 = DIRECTION('',(0.,0.,1.));
#2636 = DIRECTION('',(1.,0.,-0.));
#2637 = DEFINITIONAL_REPRESENTATION('',(#2638),#2642);
#2638 = CIRCLE('',#2639,1.6);
#2639 = AXIS2_PLACEMENT_2D('',#2640,#2641);
#2640 = CARTESIAN_POINT('',(0.,0.));
#2641 = DIRECTION('',(1.,0.));
#2642 = ( GEOMETRIC_REPRESENTATION_CONTEXT(2) 
PARAMETRIC_REPRESENTATION_CONTEXT() REPRESENTATION_CONTEXT('2D SPACE',''
  ) );
#2643 = ORIENTED_EDGE('',*,*,#2594,.F.);
#2644 = ORIENTED_EDGE('',*,*,#1379,.F.);
#2645 = ADVANCED_FACE('',(#2646),#1427,.F.);
#2646 = FACE_BOUND('',#2647,.T.);
#2647 = EDGE_LOOP('',(#2648,#2671,#2698,#2699));
#2648 = ORIENTED_EDGE('',*,*,#2649,.T.);
#2649 = EDGE_CURVE('',#1411,#2650,#2652,.T.);
#2650 = VERTEX_POINT('',#2651);
#2651 = CARTESIAN_POINT('',(34.1,32.5,58.));
#2652 = SEAM_CURVE('',#2653,(#2657,#2664),.PCURVE_S1.);
#2653 = LINE('',#2654,#2655);
#2654 = CARTESIAN_POINT('',(34.1,32.5,0.));
#2655 = VECTOR('',#2656,1.);
#2656 = DIRECTION('',(0.,0.,1.));
#2657 = PCURVE('',#1427,#2658);
#2658 = DEFINITIONAL_REPRESENTATION('',(#2659),#2663);
#2659 = LINE('',#2660,#2661);
#2660 = CARTESIAN_POINT('',(-0.,0.));
#2661 = VECTOR('',#2662,1.);
#2662 = DIRECTION('',(-0.,-1.));
#2663 = ( GEOMETRIC_REPRESENTATION_CONTEXT(2) 
PARAMETRIC_REPRESENTATION_CONTEXT() REPRESENTATION_CONTEXT('2D SPACE',''
  ) );
#2664 = PCURVE('',#1427,#2665);
#2665 = DEFINITIONAL_REPRESENTATION('',(#2666),#2670);
#2666 = LINE('',#2667,#2668);
#2667 = CARTESIAN_POINT('',(-6.28318530718,0.));
#2668 = VECTOR('',#2669,1.);
#2669 = DIRECTION('',(-0.,-1.));
#2670 = ( GEOMETRIC_REPRESENTATION_CONTEXT(2) 
PARAMETRIC_REPRESENTATION_CONTEXT() REPRESENTATION_CONTEXT('2D SPACE',''
  ) );
#2671 = ORIENTED_EDGE('',*,*,#2672,.T.);
#2672 = EDGE_CURVE('',#2650,#2650,#2673,.T.);
#2673 = SURFACE_CURVE('',#2674,(#2679,#2686),.PCURVE_S1.);
#2674 = CIRCLE('',#2675,1.6);
#2675 = AXIS2_PLACEMENT_3D('',#2676,#2677,#2678);
#2676 = CARTESIAN_POINT('',(32.5,32.5,58.));
#2677 = DIRECTION('',(0.,0.,1.));
#2678 = DIRECTION('',(1.,0.,0.));
#2679 = PCURVE('',#1427,#2680);
#2680 = DEFINITIONAL_REPRESENTATION('',(#2681),#2685);
#2681 = LINE('',#2682,#2683);
#2682 = CARTESIAN_POINT('',(-0.,-58.));
#2683 = VECTOR('',#2684,1.);
#2684 = DIRECTION('',(-1.,0.));
#2685 = ( GEOMETRIC_REPRESENTATION_CONTEXT(2) 
PARAMETRIC_REPRESENTATION_CONTEXT() REPRESENTATION_CONTEXT('2D SPACE',''
  ) );
#2686 = PCURVE('',#2687,#2692);
#2687 = PLANE('',#2688);
#2688 = AXIS2_PLACEMENT_3D('',#2689,#2690,#2691);
#2689 = CARTESIAN_POINT('',(32.5,32.5,58.));
#2690 = DIRECTION('',(0.,0.,1.));
#2691 = DIRECTION('',(1.,0.,-0.));
#2692 = DEFINITIONAL_REPRESENTATION('',(#2693),#2697);
#2693 = CIRCLE('',#2694,1.6);
#2694 = AXIS2_PLACEMENT_2D('',#2695,#2696);
#2695 = CARTESIAN_POINT('',(0.,0.));
#2696 = DIRECTION('',(1.,0.));
#2697 = ( GEOMETRIC_REPRESENTATION_CONTEXT(2) 
PARAMETRIC_REPRESENTATION_CONTEXT() REPRESENTATION_CONTEXT('2D SPACE',''
  ) );
#2698 = ORIENTED_EDGE('',*,*,#2649,.F.);
#2699 = ORIENTED_EDGE('',*,*,#1410,.F.);
#2700 = ADVANCED_FACE('',(#2701),#1533,.T.);
#2701 = FACE_BOUND('',#2702,.F.);
#2702 = EDGE_LOOP('',(#2703,#2726,#2753,#2754));
#2703 = ORIENTED_EDGE('',*,*,#2704,.T.);
#2704 = EDGE_CURVE('',#1517,#2705,#2707,.T.);
#2705 = VERTEX_POINT('',#2706);
#2706 = CARTESIAN_POINT('',(-2.5,53.5,29.));
#2707 = SEAM_CURVE('',#2708,(#2712,#2719),.PCURVE_S1.);
#2708 = LINE('',#2709,#2710);
#2709 = CARTESIAN_POINT('',(-2.5,51.5,29.));
#2710 = VECTOR('',#2711,1.);
#2711 = DIRECTION('',(0.,1.,1.110223024625E-16));
#2712 = PCURVE('',#1533,#2713);
#2713 = DEFINITIONAL_REPRESENTATION('',(#2714),#2718);
#2714 = LINE('',#2715,#2716);
#2715 = CARTESIAN_POINT('',(-0.,0.));
#2716 = VECTOR('',#2717,1.);
#2717 = DIRECTION('',(-0.,-1.));
#2718 = ( GEOMETRIC_REPRESENTATION_CONTEXT(2) 
PARAMETRIC_REPRESENTATION_CONTEXT() REPRESENTATION_CONTEXT('2D SPACE',''
  ) );
#2719 = PCURVE('',#1533,#2720);
#2720 = DEFINITIONAL_REPRESENTATION('',(#2721),#2725);
#2721 = LINE('',#2722,#2723);
#2722 = CARTESIAN_POINT('',(-6.28318530718,0.));
#2723 = VECTOR('',#2724,1.);
#2724 = DIRECTION('',(-0.,-1.));
#2725 = ( GEOMETRIC_REPRESENTATION_CONTEXT(2) 
PARAMETRIC_REPRESENTATION_CONTEXT() REPRESENTATION_CONTEXT('2D SPACE',''
  ) );
#2726 = ORIENTED_EDGE('',*,*,#2727,.T.);
#2727 = EDGE_CURVE('',#2705,#2705,#2728,.T.);
#2728 = SURFACE_CURVE('',#2729,(#2734,#2741),.PCURVE_S1.);
#2729 = CIRCLE('',#2730,17.5);
#2730 = AXIS2_PLACEMENT_3D('',#2731,#2732,#2733);
#2731 = CARTESIAN_POINT('',(-20.,53.5,29.));
#2732 = DIRECTION('',(-0.,1.,1.110223024625E-16));
#2733 = DIRECTION('',(1.,0.,0.));
#2734 = PCURVE('',#1533,#2735);
#2735 = DEFINITIONAL_REPRESENTATION('',(#2736),#2740);
#2736 = LINE('',#2737,#2738);
#2737 = CARTESIAN_POINT('',(-0.,-2.));
#2738 = VECTOR('',#2739,1.);
#2739 = DIRECTION('',(-1.,0.));
#2740 = ( GEOMETRIC_REPRESENTATION_CONTEXT(2) 
PARAMETRIC_REPRESENTATION_CONTEXT() REPRESENTATION_CONTEXT('2D SPACE',''
  ) );
#2741 = PCURVE('',#2742,#2747);
#2742 = PLANE('',#2743);
#2743 = AXIS2_PLACEMENT_3D('',#2744,#2745,#2746);
#2744 = CARTESIAN_POINT('',(-20.,53.5,29.));
#2745 = DIRECTION('',(0.,1.,1.110223024625E-16));
#2746 = DIRECTION('',(1.,0.,0.));
#2747 = DEFINITIONAL_REPRESENTATION('',(#2748),#2752);
#2748 = CIRCLE('',#2749,17.5);
#2749 = AXIS2_PLACEMENT_2D('',#2750,#2751);
#2750 = CARTESIAN_POINT('',(0.,0.));
#2751 = DIRECTION('',(1.,0.));
#2752 = ( GEOMETRIC_REPRESENTATION_CONTEXT(2) 
PARAMETRIC_REPRESENTATION_CONTEXT() REPRESENTATION_CONTEXT('2D SPACE',''
  ) );
#2753 = ORIENTED_EDGE('',*,*,#2704,.F.);
#2754 = ORIENTED_EDGE('',*,*,#1516,.F.);
#2755 = ADVANCED_FACE('',(#2756),#1564,.T.);
#2756 = FACE_BOUND('',#2757,.F.);
#2757 = EDGE_LOOP('',(#2758,#2781,#2808,#2809));
#2758 = ORIENTED_EDGE('',*,*,#2759,.T.);
#2759 = EDGE_CURVE('',#1548,#2760,#2762,.T.);
#2760 = VERTEX_POINT('',#2761);
#2761 = CARTESIAN_POINT('',(37.5,53.5,29.));
#2762 = SEAM_CURVE('',#2763,(#2767,#2774),.PCURVE_S1.);
#2763 = LINE('',#2764,#2765);
#2764 = CARTESIAN_POINT('',(37.5,51.5,29.));
#2765 = VECTOR('',#2766,1.);
#2766 = DIRECTION('',(0.,1.,1.110223024625E-16));
#2767 = PCURVE('',#1564,#2768);
#2768 = DEFINITIONAL_REPRESENTATION('',(#2769),#2773);
#2769 = LINE('',#2770,#2771);
#2770 = CARTESIAN_POINT('',(-0.,0.));
#2771 = VECTOR('',#2772,1.);
#2772 = DIRECTION('',(-0.,-1.));
#2773 = ( GEOMETRIC_REPRESENTATION_CONTEXT(2) 
PARAMETRIC_REPRESENTATION_CONTEXT() REPRESENTATION_CONTEXT('2D SPACE',''
  ) );
#2774 = PCURVE('',#1564,#2775);
#2775 = DEFINITIONAL_REPRESENTATION('',(#2776),#2780);
#2776 = LINE('',#2777,#2778);
#2777 = CARTESIAN_POINT('',(-6.28318530718,0.));
#2778 = VECTOR('',#2779,1.);
#2779 = DIRECTION('',(-0.,-1.));
#2780 = ( GEOMETRIC_REPRESENTATION_CONTEXT(2) 
PARAMETRIC_REPRESENTATION_CONTEXT() REPRESENTATION_CONTEXT('2D SPACE',''
  ) );
#2781 = ORIENTED_EDGE('',*,*,#2782,.T.);
#2782 = EDGE_CURVE('',#2760,#2760,#2783,.T.);
#2783 = SURFACE_CURVE('',#2784,(#2789,#2796),.PCURVE_S1.);
#2784 = CIRCLE('',#2785,17.5);
#2785 = AXIS2_PLACEMENT_3D('',#2786,#2787,#2788);
#2786 = CARTESIAN_POINT('',(20.,53.5,29.));
#2787 = DIRECTION('',(-0.,1.,1.110223024625E-16));
#2788 = DIRECTION('',(1.,0.,0.));
#2789 = PCURVE('',#1564,#2790);
#2790 = DEFINITIONAL_REPRESENTATION('',(#2791),#2795);
#2791 = LINE('',#2792,#2793);
#2792 = CARTESIAN_POINT('',(-0.,-2.));
#2793 = VECTOR('',#2794,1.);
#2794 = DIRECTION('',(-1.,0.));
#2795 = ( GEOMETRIC_REPRESENTATION_CONTEXT(2) 
PARAMETRIC_REPRESENTATION_CONTEXT() REPRESENTATION_CONTEXT('2D SPACE',''
  ) );
#2796 = PCURVE('',#2797,#2802);
#2797 = PLANE('',#2798);
#2798 = AXIS2_PLACEMENT_3D('',#2799,#2800,#2801);
#2799 = CARTESIAN_POINT('',(20.,53.5,29.));
#2800 = DIRECTION('',(0.,1.,1.110223024625E-16));
#2801 = DIRECTION('',(1.,0.,0.));
#2802 = DEFINITIONAL_REPRESENTATION('',(#2803),#2807);
#2803 = CIRCLE('',#2804,17.5);
#2804 = AXIS2_PLACEMENT_2D('',#2805,#2806);
#2805 = CARTESIAN_POINT('',(0.,0.));
#2806 = DIRECTION('',(1.,0.));
#2807 = ( GEOMETRIC_REPRESENTATION_CONTEXT(2) 
PARAMETRIC_REPRESENTATION_CONTEXT() REPRESENTATION_CONTEXT('2D SPACE',''
  ) );
#2808 = ORIENTED_EDGE('',*,*,#2759,.F.);
#2809 = ORIENTED_EDGE('',*,*,#1547,.F.);
#2810 = ADVANCED_FACE('',(#2811),#1722,.T.);
#2811 = FACE_BOUND('',#2812,.F.);
#2812 = EDGE_LOOP('',(#2813,#2836,#2863,#2864));
#2813 = ORIENTED_EDGE('',*,*,#2814,.T.);
#2814 = EDGE_CURVE('',#1706,#2815,#2817,.T.);
#2815 = VERTEX_POINT('',#2816);
#2816 = CARTESIAN_POINT('',(53.5,20.,11.5));
#2817 = SEAM_CURVE('',#2818,(#2822,#2829),.PCURVE_S1.);
#2818 = LINE('',#2819,#2820);
#2819 = CARTESIAN_POINT('',(51.5,20.,11.5));
#2820 = VECTOR('',#2821,1.);
#2821 = DIRECTION('',(1.,0.,1.110223024625E-16));
#2822 = PCURVE('',#1722,#2823);
#2823 = DEFINITIONAL_REPRESENTATION('',(#2824),#2828);
#2824 = LINE('',#2825,#2826);
#2825 = CARTESIAN_POINT('',(-0.,0.));
#2826 = VECTOR('',#2827,1.);
#2827 = DIRECTION('',(-0.,-1.));
#2828 = ( GEOMETRIC_REPRESENTATION_CONTEXT(2) 
PARAMETRIC_REPRESENTATION_CONTEXT() REPRESENTATION_CONTEXT('2D SPACE',''
  ) );
#2829 = PCURVE('',#1722,#2830);
#2830 = DEFINITIONAL_REPRESENTATION('',(#2831),#2835);
#2831 = LINE('',#2832,#2833);
#2832 = CARTESIAN_POINT('',(-6.28318530718,0.));
#2833 = VECTOR('',#2834,1.);
#2834 = DIRECTION('',(-0.,-1.));
#2835 = ( GEOMETRIC_REPRESENTATION_CONTEXT(2) 
PARAMETRIC_REPRESENTATION_CONTEXT() REPRESENTATION_CONTEXT('2D SPACE',''
  ) );
#2836 = ORIENTED_EDGE('',*,*,#2837,.T.);
#2837 = EDGE_CURVE('',#2815,#2815,#2838,.T.);
#2838 = SURFACE_CURVE('',#2839,(#2844,#2851),.PCURVE_S1.);
#2839 = CIRCLE('',#2840,17.5);
#2840 = AXIS2_PLACEMENT_3D('',#2841,#2842,#2843);
#2841 = CARTESIAN_POINT('',(53.5,20.,29.));
#2842 = DIRECTION('',(1.,-0.,1.110223024625E-16));
#2843 = DIRECTION('',(1.110223024625E-16,0.,-1.));
#2844 = PCURVE('',#1722,#2845);
#2845 = DEFINITIONAL_REPRESENTATION('',(#2846),#2850);
#2846 = LINE('',#2847,#2848);
#2847 = CARTESIAN_POINT('',(-0.,-2.));
#2848 = VECTOR('',#2849,1.);
#2849 = DIRECTION('',(-1.,0.));
#2850 = ( GEOMETRIC_REPRESENTATION_CONTEXT(2) 
PARAMETRIC_REPRESENTATION_CONTEXT() REPRESENTATION_CONTEXT('2D SPACE',''
  ) );
#2851 = PCURVE('',#2852,#2857);
#2852 = PLANE('',#2853);
#2853 = AXIS2_PLACEMENT_3D('',#2854,#2855,#2856);
#2854 = CARTESIAN_POINT('',(53.5,20.,29.));
#2855 = DIRECTION('',(1.,0.,1.110223024625E-16));
#2856 = DIRECTION('',(1.110223024625E-16,0.,-1.));
#2857 = DEFINITIONAL_REPRESENTATION('',(#2858),#2862);
#2858 = CIRCLE('',#2859,17.5);
#2859 = AXIS2_PLACEMENT_2D('',#2860,#2861);
#2860 = CARTESIAN_POINT('',(0.,0.));
#2861 = DIRECTION('',(1.,0.));
#2862 = ( GEOMETRIC_REPRESENTATION_CONTEXT(2) 
PARAMETRIC_REPRESENTATION_CONTEXT() REPRESENTATION_CONTEXT('2D SPACE',''
  ) );
#2863 = ORIENTED_EDGE('',*,*,#2814,.F.);
#2864 = ORIENTED_EDGE('',*,*,#1705,.F.);
#2865 = ADVANCED_FACE('',(#2866),#1753,.T.);
#2866 = FACE_BOUND('',#2867,.F.);
#2867 = EDGE_LOOP('',(#2868,#2891,#2918,#2919));
#2868 = ORIENTED_EDGE('',*,*,#2869,.T.);
#2869 = EDGE_CURVE('',#1737,#2870,#2872,.T.);
#2870 = VERTEX_POINT('',#2871);
#2871 = CARTESIAN_POINT('',(53.5,-20.,11.5));
#2872 = SEAM_CURVE('',#2873,(#2877,#2884),.PCURVE_S1.);
#2873 = LINE('',#2874,#2875);
#2874 = CARTESIAN_POINT('',(51.5,-20.,11.5));
#2875 = VECTOR('',#2876,1.);
#2876 = DIRECTION('',(1.,0.,1.110223024625E-16));
#2877 = PCURVE('',#1753,#2878);
#2878 = DEFINITIONAL_REPRESENTATION('',(#2879),#2883);
#2879 = LINE('',#2880,#2881);
#2880 = CARTESIAN_POINT('',(-0.,0.));
#2881 = VECTOR('',#2882,1.);
#2882 = DIRECTION('',(-0.,-1.));
#2883 = ( GEOMETRIC_REPRESENTATION_CONTEXT(2) 
PARAMETRIC_REPRESENTATION_CONTEXT() REPRESENTATION_CONTEXT('2D SPACE',''
  ) );
#2884 = PCURVE('',#1753,#2885);
#2885 = DEFINITIONAL_REPRESENTATION('',(#2886),#2890);
#2886 = LINE('',#2887,#2888);
#2887 = CARTESIAN_POINT('',(-6.28318530718,0.));
#2888 = VECTOR('',#2889,1.);
#2889 = DIRECTION('',(-0.,-1.));
#2890 = ( GEOMETRIC_REPRESENTATION_CONTEXT(2) 
PARAMETRIC_REPRESENTATION_CONTEXT() REPRESENTATION_CONTEXT('2D SPACE',''
  ) );
#2891 = ORIENTED_EDGE('',*,*,#2892,.T.);
#2892 = EDGE_CURVE('',#2870,#2870,#2893,.T.);
#2893 = SURFACE_CURVE('',#2894,(#2899,#2906),.PCURVE_S1.);
#2894 = CIRCLE('',#2895,17.5);
#2895 = AXIS2_PLACEMENT_3D('',#2896,#2897,#2898);
#2896 = CARTESIAN_POINT('',(53.5,-20.,29.));
#2897 = DIRECTION('',(1.,-0.,1.110223024625E-16));
#2898 = DIRECTION('',(1.110223024625E-16,0.,-1.));
#2899 = PCURVE('',#1753,#2900);
#2900 = DEFINITIONAL_REPRESENTATION('',(#2901),#2905);
#2901 = LINE('',#2902,#2903);
#2902 = CARTESIAN_POINT('',(-0.,-2.));
#2903 = VECTOR('',#2904,1.);
#2904 = DIRECTION('',(-1.,0.));
#2905 = ( GEOMETRIC_REPRESENTATION_CONTEXT(2) 
PARAMETRIC_REPRESENTATION_CONTEXT() REPRESENTATION_CONTEXT('2D SPACE',''
  ) );
#2906 = PCURVE('',#2907,#2912);
#2907 = PLANE('',#2908);
#2908 = AXIS2_PLACEMENT_3D('',#2909,#2910,#2911);
#2909 = CARTESIAN_POINT('',(53.5,-20.,29.));
#2910 = DIRECTION('',(1.,0.,1.110223024625E-16));
#2911 = DIRECTION('',(1.110223024625E-16,0.,-1.));
#2912 = DEFINITIONAL_REPRESENTATION('',(#2913),#2917);
#2913 = CIRCLE('',#2914,17.5);
#2914 = AXIS2_PLACEMENT_2D('',#2915,#2916);
#2915 = CARTESIAN_POINT('',(0.,0.));
#2916 = DIRECTION('',(1.,0.));
#2917 = ( GEOMETRIC_REPRESENTATION_CONTEXT(2) 
PARAMETRIC_REPRESENTATION_CONTEXT() REPRESENTATION_CONTEXT('2D SPACE',''
  ) );
#2918 = ORIENTED_EDGE('',*,*,#2869,.F.);
#2919 = ORIENTED_EDGE('',*,*,#1736,.F.);
#2920 = ADVANCED_FACE('',(#2921,#3035),#1808,.T.);
#2921 = FACE_BOUND('',#2922,.T.);
#2922 = EDGE_LOOP('',(#2923,#2953,#2981,#3009));
#2923 = ORIENTED_EDGE('',*,*,#2924,.F.);
#2924 = EDGE_CURVE('',#2925,#2927,#2929,.T.);
#2925 = VERTEX_POINT('',#2926);
#2926 = CARTESIAN_POINT('',(-47.,-47.,46.25));
#2927 = VERTEX_POINT('',#2928);
#2928 = CARTESIAN_POINT('',(47.,-47.,46.25));
#2929 = SURFACE_CURVE('',#2930,(#2934,#2941),.PCURVE_S1.);
#2930 = LINE('',#2931,#2932);
#2931 = CARTESIAN_POINT('',(-48.5,-47.,46.25));
#2932 = VECTOR('',#2933,1.);
#2933 = DIRECTION('',(1.,0.,0.));
#2934 = PCURVE('',#1808,#2935);
#2935 = DEFINITIONAL_REPRESENTATION('',(#2936),#2940);
#2936 = LINE('',#2937,#2938);
#2937 = CARTESIAN_POINT('',(0.,1.5));
#2938 = VECTOR('',#2939,1.);
#2939 = DIRECTION('',(1.,0.));
#2940 = ( GEOMETRIC_REPRESENTATION_CONTEXT(2) 
PARAMETRIC_REPRESENTATION_CONTEXT() REPRESENTATION_CONTEXT('2D SPACE',''
  ) );
#2941 = PCURVE('',#2942,#2947);
#2942 = PLANE('',#2943);
#2943 = AXIS2_PLACEMENT_3D('',#2944,#2945,#2946);
#2944 = CARTESIAN_POINT('',(-48.5,-47.,44.25));
#2945 = DIRECTION('',(0.,1.,0.));
#2946 = DIRECTION('',(0.,0.,1.));
#2947 = DEFINITIONAL_REPRESENTATION('',(#2948),#2952);
#2948 = LINE('',#2949,#2950);
#2949 = CARTESIAN_POINT('',(2.,0.));
#2950 = VECTOR('',#2951,1.);
#2951 = DIRECTION('',(0.,1.));
#2952 = ( GEOMETRIC_REPRESENTATION_CONTEXT(2) 
PARAMETRIC_REPRESENTATION_CONTEXT() REPRESENTATION_CONTEXT('2D SPACE',''
  ) );
#2953 = ORIENTED_EDGE('',*,*,#2954,.T.);
#2954 = EDGE_CURVE('',#2925,#2955,#2957,.T.);
#2955 = VERTEX_POINT('',#2956);
#2956 = CARTESIAN_POINT('',(-47.,47.,46.25));
#2957 = SURFACE_CURVE('',#2958,(#2962,#2969),.PCURVE_S1.);
#2958 = LINE('',#2959,#2960);
#2959 = CARTESIAN_POINT('',(-47.,-48.5,46.25));
#2960 = VECTOR('',#2961,1.);
#2961 = DIRECTION('',(0.,1.,0.));
#2962 = PCURVE('',#1808,#2963);
#2963 = DEFINITIONAL_REPRESENTATION('',(#2964),#2968);
#2964 = LINE('',#2965,#2966);
#2965 = CARTESIAN_POINT('',(1.5,0.));
#2966 = VECTOR('',#2967,1.);
#2967 = DIRECTION('',(0.,1.));
#2968 = ( GEOMETRIC_REPRESENTATION_CONTEXT(2) 
PARAMETRIC_REPRESENTATION_CONTEXT() REPRESENTATION_CONTEXT('2D SPACE',''
  ) );
#2969 = PCURVE('',#2970,#2975);
#2970 = PLANE('',#2971);
#2971 = AXIS2_PLACEMENT_3D('',#2972,#2973,#2974);
#2972 = CARTESIAN_POINT('',(-47.,-48.5,44.25));
#2973 = DIRECTION('',(1.,0.,0.));
#2974 = DIRECTION('',(0.,0.,1.));
#2975 = DEFINITIONAL_REPRESENTATION('',(#2976),#2980);
#2976 = LINE('',#2977,#2978);
#2977 = CARTESIAN_POINT('',(2.,0.));
#2978 = VECTOR('',#2979,1.);
#2979 = DIRECTION('',(0.,-1.));
#2980 = ( GEOMETRIC_REPRESENTATION_CONTEXT(2) 
PARAMETRIC_REPRESENTATION_CONTEXT() REPRESENTATION_CONTEXT('2D SPACE',''
  ) );
#2981 = ORIENTED_EDGE('',*,*,#2982,.T.);
#2982 = EDGE_CURVE('',#2955,#2983,#2985,.T.);
#2983 = VERTEX_POINT('',#2984);
#2984 = CARTESIAN_POINT('',(47.,47.,46.25));
#2985 = SURFACE_CURVE('',#2986,(#2990,#2997),.PCURVE_S1.);
#2986 = LINE('',#2987,#2988);
#2987 = CARTESIAN_POINT('',(-48.5,47.,46.25));
#2988 = VECTOR('',#2989,1.);
#2989 = DIRECTION('',(1.,0.,0.));
#2990 = PCURVE('',#1808,#2991);
#2991 = DEFINITIONAL_REPRESENTATION('',(#2992),#2996);
#2992 = LINE('',#2993,#2994);
#2993 = CARTESIAN_POINT('',(0.,95.5));
#2994 = VECTOR('',#2995,1.);
#2995 = DIRECTION('',(1.,0.));
#2996 = ( GEOMETRIC_REPRESENTATION_CONTEXT(2) 
PARAMETRIC_REPRESENTATION_CONTEXT() REPRESENTATION_CONTEXT('2D SPACE',''
  ) );
#2997 = PCURVE('',#2998,#3003);
#2998 = PLANE('',#2999);
#2999 = AXIS2_PLACEMENT_3D('',#3000,#3001,#3002);
#3000 = CARTESIAN_POINT('',(-48.5,47.,44.25));
#3001 = DIRECTION('',(0.,1.,0.));
#3002 = DIRECTION('',(0.,0.,1.));
#3003 = DEFINITIONAL_REPRESENTATION('',(#3004),#3008);
#3004 = LINE('',#3005,#3006);
#3005 = CARTESIAN_POINT('',(2.,0.));
#3006 = VECTOR('',#3007,1.);
#3007 = DIRECTION('',(0.,1.));
#3008 = ( GEOMETRIC_REPRESENTATION_CONTEXT(2) 
PARAMETRIC_REPRESENTATION_CONTEXT() REPRESENTATION_CONTEXT('2D SPACE',''
  ) );
#3009 = ORIENTED_EDGE('',*,*,#3010,.F.);
#3010 = EDGE_CURVE('',#2927,#2983,#3011,.T.);
#3011 = SURFACE_CURVE('',#3012,(#3016,#3023),.PCURVE_S1.);
#3012 = LINE('',#3013,#3014);
#3013 = CARTESIAN_POINT('',(47.,-48.5,46.25));
#3014 = VECTOR('',#3015,1.);
#3015 = DIRECTION('',(0.,1.,0.));
#3016 = PCURVE('',#1808,#3017);
#3017 = DEFINITIONAL_REPRESENTATION('',(#3018),#3022);
#3018 = LINE('',#3019,#3020);
#3019 = CARTESIAN_POINT('',(95.5,0.));
#3020 = VECTOR('',#3021,1.);
#3021 = DIRECTION('',(0.,1.));
#3022 = ( GEOMETRIC_REPRESENTATION_CONTEXT(2) 
PARAMETRIC_REPRESENTATION_CONTEXT() REPRESENTATION_CONTEXT('2D SPACE',''
  ) );
#3023 = PCURVE('',#3024,#3029);
#3024 = PLANE('',#3025);
#3025 = AXIS2_PLACEMENT_3D('',#3026,#3027,#3028);
#3026 = CARTESIAN_POINT('',(47.,-48.5,44.25));
#3027 = DIRECTION('',(1.,0.,0.));
#3028 = DIRECTION('',(0.,0.,1.));
#3029 = DEFINITIONAL_REPRESENTATION('',(#3030),#3034);
#3030 = LINE('',#3031,#3032);
#3031 = CARTESIAN_POINT('',(2.,0.));
#3032 = VECTOR('',#3033,1.);
#3033 = DIRECTION('',(0.,-1.));
#3034 = ( GEOMETRIC_REPRESENTATION_CONTEXT(2) 
PARAMETRIC_REPRESENTATION_CONTEXT() REPRESENTATION_CONTEXT('2D SPACE',''
  ) );
#3035 = FACE_BOUND('',#3036,.T.);
#3036 = EDGE_LOOP('',(#3037,#3038,#3039,#3040,#3041,#3042,#3043,#3044));
#3037 = ORIENTED_EDGE('',*,*,#1921,.F.);
#3038 = ORIENTED_EDGE('',*,*,#1954,.T.);
#3039 = ORIENTED_EDGE('',*,*,#2002,.F.);
#3040 = ORIENTED_EDGE('',*,*,#2055,.F.);
#3041 = ORIENTED_EDGE('',*,*,#2127,.F.);
#3042 = ORIENTED_EDGE('',*,*,#2160,.F.);
#3043 = ORIENTED_EDGE('',*,*,#1791,.F.);
#3044 = ORIENTED_EDGE('',*,*,#1849,.T.);
#3045 = ADVANCED_FACE('',(#3046),#2209,.F.);
#3046 = FACE_BOUND('',#3047,.T.);
#3047 = EDGE_LOOP('',(#3048,#3077,#3098,#3099));
#3048 = ORIENTED_EDGE('',*,*,#3049,.F.);
#3049 = EDGE_CURVE('',#3050,#3050,#3052,.T.);
#3050 = VERTEX_POINT('',#3051);
#3051 = CARTESIAN_POINT('',(-52.7,20.,43.6));
#3052 = SURFACE_CURVE('',#3053,(#3058,#3065),.PCURVE_S1.);
#3053 = CIRCLE('',#3054,14.6);
#3054 = AXIS2_PLACEMENT_3D('',#3055,#3056,#3057);
#3055 = CARTESIAN_POINT('',(-52.7,20.,29.));
#3056 = DIRECTION('',(-1.,0.,1.110223024625E-16));
#3057 = DIRECTION('',(1.110223024625E-16,0.,1.));
#3058 = PCURVE('',#2209,#3059);
#3059 = DEFINITIONAL_REPRESENTATION('',(#3060),#3064);
#3060 = LINE('',#3061,#3062);
#3061 = CARTESIAN_POINT('',(-0.,0.));
#3062 = VECTOR('',#3063,1.);
#3063 = DIRECTION('',(-1.,0.));
#3064 = ( GEOMETRIC_REPRESENTATION_CONTEXT(2) 
PARAMETRIC_REPRESENTATION_CONTEXT() REPRESENTATION_CONTEXT('2D SPACE',''
  ) );
#3065 = PCURVE('',#3066,#3071);
#3066 = PLANE('',#3067);
#3067 = AXIS2_PLACEMENT_3D('',#3068,#3069,#3070);
#3068 = CARTESIAN_POINT('',(-52.7,20.,29.));
#3069 = DIRECTION('',(-1.,0.,1.110223024625E-16));
#3070 = DIRECTION('',(1.110223024625E-16,0.,1.));
#3071 = DEFINITIONAL_REPRESENTATION('',(#3072),#3076);
#3072 = CIRCLE('',#3073,14.6);
#3073 = AXIS2_PLACEMENT_2D('',#3074,#3075);
#3074 = CARTESIAN_POINT('',(0.,0.));
#3075 = DIRECTION('',(1.,0.));
#3076 = ( GEOMETRIC_REPRESENTATION_CONTEXT(2) 
PARAMETRIC_REPRESENTATION_CONTEXT() REPRESENTATION_CONTEXT('2D SPACE',''
  ) );
#3077 = ORIENTED_EDGE('',*,*,#3078,.T.);
#3078 = EDGE_CURVE('',#3050,#2189,#3079,.T.);
#3079 = SEAM_CURVE('',#3080,(#3084,#3091),.PCURVE_S1.);
#3080 = LINE('',#3081,#3082);
#3081 = CARTESIAN_POINT('',(-52.7,20.,43.6));
#3082 = VECTOR('',#3083,1.);
#3083 = DIRECTION('',(-1.,0.,1.110223024625E-16));
#3084 = PCURVE('',#2209,#3085);
#3085 = DEFINITIONAL_REPRESENTATION('',(#3086),#3090);
#3086 = LINE('',#3087,#3088);
#3087 = CARTESIAN_POINT('',(-6.28318530718,0.));
#3088 = VECTOR('',#3089,1.);
#3089 = DIRECTION('',(-0.,-1.));
#3090 = ( GEOMETRIC_REPRESENTATION_CONTEXT(2) 
PARAMETRIC_REPRESENTATION_CONTEXT() REPRESENTATION_CONTEXT('2D SPACE',''
  ) );
#3091 = PCURVE('',#2209,#3092);
#3092 = DEFINITIONAL_REPRESENTATION('',(#3093),#3097);
#3093 = LINE('',#3094,#3095);
#3094 = CARTESIAN_POINT('',(-0.,0.));
#3095 = VECTOR('',#3096,1.);
#3096 = DIRECTION('',(-0.,-1.));
#3097 = ( GEOMETRIC_REPRESENTATION_CONTEXT(2) 
PARAMETRIC_REPRESENTATION_CONTEXT() REPRESENTATION_CONTEXT('2D SPACE',''
  ) );
#3098 = ORIENTED_EDGE('',*,*,#2188,.F.);
#3099 = ORIENTED_EDGE('',*,*,#3078,.F.);
#3100 = ADVANCED_FACE('',(#3101),#2248,.F.);
#3101 = FACE_BOUND('',#3102,.T.);
#3102 = EDGE_LOOP('',(#3103,#3132,#3153,#3154));
#3103 = ORIENTED_EDGE('',*,*,#3104,.F.);
#3104 = EDGE_CURVE('',#3105,#3105,#3107,.T.);
#3105 = VERTEX_POINT('',#3106);
#3106 = CARTESIAN_POINT('',(-52.7,-20.,43.6));
#3107 = SURFACE_CURVE('',#3108,(#3113,#3120),.PCURVE_S1.);
#3108 = CIRCLE('',#3109,14.6);
#3109 = AXIS2_PLACEMENT_3D('',#3110,#3111,#3112);
#3110 = CARTESIAN_POINT('',(-52.7,-20.,29.));
#3111 = DIRECTION('',(-1.,0.,1.110223024625E-16));
#3112 = DIRECTION('',(1.110223024625E-16,0.,1.));
#3113 = PCURVE('',#2248,#3114);
#3114 = DEFINITIONAL_REPRESENTATION('',(#3115),#3119);
#3115 = LINE('',#3116,#3117);
#3116 = CARTESIAN_POINT('',(-0.,0.));
#3117 = VECTOR('',#3118,1.);
#3118 = DIRECTION('',(-1.,0.));
#3119 = ( GEOMETRIC_REPRESENTATION_CONTEXT(2) 
PARAMETRIC_REPRESENTATION_CONTEXT() REPRESENTATION_CONTEXT('2D SPACE',''
  ) );
#3120 = PCURVE('',#3121,#3126);
#3121 = PLANE('',#3122);
#3122 = AXIS2_PLACEMENT_3D('',#3123,#3124,#3125);
#3123 = CARTESIAN_POINT('',(-52.7,-20.,29.));
#3124 = DIRECTION('',(-1.,0.,1.110223024625E-16));
#3125 = DIRECTION('',(1.110223024625E-16,0.,1.));
#3126 = DEFINITIONAL_REPRESENTATION('',(#3127),#3131);
#3127 = CIRCLE('',#3128,14.6);
#3128 = AXIS2_PLACEMENT_2D('',#3129,#3130);
#3129 = CARTESIAN_POINT('',(0.,0.));
#3130 = DIRECTION('',(1.,0.));
#3131 = ( GEOMETRIC_REPRESENTATION_CONTEXT(2) 
PARAMETRIC_REPRESENTATION_CONTEXT() REPRESENTATION_CONTEXT('2D SPACE',''
  ) );
#3132 = ORIENTED_EDGE('',*,*,#3133,.T.);
#3133 = EDGE_CURVE('',#3105,#2228,#3134,.T.);
#3134 = SEAM_CURVE('',#3135,(#3139,#3146),.PCURVE_S1.);
#3135 = LINE('',#3136,#3137);
#3136 = CARTESIAN_POINT('',(-52.7,-20.,43.6));
#3137 = VECTOR('',#3138,1.);
#3138 = DIRECTION('',(-1.,0.,1.110223024625E-16));
#3139 = PCURVE('',#2248,#3140);
#3140 = DEFINITIONAL_REPRESENTATION('',(#3141),#3145);
#3141 = LINE('',#3142,#3143);
#3142 = CARTESIAN_POINT('',(-6.28318530718,0.));
#3143 = VECTOR('',#3144,1.);
#3144 = DIRECTION('',(-0.,-1.));
#3145 = ( GEOMETRIC_REPRESENTATION_CONTEXT(2) 
PARAMETRIC_REPRESENTATION_CONTEXT() REPRESENTATION_CONTEXT('2D SPACE',''
  ) );
#3146 = PCURVE('',#2248,#3147);
#3147 = DEFINITIONAL_REPRESENTATION('',(#3148),#3152);
#3148 = LINE('',#3149,#3150);
#3149 = CARTESIAN_POINT('',(-0.,0.));
#3150 = VECTOR('',#3151,1.);
#3151 = DIRECTION('',(-0.,-1.));
#3152 = ( GEOMETRIC_REPRESENTATION_CONTEXT(2) 
PARAMETRIC_REPRESENTATION_CONTEXT() REPRESENTATION_CONTEXT('2D SPACE',''
  ) );
#3153 = ORIENTED_EDGE('',*,*,#2227,.F.);
#3154 = ORIENTED_EDGE('',*,*,#3133,.F.);
#3155 = ADVANCED_FACE('',(#3156,#3159),#2327,.T.);
#3156 = FACE_BOUND('',#3157,.T.);
#3157 = EDGE_LOOP('',(#3158));
#3158 = ORIENTED_EDGE('',*,*,#2312,.T.);
#3159 = FACE_BOUND('',#3160,.T.);
#3160 = EDGE_LOOP('',(#3161));
#3161 = ORIENTED_EDGE('',*,*,#3162,.T.);
#3162 = EDGE_CURVE('',#3163,#3163,#3165,.T.);
#3163 = VERTEX_POINT('',#3164);
#3164 = CARTESIAN_POINT('',(-5.4,-53.5,29.));
#3165 = SURFACE_CURVE('',#3166,(#3171,#3182),.PCURVE_S1.);
#3166 = CIRCLE('',#3167,14.6);
#3167 = AXIS2_PLACEMENT_3D('',#3168,#3169,#3170);
#3168 = CARTESIAN_POINT('',(-20.,-53.5,29.));
#3169 = DIRECTION('',(0.,1.,-1.110223024625E-16));
#3170 = DIRECTION('',(1.,0.,0.));
#3171 = PCURVE('',#2327,#3172);
#3172 = DEFINITIONAL_REPRESENTATION('',(#3173),#3181);
#3173 = ( BOUNDED_CURVE() B_SPLINE_CURVE(2,(#3174,#3175,#3176,#3177,
#3178,#3179,#3180),.UNSPECIFIED.,.T.,.F.) B_SPLINE_CURVE_WITH_KNOTS((1,2
    ,2,2,2,1),(-2.094395102393,0.,2.094395102393,4.188790204786,
6.28318530718,8.377580409573),.UNSPECIFIED.) CURVE() 
GEOMETRIC_REPRESENTATION_ITEM() RATIONAL_B_SPLINE_CURVE((1.,0.5,1.,0.5,
1.,0.5,1.)) REPRESENTATION_ITEM('') );
#3174 = CARTESIAN_POINT('',(14.6,0.));
#3175 = CARTESIAN_POINT('',(14.6,-25.2879417905));
#3176 = CARTESIAN_POINT('',(-7.3,-12.64397089525));
#3177 = CARTESIAN_POINT('',(-29.2,-3.57596865351E-15));
#3178 = CARTESIAN_POINT('',(-7.3,12.643970895253));
#3179 = CARTESIAN_POINT('',(14.6,25.287941790506));
#3180 = CARTESIAN_POINT('',(14.6,0.));
#3181 = ( GEOMETRIC_REPRESENTATION_CONTEXT(2) 
PARAMETRIC_REPRESENTATION_CONTEXT() REPRESENTATION_CONTEXT('2D SPACE',''
  ) );
#3182 = PCURVE('',#3183,#3188);
#3183 = CYLINDRICAL_SURFACE('',#3184,14.6);
#3184 = AXIS2_PLACEMENT_3D('',#3185,#3186,#3187);
#3185 = CARTESIAN_POINT('',(-20.,-52.7,29.));
#3186 = DIRECTION('',(-0.,1.,-1.110223024625E-16));
#3187 = DIRECTION('',(1.,0.,0.));
#3188 = DEFINITIONAL_REPRESENTATION('',(#3189),#3193);
#3189 = LINE('',#3190,#3191);
#3190 = CARTESIAN_POINT('',(-6.28318530718,-0.8));
#3191 = VECTOR('',#3192,1.);
#3192 = DIRECTION('',(1.,-0.));
#3193 = ( GEOMETRIC_REPRESENTATION_CONTEXT(2) 
PARAMETRIC_REPRESENTATION_CONTEXT() REPRESENTATION_CONTEXT('2D SPACE',''
  ) );
#3194 = ADVANCED_FACE('',(#3195,#3198),#2382,.T.);
#3195 = FACE_BOUND('',#3196,.T.);
#3196 = EDGE_LOOP('',(#3197));
#3197 = ORIENTED_EDGE('',*,*,#2367,.T.);
#3198 = FACE_BOUND('',#3199,.T.);
#3199 = EDGE_LOOP('',(#3200));
#3200 = ORIENTED_EDGE('',*,*,#3201,.T.);
#3201 = EDGE_CURVE('',#3202,#3202,#3204,.T.);
#3202 = VERTEX_POINT('',#3203);
#3203 = CARTESIAN_POINT('',(34.6,-53.5,29.));
#3204 = SURFACE_CURVE('',#3205,(#3210,#3221),.PCURVE_S1.);
#3205 = CIRCLE('',#3206,14.6);
#3206 = AXIS2_PLACEMENT_3D('',#3207,#3208,#3209);
#3207 = CARTESIAN_POINT('',(20.,-53.5,29.));
#3208 = DIRECTION('',(0.,1.,-1.110223024625E-16));
#3209 = DIRECTION('',(1.,0.,0.));
#3210 = PCURVE('',#2382,#3211);
#3211 = DEFINITIONAL_REPRESENTATION('',(#3212),#3220);
#3212 = ( BOUNDED_CURVE() B_SPLINE_CURVE(2,(#3213,#3214,#3215,#3216,
#3217,#3218,#3219),.UNSPECIFIED.,.T.,.F.) B_SPLINE_CURVE_WITH_KNOTS((1,2
    ,2,2,2,1),(-2.094395102393,0.,2.094395102393,4.188790204786,
6.28318530718,8.377580409573),.UNSPECIFIED.) CURVE() 
GEOMETRIC_REPRESENTATION_ITEM() RATIONAL_B_SPLINE_CURVE((1.,0.5,1.,0.5,
1.,0.5,1.)) REPRESENTATION_ITEM('') );
#3213 = CARTESIAN_POINT('',(14.6,0.));
#3214 = CARTESIAN_POINT('',(14.6,-25.2879417905));
#3215 = CARTESIAN_POINT('',(-7.3,-12.64397089525));
#3216 = CARTESIAN_POINT('',(-29.2,-3.57596865351E-15));
#3217 = CARTESIAN_POINT('',(-7.3,12.643970895253));
#3218 = CARTESIAN_POINT('',(14.6,25.287941790506));
#3219 = CARTESIAN_POINT('',(14.6,0.));
#3220 = ( GEOMETRIC_REPRESENTATION_CONTEXT(2) 
PARAMETRIC_REPRESENTATION_CONTEXT() REPRESENTATION_CONTEXT('2D SPACE',''
  ) );
#3221 = PCURVE('',#3222,#3227);
#3222 = CYLINDRICAL_SURFACE('',#3223,14.6);
#3223 = AXIS2_PLACEMENT_3D('',#3224,#3225,#3226);
#3224 = CARTESIAN_POINT('',(20.,-52.7,29.));
#3225 = DIRECTION('',(-0.,1.,-1.110223024625E-16));
#3226 = DIRECTION('',(1.,0.,0.));
#3227 = DEFINITIONAL_REPRESENTATION('',(#3228),#3232);
#3228 = LINE('',#3229,#3230);
#3229 = CARTESIAN_POINT('',(-6.28318530718,-0.8));
#3230 = VECTOR('',#3231,1.);
#3231 = DIRECTION('',(1.,-0.));
#3232 = ( GEOMETRIC_REPRESENTATION_CONTEXT(2) 
PARAMETRIC_REPRESENTATION_CONTEXT() REPRESENTATION_CONTEXT('2D SPACE',''
  ) );
#3233 = ADVANCED_FACE('',(#3234,#3265),#2522,.T.);
#3234 = FACE_BOUND('',#3235,.T.);
#3235 = EDGE_LOOP('',(#3236));
#3236 = ORIENTED_EDGE('',*,*,#3237,.T.);
#3237 = EDGE_CURVE('',#3238,#3238,#3240,.T.);
#3238 = VERTEX_POINT('',#3239);
#3239 = CARTESIAN_POINT('',(-27.5,-32.5,58.));
#3240 = SURFACE_CURVE('',#3241,(#3246,#3253),.PCURVE_S1.);
#3241 = CIRCLE('',#3242,5.);
#3242 = AXIS2_PLACEMENT_3D('',#3243,#3244,#3245);
#3243 = CARTESIAN_POINT('',(-32.5,-32.5,58.));
#3244 = DIRECTION('',(0.,0.,1.));
#3245 = DIRECTION('',(1.,0.,0.));
#3246 = PCURVE('',#2522,#3247);
#3247 = DEFINITIONAL_REPRESENTATION('',(#3248),#3252);
#3248 = CIRCLE('',#3249,5.);
#3249 = AXIS2_PLACEMENT_2D('',#3250,#3251);
#3250 = CARTESIAN_POINT('',(0.,-7.105427357601E-15));
#3251 = DIRECTION('',(1.,0.));
#3252 = ( GEOMETRIC_REPRESENTATION_CONTEXT(2) 
PARAMETRIC_REPRESENTATION_CONTEXT() REPRESENTATION_CONTEXT('2D SPACE',''
  ) );
#3253 = PCURVE('',#3254,#3259);
#3254 = CYLINDRICAL_SURFACE('',#3255,5.);
#3255 = AXIS2_PLACEMENT_3D('',#3256,#3257,#3258);
#3256 = CARTESIAN_POINT('',(-32.5,-32.5,3.));
#3257 = DIRECTION('',(-0.,-0.,-1.));
#3258 = DIRECTION('',(1.,0.,0.));
#3259 = DEFINITIONAL_REPRESENTATION('',(#3260),#3264);
#3260 = LINE('',#3261,#3262);
#3261 = CARTESIAN_POINT('',(-0.,-55.));
#3262 = VECTOR('',#3263,1.);
#3263 = DIRECTION('',(-1.,0.));
#3264 = ( GEOMETRIC_REPRESENTATION_CONTEXT(2) 
PARAMETRIC_REPRESENTATION_CONTEXT() REPRESENTATION_CONTEXT('2D SPACE',''
  ) );
#3265 = FACE_BOUND('',#3266,.T.);
#3266 = EDGE_LOOP('',(#3267));
#3267 = ORIENTED_EDGE('',*,*,#2507,.F.);
#3268 = ADVANCED_FACE('',(#3269,#3300),#2577,.T.);
#3269 = FACE_BOUND('',#3270,.T.);
#3270 = EDGE_LOOP('',(#3271));
#3271 = ORIENTED_EDGE('',*,*,#3272,.T.);
#3272 = EDGE_CURVE('',#3273,#3273,#3275,.T.);
#3273 = VERTEX_POINT('',#3274);
#3274 = CARTESIAN_POINT('',(37.5,-32.5,58.));
#3275 = SURFACE_CURVE('',#3276,(#3281,#3288),.PCURVE_S1.);
#3276 = CIRCLE('',#3277,5.);
#3277 = AXIS2_PLACEMENT_3D('',#3278,#3279,#3280);
#3278 = CARTESIAN_POINT('',(32.5,-32.5,58.));
#3279 = DIRECTION('',(0.,0.,1.));
#3280 = DIRECTION('',(1.,0.,0.));
#3281 = PCURVE('',#2577,#3282);
#3282 = DEFINITIONAL_REPRESENTATION('',(#3283),#3287);
#3283 = CIRCLE('',#3284,5.);
#3284 = AXIS2_PLACEMENT_2D('',#3285,#3286);
#3285 = CARTESIAN_POINT('',(7.105427357601E-15,-7.105427357601E-15));
#3286 = DIRECTION('',(1.,0.));
#3287 = ( GEOMETRIC_REPRESENTATION_CONTEXT(2) 
PARAMETRIC_REPRESENTATION_CONTEXT() REPRESENTATION_CONTEXT('2D SPACE',''
  ) );
#3288 = PCURVE('',#3289,#3294);
#3289 = CYLINDRICAL_SURFACE('',#3290,5.);
#3290 = AXIS2_PLACEMENT_3D('',#3291,#3292,#3293);
#3291 = CARTESIAN_POINT('',(32.5,-32.5,3.));
#3292 = DIRECTION('',(-0.,-0.,-1.));
#3293 = DIRECTION('',(1.,0.,0.));
#3294 = DEFINITIONAL_REPRESENTATION('',(#3295),#3299);
#3295 = LINE('',#3296,#3297);
#3296 = CARTESIAN_POINT('',(-0.,-55.));
#3297 = VECTOR('',#3298,1.);
#3298 = DIRECTION('',(-1.,0.));
#3299 = ( GEOMETRIC_REPRESENTATION_CONTEXT(2) 
PARAMETRIC_REPRESENTATION_CONTEXT() REPRESENTATION_CONTEXT('2D SPACE',''
  ) );
#3300 = FACE_BOUND('',#3301,.T.);
#3301 = EDGE_LOOP('',(#3302));
#3302 = ORIENTED_EDGE('',*,*,#2562,.F.);
#3303 = ADVANCED_FACE('',(#3304,#3335),#2632,.T.);
#3304 = FACE_BOUND('',#3305,.T.);
#3305 = EDGE_LOOP('',(#3306));
#3306 = ORIENTED_EDGE('',*,*,#3307,.T.);
#3307 = EDGE_CURVE('',#3308,#3308,#3310,.T.);
#3308 = VERTEX_POINT('',#3309);
#3309 = CARTESIAN_POINT('',(-27.5,32.5,58.));
#3310 = SURFACE_CURVE('',#3311,(#3316,#3323),.PCURVE_S1.);
#3311 = CIRCLE('',#3312,5.);
#3312 = AXIS2_PLACEMENT_3D('',#3313,#3314,#3315);
#3313 = CARTESIAN_POINT('',(-32.5,32.5,58.));
#3314 = DIRECTION('',(0.,0.,1.));
#3315 = DIRECTION('',(1.,0.,0.));
#3316 = PCURVE('',#2632,#3317);
#3317 = DEFINITIONAL_REPRESENTATION('',(#3318),#3322);
#3318 = CIRCLE('',#3319,5.);
#3319 = AXIS2_PLACEMENT_2D('',#3320,#3321);
#3320 = CARTESIAN_POINT('',(0.,0.));
#3321 = DIRECTION('',(1.,0.));
#3322 = ( GEOMETRIC_REPRESENTATION_CONTEXT(2) 
PARAMETRIC_REPRESENTATION_CONTEXT() REPRESENTATION_CONTEXT('2D SPACE',''
  ) );
#3323 = PCURVE('',#3324,#3329);
#3324 = CYLINDRICAL_SURFACE('',#3325,5.);
#3325 = AXIS2_PLACEMENT_3D('',#3326,#3327,#3328);
#3326 = CARTESIAN_POINT('',(-32.5,32.5,3.));
#3327 = DIRECTION('',(-0.,-0.,-1.));
#3328 = DIRECTION('',(1.,0.,0.));
#3329 = DEFINITIONAL_REPRESENTATION('',(#3330),#3334);
#3330 = LINE('',#3331,#3332);
#3331 = CARTESIAN_POINT('',(-0.,-55.));
#3332 = VECTOR('',#3333,1.);
#3333 = DIRECTION('',(-1.,0.));
#3334 = ( GEOMETRIC_REPRESENTATION_CONTEXT(2) 
PARAMETRIC_REPRESENTATION_CONTEXT() REPRESENTATION_CONTEXT('2D SPACE',''
  ) );
#3335 = FACE_BOUND('',#3336,.T.);
#3336 = EDGE_LOOP('',(#3337));
#3337 = ORIENTED_EDGE('',*,*,#2617,.F.);
#3338 = ADVANCED_FACE('',(#3339,#3370),#2687,.T.);
#3339 = FACE_BOUND('',#3340,.T.);
#3340 = EDGE_LOOP('',(#3341));
#3341 = ORIENTED_EDGE('',*,*,#3342,.T.);
#3342 = EDGE_CURVE('',#3343,#3343,#3345,.T.);
#3343 = VERTEX_POINT('',#3344);
#3344 = CARTESIAN_POINT('',(37.5,32.5,58.));
#3345 = SURFACE_CURVE('',#3346,(#3351,#3358),.PCURVE_S1.);
#3346 = CIRCLE('',#3347,5.);
#3347 = AXIS2_PLACEMENT_3D('',#3348,#3349,#3350);
#3348 = CARTESIAN_POINT('',(32.5,32.5,58.));
#3349 = DIRECTION('',(0.,0.,1.));
#3350 = DIRECTION('',(1.,0.,0.));
#3351 = PCURVE('',#2687,#3352);
#3352 = DEFINITIONAL_REPRESENTATION('',(#3353),#3357);
#3353 = CIRCLE('',#3354,5.);
#3354 = AXIS2_PLACEMENT_2D('',#3355,#3356);
#3355 = CARTESIAN_POINT('',(0.,0.));
#3356 = DIRECTION('',(1.,0.));
#3357 = ( GEOMETRIC_REPRESENTATION_CONTEXT(2) 
PARAMETRIC_REPRESENTATION_CONTEXT() REPRESENTATION_CONTEXT('2D SPACE',''
  ) );
#3358 = PCURVE('',#3359,#3364);
#3359 = CYLINDRICAL_SURFACE('',#3360,5.);
#3360 = AXIS2_PLACEMENT_3D('',#3361,#3362,#3363);
#3361 = CARTESIAN_POINT('',(32.5,32.5,3.));
#3362 = DIRECTION('',(-0.,-0.,-1.));
#3363 = DIRECTION('',(1.,0.,0.));
#3364 = DEFINITIONAL_REPRESENTATION('',(#3365),#3369);
#3365 = LINE('',#3366,#3367);
#3366 = CARTESIAN_POINT('',(-0.,-55.));
#3367 = VECTOR('',#3368,1.);
#3368 = DIRECTION('',(-1.,0.));
#3369 = ( GEOMETRIC_REPRESENTATION_CONTEXT(2) 
PARAMETRIC_REPRESENTATION_CONTEXT() REPRESENTATION_CONTEXT('2D SPACE',''
  ) );
#3370 = FACE_BOUND('',#3371,.T.);
#3371 = EDGE_LOOP('',(#3372));
#3372 = ORIENTED_EDGE('',*,*,#2672,.F.);
#3373 = ADVANCED_FACE('',(#3374,#3377),#2742,.T.);
#3374 = FACE_BOUND('',#3375,.T.);
#3375 = EDGE_LOOP('',(#3376));
#3376 = ORIENTED_EDGE('',*,*,#2727,.T.);
#3377 = FACE_BOUND('',#3378,.T.);
#3378 = EDGE_LOOP('',(#3379));
#3379 = ORIENTED_EDGE('',*,*,#3380,.T.);
#3380 = EDGE_CURVE('',#3381,#3381,#3383,.T.);
#3381 = VERTEX_POINT('',#3382);
#3382 = CARTESIAN_POINT('',(-5.4,53.5,29.));
#3383 = SURFACE_CURVE('',#3384,(#3389,#3400),.PCURVE_S1.);
#3384 = CIRCLE('',#3385,14.6);
#3385 = AXIS2_PLACEMENT_3D('',#3386,#3387,#3388);
#3386 = CARTESIAN_POINT('',(-20.,53.5,29.));
#3387 = DIRECTION('',(0.,-1.,-1.110223024625E-16));
#3388 = DIRECTION('',(1.,0.,0.));
#3389 = PCURVE('',#2742,#3390);
#3390 = DEFINITIONAL_REPRESENTATION('',(#3391),#3399);
#3391 = ( BOUNDED_CURVE() B_SPLINE_CURVE(2,(#3392,#3393,#3394,#3395,
#3396,#3397,#3398),.UNSPECIFIED.,.T.,.F.) B_SPLINE_CURVE_WITH_KNOTS((1,2
    ,2,2,2,1),(-2.094395102393,0.,2.094395102393,4.188790204786,
6.28318530718,8.377580409573),.UNSPECIFIED.) CURVE() 
GEOMETRIC_REPRESENTATION_ITEM() RATIONAL_B_SPLINE_CURVE((1.,0.5,1.,0.5,
1.,0.5,1.)) REPRESENTATION_ITEM('') );
#3392 = CARTESIAN_POINT('',(14.6,0.));
#3393 = CARTESIAN_POINT('',(14.6,-25.2879417905));
#3394 = CARTESIAN_POINT('',(-7.3,-12.64397089525));
#3395 = CARTESIAN_POINT('',(-29.2,-3.57596865351E-15));
#3396 = CARTESIAN_POINT('',(-7.3,12.643970895253));
#3397 = CARTESIAN_POINT('',(14.6,25.287941790506));
#3398 = CARTESIAN_POINT('',(14.6,0.));
#3399 = ( GEOMETRIC_REPRESENTATION_CONTEXT(2) 
PARAMETRIC_REPRESENTATION_CONTEXT() REPRESENTATION_CONTEXT('2D SPACE',''
  ) );
#3400 = PCURVE('',#3401,#3406);
#3401 = CYLINDRICAL_SURFACE('',#3402,14.6);
#3402 = AXIS2_PLACEMENT_3D('',#3403,#3404,#3405);
#3403 = CARTESIAN_POINT('',(-20.,52.7,29.));
#3404 = DIRECTION('',(-0.,-1.,-1.110223024625E-16));
#3405 = DIRECTION('',(1.,0.,0.));
#3406 = DEFINITIONAL_REPRESENTATION('',(#3407),#3411);
#3407 = LINE('',#3408,#3409);
#3408 = CARTESIAN_POINT('',(-6.28318530718,-0.8));
#3409 = VECTOR('',#3410,1.);
#3410 = DIRECTION('',(1.,-0.));
#3411 = ( GEOMETRIC_REPRESENTATION_CONTEXT(2) 
PARAMETRIC_REPRESENTATION_CONTEXT() REPRESENTATION_CONTEXT('2D SPACE',''
  ) );
#3412 = ADVANCED_FACE('',(#3413,#3416),#2797,.T.);
#3413 = FACE_BOUND('',#3414,.T.);
#3414 = EDGE_LOOP('',(#3415));
#3415 = ORIENTED_EDGE('',*,*,#2782,.T.);
#3416 = FACE_BOUND('',#3417,.T.);
#3417 = EDGE_LOOP('',(#3418));
#3418 = ORIENTED_EDGE('',*,*,#3419,.T.);
#3419 = EDGE_CURVE('',#3420,#3420,#3422,.T.);
#3420 = VERTEX_POINT('',#3421);
#3421 = CARTESIAN_POINT('',(34.6,53.5,29.));
#3422 = SURFACE_CURVE('',#3423,(#3428,#3439),.PCURVE_S1.);
#3423 = CIRCLE('',#3424,14.6);
#3424 = AXIS2_PLACEMENT_3D('',#3425,#3426,#3427);
#3425 = CARTESIAN_POINT('',(20.,53.5,29.));
#3426 = DIRECTION('',(0.,-1.,-1.110223024625E-16));
#3427 = DIRECTION('',(1.,0.,0.));
#3428 = PCURVE('',#2797,#3429);
#3429 = DEFINITIONAL_REPRESENTATION('',(#3430),#3438);
#3430 = ( BOUNDED_CURVE() B_SPLINE_CURVE(2,(#3431,#3432,#3433,#3434,
#3435,#3436,#3437),.UNSPECIFIED.,.T.,.F.) B_SPLINE_CURVE_WITH_KNOTS((1,2
    ,2,2,2,1),(-2.094395102393,0.,2.094395102393,4.188790204786,
6.28318530718,8.377580409573),.UNSPECIFIED.) CURVE() 
GEOMETRIC_REPRESENTATION_ITEM() RATIONAL_B_SPLINE_CURVE((1.,0.5,1.,0.5,
1.,0.5,1.)) REPRESENTATION_ITEM('') );
#3431 = CARTESIAN_POINT('',(14.6,0.));
#3432 = CARTESIAN_POINT('',(14.6,-25.2879417905));
#3433 = CARTESIAN_POINT('',(-7.3,-12.64397089525));
#3434 = CARTESIAN_POINT('',(-29.2,-3.57596865351E-15));
#3435 = CARTESIAN_POINT('',(-7.3,12.643970895253));
#3436 = CARTESIAN_POINT('',(14.6,25.287941790506));
#3437 = CARTESIAN_POINT('',(14.6,0.));
#3438 = ( GEOMETRIC_REPRESENTATION_CONTEXT(2) 
PARAMETRIC_REPRESENTATION_CONTEXT() REPRESENTATION_CONTEXT('2D SPACE',''
  ) );
#3439 = PCURVE('',#3440,#3445);
#3440 = CYLINDRICAL_SURFACE('',#3441,14.6);
#3441 = AXIS2_PLACEMENT_3D('',#3442,#3443,#3444);
#3442 = CARTESIAN_POINT('',(20.,52.7,29.));
#3443 = DIRECTION('',(-0.,-1.,-1.110223024625E-16));
#3444 = DIRECTION('',(1.,0.,0.));
#3445 = DEFINITIONAL_REPRESENTATION('',(#3446),#3450);
#3446 = LINE('',#3447,#3448);
#3447 = CARTESIAN_POINT('',(-6.28318530718,-0.8));
#3448 = VECTOR('',#3449,1.);
#3449 = DIRECTION('',(1.,-0.));
#3450 = ( GEOMETRIC_REPRESENTATION_CONTEXT(2) 
PARAMETRIC_REPRESENTATION_CONTEXT() REPRESENTATION_CONTEXT('2D SPACE',''
  ) );
#3451 = ADVANCED_FACE('',(#3452,#3455),#2852,.T.);
#3452 = FACE_BOUND('',#3453,.T.);
#3453 = EDGE_LOOP('',(#3454));
#3454 = ORIENTED_EDGE('',*,*,#2837,.T.);
#3455 = FACE_BOUND('',#3456,.T.);
#3456 = EDGE_LOOP('',(#3457));
#3457 = ORIENTED_EDGE('',*,*,#3458,.T.);
#3458 = EDGE_CURVE('',#3459,#3459,#3461,.T.);
#3459 = VERTEX_POINT('',#3460);
#3460 = CARTESIAN_POINT('',(53.5,20.,14.4));
#3461 = SURFACE_CURVE('',#3462,(#3467,#3478),.PCURVE_S1.);
#3462 = CIRCLE('',#3463,14.6);
#3463 = AXIS2_PLACEMENT_3D('',#3464,#3465,#3466);
#3464 = CARTESIAN_POINT('',(53.5,20.,29.));
#3465 = DIRECTION('',(-1.,-0.,-1.110223024625E-16));
#3466 = DIRECTION('',(1.110223024625E-16,0.,-1.));
#3467 = PCURVE('',#2852,#3468);
#3468 = DEFINITIONAL_REPRESENTATION('',(#3469),#3477);
#3469 = ( BOUNDED_CURVE() B_SPLINE_CURVE(2,(#3470,#3471,#3472,#3473,
#3474,#3475,#3476),.UNSPECIFIED.,.T.,.F.) B_SPLINE_CURVE_WITH_KNOTS((1,2
    ,2,2,2,1),(-2.094395102393,0.,2.094395102393,4.188790204786,
6.28318530718,8.377580409573),.UNSPECIFIED.) CURVE() 
GEOMETRIC_REPRESENTATION_ITEM() RATIONAL_B_SPLINE_CURVE((1.,0.5,1.,0.5,
1.,0.5,1.)) REPRESENTATION_ITEM('') );
#3470 = CARTESIAN_POINT('',(14.6,0.));
#3471 = CARTESIAN_POINT('',(14.6,-25.2879417905));
#3472 = CARTESIAN_POINT('',(-7.3,-12.64397089525));
#3473 = CARTESIAN_POINT('',(-29.2,-3.57596865351E-15));
#3474 = CARTESIAN_POINT('',(-7.3,12.643970895253));
#3475 = CARTESIAN_POINT('',(14.6,25.287941790506));
#3476 = CARTESIAN_POINT('',(14.6,0.));
#3477 = ( GEOMETRIC_REPRESENTATION_CONTEXT(2) 
PARAMETRIC_REPRESENTATION_CONTEXT() REPRESENTATION_CONTEXT('2D SPACE',''
  ) );
#3478 = PCURVE('',#3479,#3484);
#3479 = CYLINDRICAL_SURFACE('',#3480,14.6);
#3480 = AXIS2_PLACEMENT_3D('',#3481,#3482,#3483);
#3481 = CARTESIAN_POINT('',(52.7,20.,29.));
#3482 = DIRECTION('',(-1.,-0.,-1.110223024625E-16));
#3483 = DIRECTION('',(1.110223024625E-16,0.,-1.));
#3484 = DEFINITIONAL_REPRESENTATION('',(#3485),#3489);
#3485 = LINE('',#3486,#3487);
#3486 = CARTESIAN_POINT('',(-6.28318530718,-0.8));
#3487 = VECTOR('',#3488,1.);
#3488 = DIRECTION('',(1.,-0.));
#3489 = ( GEOMETRIC_REPRESENTATION_CONTEXT(2) 
PARAMETRIC_REPRESENTATION_CONTEXT() REPRESENTATION_CONTEXT('2D SPACE',''
  ) );
#3490 = ADVANCED_FACE('',(#3491,#3494),#2907,.T.);
#3491 = FACE_BOUND('',#3492,.T.);
#3492 = EDGE_LOOP('',(#3493));
#3493 = ORIENTED_EDGE('',*,*,#2892,.T.);
#3494 = FACE_BOUND('',#3495,.T.);
#3495 = EDGE_LOOP('',(#3496));
#3496 = ORIENTED_EDGE('',*,*,#3497,.T.);
#3497 = EDGE_CURVE('',#3498,#3498,#3500,.T.);
#3498 = VERTEX_POINT('',#3499);
#3499 = CARTESIAN_POINT('',(53.5,-20.,14.4));
#3500 = SURFACE_CURVE('',#3501,(#3506,#3517),.PCURVE_S1.);
#3501 = CIRCLE('',#3502,14.6);
#3502 = AXIS2_PLACEMENT_3D('',#3503,#3504,#3505);
#3503 = CARTESIAN_POINT('',(53.5,-20.,29.));
#3504 = DIRECTION('',(-1.,-0.,-1.110223024625E-16));
#3505 = DIRECTION('',(1.110223024625E-16,0.,-1.));
#3506 = PCURVE('',#2907,#3507);
#3507 = DEFINITIONAL_REPRESENTATION('',(#3508),#3516);
#3508 = ( BOUNDED_CURVE() B_SPLINE_CURVE(2,(#3509,#3510,#3511,#3512,
#3513,#3514,#3515),.UNSPECIFIED.,.T.,.F.) B_SPLINE_CURVE_WITH_KNOTS((1,2
    ,2,2,2,1),(-2.094395102393,0.,2.094395102393,4.188790204786,
6.28318530718,8.377580409573),.UNSPECIFIED.) CURVE() 
GEOMETRIC_REPRESENTATION_ITEM() RATIONAL_B_SPLINE_CURVE((1.,0.5,1.,0.5,
1.,0.5,1.)) REPRESENTATION_ITEM('') );
#3509 = CARTESIAN_POINT('',(14.6,0.));
#3510 = CARTESIAN_POINT('',(14.6,-25.2879417905));
#3511 = CARTESIAN_POINT('',(-7.3,-12.64397089525));
#3512 = CARTESIAN_POINT('',(-29.2,-3.57596865351E-15));
#3513 = CARTESIAN_POINT('',(-7.3,12.643970895253));
#3514 = CARTESIAN_POINT('',(14.6,25.287941790506));
#3515 = CARTESIAN_POINT('',(14.6,0.));
#3516 = ( GEOMETRIC_REPRESENTATION_CONTEXT(2) 
PARAMETRIC_REPRESENTATION_CONTEXT() REPRESENTATION_CONTEXT('2D SPACE',''
  ) );
#3517 = PCURVE('',#3518,#3523);
#3518 = CYLINDRICAL_SURFACE('',#3519,14.6);
#3519 = AXIS2_PLACEMENT_3D('',#3520,#3521,#3522);
#3520 = CARTESIAN_POINT('',(52.7,-20.,29.));
#3521 = DIRECTION('',(-1.,-0.,-1.110223024625E-16));
#3522 = DIRECTION('',(1.110223024625E-16,0.,-1.));
#3523 = DEFINITIONAL_REPRESENTATION('',(#3524),#3528);
#3524 = LINE('',#3525,#3526);
#3525 = CARTESIAN_POINT('',(-6.28318530718,-0.8));
#3526 = VECTOR('',#3527,1.);
#3527 = DIRECTION('',(1.,-0.));
#3528 = ( GEOMETRIC_REPRESENTATION_CONTEXT(2) 
PARAMETRIC_REPRESENTATION_CONTEXT() REPRESENTATION_CONTEXT('2D SPACE',''
  ) );
#3529 = ADVANCED_FACE('',(#3530),#2942,.T.);
#3530 = FACE_BOUND('',#3531,.T.);
#3531 = EDGE_LOOP('',(#3532,#3562,#3581,#3582));
#3532 = ORIENTED_EDGE('',*,*,#3533,.F.);
#3533 = EDGE_CURVE('',#3534,#3536,#3538,.T.);
#3534 = VERTEX_POINT('',#3535);
#3535 = CARTESIAN_POINT('',(-47.,-47.,44.25));
#3536 = VERTEX_POINT('',#3537);
#3537 = CARTESIAN_POINT('',(47.,-47.,44.25));
#3538 = SURFACE_CURVE('',#3539,(#3543,#3550),.PCURVE_S1.);
#3539 = LINE('',#3540,#3541);
#3540 = CARTESIAN_POINT('',(-48.5,-47.,44.25));
#3541 = VECTOR('',#3542,1.);
#3542 = DIRECTION('',(1.,0.,0.));
#3543 = PCURVE('',#2942,#3544);
#3544 = DEFINITIONAL_REPRESENTATION('',(#3545),#3549);
#3545 = LINE('',#3546,#3547);
#3546 = CARTESIAN_POINT('',(0.,0.));
#3547 = VECTOR('',#3548,1.);
#3548 = DIRECTION('',(0.,1.));
#3549 = ( GEOMETRIC_REPRESENTATION_CONTEXT(2) 
PARAMETRIC_REPRESENTATION_CONTEXT() REPRESENTATION_CONTEXT('2D SPACE',''
  ) );
#3550 = PCURVE('',#3551,#3556);
#3551 = PLANE('',#3552);
#3552 = AXIS2_PLACEMENT_3D('',#3553,#3554,#3555);
#3553 = CARTESIAN_POINT('',(-48.5,-48.5,44.25));
#3554 = DIRECTION('',(0.,0.,1.));
#3555 = DIRECTION('',(1.,0.,0.));
#3556 = DEFINITIONAL_REPRESENTATION('',(#3557),#3561);
#3557 = LINE('',#3558,#3559);
#3558 = CARTESIAN_POINT('',(0.,1.5));
#3559 = VECTOR('',#3560,1.);
#3560 = DIRECTION('',(1.,0.));
#3561 = ( GEOMETRIC_REPRESENTATION_CONTEXT(2) 
PARAMETRIC_REPRESENTATION_CONTEXT() REPRESENTATION_CONTEXT('2D SPACE',''
  ) );
#3562 = ORIENTED_EDGE('',*,*,#3563,.F.);
#3563 = EDGE_CURVE('',#2925,#3534,#3564,.T.);
#3564 = SURFACE_CURVE('',#3565,(#3569,#3575),.PCURVE_S1.);
#3565 = LINE('',#3566,#3567);
#3566 = CARTESIAN_POINT('',(-47.,-47.,44.25));
#3567 = VECTOR('',#3568,1.);
#3568 = DIRECTION('',(0.,0.,-1.));
#3569 = PCURVE('',#2942,#3570);
#3570 = DEFINITIONAL_REPRESENTATION('',(#3571),#3574);
#3571 = B_SPLINE_CURVE_WITH_KNOTS('',1,(#3572,#3573),.UNSPECIFIED.,.F.,
  .F.,(2,2),(-2.,0.),.PIECEWISE_BEZIER_KNOTS.);
#3572 = CARTESIAN_POINT('',(2.,1.5));
#3573 = CARTESIAN_POINT('',(0.,1.5));
#3574 = ( GEOMETRIC_REPRESENTATION_CONTEXT(2) 
PARAMETRIC_REPRESENTATION_CONTEXT() REPRESENTATION_CONTEXT('2D SPACE',''
  ) );
#3575 = PCURVE('',#2970,#3576);
#3576 = DEFINITIONAL_REPRESENTATION('',(#3577),#3580);
#3577 = B_SPLINE_CURVE_WITH_KNOTS('',1,(#3578,#3579),.UNSPECIFIED.,.F.,
  .F.,(2,2),(-2.,0.),.PIECEWISE_BEZIER_KNOTS.);
#3578 = CARTESIAN_POINT('',(2.,-1.5));
#3579 = CARTESIAN_POINT('',(0.,-1.5));
#3580 = ( GEOMETRIC_REPRESENTATION_CONTEXT(2) 
PARAMETRIC_REPRESENTATION_CONTEXT() REPRESENTATION_CONTEXT('2D SPACE',''
  ) );
#3581 = ORIENTED_EDGE('',*,*,#2924,.T.);
#3582 = ORIENTED_EDGE('',*,*,#3583,.T.);
#3583 = EDGE_CURVE('',#2927,#3536,#3584,.T.);
#3584 = SURFACE_CURVE('',#3585,(#3589,#3595),.PCURVE_S1.);
#3585 = LINE('',#3586,#3587);
#3586 = CARTESIAN_POINT('',(47.,-47.,44.25));
#3587 = VECTOR('',#3588,1.);
#3588 = DIRECTION('',(0.,0.,-1.));
#3589 = PCURVE('',#2942,#3590);
#3590 = DEFINITIONAL_REPRESENTATION('',(#3591),#3594);
#3591 = B_SPLINE_CURVE_WITH_KNOTS('',1,(#3592,#3593),.UNSPECIFIED.,.F.,
  .F.,(2,2),(-2.,0.),.PIECEWISE_BEZIER_KNOTS.);
#3592 = CARTESIAN_POINT('',(2.,95.5));
#3593 = CARTESIAN_POINT('',(0.,95.5));
#3594 = ( GEOMETRIC_REPRESENTATION_CONTEXT(2) 
PARAMETRIC_REPRESENTATION_CONTEXT() REPRESENTATION_CONTEXT('2D SPACE',''
  ) );
#3595 = PCURVE('',#3024,#3596);
#3596 = DEFINITIONAL_REPRESENTATION('',(#3597),#3600);
#3597 = B_SPLINE_CURVE_WITH_KNOTS('',1,(#3598,#3599),.UNSPECIFIED.,.F.,
  .F.,(2,2),(-2.,0.),.PIECEWISE_BEZIER_KNOTS.);
#3598 = CARTESIAN_POINT('',(2.,-1.5));
#3599 = CARTESIAN_POINT('',(0.,-1.5));
#3600 = ( GEOMETRIC_REPRESENTATION_CONTEXT(2) 
PARAMETRIC_REPRESENTATION_CONTEXT() REPRESENTATION_CONTEXT('2D SPACE',''
  ) );
#3601 = ADVANCED_FACE('',(#3602),#2970,.T.);
#3602 = FACE_BOUND('',#3603,.T.);
#3603 = EDGE_LOOP('',(#3604,#3605,#3606,#3629));
#3604 = ORIENTED_EDGE('',*,*,#2954,.F.);
#3605 = ORIENTED_EDGE('',*,*,#3563,.T.);
#3606 = ORIENTED_EDGE('',*,*,#3607,.T.);
#3607 = EDGE_CURVE('',#3534,#3608,#3610,.T.);
#3608 = VERTEX_POINT('',#3609);
#3609 = CARTESIAN_POINT('',(-47.,47.,44.25));
#3610 = SURFACE_CURVE('',#3611,(#3615,#3622),.PCURVE_S1.);
#3611 = LINE('',#3612,#3613);
#3612 = CARTESIAN_POINT('',(-47.,-48.5,44.25));
#3613 = VECTOR('',#3614,1.);
#3614 = DIRECTION('',(0.,1.,0.));
#3615 = PCURVE('',#2970,#3616);
#3616 = DEFINITIONAL_REPRESENTATION('',(#3617),#3621);
#3617 = LINE('',#3618,#3619);
#3618 = CARTESIAN_POINT('',(0.,0.));
#3619 = VECTOR('',#3620,1.);
#3620 = DIRECTION('',(0.,-1.));
#3621 = ( GEOMETRIC_REPRESENTATION_CONTEXT(2) 
PARAMETRIC_REPRESENTATION_CONTEXT() REPRESENTATION_CONTEXT('2D SPACE',''
  ) );
#3622 = PCURVE('',#3551,#3623);
#3623 = DEFINITIONAL_REPRESENTATION('',(#3624),#3628);
#3624 = LINE('',#3625,#3626);
#3625 = CARTESIAN_POINT('',(1.5,0.));
#3626 = VECTOR('',#3627,1.);
#3627 = DIRECTION('',(0.,1.));
#3628 = ( GEOMETRIC_REPRESENTATION_CONTEXT(2) 
PARAMETRIC_REPRESENTATION_CONTEXT() REPRESENTATION_CONTEXT('2D SPACE',''
  ) );
#3629 = ORIENTED_EDGE('',*,*,#3630,.F.);
#3630 = EDGE_CURVE('',#2955,#3608,#3631,.T.);
#3631 = SURFACE_CURVE('',#3632,(#3636,#3642),.PCURVE_S1.);
#3632 = LINE('',#3633,#3634);
#3633 = CARTESIAN_POINT('',(-47.,47.,44.25));
#3634 = VECTOR('',#3635,1.);
#3635 = DIRECTION('',(0.,0.,-1.));
#3636 = PCURVE('',#2970,#3637);
#3637 = DEFINITIONAL_REPRESENTATION('',(#3638),#3641);
#3638 = B_SPLINE_CURVE_WITH_KNOTS('',1,(#3639,#3640),.UNSPECIFIED.,.F.,
  .F.,(2,2),(-2.,0.),.PIECEWISE_BEZIER_KNOTS.);
#3639 = CARTESIAN_POINT('',(2.,-95.5));
#3640 = CARTESIAN_POINT('',(0.,-95.5));
#3641 = ( GEOMETRIC_REPRESENTATION_CONTEXT(2) 
PARAMETRIC_REPRESENTATION_CONTEXT() REPRESENTATION_CONTEXT('2D SPACE',''
  ) );
#3642 = PCURVE('',#2998,#3643);
#3643 = DEFINITIONAL_REPRESENTATION('',(#3644),#3647);
#3644 = B_SPLINE_CURVE_WITH_KNOTS('',1,(#3645,#3646),.UNSPECIFIED.,.F.,
  .F.,(2,2),(-2.,0.),.PIECEWISE_BEZIER_KNOTS.);
#3645 = CARTESIAN_POINT('',(2.,1.5));
#3646 = CARTESIAN_POINT('',(0.,1.5));
#3647 = ( GEOMETRIC_REPRESENTATION_CONTEXT(2) 
PARAMETRIC_REPRESENTATION_CONTEXT() REPRESENTATION_CONTEXT('2D SPACE',''
  ) );
#3648 = ADVANCED_FACE('',(#3649),#2998,.F.);
#3649 = FACE_BOUND('',#3650,.F.);
#3650 = EDGE_LOOP('',(#3651,#3674,#3675,#3676));
#3651 = ORIENTED_EDGE('',*,*,#3652,.F.);
#3652 = EDGE_CURVE('',#3608,#3653,#3655,.T.);
#3653 = VERTEX_POINT('',#3654);
#3654 = CARTESIAN_POINT('',(47.,47.,44.25));
#3655 = SURFACE_CURVE('',#3656,(#3660,#3667),.PCURVE_S1.);
#3656 = LINE('',#3657,#3658);
#3657 = CARTESIAN_POINT('',(-48.5,47.,44.25));
#3658 = VECTOR('',#3659,1.);
#3659 = DIRECTION('',(1.,0.,0.));
#3660 = PCURVE('',#2998,#3661);
#3661 = DEFINITIONAL_REPRESENTATION('',(#3662),#3666);
#3662 = LINE('',#3663,#3664);
#3663 = CARTESIAN_POINT('',(0.,0.));
#3664 = VECTOR('',#3665,1.);
#3665 = DIRECTION('',(0.,1.));
#3666 = ( GEOMETRIC_REPRESENTATION_CONTEXT(2) 
PARAMETRIC_REPRESENTATION_CONTEXT() REPRESENTATION_CONTEXT('2D SPACE',''
  ) );
#3667 = PCURVE('',#3551,#3668);
#3668 = DEFINITIONAL_REPRESENTATION('',(#3669),#3673);
#3669 = LINE('',#3670,#3671);
#3670 = CARTESIAN_POINT('',(0.,95.5));
#3671 = VECTOR('',#3672,1.);
#3672 = DIRECTION('',(1.,0.));
#3673 = ( GEOMETRIC_REPRESENTATION_CONTEXT(2) 
PARAMETRIC_REPRESENTATION_CONTEXT() REPRESENTATION_CONTEXT('2D SPACE',''
  ) );
#3674 = ORIENTED_EDGE('',*,*,#3630,.F.);
#3675 = ORIENTED_EDGE('',*,*,#2982,.T.);
#3676 = ORIENTED_EDGE('',*,*,#3677,.T.);
#3677 = EDGE_CURVE('',#2983,#3653,#3678,.T.);
#3678 = SURFACE_CURVE('',#3679,(#3683,#3689),.PCURVE_S1.);
#3679 = LINE('',#3680,#3681);
#3680 = CARTESIAN_POINT('',(47.,47.,44.25));
#3681 = VECTOR('',#3682,1.);
#3682 = DIRECTION('',(0.,0.,-1.));
#3683 = PCURVE('',#2998,#3684);
#3684 = DEFINITIONAL_REPRESENTATION('',(#3685),#3688);
#3685 = B_SPLINE_CURVE_WITH_KNOTS('',1,(#3686,#3687),.UNSPECIFIED.,.F.,
  .F.,(2,2),(-2.,0.),.PIECEWISE_BEZIER_KNOTS.);
#3686 = CARTESIAN_POINT('',(2.,95.5));
#3687 = CARTESIAN_POINT('',(0.,95.5));
#3688 = ( GEOMETRIC_REPRESENTATION_CONTEXT(2) 
PARAMETRIC_REPRESENTATION_CONTEXT() REPRESENTATION_CONTEXT('2D SPACE',''
  ) );
#3689 = PCURVE('',#3024,#3690);
#3690 = DEFINITIONAL_REPRESENTATION('',(#3691),#3694);
#3691 = B_SPLINE_CURVE_WITH_KNOTS('',1,(#3692,#3693),.UNSPECIFIED.,.F.,
  .F.,(2,2),(-2.,0.),.PIECEWISE_BEZIER_KNOTS.);
#3692 = CARTESIAN_POINT('',(2.,-95.5));
#3693 = CARTESIAN_POINT('',(0.,-95.5));
#3694 = ( GEOMETRIC_REPRESENTATION_CONTEXT(2) 
PARAMETRIC_REPRESENTATION_CONTEXT() REPRESENTATION_CONTEXT('2D SPACE',''
  ) );
#3695 = ADVANCED_FACE('',(#3696),#3024,.F.);
#3696 = FACE_BOUND('',#3697,.F.);
#3697 = EDGE_LOOP('',(#3698,#3699,#3700,#3721));
#3698 = ORIENTED_EDGE('',*,*,#3010,.F.);
#3699 = ORIENTED_EDGE('',*,*,#3583,.T.);
#3700 = ORIENTED_EDGE('',*,*,#3701,.T.);
#3701 = EDGE_CURVE('',#3536,#3653,#3702,.T.);
#3702 = SURFACE_CURVE('',#3703,(#3707,#3714),.PCURVE_S1.);
#3703 = LINE('',#3704,#3705);
#3704 = CARTESIAN_POINT('',(47.,-48.5,44.25));
#3705 = VECTOR('',#3706,1.);
#3706 = DIRECTION('',(0.,1.,0.));
#3707 = PCURVE('',#3024,#3708);
#3708 = DEFINITIONAL_REPRESENTATION('',(#3709),#3713);
#3709 = LINE('',#3710,#3711);
#3710 = CARTESIAN_POINT('',(0.,0.));
#3711 = VECTOR('',#3712,1.);
#3712 = DIRECTION('',(0.,-1.));
#3713 = ( GEOMETRIC_REPRESENTATION_CONTEXT(2) 
PARAMETRIC_REPRESENTATION_CONTEXT() REPRESENTATION_CONTEXT('2D SPACE',''
  ) );
#3714 = PCURVE('',#3551,#3715);
#3715 = DEFINITIONAL_REPRESENTATION('',(#3716),#3720);
#3716 = LINE('',#3717,#3718);
#3717 = CARTESIAN_POINT('',(95.5,0.));
#3718 = VECTOR('',#3719,1.);
#3719 = DIRECTION('',(0.,1.));
#3720 = ( GEOMETRIC_REPRESENTATION_CONTEXT(2) 
PARAMETRIC_REPRESENTATION_CONTEXT() REPRESENTATION_CONTEXT('2D SPACE',''
  ) );
#3721 = ORIENTED_EDGE('',*,*,#3677,.F.);
#3722 = ADVANCED_FACE('',(#3723,#3726),#3066,.T.);
#3723 = FACE_BOUND('',#3724,.T.);
#3724 = EDGE_LOOP('',(#3725));
#3725 = ORIENTED_EDGE('',*,*,#3049,.T.);
#3726 = FACE_BOUND('',#3727,.T.);
#3727 = EDGE_LOOP('',(#3728));
#3728 = ORIENTED_EDGE('',*,*,#3729,.F.);
#3729 = EDGE_CURVE('',#3730,#3730,#3732,.T.);
#3730 = VERTEX_POINT('',#3731);
#3731 = CARTESIAN_POINT('',(-52.7,20.,42.4));
#3732 = SURFACE_CURVE('',#3733,(#3738,#3745),.PCURVE_S1.);
#3733 = CIRCLE('',#3734,13.4);
#3734 = AXIS2_PLACEMENT_3D('',#3735,#3736,#3737);
#3735 = CARTESIAN_POINT('',(-52.7,20.,29.));
#3736 = DIRECTION('',(-1.,0.,1.110223024625E-16));
#3737 = DIRECTION('',(1.110223024625E-16,0.,1.));
#3738 = PCURVE('',#3066,#3739);
#3739 = DEFINITIONAL_REPRESENTATION('',(#3740),#3744);
#3740 = CIRCLE('',#3741,13.4);
#3741 = AXIS2_PLACEMENT_2D('',#3742,#3743);
#3742 = CARTESIAN_POINT('',(0.,0.));
#3743 = DIRECTION('',(1.,0.));
#3744 = ( GEOMETRIC_REPRESENTATION_CONTEXT(2) 
PARAMETRIC_REPRESENTATION_CONTEXT() REPRESENTATION_CONTEXT('2D SPACE',''
  ) );
#3745 = PCURVE('',#3746,#3751);
#3746 = CYLINDRICAL_SURFACE('',#3747,13.4);
#3747 = AXIS2_PLACEMENT_3D('',#3748,#3749,#3750);
#3748 = CARTESIAN_POINT('',(-52.7,20.,29.));
#3749 = DIRECTION('',(1.,-0.,-1.110223024625E-16));
#3750 = DIRECTION('',(1.110223024625E-16,0.,1.));
#3751 = DEFINITIONAL_REPRESENTATION('',(#3752),#3756);
#3752 = LINE('',#3753,#3754);
#3753 = CARTESIAN_POINT('',(-0.,0.));
#3754 = VECTOR('',#3755,1.);
#3755 = DIRECTION('',(-1.,0.));
#3756 = ( GEOMETRIC_REPRESENTATION_CONTEXT(2) 
PARAMETRIC_REPRESENTATION_CONTEXT() REPRESENTATION_CONTEXT('2D SPACE',''
  ) );
#3757 = ADVANCED_FACE('',(#3758,#3761),#3121,.T.);
#3758 = FACE_BOUND('',#3759,.T.);
#3759 = EDGE_LOOP('',(#3760));
#3760 = ORIENTED_EDGE('',*,*,#3104,.T.);
#3761 = FACE_BOUND('',#3762,.T.);
#3762 = EDGE_LOOP('',(#3763));
#3763 = ORIENTED_EDGE('',*,*,#3764,.F.);
#3764 = EDGE_CURVE('',#3765,#3765,#3767,.T.);
#3765 = VERTEX_POINT('',#3766);
#3766 = CARTESIAN_POINT('',(-52.7,-20.,42.4));
#3767 = SURFACE_CURVE('',#3768,(#3773,#3780),.PCURVE_S1.);
#3768 = CIRCLE('',#3769,13.4);
#3769 = AXIS2_PLACEMENT_3D('',#3770,#3771,#3772);
#3770 = CARTESIAN_POINT('',(-52.7,-20.,29.));
#3771 = DIRECTION('',(-1.,0.,1.110223024625E-16));
#3772 = DIRECTION('',(1.110223024625E-16,0.,1.));
#3773 = PCURVE('',#3121,#3774);
#3774 = DEFINITIONAL_REPRESENTATION('',(#3775),#3779);
#3775 = CIRCLE('',#3776,13.4);
#3776 = AXIS2_PLACEMENT_2D('',#3777,#3778);
#3777 = CARTESIAN_POINT('',(0.,0.));
#3778 = DIRECTION('',(1.,0.));
#3779 = ( GEOMETRIC_REPRESENTATION_CONTEXT(2) 
PARAMETRIC_REPRESENTATION_CONTEXT() REPRESENTATION_CONTEXT('2D SPACE',''
  ) );
#3780 = PCURVE('',#3781,#3786);
#3781 = CYLINDRICAL_SURFACE('',#3782,13.4);
#3782 = AXIS2_PLACEMENT_3D('',#3783,#3784,#3785);
#3783 = CARTESIAN_POINT('',(-52.7,-20.,29.));
#3784 = DIRECTION('',(1.,-0.,-1.110223024625E-16));
#3785 = DIRECTION('',(1.110223024625E-16,0.,1.));
#3786 = DEFINITIONAL_REPRESENTATION('',(#3787),#3791);
#3787 = LINE('',#3788,#3789);
#3788 = CARTESIAN_POINT('',(-0.,0.));
#3789 = VECTOR('',#3790,1.);
#3790 = DIRECTION('',(-1.,0.));
#3791 = ( GEOMETRIC_REPRESENTATION_CONTEXT(2) 
PARAMETRIC_REPRESENTATION_CONTEXT() REPRESENTATION_CONTEXT('2D SPACE',''
  ) );
#3792 = ADVANCED_FACE('',(#3793),#3183,.F.);
#3793 = FACE_BOUND('',#3794,.T.);
#3794 = EDGE_LOOP('',(#3795,#3824,#3845,#3846));
#3795 = ORIENTED_EDGE('',*,*,#3796,.F.);
#3796 = EDGE_CURVE('',#3797,#3797,#3799,.T.);
#3797 = VERTEX_POINT('',#3798);
#3798 = CARTESIAN_POINT('',(-5.4,-52.7,29.));
#3799 = SURFACE_CURVE('',#3800,(#3805,#3812),.PCURVE_S1.);
#3800 = CIRCLE('',#3801,14.6);
#3801 = AXIS2_PLACEMENT_3D('',#3802,#3803,#3804);
#3802 = CARTESIAN_POINT('',(-20.,-52.7,29.));
#3803 = DIRECTION('',(0.,-1.,1.110223024625E-16));
#3804 = DIRECTION('',(1.,0.,0.));
#3805 = PCURVE('',#3183,#3806);
#3806 = DEFINITIONAL_REPRESENTATION('',(#3807),#3811);
#3807 = LINE('',#3808,#3809);
#3808 = CARTESIAN_POINT('',(-0.,0.));
#3809 = VECTOR('',#3810,1.);
#3810 = DIRECTION('',(-1.,0.));
#3811 = ( GEOMETRIC_REPRESENTATION_CONTEXT(2) 
PARAMETRIC_REPRESENTATION_CONTEXT() REPRESENTATION_CONTEXT('2D SPACE',''
  ) );
#3812 = PCURVE('',#3813,#3818);
#3813 = PLANE('',#3814);
#3814 = AXIS2_PLACEMENT_3D('',#3815,#3816,#3817);
#3815 = CARTESIAN_POINT('',(-20.,-52.7,29.));
#3816 = DIRECTION('',(0.,-1.,1.110223024625E-16));
#3817 = DIRECTION('',(1.,0.,0.));
#3818 = DEFINITIONAL_REPRESENTATION('',(#3819),#3823);
#3819 = CIRCLE('',#3820,14.6);
#3820 = AXIS2_PLACEMENT_2D('',#3821,#3822);
#3821 = CARTESIAN_POINT('',(0.,0.));
#3822 = DIRECTION('',(1.,0.));
#3823 = ( GEOMETRIC_REPRESENTATION_CONTEXT(2) 
PARAMETRIC_REPRESENTATION_CONTEXT() REPRESENTATION_CONTEXT('2D SPACE',''
  ) );
#3824 = ORIENTED_EDGE('',*,*,#3825,.T.);
#3825 = EDGE_CURVE('',#3797,#3163,#3826,.T.);
#3826 = SEAM_CURVE('',#3827,(#3831,#3838),.PCURVE_S1.);
#3827 = LINE('',#3828,#3829);
#3828 = CARTESIAN_POINT('',(-5.4,-52.7,29.));
#3829 = VECTOR('',#3830,1.);
#3830 = DIRECTION('',(0.,-1.,1.110223024625E-16));
#3831 = PCURVE('',#3183,#3832);
#3832 = DEFINITIONAL_REPRESENTATION('',(#3833),#3837);
#3833 = LINE('',#3834,#3835);
#3834 = CARTESIAN_POINT('',(-6.28318530718,0.));
#3835 = VECTOR('',#3836,1.);
#3836 = DIRECTION('',(-0.,-1.));
#3837 = ( GEOMETRIC_REPRESENTATION_CONTEXT(2) 
PARAMETRIC_REPRESENTATION_CONTEXT() REPRESENTATION_CONTEXT('2D SPACE',''
  ) );
#3838 = PCURVE('',#3183,#3839);
#3839 = DEFINITIONAL_REPRESENTATION('',(#3840),#3844);
#3840 = LINE('',#3841,#3842);
#3841 = CARTESIAN_POINT('',(-0.,0.));
#3842 = VECTOR('',#3843,1.);
#3843 = DIRECTION('',(-0.,-1.));
#3844 = ( GEOMETRIC_REPRESENTATION_CONTEXT(2) 
PARAMETRIC_REPRESENTATION_CONTEXT() REPRESENTATION_CONTEXT('2D SPACE',''
  ) );
#3845 = ORIENTED_EDGE('',*,*,#3162,.F.);
#3846 = ORIENTED_EDGE('',*,*,#3825,.F.);
#3847 = ADVANCED_FACE('',(#3848),#3222,.F.);
#3848 = FACE_BOUND('',#3849,.T.);
#3849 = EDGE_LOOP('',(#3850,#3879,#3900,#3901));
#3850 = ORIENTED_EDGE('',*,*,#3851,.F.);
#3851 = EDGE_CURVE('',#3852,#3852,#3854,.T.);
#3852 = VERTEX_POINT('',#3853);
#3853 = CARTESIAN_POINT('',(34.6,-52.7,29.));
#3854 = SURFACE_CURVE('',#3855,(#3860,#3867),.PCURVE_S1.);
#3855 = CIRCLE('',#3856,14.6);
#3856 = AXIS2_PLACEMENT_3D('',#3857,#3858,#3859);
#3857 = CARTESIAN_POINT('',(20.,-52.7,29.));
#3858 = DIRECTION('',(0.,-1.,1.110223024625E-16));
#3859 = DIRECTION('',(1.,0.,0.));
#3860 = PCURVE('',#3222,#3861);
#3861 = DEFINITIONAL_REPRESENTATION('',(#3862),#3866);
#3862 = LINE('',#3863,#3864);
#3863 = CARTESIAN_POINT('',(-0.,0.));
#3864 = VECTOR('',#3865,1.);
#3865 = DIRECTION('',(-1.,0.));
#3866 = ( GEOMETRIC_REPRESENTATION_CONTEXT(2) 
PARAMETRIC_REPRESENTATION_CONTEXT() REPRESENTATION_CONTEXT('2D SPACE',''
  ) );
#3867 = PCURVE('',#3868,#3873);
#3868 = PLANE('',#3869);
#3869 = AXIS2_PLACEMENT_3D('',#3870,#3871,#3872);
#3870 = CARTESIAN_POINT('',(20.,-52.7,29.));
#3871 = DIRECTION('',(0.,-1.,1.110223024625E-16));
#3872 = DIRECTION('',(1.,0.,0.));
#3873 = DEFINITIONAL_REPRESENTATION('',(#3874),#3878);
#3874 = CIRCLE('',#3875,14.6);
#3875 = AXIS2_PLACEMENT_2D('',#3876,#3877);
#3876 = CARTESIAN_POINT('',(0.,0.));
#3877 = DIRECTION('',(1.,0.));
#3878 = ( GEOMETRIC_REPRESENTATION_CONTEXT(2) 
PARAMETRIC_REPRESENTATION_CONTEXT() REPRESENTATION_CONTEXT('2D SPACE',''
  ) );
#3879 = ORIENTED_EDGE('',*,*,#3880,.T.);
#3880 = EDGE_CURVE('',#3852,#3202,#3881,.T.);
#3881 = SEAM_CURVE('',#3882,(#3886,#3893),.PCURVE_S1.);
#3882 = LINE('',#3883,#3884);
#3883 = CARTESIAN_POINT('',(34.6,-52.7,29.));
#3884 = VECTOR('',#3885,1.);
#3885 = DIRECTION('',(0.,-1.,1.110223024625E-16));
#3886 = PCURVE('',#3222,#3887);
#3887 = DEFINITIONAL_REPRESENTATION('',(#3888),#3892);
#3888 = LINE('',#3889,#3890);
#3889 = CARTESIAN_POINT('',(-6.28318530718,0.));
#3890 = VECTOR('',#3891,1.);
#3891 = DIRECTION('',(-0.,-1.));
#3892 = ( GEOMETRIC_REPRESENTATION_CONTEXT(2) 
PARAMETRIC_REPRESENTATION_CONTEXT() REPRESENTATION_CONTEXT('2D SPACE',''
  ) );
#3893 = PCURVE('',#3222,#3894);
#3894 = DEFINITIONAL_REPRESENTATION('',(#3895),#3899);
#3895 = LINE('',#3896,#3897);
#3896 = CARTESIAN_POINT('',(-0.,0.));
#3897 = VECTOR('',#3898,1.);
#3898 = DIRECTION('',(-0.,-1.));
#3899 = ( GEOMETRIC_REPRESENTATION_CONTEXT(2) 
PARAMETRIC_REPRESENTATION_CONTEXT() REPRESENTATION_CONTEXT('2D SPACE',''
  ) );
#3900 = ORIENTED_EDGE('',*,*,#3201,.F.);
#3901 = ORIENTED_EDGE('',*,*,#3880,.F.);
#3902 = ADVANCED_FACE('',(#3903),#3254,.T.);
#3903 = FACE_BOUND('',#3904,.F.);
#3904 = EDGE_LOOP('',(#3905,#3928,#3929,#3930));
#3905 = ORIENTED_EDGE('',*,*,#3906,.T.);
#3906 = EDGE_CURVE('',#3907,#3238,#3909,.T.);
#3907 = VERTEX_POINT('',#3908);
#3908 = CARTESIAN_POINT('',(-27.5,-32.5,3.));
#3909 = SEAM_CURVE('',#3910,(#3914,#3921),.PCURVE_S1.);
#3910 = LINE('',#3911,#3912);
#3911 = CARTESIAN_POINT('',(-27.5,-32.5,3.));
#3912 = VECTOR('',#3913,1.);
#3913 = DIRECTION('',(0.,0.,1.));
#3914 = PCURVE('',#3254,#3915);
#3915 = DEFINITIONAL_REPRESENTATION('',(#3916),#3920);
#3916 = LINE('',#3917,#3918);
#3917 = CARTESIAN_POINT('',(-0.,0.));
#3918 = VECTOR('',#3919,1.);
#3919 = DIRECTION('',(-0.,-1.));
#3920 = ( GEOMETRIC_REPRESENTATION_CONTEXT(2) 
PARAMETRIC_REPRESENTATION_CONTEXT() REPRESENTATION_CONTEXT('2D SPACE',''
  ) );
#3921 = PCURVE('',#3254,#3922);
#3922 = DEFINITIONAL_REPRESENTATION('',(#3923),#3927);
#3923 = LINE('',#3924,#3925);
#3924 = CARTESIAN_POINT('',(-6.28318530718,0.));
#3925 = VECTOR('',#3926,1.);
#3926 = DIRECTION('',(-0.,-1.));
#3927 = ( GEOMETRIC_REPRESENTATION_CONTEXT(2) 
PARAMETRIC_REPRESENTATION_CONTEXT() REPRESENTATION_CONTEXT('2D SPACE',''
  ) );
#3928 = ORIENTED_EDGE('',*,*,#3237,.T.);
#3929 = ORIENTED_EDGE('',*,*,#3906,.F.);
#3930 = ORIENTED_EDGE('',*,*,#3931,.F.);
#3931 = EDGE_CURVE('',#3907,#3907,#3932,.T.);
#3932 = SURFACE_CURVE('',#3933,(#3938,#3945),.PCURVE_S1.);
#3933 = CIRCLE('',#3934,5.);
#3934 = AXIS2_PLACEMENT_3D('',#3935,#3936,#3937);
#3935 = CARTESIAN_POINT('',(-32.5,-32.5,3.));
#3936 = DIRECTION('',(0.,0.,1.));
#3937 = DIRECTION('',(1.,0.,0.));
#3938 = PCURVE('',#3254,#3939);
#3939 = DEFINITIONAL_REPRESENTATION('',(#3940),#3944);
#3940 = LINE('',#3941,#3942);
#3941 = CARTESIAN_POINT('',(-0.,0.));
#3942 = VECTOR('',#3943,1.);
#3943 = DIRECTION('',(-1.,0.));
#3944 = ( GEOMETRIC_REPRESENTATION_CONTEXT(2) 
PARAMETRIC_REPRESENTATION_CONTEXT() REPRESENTATION_CONTEXT('2D SPACE',''
  ) );
#3945 = PCURVE('',#3946,#3951);
#3946 = PLANE('',#3947);
#3947 = AXIS2_PLACEMENT_3D('',#3948,#3949,#3950);
#3948 = CARTESIAN_POINT('',(-48.5,-48.5,3.));
#3949 = DIRECTION('',(0.,0.,1.));
#3950 = DIRECTION('',(1.,0.,0.));
#3951 = DEFINITIONAL_REPRESENTATION('',(#3952),#3956);
#3952 = CIRCLE('',#3953,5.);
#3953 = AXIS2_PLACEMENT_2D('',#3954,#3955);
#3954 = CARTESIAN_POINT('',(16.,16.));
#3955 = DIRECTION('',(1.,0.));
#3956 = ( GEOMETRIC_REPRESENTATION_CONTEXT(2) 
PARAMETRIC_REPRESENTATION_CONTEXT() REPRESENTATION_CONTEXT('2D SPACE',''
  ) );
#3957 = ADVANCED_FACE('',(#3958),#3289,.T.);
#3958 = FACE_BOUND('',#3959,.F.);
#3959 = EDGE_LOOP('',(#3960,#3983,#3984,#3985));
#3960 = ORIENTED_EDGE('',*,*,#3961,.T.);
#3961 = EDGE_CURVE('',#3962,#3273,#3964,.T.);
#3962 = VERTEX_POINT('',#3963);
#3963 = CARTESIAN_POINT('',(37.5,-32.5,3.));
#3964 = SEAM_CURVE('',#3965,(#3969,#3976),.PCURVE_S1.);
#3965 = LINE('',#3966,#3967);
#3966 = CARTESIAN_POINT('',(37.5,-32.5,3.));
#3967 = VECTOR('',#3968,1.);
#3968 = DIRECTION('',(0.,0.,1.));
#3969 = PCURVE('',#3289,#3970);
#3970 = DEFINITIONAL_REPRESENTATION('',(#3971),#3975);
#3971 = LINE('',#3972,#3973);
#3972 = CARTESIAN_POINT('',(-0.,0.));
#3973 = VECTOR('',#3974,1.);
#3974 = DIRECTION('',(-0.,-1.));
#3975 = ( GEOMETRIC_REPRESENTATION_CONTEXT(2) 
PARAMETRIC_REPRESENTATION_CONTEXT() REPRESENTATION_CONTEXT('2D SPACE',''
  ) );
#3976 = PCURVE('',#3289,#3977);
#3977 = DEFINITIONAL_REPRESENTATION('',(#3978),#3982);
#3978 = LINE('',#3979,#3980);
#3979 = CARTESIAN_POINT('',(-6.28318530718,0.));
#3980 = VECTOR('',#3981,1.);
#3981 = DIRECTION('',(-0.,-1.));
#3982 = ( GEOMETRIC_REPRESENTATION_CONTEXT(2) 
PARAMETRIC_REPRESENTATION_CONTEXT() REPRESENTATION_CONTEXT('2D SPACE',''
  ) );
#3983 = ORIENTED_EDGE('',*,*,#3272,.T.);
#3984 = ORIENTED_EDGE('',*,*,#3961,.F.);
#3985 = ORIENTED_EDGE('',*,*,#3986,.F.);
#3986 = EDGE_CURVE('',#3962,#3962,#3987,.T.);
#3987 = SURFACE_CURVE('',#3988,(#3993,#4000),.PCURVE_S1.);
#3988 = CIRCLE('',#3989,5.);
#3989 = AXIS2_PLACEMENT_3D('',#3990,#3991,#3992);
#3990 = CARTESIAN_POINT('',(32.5,-32.5,3.));
#3991 = DIRECTION('',(0.,0.,1.));
#3992 = DIRECTION('',(1.,0.,0.));
#3993 = PCURVE('',#3289,#3994);
#3994 = DEFINITIONAL_REPRESENTATION('',(#3995),#3999);
#3995 = LINE('',#3996,#3997);
#3996 = CARTESIAN_POINT('',(-0.,0.));
#3997 = VECTOR('',#3998,1.);
#3998 = DIRECTION('',(-1.,0.));
#3999 = ( GEOMETRIC_REPRESENTATION_CONTEXT(2) 
PARAMETRIC_REPRESENTATION_CONTEXT() REPRESENTATION_CONTEXT('2D SPACE',''
  ) );
#4000 = PCURVE('',#3946,#4001);
#4001 = DEFINITIONAL_REPRESENTATION('',(#4002),#4006);
#4002 = CIRCLE('',#4003,5.);
#4003 = AXIS2_PLACEMENT_2D('',#4004,#4005);
#4004 = CARTESIAN_POINT('',(81.,16.));
#4005 = DIRECTION('',(1.,0.));
#4006 = ( GEOMETRIC_REPRESENTATION_CONTEXT(2) 
PARAMETRIC_REPRESENTATION_CONTEXT() REPRESENTATION_CONTEXT('2D SPACE',''
  ) );
#4007 = ADVANCED_FACE('',(#4008),#3324,.T.);
#4008 = FACE_BOUND('',#4009,.F.);
#4009 = EDGE_LOOP('',(#4010,#4033,#4034,#4035));
#4010 = ORIENTED_EDGE('',*,*,#4011,.T.);
#4011 = EDGE_CURVE('',#4012,#3308,#4014,.T.);
#4012 = VERTEX_POINT('',#4013);
#4013 = CARTESIAN_POINT('',(-27.5,32.5,3.));
#4014 = SEAM_CURVE('',#4015,(#4019,#4026),.PCURVE_S1.);
#4015 = LINE('',#4016,#4017);
#4016 = CARTESIAN_POINT('',(-27.5,32.5,3.));
#4017 = VECTOR('',#4018,1.);
#4018 = DIRECTION('',(0.,0.,1.));
#4019 = PCURVE('',#3324,#4020);
#4020 = DEFINITIONAL_REPRESENTATION('',(#4021),#4025);
#4021 = LINE('',#4022,#4023);
#4022 = CARTESIAN_POINT('',(-0.,0.));
#4023 = VECTOR('',#4024,1.);
#4024 = DIRECTION('',(-0.,-1.));
#4025 = ( GEOMETRIC_REPRESENTATION_CONTEXT(2) 
PARAMETRIC_REPRESENTATION_CONTEXT() REPRESENTATION_CONTEXT('2D SPACE',''
  ) );
#4026 = PCURVE('',#3324,#4027);
#4027 = DEFINITIONAL_REPRESENTATION('',(#4028),#4032);
#4028 = LINE('',#4029,#4030);
#4029 = CARTESIAN_POINT('',(-6.28318530718,0.));
#4030 = VECTOR('',#4031,1.);
#4031 = DIRECTION('',(-0.,-1.));
#4032 = ( GEOMETRIC_REPRESENTATION_CONTEXT(2) 
PARAMETRIC_REPRESENTATION_CONTEXT() REPRESENTATION_CONTEXT('2D SPACE',''
  ) );
#4033 = ORIENTED_EDGE('',*,*,#3307,.T.);
#4034 = ORIENTED_EDGE('',*,*,#4011,.F.);
#4035 = ORIENTED_EDGE('',*,*,#4036,.F.);
#4036 = EDGE_CURVE('',#4012,#4012,#4037,.T.);
#4037 = SURFACE_CURVE('',#4038,(#4043,#4050),.PCURVE_S1.);
#4038 = CIRCLE('',#4039,5.);
#4039 = AXIS2_PLACEMENT_3D('',#4040,#4041,#4042);
#4040 = CARTESIAN_POINT('',(-32.5,32.5,3.));
#4041 = DIRECTION('',(0.,0.,1.));
#4042 = DIRECTION('',(1.,0.,0.));
#4043 = PCURVE('',#3324,#4044);
#4044 = DEFINITIONAL_REPRESENTATION('',(#4045),#4049);
#4045 = LINE('',#4046,#4047);
#4046 = CARTESIAN_POINT('',(-0.,0.));
#4047 = VECTOR('',#4048,1.);
#4048 = DIRECTION('',(-1.,0.));
#4049 = ( GEOMETRIC_REPRESENTATION_CONTEXT(2) 
PARAMETRIC_REPRESENTATION_CONTEXT() REPRESENTATION_CONTEXT('2D SPACE',''
  ) );
#4050 = PCURVE('',#3946,#4051);
#4051 = DEFINITIONAL_REPRESENTATION('',(#4052),#4056);
#4052 = CIRCLE('',#4053,5.);
#4053 = AXIS2_PLACEMENT_2D('',#4054,#4055);
#4054 = CARTESIAN_POINT('',(16.,81.));
#4055 = DIRECTION('',(1.,0.));
#4056 = ( GEOMETRIC_REPRESENTATION_CONTEXT(2) 
PARAMETRIC_REPRESENTATION_CONTEXT() REPRESENTATION_CONTEXT('2D SPACE',''
  ) );
#4057 = ADVANCED_FACE('',(#4058),#3359,.T.);
#4058 = FACE_BOUND('',#4059,.F.);
#4059 = EDGE_LOOP('',(#4060,#4083,#4084,#4085));
#4060 = ORIENTED_EDGE('',*,*,#4061,.T.);
#4061 = EDGE_CURVE('',#4062,#3343,#4064,.T.);
#4062 = VERTEX_POINT('',#4063);
#4063 = CARTESIAN_POINT('',(37.5,32.5,3.));
#4064 = SEAM_CURVE('',#4065,(#4069,#4076),.PCURVE_S1.);
#4065 = LINE('',#4066,#4067);
#4066 = CARTESIAN_POINT('',(37.5,32.5,3.));
#4067 = VECTOR('',#4068,1.);
#4068 = DIRECTION('',(0.,0.,1.));
#4069 = PCURVE('',#3359,#4070);
#4070 = DEFINITIONAL_REPRESENTATION('',(#4071),#4075);
#4071 = LINE('',#4072,#4073);
#4072 = CARTESIAN_POINT('',(-0.,0.));
#4073 = VECTOR('',#4074,1.);
#4074 = DIRECTION('',(-0.,-1.));
#4075 = ( GEOMETRIC_REPRESENTATION_CONTEXT(2) 
PARAMETRIC_REPRESENTATION_CONTEXT() REPRESENTATION_CONTEXT('2D SPACE',''
  ) );
#4076 = PCURVE('',#3359,#4077);
#4077 = DEFINITIONAL_REPRESENTATION('',(#4078),#4082);
#4078 = LINE('',#4079,#4080);
#4079 = CARTESIAN_POINT('',(-6.28318530718,0.));
#4080 = VECTOR('',#4081,1.);
#4081 = DIRECTION('',(-0.,-1.));
#4082 = ( GEOMETRIC_REPRESENTATION_CONTEXT(2) 
PARAMETRIC_REPRESENTATION_CONTEXT() REPRESENTATION_CONTEXT('2D SPACE',''
  ) );
#4083 = ORIENTED_EDGE('',*,*,#3342,.T.);
#4084 = ORIENTED_EDGE('',*,*,#4061,.F.);
#4085 = ORIENTED_EDGE('',*,*,#4086,.F.);
#4086 = EDGE_CURVE('',#4062,#4062,#4087,.T.);
#4087 = SURFACE_CURVE('',#4088,(#4093,#4100),.PCURVE_S1.);
#4088 = CIRCLE('',#4089,5.);
#4089 = AXIS2_PLACEMENT_3D('',#4090,#4091,#4092);
#4090 = CARTESIAN_POINT('',(32.5,32.5,3.));
#4091 = DIRECTION('',(0.,0.,1.));
#4092 = DIRECTION('',(1.,0.,0.));
#4093 = PCURVE('',#3359,#4094);
#4094 = DEFINITIONAL_REPRESENTATION('',(#4095),#4099);
#4095 = LINE('',#4096,#4097);
#4096 = CARTESIAN_POINT('',(-0.,0.));
#4097 = VECTOR('',#4098,1.);
#4098 = DIRECTION('',(-1.,0.));
#4099 = ( GEOMETRIC_REPRESENTATION_CONTEXT(2) 
PARAMETRIC_REPRESENTATION_CONTEXT() REPRESENTATION_CONTEXT('2D SPACE',''
  ) );
#4100 = PCURVE('',#3946,#4101);
#4101 = DEFINITIONAL_REPRESENTATION('',(#4102),#4106);
#4102 = CIRCLE('',#4103,5.);
#4103 = AXIS2_PLACEMENT_2D('',#4104,#4105);
#4104 = CARTESIAN_POINT('',(81.,81.));
#4105 = DIRECTION('',(1.,0.));
#4106 = ( GEOMETRIC_REPRESENTATION_CONTEXT(2) 
PARAMETRIC_REPRESENTATION_CONTEXT() REPRESENTATION_CONTEXT('2D SPACE',''
  ) );
#4107 = ADVANCED_FACE('',(#4108),#3401,.F.);
#4108 = FACE_BOUND('',#4109,.T.);
#4109 = EDGE_LOOP('',(#4110,#4139,#4160,#4161));
#4110 = ORIENTED_EDGE('',*,*,#4111,.F.);
#4111 = EDGE_CURVE('',#4112,#4112,#4114,.T.);
#4112 = VERTEX_POINT('',#4113);
#4113 = CARTESIAN_POINT('',(-5.4,52.7,29.));
#4114 = SURFACE_CURVE('',#4115,(#4120,#4127),.PCURVE_S1.);
#4115 = CIRCLE('',#4116,14.6);
#4116 = AXIS2_PLACEMENT_3D('',#4117,#4118,#4119);
#4117 = CARTESIAN_POINT('',(-20.,52.7,29.));
#4118 = DIRECTION('',(-0.,1.,1.110223024625E-16));
#4119 = DIRECTION('',(1.,0.,0.));
#4120 = PCURVE('',#3401,#4121);
#4121 = DEFINITIONAL_REPRESENTATION('',(#4122),#4126);
#4122 = LINE('',#4123,#4124);
#4123 = CARTESIAN_POINT('',(-0.,0.));
#4124 = VECTOR('',#4125,1.);
#4125 = DIRECTION('',(-1.,0.));
#4126 = ( GEOMETRIC_REPRESENTATION_CONTEXT(2) 
PARAMETRIC_REPRESENTATION_CONTEXT() REPRESENTATION_CONTEXT('2D SPACE',''
  ) );
#4127 = PCURVE('',#4128,#4133);
#4128 = PLANE('',#4129);
#4129 = AXIS2_PLACEMENT_3D('',#4130,#4131,#4132);
#4130 = CARTESIAN_POINT('',(-20.,52.7,29.));
#4131 = DIRECTION('',(0.,1.,1.110223024625E-16));
#4132 = DIRECTION('',(1.,0.,0.));
#4133 = DEFINITIONAL_REPRESENTATION('',(#4134),#4138);
#4134 = CIRCLE('',#4135,14.6);
#4135 = AXIS2_PLACEMENT_2D('',#4136,#4137);
#4136 = CARTESIAN_POINT('',(0.,0.));
#4137 = DIRECTION('',(1.,0.));
#4138 = ( GEOMETRIC_REPRESENTATION_CONTEXT(2) 
PARAMETRIC_REPRESENTATION_CONTEXT() REPRESENTATION_CONTEXT('2D SPACE',''
  ) );
#4139 = ORIENTED_EDGE('',*,*,#4140,.T.);
#4140 = EDGE_CURVE('',#4112,#3381,#4141,.T.);
#4141 = SEAM_CURVE('',#4142,(#4146,#4153),.PCURVE_S1.);
#4142 = LINE('',#4143,#4144);
#4143 = CARTESIAN_POINT('',(-5.4,52.7,29.));
#4144 = VECTOR('',#4145,1.);
#4145 = DIRECTION('',(0.,1.,1.110223024625E-16));
#4146 = PCURVE('',#3401,#4147);
#4147 = DEFINITIONAL_REPRESENTATION('',(#4148),#4152);
#4148 = LINE('',#4149,#4150);
#4149 = CARTESIAN_POINT('',(-6.28318530718,0.));
#4150 = VECTOR('',#4151,1.);
#4151 = DIRECTION('',(-0.,-1.));
#4152 = ( GEOMETRIC_REPRESENTATION_CONTEXT(2) 
PARAMETRIC_REPRESENTATION_CONTEXT() REPRESENTATION_CONTEXT('2D SPACE',''
  ) );
#4153 = PCURVE('',#3401,#4154);
#4154 = DEFINITIONAL_REPRESENTATION('',(#4155),#4159);
#4155 = LINE('',#4156,#4157);
#4156 = CARTESIAN_POINT('',(-0.,0.));
#4157 = VECTOR('',#4158,1.);
#4158 = DIRECTION('',(-0.,-1.));
#4159 = ( GEOMETRIC_REPRESENTATION_CONTEXT(2) 
PARAMETRIC_REPRESENTATION_CONTEXT() REPRESENTATION_CONTEXT('2D SPACE',''
  ) );
#4160 = ORIENTED_EDGE('',*,*,#3380,.F.);
#4161 = ORIENTED_EDGE('',*,*,#4140,.F.);
#4162 = ADVANCED_FACE('',(#4163),#3440,.F.);
#4163 = FACE_BOUND('',#4164,.T.);
#4164 = EDGE_LOOP('',(#4165,#4194,#4215,#4216));
#4165 = ORIENTED_EDGE('',*,*,#4166,.F.);
#4166 = EDGE_CURVE('',#4167,#4167,#4169,.T.);
#4167 = VERTEX_POINT('',#4168);
#4168 = CARTESIAN_POINT('',(34.6,52.7,29.));
#4169 = SURFACE_CURVE('',#4170,(#4175,#4182),.PCURVE_S1.);
#4170 = CIRCLE('',#4171,14.6);
#4171 = AXIS2_PLACEMENT_3D('',#4172,#4173,#4174);
#4172 = CARTESIAN_POINT('',(20.,52.7,29.));
#4173 = DIRECTION('',(-0.,1.,1.110223024625E-16));
#4174 = DIRECTION('',(1.,0.,0.));
#4175 = PCURVE('',#3440,#4176);
#4176 = DEFINITIONAL_REPRESENTATION('',(#4177),#4181);
#4177 = LINE('',#4178,#4179);
#4178 = CARTESIAN_POINT('',(-0.,0.));
#4179 = VECTOR('',#4180,1.);
#4180 = DIRECTION('',(-1.,0.));
#4181 = ( GEOMETRIC_REPRESENTATION_CONTEXT(2) 
PARAMETRIC_REPRESENTATION_CONTEXT() REPRESENTATION_CONTEXT('2D SPACE',''
  ) );
#4182 = PCURVE('',#4183,#4188);
#4183 = PLANE('',#4184);
#4184 = AXIS2_PLACEMENT_3D('',#4185,#4186,#4187);
#4185 = CARTESIAN_POINT('',(20.,52.7,29.));
#4186 = DIRECTION('',(0.,1.,1.110223024625E-16));
#4187 = DIRECTION('',(1.,0.,0.));
#4188 = DEFINITIONAL_REPRESENTATION('',(#4189),#4193);
#4189 = CIRCLE('',#4190,14.6);
#4190 = AXIS2_PLACEMENT_2D('',#4191,#4192);
#4191 = CARTESIAN_POINT('',(0.,0.));
#4192 = DIRECTION('',(1.,0.));
#4193 = ( GEOMETRIC_REPRESENTATION_CONTEXT(2) 
PARAMETRIC_REPRESENTATION_CONTEXT() REPRESENTATION_CONTEXT('2D SPACE',''
  ) );
#4194 = ORIENTED_EDGE('',*,*,#4195,.T.);
#4195 = EDGE_CURVE('',#4167,#3420,#4196,.T.);
#4196 = SEAM_CURVE('',#4197,(#4201,#4208),.PCURVE_S1.);
#4197 = LINE('',#4198,#4199);
#4198 = CARTESIAN_POINT('',(34.6,52.7,29.));
#4199 = VECTOR('',#4200,1.);
#4200 = DIRECTION('',(0.,1.,1.110223024625E-16));
#4201 = PCURVE('',#3440,#4202);
#4202 = DEFINITIONAL_REPRESENTATION('',(#4203),#4207);
#4203 = LINE('',#4204,#4205);
#4204 = CARTESIAN_POINT('',(-6.28318530718,0.));
#4205 = VECTOR('',#4206,1.);
#4206 = DIRECTION('',(-0.,-1.));
#4207 = ( GEOMETRIC_REPRESENTATION_CONTEXT(2) 
PARAMETRIC_REPRESENTATION_CONTEXT() REPRESENTATION_CONTEXT('2D SPACE',''
  ) );
#4208 = PCURVE('',#3440,#4209);
#4209 = DEFINITIONAL_REPRESENTATION('',(#4210),#4214);
#4210 = LINE('',#4211,#4212);
#4211 = CARTESIAN_POINT('',(-0.,0.));
#4212 = VECTOR('',#4213,1.);
#4213 = DIRECTION('',(-0.,-1.));
#4214 = ( GEOMETRIC_REPRESENTATION_CONTEXT(2) 
PARAMETRIC_REPRESENTATION_CONTEXT() REPRESENTATION_CONTEXT('2D SPACE',''
  ) );
#4215 = ORIENTED_EDGE('',*,*,#3419,.F.);
#4216 = ORIENTED_EDGE('',*,*,#4195,.F.);
#4217 = ADVANCED_FACE('',(#4218),#3479,.F.);
#4218 = FACE_BOUND('',#4219,.T.);
#4219 = EDGE_LOOP('',(#4220,#4249,#4270,#4271));
#4220 = ORIENTED_EDGE('',*,*,#4221,.F.);
#4221 = EDGE_CURVE('',#4222,#4222,#4224,.T.);
#4222 = VERTEX_POINT('',#4223);
#4223 = CARTESIAN_POINT('',(52.7,20.,14.4));
#4224 = SURFACE_CURVE('',#4225,(#4230,#4237),.PCURVE_S1.);
#4225 = CIRCLE('',#4226,14.6);
#4226 = AXIS2_PLACEMENT_3D('',#4227,#4228,#4229);
#4227 = CARTESIAN_POINT('',(52.7,20.,29.));
#4228 = DIRECTION('',(1.,-0.,1.110223024625E-16));
#4229 = DIRECTION('',(1.110223024625E-16,0.,-1.));
#4230 = PCURVE('',#3479,#4231);
#4231 = DEFINITIONAL_REPRESENTATION('',(#4232),#4236);
#4232 = LINE('',#4233,#4234);
#4233 = CARTESIAN_POINT('',(-0.,0.));
#4234 = VECTOR('',#4235,1.);
#4235 = DIRECTION('',(-1.,0.));
#4236 = ( GEOMETRIC_REPRESENTATION_CONTEXT(2) 
PARAMETRIC_REPRESENTATION_CONTEXT() REPRESENTATION_CONTEXT('2D SPACE',''
  ) );
#4237 = PCURVE('',#4238,#4243);
#4238 = PLANE('',#4239);
#4239 = AXIS2_PLACEMENT_3D('',#4240,#4241,#4242);
#4240 = CARTESIAN_POINT('',(52.7,20.,29.));
#4241 = DIRECTION('',(1.,0.,1.110223024625E-16));
#4242 = DIRECTION('',(1.110223024625E-16,0.,-1.));
#4243 = DEFINITIONAL_REPRESENTATION('',(#4244),#4248);
#4244 = CIRCLE('',#4245,14.6);
#4245 = AXIS2_PLACEMENT_2D('',#4246,#4247);
#4246 = CARTESIAN_POINT('',(0.,0.));
#4247 = DIRECTION('',(1.,0.));
#4248 = ( GEOMETRIC_REPRESENTATION_CONTEXT(2) 
PARAMETRIC_REPRESENTATION_CONTEXT() REPRESENTATION_CONTEXT('2D SPACE',''
  ) );
#4249 = ORIENTED_EDGE('',*,*,#4250,.T.);
#4250 = EDGE_CURVE('',#4222,#3459,#4251,.T.);
#4251 = SEAM_CURVE('',#4252,(#4256,#4263),.PCURVE_S1.);
#4252 = LINE('',#4253,#4254);
#4253 = CARTESIAN_POINT('',(52.7,20.,14.4));
#4254 = VECTOR('',#4255,1.);
#4255 = DIRECTION('',(1.,0.,1.110223024625E-16));
#4256 = PCURVE('',#3479,#4257);
#4257 = DEFINITIONAL_REPRESENTATION('',(#4258),#4262);
#4258 = LINE('',#4259,#4260);
#4259 = CARTESIAN_POINT('',(-6.28318530718,0.));
#4260 = VECTOR('',#4261,1.);
#4261 = DIRECTION('',(-0.,-1.));
#4262 = ( GEOMETRIC_REPRESENTATION_CONTEXT(2) 
PARAMETRIC_REPRESENTATION_CONTEXT() REPRESENTATION_CONTEXT('2D SPACE',''
  ) );
#4263 = PCURVE('',#3479,#4264);
#4264 = DEFINITIONAL_REPRESENTATION('',(#4265),#4269);
#4265 = LINE('',#4266,#4267);
#4266 = CARTESIAN_POINT('',(-0.,0.));
#4267 = VECTOR('',#4268,1.);
#4268 = DIRECTION('',(-0.,-1.));
#4269 = ( GEOMETRIC_REPRESENTATION_CONTEXT(2) 
PARAMETRIC_REPRESENTATION_CONTEXT() REPRESENTATION_CONTEXT('2D SPACE',''
  ) );
#4270 = ORIENTED_EDGE('',*,*,#3458,.F.);
#4271 = ORIENTED_EDGE('',*,*,#4250,.F.);
#4272 = ADVANCED_FACE('',(#4273),#3518,.F.);
#4273 = FACE_BOUND('',#4274,.T.);
#4274 = EDGE_LOOP('',(#4275,#4304,#4325,#4326));
#4275 = ORIENTED_EDGE('',*,*,#4276,.F.);
#4276 = EDGE_CURVE('',#4277,#4277,#4279,.T.);
#4277 = VERTEX_POINT('',#4278);
#4278 = CARTESIAN_POINT('',(52.7,-20.,14.4));
#4279 = SURFACE_CURVE('',#4280,(#4285,#4292),.PCURVE_S1.);
#4280 = CIRCLE('',#4281,14.6);
#4281 = AXIS2_PLACEMENT_3D('',#4282,#4283,#4284);
#4282 = CARTESIAN_POINT('',(52.7,-20.,29.));
#4283 = DIRECTION('',(1.,-0.,1.110223024625E-16));
#4284 = DIRECTION('',(1.110223024625E-16,0.,-1.));
#4285 = PCURVE('',#3518,#4286);
#4286 = DEFINITIONAL_REPRESENTATION('',(#4287),#4291);
#4287 = LINE('',#4288,#4289);
#4288 = CARTESIAN_POINT('',(-0.,0.));
#4289 = VECTOR('',#4290,1.);
#4290 = DIRECTION('',(-1.,0.));
#4291 = ( GEOMETRIC_REPRESENTATION_CONTEXT(2) 
PARAMETRIC_REPRESENTATION_CONTEXT() REPRESENTATION_CONTEXT('2D SPACE',''
  ) );
#4292 = PCURVE('',#4293,#4298);
#4293 = PLANE('',#4294);
#4294 = AXIS2_PLACEMENT_3D('',#4295,#4296,#4297);
#4295 = CARTESIAN_POINT('',(52.7,-20.,29.));
#4296 = DIRECTION('',(1.,0.,1.110223024625E-16));
#4297 = DIRECTION('',(1.110223024625E-16,0.,-1.));
#4298 = DEFINITIONAL_REPRESENTATION('',(#4299),#4303);
#4299 = CIRCLE('',#4300,14.6);
#4300 = AXIS2_PLACEMENT_2D('',#4301,#4302);
#4301 = CARTESIAN_POINT('',(0.,0.));
#4302 = DIRECTION('',(1.,0.));
#4303 = ( GEOMETRIC_REPRESENTATION_CONTEXT(2) 
PARAMETRIC_REPRESENTATION_CONTEXT() REPRESENTATION_CONTEXT('2D SPACE',''
  ) );
#4304 = ORIENTED_EDGE('',*,*,#4305,.T.);
#4305 = EDGE_CURVE('',#4277,#3498,#4306,.T.);
#4306 = SEAM_CURVE('',#4307,(#4311,#4318),.PCURVE_S1.);
#4307 = LINE('',#4308,#4309);
#4308 = CARTESIAN_POINT('',(52.7,-20.,14.4));
#4309 = VECTOR('',#4310,1.);
#4310 = DIRECTION('',(1.,0.,1.110223024625E-16));
#4311 = PCURVE('',#3518,#4312);
#4312 = DEFINITIONAL_REPRESENTATION('',(#4313),#4317);
#4313 = LINE('',#4314,#4315);
#4314 = CARTESIAN_POINT('',(-6.28318530718,0.));
#4315 = VECTOR('',#4316,1.);
#4316 = DIRECTION('',(-0.,-1.));
#4317 = ( GEOMETRIC_REPRESENTATION_CONTEXT(2) 
PARAMETRIC_REPRESENTATION_CONTEXT() REPRESENTATION_CONTEXT('2D SPACE',''
  ) );
#4318 = PCURVE('',#3518,#4319);
#4319 = DEFINITIONAL_REPRESENTATION('',(#4320),#4324);
#4320 = LINE('',#4321,#4322);
#4321 = CARTESIAN_POINT('',(-0.,0.));
#4322 = VECTOR('',#4323,1.);
#4323 = DIRECTION('',(-0.,-1.));
#4324 = ( GEOMETRIC_REPRESENTATION_CONTEXT(2) 
PARAMETRIC_REPRESENTATION_CONTEXT() REPRESENTATION_CONTEXT('2D SPACE',''
  ) );
#4325 = ORIENTED_EDGE('',*,*,#3497,.F.);
#4326 = ORIENTED_EDGE('',*,*,#4305,.F.);
#4327 = ADVANCED_FACE('',(#4328,#4334),#3551,.F.);
#4328 = FACE_BOUND('',#4329,.F.);
#4329 = EDGE_LOOP('',(#4330,#4331,#4332,#4333));
#4330 = ORIENTED_EDGE('',*,*,#3533,.F.);
#4331 = ORIENTED_EDGE('',*,*,#3607,.T.);
#4332 = ORIENTED_EDGE('',*,*,#3652,.T.);
#4333 = ORIENTED_EDGE('',*,*,#3701,.F.);
#4334 = FACE_BOUND('',#4335,.F.);
#4335 = EDGE_LOOP('',(#4336,#4371,#4399,#4432,#4460,#4493,#4521,#4554));
#4336 = ORIENTED_EDGE('',*,*,#4337,.F.);
#4337 = EDGE_CURVE('',#4338,#4340,#4342,.T.);
#4338 = VERTEX_POINT('',#4339);
#4339 = CARTESIAN_POINT('',(48.5,-43.5,44.25));
#4340 = VERTEX_POINT('',#4341);
#4341 = CARTESIAN_POINT('',(43.5,-48.5,44.25));
#4342 = SURFACE_CURVE('',#4343,(#4348,#4359),.PCURVE_S1.);
#4343 = CIRCLE('',#4344,5.);
#4344 = AXIS2_PLACEMENT_3D('',#4345,#4346,#4347);
#4345 = CARTESIAN_POINT('',(43.5,-43.5,44.25));
#4346 = DIRECTION('',(0.,0.,-1.));
#4347 = DIRECTION('',(1.,0.,0.));
#4348 = PCURVE('',#3551,#4349);
#4349 = DEFINITIONAL_REPRESENTATION('',(#4350),#4358);
#4350 = ( BOUNDED_CURVE() B_SPLINE_CURVE(2,(#4351,#4352,#4353,#4354,
#4355,#4356,#4357),.UNSPECIFIED.,.T.,.F.) B_SPLINE_CURVE_WITH_KNOTS((1,2
    ,2,2,2,1),(-2.094395102393,0.,2.094395102393,4.188790204786,
6.28318530718,8.377580409573),.UNSPECIFIED.) CURVE() 
GEOMETRIC_REPRESENTATION_ITEM() RATIONAL_B_SPLINE_CURVE((1.,0.5,1.,0.5,
1.,0.5,1.)) REPRESENTATION_ITEM('') );
#4351 = CARTESIAN_POINT('',(97.,5.));
#4352 = CARTESIAN_POINT('',(97.,-3.660254037844));
#4353 = CARTESIAN_POINT('',(89.5,0.669872981078));
#4354 = CARTESIAN_POINT('',(82.,5.));
#4355 = CARTESIAN_POINT('',(89.5,9.330127018922));
#4356 = CARTESIAN_POINT('',(97.,13.660254037844));
#4357 = CARTESIAN_POINT('',(97.,5.));
#4358 = ( GEOMETRIC_REPRESENTATION_CONTEXT(2) 
PARAMETRIC_REPRESENTATION_CONTEXT() REPRESENTATION_CONTEXT('2D SPACE',''
  ) );
#4359 = PCURVE('',#4360,#4365);
#4360 = CYLINDRICAL_SURFACE('',#4361,5.);
#4361 = AXIS2_PLACEMENT_3D('',#4362,#4363,#4364);
#4362 = CARTESIAN_POINT('',(43.5,-43.5,3.));
#4363 = DIRECTION('',(0.,0.,1.));
#4364 = DIRECTION('',(1.,0.,-0.));
#4365 = DEFINITIONAL_REPRESENTATION('',(#4366),#4370);
#4366 = LINE('',#4367,#4368);
#4367 = CARTESIAN_POINT('',(-0.,41.25));
#4368 = VECTOR('',#4369,1.);
#4369 = DIRECTION('',(-1.,-0.));
#4370 = ( GEOMETRIC_REPRESENTATION_CONTEXT(2) 
PARAMETRIC_REPRESENTATION_CONTEXT() REPRESENTATION_CONTEXT('2D SPACE',''
  ) );
#4371 = ORIENTED_EDGE('',*,*,#4372,.T.);
#4372 = EDGE_CURVE('',#4338,#4373,#4375,.T.);
#4373 = VERTEX_POINT('',#4374);
#4374 = CARTESIAN_POINT('',(48.5,43.5,44.25));
#4375 = SURFACE_CURVE('',#4376,(#4380,#4387),.PCURVE_S1.);
#4376 = LINE('',#4377,#4378);
#4377 = CARTESIAN_POINT('',(48.5,-48.5,44.25));
#4378 = VECTOR('',#4379,1.);
#4379 = DIRECTION('',(0.,1.,0.));
#4380 = PCURVE('',#3551,#4381);
#4381 = DEFINITIONAL_REPRESENTATION('',(#4382),#4386);
#4382 = LINE('',#4383,#4384);
#4383 = CARTESIAN_POINT('',(97.,0.));
#4384 = VECTOR('',#4385,1.);
#4385 = DIRECTION('',(0.,1.));
#4386 = ( GEOMETRIC_REPRESENTATION_CONTEXT(2) 
PARAMETRIC_REPRESENTATION_CONTEXT() REPRESENTATION_CONTEXT('2D SPACE',''
  ) );
#4387 = PCURVE('',#4388,#4393);
#4388 = PLANE('',#4389);
#4389 = AXIS2_PLACEMENT_3D('',#4390,#4391,#4392);
#4390 = CARTESIAN_POINT('',(48.5,-48.5,3.));
#4391 = DIRECTION('',(1.,0.,0.));
#4392 = DIRECTION('',(0.,0.,1.));
#4393 = DEFINITIONAL_REPRESENTATION('',(#4394),#4398);
#4394 = LINE('',#4395,#4396);
#4395 = CARTESIAN_POINT('',(41.25,0.));
#4396 = VECTOR('',#4397,1.);
#4397 = DIRECTION('',(0.,-1.));
#4398 = ( GEOMETRIC_REPRESENTATION_CONTEXT(2) 
PARAMETRIC_REPRESENTATION_CONTEXT() REPRESENTATION_CONTEXT('2D SPACE',''
  ) );
#4399 = ORIENTED_EDGE('',*,*,#4400,.F.);
#4400 = EDGE_CURVE('',#4401,#4373,#4403,.T.);
#4401 = VERTEX_POINT('',#4402);
#4402 = CARTESIAN_POINT('',(43.5,48.5,44.25));
#4403 = SURFACE_CURVE('',#4404,(#4409,#4420),.PCURVE_S1.);
#4404 = CIRCLE('',#4405,5.);
#4405 = AXIS2_PLACEMENT_3D('',#4406,#4407,#4408);
#4406 = CARTESIAN_POINT('',(43.5,43.5,44.25));
#4407 = DIRECTION('',(0.,0.,-1.));
#4408 = DIRECTION('',(0.,1.,0.));
#4409 = PCURVE('',#3551,#4410);
#4410 = DEFINITIONAL_REPRESENTATION('',(#4411),#4419);
#4411 = ( BOUNDED_CURVE() B_SPLINE_CURVE(2,(#4412,#4413,#4414,#4415,
#4416,#4417,#4418),.UNSPECIFIED.,.T.,.F.) B_SPLINE_CURVE_WITH_KNOTS((1,2
    ,2,2,2,1),(-2.094395102393,0.,2.094395102393,4.188790204786,
6.28318530718,8.377580409573),.UNSPECIFIED.) CURVE() 
GEOMETRIC_REPRESENTATION_ITEM() RATIONAL_B_SPLINE_CURVE((1.,0.5,1.,0.5,
1.,0.5,1.)) REPRESENTATION_ITEM('') );
#4412 = CARTESIAN_POINT('',(92.,97.));
#4413 = CARTESIAN_POINT('',(100.66025403784,97.));
#4414 = CARTESIAN_POINT('',(96.330127018922,89.5));
#4415 = CARTESIAN_POINT('',(92.,82.));
#4416 = CARTESIAN_POINT('',(87.669872981078,89.5));
#4417 = CARTESIAN_POINT('',(83.339745962156,97.));
#4418 = CARTESIAN_POINT('',(92.,97.));
#4419 = ( GEOMETRIC_REPRESENTATION_CONTEXT(2) 
PARAMETRIC_REPRESENTATION_CONTEXT() REPRESENTATION_CONTEXT('2D SPACE',''
  ) );
#4420 = PCURVE('',#4421,#4426);
#4421 = CYLINDRICAL_SURFACE('',#4422,5.);
#4422 = AXIS2_PLACEMENT_3D('',#4423,#4424,#4425);
#4423 = CARTESIAN_POINT('',(43.5,43.5,3.));
#4424 = DIRECTION('',(0.,0.,1.));
#4425 = DIRECTION('',(1.,0.,-0.));
#4426 = DEFINITIONAL_REPRESENTATION('',(#4427),#4431);
#4427 = LINE('',#4428,#4429);
#4428 = CARTESIAN_POINT('',(1.570796326795,41.25));
#4429 = VECTOR('',#4430,1.);
#4430 = DIRECTION('',(-1.,-0.));
#4431 = ( GEOMETRIC_REPRESENTATION_CONTEXT(2) 
PARAMETRIC_REPRESENTATION_CONTEXT() REPRESENTATION_CONTEXT('2D SPACE',''
  ) );
#4432 = ORIENTED_EDGE('',*,*,#4433,.F.);
#4433 = EDGE_CURVE('',#4434,#4401,#4436,.T.);
#4434 = VERTEX_POINT('',#4435);
#4435 = CARTESIAN_POINT('',(-43.5,48.5,44.25));
#4436 = SURFACE_CURVE('',#4437,(#4441,#4448),.PCURVE_S1.);
#4437 = LINE('',#4438,#4439);
#4438 = CARTESIAN_POINT('',(-48.5,48.5,44.25));
#4439 = VECTOR('',#4440,1.);
#4440 = DIRECTION('',(1.,0.,0.));
#4441 = PCURVE('',#3551,#4442);
#4442 = DEFINITIONAL_REPRESENTATION('',(#4443),#4447);
#4443 = LINE('',#4444,#4445);
#4444 = CARTESIAN_POINT('',(0.,97.));
#4445 = VECTOR('',#4446,1.);
#4446 = DIRECTION('',(1.,0.));
#4447 = ( GEOMETRIC_REPRESENTATION_CONTEXT(2) 
PARAMETRIC_REPRESENTATION_CONTEXT() REPRESENTATION_CONTEXT('2D SPACE',''
  ) );
#4448 = PCURVE('',#4449,#4454);
#4449 = PLANE('',#4450);
#4450 = AXIS2_PLACEMENT_3D('',#4451,#4452,#4453);
#4451 = CARTESIAN_POINT('',(-48.5,48.5,3.));
#4452 = DIRECTION('',(0.,1.,0.));
#4453 = DIRECTION('',(0.,0.,1.));
#4454 = DEFINITIONAL_REPRESENTATION('',(#4455),#4459);
#4455 = LINE('',#4456,#4457);
#4456 = CARTESIAN_POINT('',(41.25,0.));
#4457 = VECTOR('',#4458,1.);
#4458 = DIRECTION('',(0.,1.));
#4459 = ( GEOMETRIC_REPRESENTATION_CONTEXT(2) 
PARAMETRIC_REPRESENTATION_CONTEXT() REPRESENTATION_CONTEXT('2D SPACE',''
  ) );
#4460 = ORIENTED_EDGE('',*,*,#4461,.F.);
#4461 = EDGE_CURVE('',#4462,#4434,#4464,.T.);
#4462 = VERTEX_POINT('',#4463);
#4463 = CARTESIAN_POINT('',(-48.5,43.5,44.25));
#4464 = SURFACE_CURVE('',#4465,(#4470,#4481),.PCURVE_S1.);
#4465 = CIRCLE('',#4466,5.);
#4466 = AXIS2_PLACEMENT_3D('',#4467,#4468,#4469);
#4467 = CARTESIAN_POINT('',(-43.5,43.5,44.25));
#4468 = DIRECTION('',(0.,0.,-1.));
#4469 = DIRECTION('',(-1.,0.,0.));
#4470 = PCURVE('',#3551,#4471);
#4471 = DEFINITIONAL_REPRESENTATION('',(#4472),#4480);
#4472 = ( BOUNDED_CURVE() B_SPLINE_CURVE(2,(#4473,#4474,#4475,#4476,
#4477,#4478,#4479),.UNSPECIFIED.,.T.,.F.) B_SPLINE_CURVE_WITH_KNOTS((1,2
    ,2,2,2,1),(-2.094395102393,0.,2.094395102393,4.188790204786,
6.28318530718,8.377580409573),.UNSPECIFIED.) CURVE() 
GEOMETRIC_REPRESENTATION_ITEM() RATIONAL_B_SPLINE_CURVE((1.,0.5,1.,0.5,
1.,0.5,1.)) REPRESENTATION_ITEM('') );
#4473 = CARTESIAN_POINT('',(0.,92.));
#4474 = CARTESIAN_POINT('',(0.,100.66025403784));
#4475 = CARTESIAN_POINT('',(7.5,96.330127018922));
#4476 = CARTESIAN_POINT('',(15.,92.));
#4477 = CARTESIAN_POINT('',(7.5,87.669872981078));
#4478 = CARTESIAN_POINT('',(7.993605777301E-15,83.339745962156));
#4479 = CARTESIAN_POINT('',(0.,92.));
#4480 = ( GEOMETRIC_REPRESENTATION_CONTEXT(2) 
PARAMETRIC_REPRESENTATION_CONTEXT() REPRESENTATION_CONTEXT('2D SPACE',''
  ) );
#4481 = PCURVE('',#4482,#4487);
#4482 = CYLINDRICAL_SURFACE('',#4483,5.);
#4483 = AXIS2_PLACEMENT_3D('',#4484,#4485,#4486);
#4484 = CARTESIAN_POINT('',(-43.5,43.5,3.));
#4485 = DIRECTION('',(0.,0.,1.));
#4486 = DIRECTION('',(-1.,-0.,0.));
#4487 = DEFINITIONAL_REPRESENTATION('',(#4488),#4492);
#4488 = LINE('',#4489,#4490);
#4489 = CARTESIAN_POINT('',(-0.,41.25));
#4490 = VECTOR('',#4491,1.);
#4491 = DIRECTION('',(-1.,-0.));
#4492 = ( GEOMETRIC_REPRESENTATION_CONTEXT(2) 
PARAMETRIC_REPRESENTATION_CONTEXT() REPRESENTATION_CONTEXT('2D SPACE',''
  ) );
#4493 = ORIENTED_EDGE('',*,*,#4494,.F.);
#4494 = EDGE_CURVE('',#4495,#4462,#4497,.T.);
#4495 = VERTEX_POINT('',#4496);
#4496 = CARTESIAN_POINT('',(-48.5,-43.5,44.25));
#4497 = SURFACE_CURVE('',#4498,(#4502,#4509),.PCURVE_S1.);
#4498 = LINE('',#4499,#4500);
#4499 = CARTESIAN_POINT('',(-48.5,-48.5,44.25));
#4500 = VECTOR('',#4501,1.);
#4501 = DIRECTION('',(0.,1.,0.));
#4502 = PCURVE('',#3551,#4503);
#4503 = DEFINITIONAL_REPRESENTATION('',(#4504),#4508);
#4504 = LINE('',#4505,#4506);
#4505 = CARTESIAN_POINT('',(0.,0.));
#4506 = VECTOR('',#4507,1.);
#4507 = DIRECTION('',(0.,1.));
#4508 = ( GEOMETRIC_REPRESENTATION_CONTEXT(2) 
PARAMETRIC_REPRESENTATION_CONTEXT() REPRESENTATION_CONTEXT('2D SPACE',''
  ) );
#4509 = PCURVE('',#4510,#4515);
#4510 = PLANE('',#4511);
#4511 = AXIS2_PLACEMENT_3D('',#4512,#4513,#4514);
#4512 = CARTESIAN_POINT('',(-48.5,-48.5,3.));
#4513 = DIRECTION('',(1.,0.,0.));
#4514 = DIRECTION('',(0.,0.,1.));
#4515 = DEFINITIONAL_REPRESENTATION('',(#4516),#4520);
#4516 = LINE('',#4517,#4518);
#4517 = CARTESIAN_POINT('',(41.25,0.));
#4518 = VECTOR('',#4519,1.);
#4519 = DIRECTION('',(0.,-1.));
#4520 = ( GEOMETRIC_REPRESENTATION_CONTEXT(2) 
PARAMETRIC_REPRESENTATION_CONTEXT() REPRESENTATION_CONTEXT('2D SPACE',''
  ) );
#4521 = ORIENTED_EDGE('',*,*,#4522,.F.);
#4522 = EDGE_CURVE('',#4523,#4495,#4525,.T.);
#4523 = VERTEX_POINT('',#4524);
#4524 = CARTESIAN_POINT('',(-43.5,-48.5,44.25));
#4525 = SURFACE_CURVE('',#4526,(#4531,#4542),.PCURVE_S1.);
#4526 = CIRCLE('',#4527,5.);
#4527 = AXIS2_PLACEMENT_3D('',#4528,#4529,#4530);
#4528 = CARTESIAN_POINT('',(-43.5,-43.5,44.25));
#4529 = DIRECTION('',(0.,-0.,-1.));
#4530 = DIRECTION('',(0.,-1.,0.));
#4531 = PCURVE('',#3551,#4532);
#4532 = DEFINITIONAL_REPRESENTATION('',(#4533),#4541);
#4533 = ( BOUNDED_CURVE() B_SPLINE_CURVE(2,(#4534,#4535,#4536,#4537,
#4538,#4539,#4540),.UNSPECIFIED.,.T.,.F.) B_SPLINE_CURVE_WITH_KNOTS((1,2
    ,2,2,2,1),(-2.094395102393,0.,2.094395102393,4.188790204786,
6.28318530718,8.377580409573),.UNSPECIFIED.) CURVE() 
GEOMETRIC_REPRESENTATION_ITEM() RATIONAL_B_SPLINE_CURVE((1.,0.5,1.,0.5,
1.,0.5,1.)) REPRESENTATION_ITEM('') );
#4534 = CARTESIAN_POINT('',(5.,0.));
#4535 = CARTESIAN_POINT('',(-3.660254037844,0.));
#4536 = CARTESIAN_POINT('',(0.669872981078,7.5));
#4537 = CARTESIAN_POINT('',(5.,15.));
#4538 = CARTESIAN_POINT('',(9.330127018922,7.5));
#4539 = CARTESIAN_POINT('',(13.660254037844,7.993605777301E-15));
#4540 = CARTESIAN_POINT('',(5.,0.));
#4541 = ( GEOMETRIC_REPRESENTATION_CONTEXT(2) 
PARAMETRIC_REPRESENTATION_CONTEXT() REPRESENTATION_CONTEXT('2D SPACE',''
  ) );
#4542 = PCURVE('',#4543,#4548);
#4543 = CYLINDRICAL_SURFACE('',#4544,5.);
#4544 = AXIS2_PLACEMENT_3D('',#4545,#4546,#4547);
#4545 = CARTESIAN_POINT('',(-43.5,-43.5,3.));
#4546 = DIRECTION('',(0.,0.,1.));
#4547 = DIRECTION('',(-1.,-0.,0.));
#4548 = DEFINITIONAL_REPRESENTATION('',(#4549),#4553);
#4549 = LINE('',#4550,#4551);
#4550 = CARTESIAN_POINT('',(1.570796326795,41.25));
#4551 = VECTOR('',#4552,1.);
#4552 = DIRECTION('',(-1.,-0.));
#4553 = ( GEOMETRIC_REPRESENTATION_CONTEXT(2) 
PARAMETRIC_REPRESENTATION_CONTEXT() REPRESENTATION_CONTEXT('2D SPACE',''
  ) );
#4554 = ORIENTED_EDGE('',*,*,#4555,.T.);
#4555 = EDGE_CURVE('',#4523,#4340,#4556,.T.);
#4556 = SURFACE_CURVE('',#4557,(#4561,#4568),.PCURVE_S1.);
#4557 = LINE('',#4558,#4559);
#4558 = CARTESIAN_POINT('',(-48.5,-48.5,44.25));
#4559 = VECTOR('',#4560,1.);
#4560 = DIRECTION('',(1.,0.,0.));
#4561 = PCURVE('',#3551,#4562);
#4562 = DEFINITIONAL_REPRESENTATION('',(#4563),#4567);
#4563 = LINE('',#4564,#4565);
#4564 = CARTESIAN_POINT('',(0.,0.));
#4565 = VECTOR('',#4566,1.);
#4566 = DIRECTION('',(1.,0.));
#4567 = ( GEOMETRIC_REPRESENTATION_CONTEXT(2) 
PARAMETRIC_REPRESENTATION_CONTEXT() REPRESENTATION_CONTEXT('2D SPACE',''
  ) );
#4568 = PCURVE('',#4569,#4574);
#4569 = PLANE('',#4570);
#4570 = AXIS2_PLACEMENT_3D('',#4571,#4572,#4573);
#4571 = CARTESIAN_POINT('',(-48.5,-48.5,3.));
#4572 = DIRECTION('',(0.,1.,0.));
#4573 = DIRECTION('',(0.,0.,1.));
#4574 = DEFINITIONAL_REPRESENTATION('',(#4575),#4579);
#4575 = LINE('',#4576,#4577);
#4576 = CARTESIAN_POINT('',(41.25,0.));
#4577 = VECTOR('',#4578,1.);
#4578 = DIRECTION('',(0.,1.));
#4579 = ( GEOMETRIC_REPRESENTATION_CONTEXT(2) 
PARAMETRIC_REPRESENTATION_CONTEXT() REPRESENTATION_CONTEXT('2D SPACE',''
  ) );
#4580 = ADVANCED_FACE('',(#4581),#3746,.T.);
#4581 = FACE_BOUND('',#4582,.F.);
#4582 = EDGE_LOOP('',(#4583,#4606,#4607,#4608));
#4583 = ORIENTED_EDGE('',*,*,#4584,.F.);
#4584 = EDGE_CURVE('',#3730,#4585,#4587,.T.);
#4585 = VERTEX_POINT('',#4586);
#4586 = CARTESIAN_POINT('',(-53.5,20.,42.4));
#4587 = SEAM_CURVE('',#4588,(#4592,#4599),.PCURVE_S1.);
#4588 = LINE('',#4589,#4590);
#4589 = CARTESIAN_POINT('',(-52.7,20.,42.4));
#4590 = VECTOR('',#4591,1.);
#4591 = DIRECTION('',(-1.,0.,1.110223024625E-16));
#4592 = PCURVE('',#3746,#4593);
#4593 = DEFINITIONAL_REPRESENTATION('',(#4594),#4598);
#4594 = LINE('',#4595,#4596);
#4595 = CARTESIAN_POINT('',(-6.28318530718,0.));
#4596 = VECTOR('',#4597,1.);
#4597 = DIRECTION('',(-0.,-1.));
#4598 = ( GEOMETRIC_REPRESENTATION_CONTEXT(2) 
PARAMETRIC_REPRESENTATION_CONTEXT() REPRESENTATION_CONTEXT('2D SPACE',''
  ) );
#4599 = PCURVE('',#3746,#4600);
#4600 = DEFINITIONAL_REPRESENTATION('',(#4601),#4605);
#4601 = LINE('',#4602,#4603);
#4602 = CARTESIAN_POINT('',(-0.,0.));
#4603 = VECTOR('',#4604,1.);
#4604 = DIRECTION('',(-0.,-1.));
#4605 = ( GEOMETRIC_REPRESENTATION_CONTEXT(2) 
PARAMETRIC_REPRESENTATION_CONTEXT() REPRESENTATION_CONTEXT('2D SPACE',''
  ) );
#4606 = ORIENTED_EDGE('',*,*,#3729,.F.);
#4607 = ORIENTED_EDGE('',*,*,#4584,.T.);
#4608 = ORIENTED_EDGE('',*,*,#4609,.F.);
#4609 = EDGE_CURVE('',#4585,#4585,#4610,.T.);
#4610 = SURFACE_CURVE('',#4611,(#4616,#4623),.PCURVE_S1.);
#4611 = CIRCLE('',#4612,13.4);
#4612 = AXIS2_PLACEMENT_3D('',#4613,#4614,#4615);
#4613 = CARTESIAN_POINT('',(-53.5,20.,29.));
#4614 = DIRECTION('',(1.,0.,-1.110223024625E-16));
#4615 = DIRECTION('',(1.110223024625E-16,0.,1.));
#4616 = PCURVE('',#3746,#4617);
#4617 = DEFINITIONAL_REPRESENTATION('',(#4618),#4622);
#4618 = LINE('',#4619,#4620);
#4619 = CARTESIAN_POINT('',(-6.28318530718,-0.8));
#4620 = VECTOR('',#4621,1.);
#4621 = DIRECTION('',(1.,-0.));
#4622 = ( GEOMETRIC_REPRESENTATION_CONTEXT(2) 
PARAMETRIC_REPRESENTATION_CONTEXT() REPRESENTATION_CONTEXT('2D SPACE',''
  ) );
#4623 = PCURVE('',#4624,#4629);
#4624 = PLANE('',#4625);
#4625 = AXIS2_PLACEMENT_3D('',#4626,#4627,#4628);
#4626 = CARTESIAN_POINT('',(-53.5,20.,29.));
#4627 = DIRECTION('',(-1.,0.,1.110223024625E-16));
#4628 = DIRECTION('',(1.110223024625E-16,0.,1.));
#4629 = DEFINITIONAL_REPRESENTATION('',(#4630),#4638);
#4630 = ( BOUNDED_CURVE() B_SPLINE_CURVE(2,(#4631,#4632,#4633,#4634,
#4635,#4636,#4637),.UNSPECIFIED.,.T.,.F.) B_SPLINE_CURVE_WITH_KNOTS((1,2
    ,2,2,2,1),(-2.094395102393,0.,2.094395102393,4.188790204786,
6.28318530718,8.377580409573),.UNSPECIFIED.) CURVE() 
GEOMETRIC_REPRESENTATION_ITEM() RATIONAL_B_SPLINE_CURVE((1.,0.5,1.,0.5,
1.,0.5,1.)) REPRESENTATION_ITEM('') );
#4631 = CARTESIAN_POINT('',(13.4,0.));
#4632 = CARTESIAN_POINT('',(13.4,-23.20948082142));
#4633 = CARTESIAN_POINT('',(-6.7,-11.60474041071));
#4634 = CARTESIAN_POINT('',(-26.8,-3.282053421715E-15));
#4635 = CARTESIAN_POINT('',(-6.7,11.604740410711));
#4636 = CARTESIAN_POINT('',(13.4,23.209480821423));
#4637 = CARTESIAN_POINT('',(13.4,0.));
#4638 = ( GEOMETRIC_REPRESENTATION_CONTEXT(2) 
PARAMETRIC_REPRESENTATION_CONTEXT() REPRESENTATION_CONTEXT('2D SPACE',''
  ) );
#4639 = ADVANCED_FACE('',(#4640),#3781,.T.);
#4640 = FACE_BOUND('',#4641,.F.);
#4641 = EDGE_LOOP('',(#4642,#4665,#4666,#4667));
#4642 = ORIENTED_EDGE('',*,*,#4643,.F.);
#4643 = EDGE_CURVE('',#3765,#4644,#4646,.T.);
#4644 = VERTEX_POINT('',#4645);
#4645 = CARTESIAN_POINT('',(-53.5,-20.,42.4));
#4646 = SEAM_CURVE('',#4647,(#4651,#4658),.PCURVE_S1.);
#4647 = LINE('',#4648,#4649);
#4648 = CARTESIAN_POINT('',(-52.7,-20.,42.4));
#4649 = VECTOR('',#4650,1.);
#4650 = DIRECTION('',(-1.,0.,1.110223024625E-16));
#4651 = PCURVE('',#3781,#4652);
#4652 = DEFINITIONAL_REPRESENTATION('',(#4653),#4657);
#4653 = LINE('',#4654,#4655);
#4654 = CARTESIAN_POINT('',(-6.28318530718,0.));
#4655 = VECTOR('',#4656,1.);
#4656 = DIRECTION('',(-0.,-1.));
#4657 = ( GEOMETRIC_REPRESENTATION_CONTEXT(2) 
PARAMETRIC_REPRESENTATION_CONTEXT() REPRESENTATION_CONTEXT('2D SPACE',''
  ) );
#4658 = PCURVE('',#3781,#4659);
#4659 = DEFINITIONAL_REPRESENTATION('',(#4660),#4664);
#4660 = LINE('',#4661,#4662);
#4661 = CARTESIAN_POINT('',(-0.,0.));
#4662 = VECTOR('',#4663,1.);
#4663 = DIRECTION('',(-0.,-1.));
#4664 = ( GEOMETRIC_REPRESENTATION_CONTEXT(2) 
PARAMETRIC_REPRESENTATION_CONTEXT() REPRESENTATION_CONTEXT('2D SPACE',''
  ) );
#4665 = ORIENTED_EDGE('',*,*,#3764,.F.);
#4666 = ORIENTED_EDGE('',*,*,#4643,.T.);
#4667 = ORIENTED_EDGE('',*,*,#4668,.F.);
#4668 = EDGE_CURVE('',#4644,#4644,#4669,.T.);
#4669 = SURFACE_CURVE('',#4670,(#4675,#4682),.PCURVE_S1.);
#4670 = CIRCLE('',#4671,13.4);
#4671 = AXIS2_PLACEMENT_3D('',#4672,#4673,#4674);
#4672 = CARTESIAN_POINT('',(-53.5,-20.,29.));
#4673 = DIRECTION('',(1.,0.,-1.110223024625E-16));
#4674 = DIRECTION('',(1.110223024625E-16,0.,1.));
#4675 = PCURVE('',#3781,#4676);
#4676 = DEFINITIONAL_REPRESENTATION('',(#4677),#4681);
#4677 = LINE('',#4678,#4679);
#4678 = CARTESIAN_POINT('',(-6.28318530718,-0.8));
#4679 = VECTOR('',#4680,1.);
#4680 = DIRECTION('',(1.,-0.));
#4681 = ( GEOMETRIC_REPRESENTATION_CONTEXT(2) 
PARAMETRIC_REPRESENTATION_CONTEXT() REPRESENTATION_CONTEXT('2D SPACE',''
  ) );
#4682 = PCURVE('',#4683,#4688);
#4683 = PLANE('',#4684);
#4684 = AXIS2_PLACEMENT_3D('',#4685,#4686,#4687);
#4685 = CARTESIAN_POINT('',(-53.5,-20.,29.));
#4686 = DIRECTION('',(-1.,0.,1.110223024625E-16));
#4687 = DIRECTION('',(1.110223024625E-16,0.,1.));
#4688 = DEFINITIONAL_REPRESENTATION('',(#4689),#4697);
#4689 = ( BOUNDED_CURVE() B_SPLINE_CURVE(2,(#4690,#4691,#4692,#4693,
#4694,#4695,#4696),.UNSPECIFIED.,.T.,.F.) B_SPLINE_CURVE_WITH_KNOTS((1,2
    ,2,2,2,1),(-2.094395102393,0.,2.094395102393,4.188790204786,
6.28318530718,8.377580409573),.UNSPECIFIED.) CURVE() 
GEOMETRIC_REPRESENTATION_ITEM() RATIONAL_B_SPLINE_CURVE((1.,0.5,1.,0.5,
1.,0.5,1.)) REPRESENTATION_ITEM('') );
#4690 = CARTESIAN_POINT('',(13.4,0.));
#4691 = CARTESIAN_POINT('',(13.4,-23.20948082142));
#4692 = CARTESIAN_POINT('',(-6.7,-11.60474041071));
#4693 = CARTESIAN_POINT('',(-26.8,-3.282053421715E-15));
#4694 = CARTESIAN_POINT('',(-6.7,11.604740410711));
#4695 = CARTESIAN_POINT('',(13.4,23.209480821423));
#4696 = CARTESIAN_POINT('',(13.4,0.));
#4697 = ( GEOMETRIC_REPRESENTATION_CONTEXT(2) 
PARAMETRIC_REPRESENTATION_CONTEXT() REPRESENTATION_CONTEXT('2D SPACE',''
  ) );
#4698 = ADVANCED_FACE('',(#4699,#4702),#3813,.T.);
#4699 = FACE_BOUND('',#4700,.T.);
#4700 = EDGE_LOOP('',(#4701));
#4701 = ORIENTED_EDGE('',*,*,#3796,.T.);
#4702 = FACE_BOUND('',#4703,.T.);
#4703 = EDGE_LOOP('',(#4704));
#4704 = ORIENTED_EDGE('',*,*,#4705,.F.);
#4705 = EDGE_CURVE('',#4706,#4706,#4708,.T.);
#4706 = VERTEX_POINT('',#4707);
#4707 = CARTESIAN_POINT('',(-6.6,-52.7,29.));
#4708 = SURFACE_CURVE('',#4709,(#4714,#4721),.PCURVE_S1.);
#4709 = CIRCLE('',#4710,13.4);
#4710 = AXIS2_PLACEMENT_3D('',#4711,#4712,#4713);
#4711 = CARTESIAN_POINT('',(-20.,-52.7,29.));
#4712 = DIRECTION('',(0.,-1.,1.110223024625E-16));
#4713 = DIRECTION('',(1.,0.,0.));
#4714 = PCURVE('',#3813,#4715);
#4715 = DEFINITIONAL_REPRESENTATION('',(#4716),#4720);
#4716 = CIRCLE('',#4717,13.4);
#4717 = AXIS2_PLACEMENT_2D('',#4718,#4719);
#4718 = CARTESIAN_POINT('',(0.,0.));
#4719 = DIRECTION('',(1.,0.));
#4720 = ( GEOMETRIC_REPRESENTATION_CONTEXT(2) 
PARAMETRIC_REPRESENTATION_CONTEXT() REPRESENTATION_CONTEXT('2D SPACE',''
  ) );
#4721 = PCURVE('',#4722,#4727);
#4722 = CYLINDRICAL_SURFACE('',#4723,13.4);
#4723 = AXIS2_PLACEMENT_3D('',#4724,#4725,#4726);
#4724 = CARTESIAN_POINT('',(-20.,-52.7,29.));
#4725 = DIRECTION('',(-0.,1.,-1.110223024625E-16));
#4726 = DIRECTION('',(1.,0.,0.));
#4727 = DEFINITIONAL_REPRESENTATION('',(#4728),#4732);
#4728 = LINE('',#4729,#4730);
#4729 = CARTESIAN_POINT('',(-0.,0.));
#4730 = VECTOR('',#4731,1.);
#4731 = DIRECTION('',(-1.,0.));
#4732 = ( GEOMETRIC_REPRESENTATION_CONTEXT(2) 
PARAMETRIC_REPRESENTATION_CONTEXT() REPRESENTATION_CONTEXT('2D SPACE',''
  ) );
#4733 = ADVANCED_FACE('',(#4734,#4737),#3868,.T.);
#4734 = FACE_BOUND('',#4735,.T.);
#4735 = EDGE_LOOP('',(#4736));
#4736 = ORIENTED_EDGE('',*,*,#3851,.T.);
#4737 = FACE_BOUND('',#4738,.T.);
#4738 = EDGE_LOOP('',(#4739));
#4739 = ORIENTED_EDGE('',*,*,#4740,.F.);
#4740 = EDGE_CURVE('',#4741,#4741,#4743,.T.);
#4741 = VERTEX_POINT('',#4742);
#4742 = CARTESIAN_POINT('',(33.4,-52.7,29.));
#4743 = SURFACE_CURVE('',#4744,(#4749,#4756),.PCURVE_S1.);
#4744 = CIRCLE('',#4745,13.4);
#4745 = AXIS2_PLACEMENT_3D('',#4746,#4747,#4748);
#4746 = CARTESIAN_POINT('',(20.,-52.7,29.));
#4747 = DIRECTION('',(0.,-1.,1.110223024625E-16));
#4748 = DIRECTION('',(1.,0.,0.));
#4749 = PCURVE('',#3868,#4750);
#4750 = DEFINITIONAL_REPRESENTATION('',(#4751),#4755);
#4751 = CIRCLE('',#4752,13.4);
#4752 = AXIS2_PLACEMENT_2D('',#4753,#4754);
#4753 = CARTESIAN_POINT('',(0.,0.));
#4754 = DIRECTION('',(1.,0.));
#4755 = ( GEOMETRIC_REPRESENTATION_CONTEXT(2) 
PARAMETRIC_REPRESENTATION_CONTEXT() REPRESENTATION_CONTEXT('2D SPACE',''
  ) );
#4756 = PCURVE('',#4757,#4762);
#4757 = CYLINDRICAL_SURFACE('',#4758,13.4);
#4758 = AXIS2_PLACEMENT_3D('',#4759,#4760,#4761);
#4759 = CARTESIAN_POINT('',(20.,-52.7,29.));
#4760 = DIRECTION('',(-0.,1.,-1.110223024625E-16));
#4761 = DIRECTION('',(1.,0.,0.));
#4762 = DEFINITIONAL_REPRESENTATION('',(#4763),#4767);
#4763 = LINE('',#4764,#4765);
#4764 = CARTESIAN_POINT('',(-0.,0.));
#4765 = VECTOR('',#4766,1.);
#4766 = DIRECTION('',(-1.,0.));
#4767 = ( GEOMETRIC_REPRESENTATION_CONTEXT(2) 
PARAMETRIC_REPRESENTATION_CONTEXT() REPRESENTATION_CONTEXT('2D SPACE',''
  ) );
#4768 = ADVANCED_FACE('',(#4769,#5007,#5010,#5013,#5016),#3946,.T.);
#4769 = FACE_BOUND('',#4770,.T.);
#4770 = EDGE_LOOP('',(#4771,#4801,#4830,#4858,#4891,#4919,#4948,#4976));
#4771 = ORIENTED_EDGE('',*,*,#4772,.F.);
#4772 = EDGE_CURVE('',#4773,#4775,#4777,.T.);
#4773 = VERTEX_POINT('',#4774);
#4774 = CARTESIAN_POINT('',(-48.5,-43.5,3.));
#4775 = VERTEX_POINT('',#4776);
#4776 = CARTESIAN_POINT('',(-48.5,43.5,3.));
#4777 = SURFACE_CURVE('',#4778,(#4782,#4789),.PCURVE_S1.);
#4778 = LINE('',#4779,#4780);
#4779 = CARTESIAN_POINT('',(-48.5,-48.5,3.));
#4780 = VECTOR('',#4781,1.);
#4781 = DIRECTION('',(0.,1.,0.));
#4782 = PCURVE('',#3946,#4783);
#4783 = DEFINITIONAL_REPRESENTATION('',(#4784),#4788);
#4784 = LINE('',#4785,#4786);
#4785 = CARTESIAN_POINT('',(0.,0.));
#4786 = VECTOR('',#4787,1.);
#4787 = DIRECTION('',(0.,1.));
#4788 = ( GEOMETRIC_REPRESENTATION_CONTEXT(2) 
PARAMETRIC_REPRESENTATION_CONTEXT() REPRESENTATION_CONTEXT('2D SPACE',''
  ) );
#4789 = PCURVE('',#4790,#4795);
#4790 = PLANE('',#4791);
#4791 = AXIS2_PLACEMENT_3D('',#4792,#4793,#4794);
#4792 = CARTESIAN_POINT('',(-48.5,-48.5,3.));
#4793 = DIRECTION('',(1.,0.,0.));
#4794 = DIRECTION('',(0.,0.,1.));
#4795 = DEFINITIONAL_REPRESENTATION('',(#4796),#4800);
#4796 = LINE('',#4797,#4798);
#4797 = CARTESIAN_POINT('',(0.,0.));
#4798 = VECTOR('',#4799,1.);
#4799 = DIRECTION('',(0.,-1.));
#4800 = ( GEOMETRIC_REPRESENTATION_CONTEXT(2) 
PARAMETRIC_REPRESENTATION_CONTEXT() REPRESENTATION_CONTEXT('2D SPACE',''
  ) );
#4801 = ORIENTED_EDGE('',*,*,#4802,.T.);
#4802 = EDGE_CURVE('',#4773,#4803,#4805,.T.);
#4803 = VERTEX_POINT('',#4804);
#4804 = CARTESIAN_POINT('',(-43.5,-48.5,3.));
#4805 = SURFACE_CURVE('',#4806,(#4811,#4818),.PCURVE_S1.);
#4806 = CIRCLE('',#4807,5.);
#4807 = AXIS2_PLACEMENT_3D('',#4808,#4809,#4810);
#4808 = CARTESIAN_POINT('',(-43.5,-43.5,3.));
#4809 = DIRECTION('',(0.,0.,1.));
#4810 = DIRECTION('',(0.,-1.,0.));
#4811 = PCURVE('',#3946,#4812);
#4812 = DEFINITIONAL_REPRESENTATION('',(#4813),#4817);
#4813 = CIRCLE('',#4814,5.);
#4814 = AXIS2_PLACEMENT_2D('',#4815,#4816);
#4815 = CARTESIAN_POINT('',(5.,5.));
#4816 = DIRECTION('',(0.,-1.));
#4817 = ( GEOMETRIC_REPRESENTATION_CONTEXT(2) 
PARAMETRIC_REPRESENTATION_CONTEXT() REPRESENTATION_CONTEXT('2D SPACE',''
  ) );
#4818 = PCURVE('',#4819,#4824);
#4819 = CYLINDRICAL_SURFACE('',#4820,5.);
#4820 = AXIS2_PLACEMENT_3D('',#4821,#4822,#4823);
#4821 = CARTESIAN_POINT('',(-43.5,-43.5,3.));
#4822 = DIRECTION('',(0.,0.,1.));
#4823 = DIRECTION('',(-1.,-0.,0.));
#4824 = DEFINITIONAL_REPRESENTATION('',(#4825),#4829);
#4825 = LINE('',#4826,#4827);
#4826 = CARTESIAN_POINT('',(-4.712388980385,0.));
#4827 = VECTOR('',#4828,1.);
#4828 = DIRECTION('',(1.,0.));
#4829 = ( GEOMETRIC_REPRESENTATION_CONTEXT(2) 
PARAMETRIC_REPRESENTATION_CONTEXT() REPRESENTATION_CONTEXT('2D SPACE',''
  ) );
#4830 = ORIENTED_EDGE('',*,*,#4831,.T.);
#4831 = EDGE_CURVE('',#4803,#4832,#4834,.T.);
#4832 = VERTEX_POINT('',#4833);
#4833 = CARTESIAN_POINT('',(43.5,-48.5,3.));
#4834 = SURFACE_CURVE('',#4835,(#4839,#4846),.PCURVE_S1.);
#4835 = LINE('',#4836,#4837);
#4836 = CARTESIAN_POINT('',(-48.5,-48.5,3.));
#4837 = VECTOR('',#4838,1.);
#4838 = DIRECTION('',(1.,0.,0.));
#4839 = PCURVE('',#3946,#4840);
#4840 = DEFINITIONAL_REPRESENTATION('',(#4841),#4845);
#4841 = LINE('',#4842,#4843);
#4842 = CARTESIAN_POINT('',(0.,0.));
#4843 = VECTOR('',#4844,1.);
#4844 = DIRECTION('',(1.,0.));
#4845 = ( GEOMETRIC_REPRESENTATION_CONTEXT(2) 
PARAMETRIC_REPRESENTATION_CONTEXT() REPRESENTATION_CONTEXT('2D SPACE',''
  ) );
#4846 = PCURVE('',#4847,#4852);
#4847 = PLANE('',#4848);
#4848 = AXIS2_PLACEMENT_3D('',#4849,#4850,#4851);
#4849 = CARTESIAN_POINT('',(-48.5,-48.5,3.));
#4850 = DIRECTION('',(0.,1.,0.));
#4851 = DIRECTION('',(0.,0.,1.));
#4852 = DEFINITIONAL_REPRESENTATION('',(#4853),#4857);
#4853 = LINE('',#4854,#4855);
#4854 = CARTESIAN_POINT('',(0.,0.));
#4855 = VECTOR('',#4856,1.);
#4856 = DIRECTION('',(0.,1.));
#4857 = ( GEOMETRIC_REPRESENTATION_CONTEXT(2) 
PARAMETRIC_REPRESENTATION_CONTEXT() REPRESENTATION_CONTEXT('2D SPACE',''
  ) );
#4858 = ORIENTED_EDGE('',*,*,#4859,.F.);
#4859 = EDGE_CURVE('',#4860,#4832,#4862,.T.);
#4860 = VERTEX_POINT('',#4861);
#4861 = CARTESIAN_POINT('',(48.5,-43.5,3.));
#4862 = SURFACE_CURVE('',#4863,(#4868,#4879),.PCURVE_S1.);
#4863 = CIRCLE('',#4864,5.);
#4864 = AXIS2_PLACEMENT_3D('',#4865,#4866,#4867);
#4865 = CARTESIAN_POINT('',(43.5,-43.5,3.));
#4866 = DIRECTION('',(-0.,-0.,-1.));
#4867 = DIRECTION('',(0.,-1.,0.));
#4868 = PCURVE('',#3946,#4869);
#4869 = DEFINITIONAL_REPRESENTATION('',(#4870),#4878);
#4870 = ( BOUNDED_CURVE() B_SPLINE_CURVE(2,(#4871,#4872,#4873,#4874,
#4875,#4876,#4877),.UNSPECIFIED.,.T.,.F.) B_SPLINE_CURVE_WITH_KNOTS((1,2
    ,2,2,2,1),(-2.094395102393,0.,2.094395102393,4.188790204786,
6.28318530718,8.377580409573),.UNSPECIFIED.) CURVE() 
GEOMETRIC_REPRESENTATION_ITEM() RATIONAL_B_SPLINE_CURVE((1.,0.5,1.,0.5,
1.,0.5,1.)) REPRESENTATION_ITEM('') );
#4871 = CARTESIAN_POINT('',(92.,0.));
#4872 = CARTESIAN_POINT('',(83.339745962156,0.));
#4873 = CARTESIAN_POINT('',(87.669872981078,7.5));
#4874 = CARTESIAN_POINT('',(92.,15.));
#4875 = CARTESIAN_POINT('',(96.330127018922,7.5));
#4876 = CARTESIAN_POINT('',(100.66025403784,7.993605777301E-15));
#4877 = CARTESIAN_POINT('',(92.,0.));
#4878 = ( GEOMETRIC_REPRESENTATION_CONTEXT(2) 
PARAMETRIC_REPRESENTATION_CONTEXT() REPRESENTATION_CONTEXT('2D SPACE',''
  ) );
#4879 = PCURVE('',#4880,#4885);
#4880 = CYLINDRICAL_SURFACE('',#4881,5.);
#4881 = AXIS2_PLACEMENT_3D('',#4882,#4883,#4884);
#4882 = CARTESIAN_POINT('',(43.5,-43.5,3.));
#4883 = DIRECTION('',(0.,0.,1.));
#4884 = DIRECTION('',(1.,0.,-0.));
#4885 = DEFINITIONAL_REPRESENTATION('',(#4886),#4890);
#4886 = LINE('',#4887,#4888);
#4887 = CARTESIAN_POINT('',(4.712388980385,-0.));
#4888 = VECTOR('',#4889,1.);
#4889 = DIRECTION('',(-1.,0.));
#4890 = ( GEOMETRIC_REPRESENTATION_CONTEXT(2) 
PARAMETRIC_REPRESENTATION_CONTEXT() REPRESENTATION_CONTEXT('2D SPACE',''
  ) );
#4891 = ORIENTED_EDGE('',*,*,#4892,.T.);
#4892 = EDGE_CURVE('',#4860,#4893,#4895,.T.);
#4893 = VERTEX_POINT('',#4894);
#4894 = CARTESIAN_POINT('',(48.5,43.5,3.));
#4895 = SURFACE_CURVE('',#4896,(#4900,#4907),.PCURVE_S1.);
#4896 = LINE('',#4897,#4898);
#4897 = CARTESIAN_POINT('',(48.5,-48.5,3.));
#4898 = VECTOR('',#4899,1.);
#4899 = DIRECTION('',(0.,1.,0.));
#4900 = PCURVE('',#3946,#4901);
#4901 = DEFINITIONAL_REPRESENTATION('',(#4902),#4906);
#4902 = LINE('',#4903,#4904);
#4903 = CARTESIAN_POINT('',(97.,0.));
#4904 = VECTOR('',#4905,1.);
#4905 = DIRECTION('',(0.,1.));
#4906 = ( GEOMETRIC_REPRESENTATION_CONTEXT(2) 
PARAMETRIC_REPRESENTATION_CONTEXT() REPRESENTATION_CONTEXT('2D SPACE',''
  ) );
#4907 = PCURVE('',#4908,#4913);
#4908 = PLANE('',#4909);
#4909 = AXIS2_PLACEMENT_3D('',#4910,#4911,#4912);
#4910 = CARTESIAN_POINT('',(48.5,-48.5,3.));
#4911 = DIRECTION('',(1.,0.,0.));
#4912 = DIRECTION('',(0.,0.,1.));
#4913 = DEFINITIONAL_REPRESENTATION('',(#4914),#4918);
#4914 = LINE('',#4915,#4916);
#4915 = CARTESIAN_POINT('',(0.,0.));
#4916 = VECTOR('',#4917,1.);
#4917 = DIRECTION('',(0.,-1.));
#4918 = ( GEOMETRIC_REPRESENTATION_CONTEXT(2) 
PARAMETRIC_REPRESENTATION_CONTEXT() REPRESENTATION_CONTEXT('2D SPACE',''
  ) );
#4919 = ORIENTED_EDGE('',*,*,#4920,.T.);
#4920 = EDGE_CURVE('',#4893,#4921,#4923,.T.);
#4921 = VERTEX_POINT('',#4922);
#4922 = CARTESIAN_POINT('',(43.5,48.5,3.));
#4923 = SURFACE_CURVE('',#4924,(#4929,#4936),.PCURVE_S1.);
#4924 = CIRCLE('',#4925,5.);
#4925 = AXIS2_PLACEMENT_3D('',#4926,#4927,#4928);
#4926 = CARTESIAN_POINT('',(43.5,43.5,3.));
#4927 = DIRECTION('',(0.,0.,1.));
#4928 = DIRECTION('',(0.,-1.,0.));
#4929 = PCURVE('',#3946,#4930);
#4930 = DEFINITIONAL_REPRESENTATION('',(#4931),#4935);
#4931 = CIRCLE('',#4932,5.);
#4932 = AXIS2_PLACEMENT_2D('',#4933,#4934);
#4933 = CARTESIAN_POINT('',(92.,92.));
#4934 = DIRECTION('',(0.,-1.));
#4935 = ( GEOMETRIC_REPRESENTATION_CONTEXT(2) 
PARAMETRIC_REPRESENTATION_CONTEXT() REPRESENTATION_CONTEXT('2D SPACE',''
  ) );
#4936 = PCURVE('',#4937,#4942);
#4937 = CYLINDRICAL_SURFACE('',#4938,5.);
#4938 = AXIS2_PLACEMENT_3D('',#4939,#4940,#4941);
#4939 = CARTESIAN_POINT('',(43.5,43.5,3.));
#4940 = DIRECTION('',(0.,0.,1.));
#4941 = DIRECTION('',(1.,0.,-0.));
#4942 = DEFINITIONAL_REPRESENTATION('',(#4943),#4947);
#4943 = LINE('',#4944,#4945);
#4944 = CARTESIAN_POINT('',(-1.570796326795,0.));
#4945 = VECTOR('',#4946,1.);
#4946 = DIRECTION('',(1.,0.));
#4947 = ( GEOMETRIC_REPRESENTATION_CONTEXT(2) 
PARAMETRIC_REPRESENTATION_CONTEXT() REPRESENTATION_CONTEXT('2D SPACE',''
  ) );
#4948 = ORIENTED_EDGE('',*,*,#4949,.F.);
#4949 = EDGE_CURVE('',#4950,#4921,#4952,.T.);
#4950 = VERTEX_POINT('',#4951);
#4951 = CARTESIAN_POINT('',(-43.5,48.5,3.));
#4952 = SURFACE_CURVE('',#4953,(#4957,#4964),.PCURVE_S1.);
#4953 = LINE('',#4954,#4955);
#4954 = CARTESIAN_POINT('',(-48.5,48.5,3.));
#4955 = VECTOR('',#4956,1.);
#4956 = DIRECTION('',(1.,0.,0.));
#4957 = PCURVE('',#3946,#4958);
#4958 = DEFINITIONAL_REPRESENTATION('',(#4959),#4963);
#4959 = LINE('',#4960,#4961);
#4960 = CARTESIAN_POINT('',(0.,97.));
#4961 = VECTOR('',#4962,1.);
#4962 = DIRECTION('',(1.,0.));
#4963 = ( GEOMETRIC_REPRESENTATION_CONTEXT(2) 
PARAMETRIC_REPRESENTATION_CONTEXT() REPRESENTATION_CONTEXT('2D SPACE',''
  ) );
#4964 = PCURVE('',#4965,#4970);
#4965 = PLANE('',#4966);
#4966 = AXIS2_PLACEMENT_3D('',#4967,#4968,#4969);
#4967 = CARTESIAN_POINT('',(-48.5,48.5,3.));
#4968 = DIRECTION('',(0.,1.,0.));
#4969 = DIRECTION('',(0.,0.,1.));
#4970 = DEFINITIONAL_REPRESENTATION('',(#4971),#4975);
#4971 = LINE('',#4972,#4973);
#4972 = CARTESIAN_POINT('',(0.,0.));
#4973 = VECTOR('',#4974,1.);
#4974 = DIRECTION('',(0.,1.));
#4975 = ( GEOMETRIC_REPRESENTATION_CONTEXT(2) 
PARAMETRIC_REPRESENTATION_CONTEXT() REPRESENTATION_CONTEXT('2D SPACE',''
  ) );
#4976 = ORIENTED_EDGE('',*,*,#4977,.F.);
#4977 = EDGE_CURVE('',#4775,#4950,#4978,.T.);
#4978 = SURFACE_CURVE('',#4979,(#4984,#4995),.PCURVE_S1.);
#4979 = CIRCLE('',#4980,5.);
#4980 = AXIS2_PLACEMENT_3D('',#4981,#4982,#4983);
#4981 = CARTESIAN_POINT('',(-43.5,43.5,3.));
#4982 = DIRECTION('',(-0.,-0.,-1.));
#4983 = DIRECTION('',(0.,-1.,0.));
#4984 = PCURVE('',#3946,#4985);
#4985 = DEFINITIONAL_REPRESENTATION('',(#4986),#4994);
#4986 = ( BOUNDED_CURVE() B_SPLINE_CURVE(2,(#4987,#4988,#4989,#4990,
#4991,#4992,#4993),.UNSPECIFIED.,.T.,.F.) B_SPLINE_CURVE_WITH_KNOTS((1,2
    ,2,2,2,1),(-2.094395102393,0.,2.094395102393,4.188790204786,
6.28318530718,8.377580409573),.UNSPECIFIED.) CURVE() 
GEOMETRIC_REPRESENTATION_ITEM() RATIONAL_B_SPLINE_CURVE((1.,0.5,1.,0.5,
1.,0.5,1.)) REPRESENTATION_ITEM('') );
#4987 = CARTESIAN_POINT('',(5.,87.));
#4988 = CARTESIAN_POINT('',(-3.660254037844,87.));
#4989 = CARTESIAN_POINT('',(0.669872981078,94.5));
#4990 = CARTESIAN_POINT('',(5.,102.));
#4991 = CARTESIAN_POINT('',(9.330127018922,94.5));
#4992 = CARTESIAN_POINT('',(13.660254037844,87.));
#4993 = CARTESIAN_POINT('',(5.,87.));
#4994 = ( GEOMETRIC_REPRESENTATION_CONTEXT(2) 
PARAMETRIC_REPRESENTATION_CONTEXT() REPRESENTATION_CONTEXT('2D SPACE',''
  ) );
#4995 = PCURVE('',#4996,#5001);
#4996 = CYLINDRICAL_SURFACE('',#4997,5.);
#4997 = AXIS2_PLACEMENT_3D('',#4998,#4999,#5000);
#4998 = CARTESIAN_POINT('',(-43.5,43.5,3.));
#4999 = DIRECTION('',(0.,0.,1.));
#5000 = DIRECTION('',(-1.,-0.,0.));
#5001 = DEFINITIONAL_REPRESENTATION('',(#5002),#5006);
#5002 = LINE('',#5003,#5004);
#5003 = CARTESIAN_POINT('',(1.570796326795,-0.));
#5004 = VECTOR('',#5005,1.);
#5005 = DIRECTION('',(-1.,0.));
#5006 = ( GEOMETRIC_REPRESENTATION_CONTEXT(2) 
PARAMETRIC_REPRESENTATION_CONTEXT() REPRESENTATION_CONTEXT('2D SPACE',''
  ) );
#5007 = FACE_BOUND('',#5008,.T.);
#5008 = EDGE_LOOP('',(#5009));
#5009 = ORIENTED_EDGE('',*,*,#3931,.F.);
#5010 = FACE_BOUND('',#5011,.T.);
#5011 = EDGE_LOOP('',(#5012));
#5012 = ORIENTED_EDGE('',*,*,#3986,.F.);
#5013 = FACE_BOUND('',#5014,.T.);
#5014 = EDGE_LOOP('',(#5015));
#5015 = ORIENTED_EDGE('',*,*,#4036,.F.);
#5016 = FACE_BOUND('',#5017,.T.);
#5017 = EDGE_LOOP('',(#5018));
#5018 = ORIENTED_EDGE('',*,*,#4086,.F.);
#5019 = ADVANCED_FACE('',(#5020,#5023),#4128,.T.);
#5020 = FACE_BOUND('',#5021,.T.);
#5021 = EDGE_LOOP('',(#5022));
#5022 = ORIENTED_EDGE('',*,*,#4111,.T.);
#5023 = FACE_BOUND('',#5024,.T.);
#5024 = EDGE_LOOP('',(#5025));
#5025 = ORIENTED_EDGE('',*,*,#5026,.F.);
#5026 = EDGE_CURVE('',#5027,#5027,#5029,.T.);
#5027 = VERTEX_POINT('',#5028);
#5028 = CARTESIAN_POINT('',(-6.6,52.7,29.));
#5029 = SURFACE_CURVE('',#5030,(#5035,#5042),.PCURVE_S1.);
#5030 = CIRCLE('',#5031,13.4);
#5031 = AXIS2_PLACEMENT_3D('',#5032,#5033,#5034);
#5032 = CARTESIAN_POINT('',(-20.,52.7,29.));
#5033 = DIRECTION('',(-0.,1.,1.110223024625E-16));
#5034 = DIRECTION('',(1.,0.,0.));
#5035 = PCURVE('',#4128,#5036);
#5036 = DEFINITIONAL_REPRESENTATION('',(#5037),#5041);
#5037 = CIRCLE('',#5038,13.4);
#5038 = AXIS2_PLACEMENT_2D('',#5039,#5040);
#5039 = CARTESIAN_POINT('',(0.,0.));
#5040 = DIRECTION('',(1.,0.));
#5041 = ( GEOMETRIC_REPRESENTATION_CONTEXT(2) 
PARAMETRIC_REPRESENTATION_CONTEXT() REPRESENTATION_CONTEXT('2D SPACE',''
  ) );
#5042 = PCURVE('',#5043,#5048);
#5043 = CYLINDRICAL_SURFACE('',#5044,13.4);
#5044 = AXIS2_PLACEMENT_3D('',#5045,#5046,#5047);
#5045 = CARTESIAN_POINT('',(-20.,52.7,29.));
#5046 = DIRECTION('',(-0.,-1.,-1.110223024625E-16));
#5047 = DIRECTION('',(1.,0.,0.));
#5048 = DEFINITIONAL_REPRESENTATION('',(#5049),#5053);
#5049 = LINE('',#5050,#5051);
#5050 = CARTESIAN_POINT('',(-0.,0.));
#5051 = VECTOR('',#5052,1.);
#5052 = DIRECTION('',(-1.,0.));
#5053 = ( GEOMETRIC_REPRESENTATION_CONTEXT(2) 
PARAMETRIC_REPRESENTATION_CONTEXT() REPRESENTATION_CONTEXT('2D SPACE',''
  ) );
#5054 = ADVANCED_FACE('',(#5055,#5058),#4183,.T.);
#5055 = FACE_BOUND('',#5056,.T.);
#5056 = EDGE_LOOP('',(#5057));
#5057 = ORIENTED_EDGE('',*,*,#4166,.T.);
#5058 = FACE_BOUND('',#5059,.T.);
#5059 = EDGE_LOOP('',(#5060));
#5060 = ORIENTED_EDGE('',*,*,#5061,.F.);
#5061 = EDGE_CURVE('',#5062,#5062,#5064,.T.);
#5062 = VERTEX_POINT('',#5063);
#5063 = CARTESIAN_POINT('',(33.4,52.7,29.));
#5064 = SURFACE_CURVE('',#5065,(#5070,#5077),.PCURVE_S1.);
#5065 = CIRCLE('',#5066,13.4);
#5066 = AXIS2_PLACEMENT_3D('',#5067,#5068,#5069);
#5067 = CARTESIAN_POINT('',(20.,52.7,29.));
#5068 = DIRECTION('',(-0.,1.,1.110223024625E-16));
#5069 = DIRECTION('',(1.,0.,0.));
#5070 = PCURVE('',#4183,#5071);
#5071 = DEFINITIONAL_REPRESENTATION('',(#5072),#5076);
#5072 = CIRCLE('',#5073,13.4);
#5073 = AXIS2_PLACEMENT_2D('',#5074,#5075);
#5074 = CARTESIAN_POINT('',(0.,0.));
#5075 = DIRECTION('',(1.,0.));
#5076 = ( GEOMETRIC_REPRESENTATION_CONTEXT(2) 
PARAMETRIC_REPRESENTATION_CONTEXT() REPRESENTATION_CONTEXT('2D SPACE',''
  ) );
#5077 = PCURVE('',#5078,#5083);
#5078 = CYLINDRICAL_SURFACE('',#5079,13.4);
#5079 = AXIS2_PLACEMENT_3D('',#5080,#5081,#5082);
#5080 = CARTESIAN_POINT('',(20.,52.7,29.));
#5081 = DIRECTION('',(-0.,-1.,-1.110223024625E-16));
#5082 = DIRECTION('',(1.,0.,0.));
#5083 = DEFINITIONAL_REPRESENTATION('',(#5084),#5088);
#5084 = LINE('',#5085,#5086);
#5085 = CARTESIAN_POINT('',(-0.,0.));
#5086 = VECTOR('',#5087,1.);
#5087 = DIRECTION('',(-1.,0.));
#5088 = ( GEOMETRIC_REPRESENTATION_CONTEXT(2) 
PARAMETRIC_REPRESENTATION_CONTEXT() REPRESENTATION_CONTEXT('2D SPACE',''
  ) );
#5089 = ADVANCED_FACE('',(#5090,#5093),#4238,.T.);
#5090 = FACE_BOUND('',#5091,.T.);
#5091 = EDGE_LOOP('',(#5092));
#5092 = ORIENTED_EDGE('',*,*,#4221,.T.);
#5093 = FACE_BOUND('',#5094,.T.);
#5094 = EDGE_LOOP('',(#5095));
#5095 = ORIENTED_EDGE('',*,*,#5096,.F.);
#5096 = EDGE_CURVE('',#5097,#5097,#5099,.T.);
#5097 = VERTEX_POINT('',#5098);
#5098 = CARTESIAN_POINT('',(52.7,20.,15.6));
#5099 = SURFACE_CURVE('',#5100,(#5105,#5112),.PCURVE_S1.);
#5100 = CIRCLE('',#5101,13.4);
#5101 = AXIS2_PLACEMENT_3D('',#5102,#5103,#5104);
#5102 = CARTESIAN_POINT('',(52.7,20.,29.));
#5103 = DIRECTION('',(1.,-0.,1.110223024625E-16));
#5104 = DIRECTION('',(1.110223024625E-16,0.,-1.));
#5105 = PCURVE('',#4238,#5106);
#5106 = DEFINITIONAL_REPRESENTATION('',(#5107),#5111);
#5107 = CIRCLE('',#5108,13.4);
#5108 = AXIS2_PLACEMENT_2D('',#5109,#5110);
#5109 = CARTESIAN_POINT('',(0.,0.));
#5110 = DIRECTION('',(1.,0.));
#5111 = ( GEOMETRIC_REPRESENTATION_CONTEXT(2) 
PARAMETRIC_REPRESENTATION_CONTEXT() REPRESENTATION_CONTEXT('2D SPACE',''
  ) );
#5112 = PCURVE('',#5113,#5118);
#5113 = CYLINDRICAL_SURFACE('',#5114,13.4);
#5114 = AXIS2_PLACEMENT_3D('',#5115,#5116,#5117);
#5115 = CARTESIAN_POINT('',(52.7,20.,29.));
#5116 = DIRECTION('',(-1.,-0.,-1.110223024625E-16));
#5117 = DIRECTION('',(1.110223024625E-16,0.,-1.));
#5118 = DEFINITIONAL_REPRESENTATION('',(#5119),#5123);
#5119 = LINE('',#5120,#5121);
#5120 = CARTESIAN_POINT('',(-0.,0.));
#5121 = VECTOR('',#5122,1.);
#5122 = DIRECTION('',(-1.,0.));
#5123 = ( GEOMETRIC_REPRESENTATION_CONTEXT(2) 
PARAMETRIC_REPRESENTATION_CONTEXT() REPRESENTATION_CONTEXT('2D SPACE',''
  ) );
#5124 = ADVANCED_FACE('',(#5125,#5128),#4293,.T.);
#5125 = FACE_BOUND('',#5126,.T.);
#5126 = EDGE_LOOP('',(#5127));
#5127 = ORIENTED_EDGE('',*,*,#4276,.T.);
#5128 = FACE_BOUND('',#5129,.T.);
#5129 = EDGE_LOOP('',(#5130));
#5130 = ORIENTED_EDGE('',*,*,#5131,.F.);
#5131 = EDGE_CURVE('',#5132,#5132,#5134,.T.);
#5132 = VERTEX_POINT('',#5133);
#5133 = CARTESIAN_POINT('',(52.7,-20.,15.6));
#5134 = SURFACE_CURVE('',#5135,(#5140,#5147),.PCURVE_S1.);
#5135 = CIRCLE('',#5136,13.4);
#5136 = AXIS2_PLACEMENT_3D('',#5137,#5138,#5139);
#5137 = CARTESIAN_POINT('',(52.7,-20.,29.));
#5138 = DIRECTION('',(1.,-0.,1.110223024625E-16));
#5139 = DIRECTION('',(1.110223024625E-16,0.,-1.));
#5140 = PCURVE('',#4293,#5141);
#5141 = DEFINITIONAL_REPRESENTATION('',(#5142),#5146);
#5142 = CIRCLE('',#5143,13.4);
#5143 = AXIS2_PLACEMENT_2D('',#5144,#5145);
#5144 = CARTESIAN_POINT('',(0.,0.));
#5145 = DIRECTION('',(1.,0.));
#5146 = ( GEOMETRIC_REPRESENTATION_CONTEXT(2) 
PARAMETRIC_REPRESENTATION_CONTEXT() REPRESENTATION_CONTEXT('2D SPACE',''
  ) );
#5147 = PCURVE('',#5148,#5153);
#5148 = CYLINDRICAL_SURFACE('',#5149,13.4);
#5149 = AXIS2_PLACEMENT_3D('',#5150,#5151,#5152);
#5150 = CARTESIAN_POINT('',(52.7,-20.,29.));
#5151 = DIRECTION('',(-1.,-0.,-1.110223024625E-16));
#5152 = DIRECTION('',(1.110223024625E-16,0.,-1.));
#5153 = DEFINITIONAL_REPRESENTATION('',(#5154),#5158);
#5154 = LINE('',#5155,#5156);
#5155 = CARTESIAN_POINT('',(-0.,0.));
#5156 = VECTOR('',#5157,1.);
#5157 = DIRECTION('',(-1.,0.));
#5158 = ( GEOMETRIC_REPRESENTATION_CONTEXT(2) 
PARAMETRIC_REPRESENTATION_CONTEXT() REPRESENTATION_CONTEXT('2D SPACE',''
  ) );
#5159 = ADVANCED_FACE('',(#5160),#4360,.F.);
#5160 = FACE_BOUND('',#5161,.T.);
#5161 = EDGE_LOOP('',(#5162,#5185,#5218,#5239));
#5162 = ORIENTED_EDGE('',*,*,#5163,.F.);
#5163 = EDGE_CURVE('',#5164,#4338,#5166,.T.);
#5164 = VERTEX_POINT('',#5165);
#5165 = CARTESIAN_POINT('',(48.5,-43.5,32.5));
#5166 = SURFACE_CURVE('',#5167,(#5171,#5178),.PCURVE_S1.);
#5167 = LINE('',#5168,#5169);
#5168 = CARTESIAN_POINT('',(48.5,-43.5,3.));
#5169 = VECTOR('',#5170,1.);
#5170 = DIRECTION('',(0.,0.,1.));
#5171 = PCURVE('',#4360,#5172);
#5172 = DEFINITIONAL_REPRESENTATION('',(#5173),#5177);
#5173 = LINE('',#5174,#5175);
#5174 = CARTESIAN_POINT('',(-0.,0.));
#5175 = VECTOR('',#5176,1.);
#5176 = DIRECTION('',(-0.,1.));
#5177 = ( GEOMETRIC_REPRESENTATION_CONTEXT(2) 
PARAMETRIC_REPRESENTATION_CONTEXT() REPRESENTATION_CONTEXT('2D SPACE',''
  ) );
#5178 = PCURVE('',#4388,#5179);
#5179 = DEFINITIONAL_REPRESENTATION('',(#5180),#5184);
#5180 = LINE('',#5181,#5182);
#5181 = CARTESIAN_POINT('',(0.,-5.));
#5182 = VECTOR('',#5183,1.);
#5183 = DIRECTION('',(1.,0.));
#5184 = ( GEOMETRIC_REPRESENTATION_CONTEXT(2) 
PARAMETRIC_REPRESENTATION_CONTEXT() REPRESENTATION_CONTEXT('2D SPACE',''
  ) );
#5185 = ORIENTED_EDGE('',*,*,#5186,.T.);
#5186 = EDGE_CURVE('',#5164,#5187,#5189,.T.);
#5187 = VERTEX_POINT('',#5188);
#5188 = CARTESIAN_POINT('',(43.5,-48.5,32.5));
#5189 = SURFACE_CURVE('',#5190,(#5195,#5202),.PCURVE_S1.);
#5190 = CIRCLE('',#5191,5.);
#5191 = AXIS2_PLACEMENT_3D('',#5192,#5193,#5194);
#5192 = CARTESIAN_POINT('',(43.5,-43.5,32.5));
#5193 = DIRECTION('',(0.,0.,-1.));
#5194 = DIRECTION('',(1.,0.,0.));
#5195 = PCURVE('',#4360,#5196);
#5196 = DEFINITIONAL_REPRESENTATION('',(#5197),#5201);
#5197 = LINE('',#5198,#5199);
#5198 = CARTESIAN_POINT('',(-0.,29.5));
#5199 = VECTOR('',#5200,1.);
#5200 = DIRECTION('',(-1.,-0.));
#5201 = ( GEOMETRIC_REPRESENTATION_CONTEXT(2) 
PARAMETRIC_REPRESENTATION_CONTEXT() REPRESENTATION_CONTEXT('2D SPACE',''
  ) );
#5202 = PCURVE('',#5203,#5208);
#5203 = PLANE('',#5204);
#5204 = AXIS2_PLACEMENT_3D('',#5205,#5206,#5207);
#5205 = CARTESIAN_POINT('',(-48.5,-48.5,32.5));
#5206 = DIRECTION('',(0.,0.,1.));
#5207 = DIRECTION('',(1.,0.,0.));
#5208 = DEFINITIONAL_REPRESENTATION('',(#5209),#5217);
#5209 = ( BOUNDED_CURVE() B_SPLINE_CURVE(2,(#5210,#5211,#5212,#5213,
#5214,#5215,#5216),.UNSPECIFIED.,.T.,.F.) B_SPLINE_CURVE_WITH_KNOTS((1,2
    ,2,2,2,1),(-2.094395102393,0.,2.094395102393,4.188790204786,
6.28318530718,8.377580409573),.UNSPECIFIED.) CURVE() 
GEOMETRIC_REPRESENTATION_ITEM() RATIONAL_B_SPLINE_CURVE((1.,0.5,1.,0.5,
1.,0.5,1.)) REPRESENTATION_ITEM('') );
#5210 = CARTESIAN_POINT('',(97.,5.));
#5211 = CARTESIAN_POINT('',(97.,-3.660254037844));
#5212 = CARTESIAN_POINT('',(89.5,0.669872981078));
#5213 = CARTESIAN_POINT('',(82.,5.));
#5214 = CARTESIAN_POINT('',(89.5,9.330127018922));
#5215 = CARTESIAN_POINT('',(97.,13.660254037844));
#5216 = CARTESIAN_POINT('',(97.,5.));
#5217 = ( GEOMETRIC_REPRESENTATION_CONTEXT(2) 
PARAMETRIC_REPRESENTATION_CONTEXT() REPRESENTATION_CONTEXT('2D SPACE',''
  ) );
#5218 = ORIENTED_EDGE('',*,*,#5219,.T.);
#5219 = EDGE_CURVE('',#5187,#4340,#5220,.T.);
#5220 = SURFACE_CURVE('',#5221,(#5225,#5232),.PCURVE_S1.);
#5221 = LINE('',#5222,#5223);
#5222 = CARTESIAN_POINT('',(43.5,-48.5,3.));
#5223 = VECTOR('',#5224,1.);
#5224 = DIRECTION('',(0.,0.,1.));
#5225 = PCURVE('',#4360,#5226);
#5226 = DEFINITIONAL_REPRESENTATION('',(#5227),#5231);
#5227 = LINE('',#5228,#5229);
#5228 = CARTESIAN_POINT('',(-1.570796326795,0.));
#5229 = VECTOR('',#5230,1.);
#5230 = DIRECTION('',(-0.,1.));
#5231 = ( GEOMETRIC_REPRESENTATION_CONTEXT(2) 
PARAMETRIC_REPRESENTATION_CONTEXT() REPRESENTATION_CONTEXT('2D SPACE',''
  ) );
#5232 = PCURVE('',#4569,#5233);
#5233 = DEFINITIONAL_REPRESENTATION('',(#5234),#5238);
#5234 = LINE('',#5235,#5236);
#5235 = CARTESIAN_POINT('',(0.,92.));
#5236 = VECTOR('',#5237,1.);
#5237 = DIRECTION('',(1.,0.));
#5238 = ( GEOMETRIC_REPRESENTATION_CONTEXT(2) 
PARAMETRIC_REPRESENTATION_CONTEXT() REPRESENTATION_CONTEXT('2D SPACE',''
  ) );
#5239 = ORIENTED_EDGE('',*,*,#4337,.F.);
#5240 = ADVANCED_FACE('',(#5241),#4388,.F.);
#5241 = FACE_BOUND('',#5242,.F.);
#5242 = EDGE_LOOP('',(#5243,#5244,#5245,#5268));
#5243 = ORIENTED_EDGE('',*,*,#4372,.F.);
#5244 = ORIENTED_EDGE('',*,*,#5163,.F.);
#5245 = ORIENTED_EDGE('',*,*,#5246,.T.);
#5246 = EDGE_CURVE('',#5164,#5247,#5249,.T.);
#5247 = VERTEX_POINT('',#5248);
#5248 = CARTESIAN_POINT('',(48.5,43.5,32.5));
#5249 = SURFACE_CURVE('',#5250,(#5254,#5261),.PCURVE_S1.);
#5250 = LINE('',#5251,#5252);
#5251 = CARTESIAN_POINT('',(48.5,-48.5,32.5));
#5252 = VECTOR('',#5253,1.);
#5253 = DIRECTION('',(0.,1.,0.));
#5254 = PCURVE('',#4388,#5255);
#5255 = DEFINITIONAL_REPRESENTATION('',(#5256),#5260);
#5256 = LINE('',#5257,#5258);
#5257 = CARTESIAN_POINT('',(29.5,0.));
#5258 = VECTOR('',#5259,1.);
#5259 = DIRECTION('',(0.,-1.));
#5260 = ( GEOMETRIC_REPRESENTATION_CONTEXT(2) 
PARAMETRIC_REPRESENTATION_CONTEXT() REPRESENTATION_CONTEXT('2D SPACE',''
  ) );
#5261 = PCURVE('',#5203,#5262);
#5262 = DEFINITIONAL_REPRESENTATION('',(#5263),#5267);
#5263 = LINE('',#5264,#5265);
#5264 = CARTESIAN_POINT('',(97.,0.));
#5265 = VECTOR('',#5266,1.);
#5266 = DIRECTION('',(0.,1.));
#5267 = ( GEOMETRIC_REPRESENTATION_CONTEXT(2) 
PARAMETRIC_REPRESENTATION_CONTEXT() REPRESENTATION_CONTEXT('2D SPACE',''
  ) );
#5268 = ORIENTED_EDGE('',*,*,#5269,.T.);
#5269 = EDGE_CURVE('',#5247,#4373,#5270,.T.);
#5270 = SURFACE_CURVE('',#5271,(#5275,#5282),.PCURVE_S1.);
#5271 = LINE('',#5272,#5273);
#5272 = CARTESIAN_POINT('',(48.5,43.5,3.));
#5273 = VECTOR('',#5274,1.);
#5274 = DIRECTION('',(0.,0.,1.));
#5275 = PCURVE('',#4388,#5276);
#5276 = DEFINITIONAL_REPRESENTATION('',(#5277),#5281);
#5277 = LINE('',#5278,#5279);
#5278 = CARTESIAN_POINT('',(0.,-92.));
#5279 = VECTOR('',#5280,1.);
#5280 = DIRECTION('',(1.,0.));
#5281 = ( GEOMETRIC_REPRESENTATION_CONTEXT(2) 
PARAMETRIC_REPRESENTATION_CONTEXT() REPRESENTATION_CONTEXT('2D SPACE',''
  ) );
#5282 = PCURVE('',#4421,#5283);
#5283 = DEFINITIONAL_REPRESENTATION('',(#5284),#5288);
#5284 = LINE('',#5285,#5286);
#5285 = CARTESIAN_POINT('',(0.,0.));
#5286 = VECTOR('',#5287,1.);
#5287 = DIRECTION('',(0.,1.));
#5288 = ( GEOMETRIC_REPRESENTATION_CONTEXT(2) 
PARAMETRIC_REPRESENTATION_CONTEXT() REPRESENTATION_CONTEXT('2D SPACE',''
  ) );
#5289 = ADVANCED_FACE('',(#5290),#4421,.F.);
#5290 = FACE_BOUND('',#5291,.F.);
#5291 = EDGE_LOOP('',(#5292,#5293,#5321,#5342));
#5292 = ORIENTED_EDGE('',*,*,#5269,.F.);
#5293 = ORIENTED_EDGE('',*,*,#5294,.F.);
#5294 = EDGE_CURVE('',#5295,#5247,#5297,.T.);
#5295 = VERTEX_POINT('',#5296);
#5296 = CARTESIAN_POINT('',(43.5,48.5,32.5));
#5297 = SURFACE_CURVE('',#5298,(#5303,#5310),.PCURVE_S1.);
#5298 = CIRCLE('',#5299,5.);
#5299 = AXIS2_PLACEMENT_3D('',#5300,#5301,#5302);
#5300 = CARTESIAN_POINT('',(43.5,43.5,32.5));
#5301 = DIRECTION('',(0.,0.,-1.));
#5302 = DIRECTION('',(0.,1.,0.));
#5303 = PCURVE('',#4421,#5304);
#5304 = DEFINITIONAL_REPRESENTATION('',(#5305),#5309);
#5305 = LINE('',#5306,#5307);
#5306 = CARTESIAN_POINT('',(1.570796326795,29.5));
#5307 = VECTOR('',#5308,1.);
#5308 = DIRECTION('',(-1.,-0.));
#5309 = ( GEOMETRIC_REPRESENTATION_CONTEXT(2) 
PARAMETRIC_REPRESENTATION_CONTEXT() REPRESENTATION_CONTEXT('2D SPACE',''
  ) );
#5310 = PCURVE('',#5203,#5311);
#5311 = DEFINITIONAL_REPRESENTATION('',(#5312),#5320);
#5312 = ( BOUNDED_CURVE() B_SPLINE_CURVE(2,(#5313,#5314,#5315,#5316,
#5317,#5318,#5319),.UNSPECIFIED.,.T.,.F.) B_SPLINE_CURVE_WITH_KNOTS((1,2
    ,2,2,2,1),(-2.094395102393,0.,2.094395102393,4.188790204786,
6.28318530718,8.377580409573),.UNSPECIFIED.) CURVE() 
GEOMETRIC_REPRESENTATION_ITEM() RATIONAL_B_SPLINE_CURVE((1.,0.5,1.,0.5,
1.,0.5,1.)) REPRESENTATION_ITEM('') );
#5313 = CARTESIAN_POINT('',(92.,97.));
#5314 = CARTESIAN_POINT('',(100.66025403784,97.));
#5315 = CARTESIAN_POINT('',(96.330127018922,89.5));
#5316 = CARTESIAN_POINT('',(92.,82.));
#5317 = CARTESIAN_POINT('',(87.669872981078,89.5));
#5318 = CARTESIAN_POINT('',(83.339745962156,97.));
#5319 = CARTESIAN_POINT('',(92.,97.));
#5320 = ( GEOMETRIC_REPRESENTATION_CONTEXT(2) 
PARAMETRIC_REPRESENTATION_CONTEXT() REPRESENTATION_CONTEXT('2D SPACE',''
  ) );
#5321 = ORIENTED_EDGE('',*,*,#5322,.T.);
#5322 = EDGE_CURVE('',#5295,#4401,#5323,.T.);
#5323 = SURFACE_CURVE('',#5324,(#5328,#5335),.PCURVE_S1.);
#5324 = LINE('',#5325,#5326);
#5325 = CARTESIAN_POINT('',(43.5,48.5,3.));
#5326 = VECTOR('',#5327,1.);
#5327 = DIRECTION('',(0.,0.,1.));
#5328 = PCURVE('',#4421,#5329);
#5329 = DEFINITIONAL_REPRESENTATION('',(#5330),#5334);
#5330 = LINE('',#5331,#5332);
#5331 = CARTESIAN_POINT('',(1.570796326795,0.));
#5332 = VECTOR('',#5333,1.);
#5333 = DIRECTION('',(0.,1.));
#5334 = ( GEOMETRIC_REPRESENTATION_CONTEXT(2) 
PARAMETRIC_REPRESENTATION_CONTEXT() REPRESENTATION_CONTEXT('2D SPACE',''
  ) );
#5335 = PCURVE('',#4449,#5336);
#5336 = DEFINITIONAL_REPRESENTATION('',(#5337),#5341);
#5337 = LINE('',#5338,#5339);
#5338 = CARTESIAN_POINT('',(0.,92.));
#5339 = VECTOR('',#5340,1.);
#5340 = DIRECTION('',(1.,0.));
#5341 = ( GEOMETRIC_REPRESENTATION_CONTEXT(2) 
PARAMETRIC_REPRESENTATION_CONTEXT() REPRESENTATION_CONTEXT('2D SPACE',''
  ) );
#5342 = ORIENTED_EDGE('',*,*,#4400,.T.);
#5343 = ADVANCED_FACE('',(#5344),#4449,.F.);
#5344 = FACE_BOUND('',#5345,.F.);
#5345 = EDGE_LOOP('',(#5346,#5369,#5390,#5391));
#5346 = ORIENTED_EDGE('',*,*,#5347,.F.);
#5347 = EDGE_CURVE('',#5348,#5295,#5350,.T.);
#5348 = VERTEX_POINT('',#5349);
#5349 = CARTESIAN_POINT('',(-43.5,48.5,32.5));
#5350 = SURFACE_CURVE('',#5351,(#5355,#5362),.PCURVE_S1.);
#5351 = LINE('',#5352,#5353);
#5352 = CARTESIAN_POINT('',(-48.5,48.5,32.5));
#5353 = VECTOR('',#5354,1.);
#5354 = DIRECTION('',(1.,0.,0.));
#5355 = PCURVE('',#4449,#5356);
#5356 = DEFINITIONAL_REPRESENTATION('',(#5357),#5361);
#5357 = LINE('',#5358,#5359);
#5358 = CARTESIAN_POINT('',(29.5,0.));
#5359 = VECTOR('',#5360,1.);
#5360 = DIRECTION('',(0.,1.));
#5361 = ( GEOMETRIC_REPRESENTATION_CONTEXT(2) 
PARAMETRIC_REPRESENTATION_CONTEXT() REPRESENTATION_CONTEXT('2D SPACE',''
  ) );
#5362 = PCURVE('',#5203,#5363);
#5363 = DEFINITIONAL_REPRESENTATION('',(#5364),#5368);
#5364 = LINE('',#5365,#5366);
#5365 = CARTESIAN_POINT('',(0.,97.));
#5366 = VECTOR('',#5367,1.);
#5367 = DIRECTION('',(1.,0.));
#5368 = ( GEOMETRIC_REPRESENTATION_CONTEXT(2) 
PARAMETRIC_REPRESENTATION_CONTEXT() REPRESENTATION_CONTEXT('2D SPACE',''
  ) );
#5369 = ORIENTED_EDGE('',*,*,#5370,.T.);
#5370 = EDGE_CURVE('',#5348,#4434,#5371,.T.);
#5371 = SURFACE_CURVE('',#5372,(#5376,#5383),.PCURVE_S1.);
#5372 = LINE('',#5373,#5374);
#5373 = CARTESIAN_POINT('',(-43.5,48.5,3.));
#5374 = VECTOR('',#5375,1.);
#5375 = DIRECTION('',(0.,0.,1.));
#5376 = PCURVE('',#4449,#5377);
#5377 = DEFINITIONAL_REPRESENTATION('',(#5378),#5382);
#5378 = LINE('',#5379,#5380);
#5379 = CARTESIAN_POINT('',(0.,5.));
#5380 = VECTOR('',#5381,1.);
#5381 = DIRECTION('',(1.,0.));
#5382 = ( GEOMETRIC_REPRESENTATION_CONTEXT(2) 
PARAMETRIC_REPRESENTATION_CONTEXT() REPRESENTATION_CONTEXT('2D SPACE',''
  ) );
#5383 = PCURVE('',#4482,#5384);
#5384 = DEFINITIONAL_REPRESENTATION('',(#5385),#5389);
#5385 = LINE('',#5386,#5387);
#5386 = CARTESIAN_POINT('',(-1.570796326795,0.));
#5387 = VECTOR('',#5388,1.);
#5388 = DIRECTION('',(-0.,1.));
#5389 = ( GEOMETRIC_REPRESENTATION_CONTEXT(2) 
PARAMETRIC_REPRESENTATION_CONTEXT() REPRESENTATION_CONTEXT('2D SPACE',''
  ) );
#5390 = ORIENTED_EDGE('',*,*,#4433,.T.);
#5391 = ORIENTED_EDGE('',*,*,#5322,.F.);
#5392 = ADVANCED_FACE('',(#5393),#4482,.F.);
#5393 = FACE_BOUND('',#5394,.T.);
#5394 = EDGE_LOOP('',(#5395,#5418,#5444,#5445));
#5395 = ORIENTED_EDGE('',*,*,#5396,.F.);
#5396 = EDGE_CURVE('',#5397,#4462,#5399,.T.);
#5397 = VERTEX_POINT('',#5398);
#5398 = CARTESIAN_POINT('',(-48.5,43.5,32.5));
#5399 = SURFACE_CURVE('',#5400,(#5404,#5411),.PCURVE_S1.);
#5400 = LINE('',#5401,#5402);
#5401 = CARTESIAN_POINT('',(-48.5,43.5,3.));
#5402 = VECTOR('',#5403,1.);
#5403 = DIRECTION('',(0.,0.,1.));
#5404 = PCURVE('',#4482,#5405);
#5405 = DEFINITIONAL_REPRESENTATION('',(#5406),#5410);
#5406 = LINE('',#5407,#5408);
#5407 = CARTESIAN_POINT('',(-0.,0.));
#5408 = VECTOR('',#5409,1.);
#5409 = DIRECTION('',(-0.,1.));
#5410 = ( GEOMETRIC_REPRESENTATION_CONTEXT(2) 
PARAMETRIC_REPRESENTATION_CONTEXT() REPRESENTATION_CONTEXT('2D SPACE',''
  ) );
#5411 = PCURVE('',#4510,#5412);
#5412 = DEFINITIONAL_REPRESENTATION('',(#5413),#5417);
#5413 = LINE('',#5414,#5415);
#5414 = CARTESIAN_POINT('',(0.,-92.));
#5415 = VECTOR('',#5416,1.);
#5416 = DIRECTION('',(1.,0.));
#5417 = ( GEOMETRIC_REPRESENTATION_CONTEXT(2) 
PARAMETRIC_REPRESENTATION_CONTEXT() REPRESENTATION_CONTEXT('2D SPACE',''
  ) );
#5418 = ORIENTED_EDGE('',*,*,#5419,.T.);
#5419 = EDGE_CURVE('',#5397,#5348,#5420,.T.);
#5420 = SURFACE_CURVE('',#5421,(#5426,#5433),.PCURVE_S1.);
#5421 = CIRCLE('',#5422,5.);
#5422 = AXIS2_PLACEMENT_3D('',#5423,#5424,#5425);
#5423 = CARTESIAN_POINT('',(-43.5,43.5,32.5));
#5424 = DIRECTION('',(0.,0.,-1.));
#5425 = DIRECTION('',(-1.,0.,0.));
#5426 = PCURVE('',#4482,#5427);
#5427 = DEFINITIONAL_REPRESENTATION('',(#5428),#5432);
#5428 = LINE('',#5429,#5430);
#5429 = CARTESIAN_POINT('',(-0.,29.5));
#5430 = VECTOR('',#5431,1.);
#5431 = DIRECTION('',(-1.,-0.));
#5432 = ( GEOMETRIC_REPRESENTATION_CONTEXT(2) 
PARAMETRIC_REPRESENTATION_CONTEXT() REPRESENTATION_CONTEXT('2D SPACE',''
  ) );
#5433 = PCURVE('',#5203,#5434);
#5434 = DEFINITIONAL_REPRESENTATION('',(#5435),#5443);
#5435 = ( BOUNDED_CURVE() B_SPLINE_CURVE(2,(#5436,#5437,#5438,#5439,
#5440,#5441,#5442),.UNSPECIFIED.,.T.,.F.) B_SPLINE_CURVE_WITH_KNOTS((1,2
    ,2,2,2,1),(-2.094395102393,0.,2.094395102393,4.188790204786,
6.28318530718,8.377580409573),.UNSPECIFIED.) CURVE() 
GEOMETRIC_REPRESENTATION_ITEM() RATIONAL_B_SPLINE_CURVE((1.,0.5,1.,0.5,
1.,0.5,1.)) REPRESENTATION_ITEM('') );
#5436 = CARTESIAN_POINT('',(0.,92.));
#5437 = CARTESIAN_POINT('',(0.,100.66025403784));
#5438 = CARTESIAN_POINT('',(7.5,96.330127018922));
#5439 = CARTESIAN_POINT('',(15.,92.));
#5440 = CARTESIAN_POINT('',(7.5,87.669872981078));
#5441 = CARTESIAN_POINT('',(7.993605777301E-15,83.339745962156));
#5442 = CARTESIAN_POINT('',(0.,92.));
#5443 = ( GEOMETRIC_REPRESENTATION_CONTEXT(2) 
PARAMETRIC_REPRESENTATION_CONTEXT() REPRESENTATION_CONTEXT('2D SPACE',''
  ) );
#5444 = ORIENTED_EDGE('',*,*,#5370,.T.);
#5445 = ORIENTED_EDGE('',*,*,#4461,.F.);
#5446 = ADVANCED_FACE('',(#5447),#4510,.T.);
#5447 = FACE_BOUND('',#5448,.T.);
#5448 = EDGE_LOOP('',(#5449,#5450,#5473,#5494));
#5449 = ORIENTED_EDGE('',*,*,#4494,.F.);
#5450 = ORIENTED_EDGE('',*,*,#5451,.F.);
#5451 = EDGE_CURVE('',#5452,#4495,#5454,.T.);
#5452 = VERTEX_POINT('',#5453);
#5453 = CARTESIAN_POINT('',(-48.5,-43.5,32.5));
#5454 = SURFACE_CURVE('',#5455,(#5459,#5466),.PCURVE_S1.);
#5455 = LINE('',#5456,#5457);
#5456 = CARTESIAN_POINT('',(-48.5,-43.5,3.));
#5457 = VECTOR('',#5458,1.);
#5458 = DIRECTION('',(0.,0.,1.));
#5459 = PCURVE('',#4510,#5460);
#5460 = DEFINITIONAL_REPRESENTATION('',(#5461),#5465);
#5461 = LINE('',#5462,#5463);
#5462 = CARTESIAN_POINT('',(0.,-5.));
#5463 = VECTOR('',#5464,1.);
#5464 = DIRECTION('',(1.,0.));
#5465 = ( GEOMETRIC_REPRESENTATION_CONTEXT(2) 
PARAMETRIC_REPRESENTATION_CONTEXT() REPRESENTATION_CONTEXT('2D SPACE',''
  ) );
#5466 = PCURVE('',#4543,#5467);
#5467 = DEFINITIONAL_REPRESENTATION('',(#5468),#5472);
#5468 = LINE('',#5469,#5470);
#5469 = CARTESIAN_POINT('',(0.,0.));
#5470 = VECTOR('',#5471,1.);
#5471 = DIRECTION('',(0.,1.));
#5472 = ( GEOMETRIC_REPRESENTATION_CONTEXT(2) 
PARAMETRIC_REPRESENTATION_CONTEXT() REPRESENTATION_CONTEXT('2D SPACE',''
  ) );
#5473 = ORIENTED_EDGE('',*,*,#5474,.T.);
#5474 = EDGE_CURVE('',#5452,#5397,#5475,.T.);
#5475 = SURFACE_CURVE('',#5476,(#5480,#5487),.PCURVE_S1.);
#5476 = LINE('',#5477,#5478);
#5477 = CARTESIAN_POINT('',(-48.5,-48.5,32.5));
#5478 = VECTOR('',#5479,1.);
#5479 = DIRECTION('',(0.,1.,0.));
#5480 = PCURVE('',#4510,#5481);
#5481 = DEFINITIONAL_REPRESENTATION('',(#5482),#5486);
#5482 = LINE('',#5483,#5484);
#5483 = CARTESIAN_POINT('',(29.5,0.));
#5484 = VECTOR('',#5485,1.);
#5485 = DIRECTION('',(0.,-1.));
#5486 = ( GEOMETRIC_REPRESENTATION_CONTEXT(2) 
PARAMETRIC_REPRESENTATION_CONTEXT() REPRESENTATION_CONTEXT('2D SPACE',''
  ) );
#5487 = PCURVE('',#5203,#5488);
#5488 = DEFINITIONAL_REPRESENTATION('',(#5489),#5493);
#5489 = LINE('',#5490,#5491);
#5490 = CARTESIAN_POINT('',(0.,0.));
#5491 = VECTOR('',#5492,1.);
#5492 = DIRECTION('',(0.,1.));
#5493 = ( GEOMETRIC_REPRESENTATION_CONTEXT(2) 
PARAMETRIC_REPRESENTATION_CONTEXT() REPRESENTATION_CONTEXT('2D SPACE',''
  ) );
#5494 = ORIENTED_EDGE('',*,*,#5396,.T.);
#5495 = ADVANCED_FACE('',(#5496),#4543,.F.);
#5496 = FACE_BOUND('',#5497,.F.);
#5497 = EDGE_LOOP('',(#5498,#5499,#5527,#5548));
#5498 = ORIENTED_EDGE('',*,*,#5451,.F.);
#5499 = ORIENTED_EDGE('',*,*,#5500,.F.);
#5500 = EDGE_CURVE('',#5501,#5452,#5503,.T.);
#5501 = VERTEX_POINT('',#5502);
#5502 = CARTESIAN_POINT('',(-43.5,-48.5,32.5));
#5503 = SURFACE_CURVE('',#5504,(#5509,#5516),.PCURVE_S1.);
#5504 = CIRCLE('',#5505,5.);
#5505 = AXIS2_PLACEMENT_3D('',#5506,#5507,#5508);
#5506 = CARTESIAN_POINT('',(-43.5,-43.5,32.5));
#5507 = DIRECTION('',(0.,-0.,-1.));
#5508 = DIRECTION('',(0.,-1.,0.));
#5509 = PCURVE('',#4543,#5510);
#5510 = DEFINITIONAL_REPRESENTATION('',(#5511),#5515);
#5511 = LINE('',#5512,#5513);
#5512 = CARTESIAN_POINT('',(1.570796326795,29.5));
#5513 = VECTOR('',#5514,1.);
#5514 = DIRECTION('',(-1.,-0.));
#5515 = ( GEOMETRIC_REPRESENTATION_CONTEXT(2) 
PARAMETRIC_REPRESENTATION_CONTEXT() REPRESENTATION_CONTEXT('2D SPACE',''
  ) );
#5516 = PCURVE('',#5203,#5517);
#5517 = DEFINITIONAL_REPRESENTATION('',(#5518),#5526);
#5518 = ( BOUNDED_CURVE() B_SPLINE_CURVE(2,(#5519,#5520,#5521,#5522,
#5523,#5524,#5525),.UNSPECIFIED.,.T.,.F.) B_SPLINE_CURVE_WITH_KNOTS((1,2
    ,2,2,2,1),(-2.094395102393,0.,2.094395102393,4.188790204786,
6.28318530718,8.377580409573),.UNSPECIFIED.) CURVE() 
GEOMETRIC_REPRESENTATION_ITEM() RATIONAL_B_SPLINE_CURVE((1.,0.5,1.,0.5,
1.,0.5,1.)) REPRESENTATION_ITEM('') );
#5519 = CARTESIAN_POINT('',(5.,0.));
#5520 = CARTESIAN_POINT('',(-3.660254037844,0.));
#5521 = CARTESIAN_POINT('',(0.669872981078,7.5));
#5522 = CARTESIAN_POINT('',(5.,15.));
#5523 = CARTESIAN_POINT('',(9.330127018922,7.5));
#5524 = CARTESIAN_POINT('',(13.660254037844,7.993605777301E-15));
#5525 = CARTESIAN_POINT('',(5.,0.));
#5526 = ( GEOMETRIC_REPRESENTATION_CONTEXT(2) 
PARAMETRIC_REPRESENTATION_CONTEXT() REPRESENTATION_CONTEXT('2D SPACE',''
  ) );
#5527 = ORIENTED_EDGE('',*,*,#5528,.T.);
#5528 = EDGE_CURVE('',#5501,#4523,#5529,.T.);
#5529 = SURFACE_CURVE('',#5530,(#5534,#5541),.PCURVE_S1.);
#5530 = LINE('',#5531,#5532);
#5531 = CARTESIAN_POINT('',(-43.5,-48.5,3.));
#5532 = VECTOR('',#5533,1.);
#5533 = DIRECTION('',(0.,0.,1.));
#5534 = PCURVE('',#4543,#5535);
#5535 = DEFINITIONAL_REPRESENTATION('',(#5536),#5540);
#5536 = LINE('',#5537,#5538);
#5537 = CARTESIAN_POINT('',(1.570796326795,0.));
#5538 = VECTOR('',#5539,1.);
#5539 = DIRECTION('',(0.,1.));
#5540 = ( GEOMETRIC_REPRESENTATION_CONTEXT(2) 
PARAMETRIC_REPRESENTATION_CONTEXT() REPRESENTATION_CONTEXT('2D SPACE',''
  ) );
#5541 = PCURVE('',#4569,#5542);
#5542 = DEFINITIONAL_REPRESENTATION('',(#5543),#5547);
#5543 = LINE('',#5544,#5545);
#5544 = CARTESIAN_POINT('',(0.,5.));
#5545 = VECTOR('',#5546,1.);
#5546 = DIRECTION('',(1.,0.));
#5547 = ( GEOMETRIC_REPRESENTATION_CONTEXT(2) 
PARAMETRIC_REPRESENTATION_CONTEXT() REPRESENTATION_CONTEXT('2D SPACE',''
  ) );
#5548 = ORIENTED_EDGE('',*,*,#4522,.T.);
#5549 = ADVANCED_FACE('',(#5550),#4569,.T.);
#5550 = FACE_BOUND('',#5551,.T.);
#5551 = EDGE_LOOP('',(#5552,#5573,#5574,#5575));
#5552 = ORIENTED_EDGE('',*,*,#5553,.F.);
#5553 = EDGE_CURVE('',#5501,#5187,#5554,.T.);
#5554 = SURFACE_CURVE('',#5555,(#5559,#5566),.PCURVE_S1.);
#5555 = LINE('',#5556,#5557);
#5556 = CARTESIAN_POINT('',(-48.5,-48.5,32.5));
#5557 = VECTOR('',#5558,1.);
#5558 = DIRECTION('',(1.,0.,0.));
#5559 = PCURVE('',#4569,#5560);
#5560 = DEFINITIONAL_REPRESENTATION('',(#5561),#5565);
#5561 = LINE('',#5562,#5563);
#5562 = CARTESIAN_POINT('',(29.5,0.));
#5563 = VECTOR('',#5564,1.);
#5564 = DIRECTION('',(0.,1.));
#5565 = ( GEOMETRIC_REPRESENTATION_CONTEXT(2) 
PARAMETRIC_REPRESENTATION_CONTEXT() REPRESENTATION_CONTEXT('2D SPACE',''
  ) );
#5566 = PCURVE('',#5203,#5567);
#5567 = DEFINITIONAL_REPRESENTATION('',(#5568),#5572);
#5568 = LINE('',#5569,#5570);
#5569 = CARTESIAN_POINT('',(0.,0.));
#5570 = VECTOR('',#5571,1.);
#5571 = DIRECTION('',(1.,0.));
#5572 = ( GEOMETRIC_REPRESENTATION_CONTEXT(2) 
PARAMETRIC_REPRESENTATION_CONTEXT() REPRESENTATION_CONTEXT('2D SPACE',''
  ) );
#5573 = ORIENTED_EDGE('',*,*,#5528,.T.);
#5574 = ORIENTED_EDGE('',*,*,#4555,.T.);
#5575 = ORIENTED_EDGE('',*,*,#5219,.F.);
#5576 = ADVANCED_FACE('',(#5577,#5580),#4624,.T.);
#5577 = FACE_BOUND('',#5578,.T.);
#5578 = EDGE_LOOP('',(#5579));
#5579 = ORIENTED_EDGE('',*,*,#4609,.F.);
#5580 = FACE_BOUND('',#5581,.T.);
#5581 = EDGE_LOOP('',(#5582));
#5582 = ORIENTED_EDGE('',*,*,#5583,.T.);
#5583 = EDGE_CURVE('',#5584,#5584,#5586,.T.);
#5584 = VERTEX_POINT('',#5585);
#5585 = CARTESIAN_POINT('',(-53.5,20.,40.1));
#5586 = SURFACE_CURVE('',#5587,(#5592,#5603),.PCURVE_S1.);
#5587 = CIRCLE('',#5588,11.1);
#5588 = AXIS2_PLACEMENT_3D('',#5589,#5590,#5591);
#5589 = CARTESIAN_POINT('',(-53.5,20.,29.));
#5590 = DIRECTION('',(1.,0.,-1.110223024625E-16));
#5591 = DIRECTION('',(1.110223024625E-16,0.,1.));
#5592 = PCURVE('',#4624,#5593);
#5593 = DEFINITIONAL_REPRESENTATION('',(#5594),#5602);
#5594 = ( BOUNDED_CURVE() B_SPLINE_CURVE(2,(#5595,#5596,#5597,#5598,
#5599,#5600,#5601),.UNSPECIFIED.,.T.,.F.) B_SPLINE_CURVE_WITH_KNOTS((1,2
    ,2,2,2,1),(-2.094395102393,0.,2.094395102393,4.188790204786,
6.28318530718,8.377580409573),.UNSPECIFIED.) CURVE() 
GEOMETRIC_REPRESENTATION_ITEM() RATIONAL_B_SPLINE_CURVE((1.,0.5,1.,0.5,
1.,0.5,1.)) REPRESENTATION_ITEM('') );
#5595 = CARTESIAN_POINT('',(11.1,0.));
#5596 = CARTESIAN_POINT('',(11.1,-19.22576396401));
#5597 = CARTESIAN_POINT('',(-5.55,-9.612881982007));
#5598 = CARTESIAN_POINT('',(-22.2,-2.718715894107E-15));
#5599 = CARTESIAN_POINT('',(-5.55,9.612881982007));
#5600 = CARTESIAN_POINT('',(11.1,19.225763964015));
#5601 = CARTESIAN_POINT('',(11.1,0.));
#5602 = ( GEOMETRIC_REPRESENTATION_CONTEXT(2) 
PARAMETRIC_REPRESENTATION_CONTEXT() REPRESENTATION_CONTEXT('2D SPACE',''
  ) );
#5603 = PCURVE('',#5604,#5609);
#5604 = CYLINDRICAL_SURFACE('',#5605,11.1);
#5605 = AXIS2_PLACEMENT_3D('',#5606,#5607,#5608);
#5606 = CARTESIAN_POINT('',(-52.7,20.,29.));
#5607 = DIRECTION('',(1.,-0.,-1.110223024625E-16));
#5608 = DIRECTION('',(1.110223024625E-16,0.,1.));
#5609 = DEFINITIONAL_REPRESENTATION('',(#5610),#5614);
#5610 = LINE('',#5611,#5612);
#5611 = CARTESIAN_POINT('',(-6.28318530718,-0.8));
#5612 = VECTOR('',#5613,1.);
#5613 = DIRECTION('',(1.,-0.));
#5614 = ( GEOMETRIC_REPRESENTATION_CONTEXT(2) 
PARAMETRIC_REPRESENTATION_CONTEXT() REPRESENTATION_CONTEXT('2D SPACE',''
  ) );
#5615 = ADVANCED_FACE('',(#5616,#5619),#4683,.T.);
#5616 = FACE_BOUND('',#5617,.T.);
#5617 = EDGE_LOOP('',(#5618));
#5618 = ORIENTED_EDGE('',*,*,#4668,.F.);
#5619 = FACE_BOUND('',#5620,.T.);
#5620 = EDGE_LOOP('',(#5621));
#5621 = ORIENTED_EDGE('',*,*,#5622,.T.);
#5622 = EDGE_CURVE('',#5623,#5623,#5625,.T.);
#5623 = VERTEX_POINT('',#5624);
#5624 = CARTESIAN_POINT('',(-53.5,-20.,40.1));
#5625 = SURFACE_CURVE('',#5626,(#5631,#5642),.PCURVE_S1.);
#5626 = CIRCLE('',#5627,11.1);
#5627 = AXIS2_PLACEMENT_3D('',#5628,#5629,#5630);
#5628 = CARTESIAN_POINT('',(-53.5,-20.,29.));
#5629 = DIRECTION('',(1.,0.,-1.110223024625E-16));
#5630 = DIRECTION('',(1.110223024625E-16,0.,1.));
#5631 = PCURVE('',#4683,#5632);
#5632 = DEFINITIONAL_REPRESENTATION('',(#5633),#5641);
#5633 = ( BOUNDED_CURVE() B_SPLINE_CURVE(2,(#5634,#5635,#5636,#5637,
#5638,#5639,#5640),.UNSPECIFIED.,.T.,.F.) B_SPLINE_CURVE_WITH_KNOTS((1,2
    ,2,2,2,1),(-2.094395102393,0.,2.094395102393,4.188790204786,
6.28318530718,8.377580409573),.UNSPECIFIED.) CURVE() 
GEOMETRIC_REPRESENTATION_ITEM() RATIONAL_B_SPLINE_CURVE((1.,0.5,1.,0.5,
1.,0.5,1.)) REPRESENTATION_ITEM('') );
#5634 = CARTESIAN_POINT('',(11.1,0.));
#5635 = CARTESIAN_POINT('',(11.1,-19.22576396401));
#5636 = CARTESIAN_POINT('',(-5.55,-9.612881982007));
#5637 = CARTESIAN_POINT('',(-22.2,-2.718715894107E-15));
#5638 = CARTESIAN_POINT('',(-5.55,9.612881982007));
#5639 = CARTESIAN_POINT('',(11.1,19.225763964015));
#5640 = CARTESIAN_POINT('',(11.1,0.));
#5641 = ( GEOMETRIC_REPRESENTATION_CONTEXT(2) 
PARAMETRIC_REPRESENTATION_CONTEXT() REPRESENTATION_CONTEXT('2D SPACE',''
  ) );
#5642 = PCURVE('',#5643,#5648);
#5643 = CYLINDRICAL_SURFACE('',#5644,11.1);
#5644 = AXIS2_PLACEMENT_3D('',#5645,#5646,#5647);
#5645 = CARTESIAN_POINT('',(-52.7,-20.,29.));
#5646 = DIRECTION('',(1.,-0.,-1.110223024625E-16));
#5647 = DIRECTION('',(1.110223024625E-16,0.,1.));
#5648 = DEFINITIONAL_REPRESENTATION('',(#5649),#5653);
#5649 = LINE('',#5650,#5651);
#5650 = CARTESIAN_POINT('',(-6.28318530718,-0.8));
#5651 = VECTOR('',#5652,1.);
#5652 = DIRECTION('',(1.,-0.));
#5653 = ( GEOMETRIC_REPRESENTATION_CONTEXT(2) 
PARAMETRIC_REPRESENTATION_CONTEXT() REPRESENTATION_CONTEXT('2D SPACE',''
  ) );
#5654 = ADVANCED_FACE('',(#5655),#4722,.T.);
#5655 = FACE_BOUND('',#5656,.F.);
#5656 = EDGE_LOOP('',(#5657,#5680,#5681,#5682));
#5657 = ORIENTED_EDGE('',*,*,#5658,.F.);
#5658 = EDGE_CURVE('',#4706,#5659,#5661,.T.);
#5659 = VERTEX_POINT('',#5660);
#5660 = CARTESIAN_POINT('',(-6.6,-53.5,29.));
#5661 = SEAM_CURVE('',#5662,(#5666,#5673),.PCURVE_S1.);
#5662 = LINE('',#5663,#5664);
#5663 = CARTESIAN_POINT('',(-6.6,-52.7,29.));
#5664 = VECTOR('',#5665,1.);
#5665 = DIRECTION('',(0.,-1.,1.110223024625E-16));
#5666 = PCURVE('',#4722,#5667);
#5667 = DEFINITIONAL_REPRESENTATION('',(#5668),#5672);
#5668 = LINE('',#5669,#5670);
#5669 = CARTESIAN_POINT('',(-6.28318530718,0.));
#5670 = VECTOR('',#5671,1.);
#5671 = DIRECTION('',(-0.,-1.));
#5672 = ( GEOMETRIC_REPRESENTATION_CONTEXT(2) 
PARAMETRIC_REPRESENTATION_CONTEXT() REPRESENTATION_CONTEXT('2D SPACE',''
  ) );
#5673 = PCURVE('',#4722,#5674);
#5674 = DEFINITIONAL_REPRESENTATION('',(#5675),#5679);
#5675 = LINE('',#5676,#5677);
#5676 = CARTESIAN_POINT('',(-0.,0.));
#5677 = VECTOR('',#5678,1.);
#5678 = DIRECTION('',(-0.,-1.));
#5679 = ( GEOMETRIC_REPRESENTATION_CONTEXT(2) 
PARAMETRIC_REPRESENTATION_CONTEXT() REPRESENTATION_CONTEXT('2D SPACE',''
  ) );
#5680 = ORIENTED_EDGE('',*,*,#4705,.F.);
#5681 = ORIENTED_EDGE('',*,*,#5658,.T.);
#5682 = ORIENTED_EDGE('',*,*,#5683,.F.);
#5683 = EDGE_CURVE('',#5659,#5659,#5684,.T.);
#5684 = SURFACE_CURVE('',#5685,(#5690,#5697),.PCURVE_S1.);
#5685 = CIRCLE('',#5686,13.4);
#5686 = AXIS2_PLACEMENT_3D('',#5687,#5688,#5689);
#5687 = CARTESIAN_POINT('',(-20.,-53.5,29.));
#5688 = DIRECTION('',(0.,1.,-1.110223024625E-16));
#5689 = DIRECTION('',(1.,0.,0.));
#5690 = PCURVE('',#4722,#5691);
#5691 = DEFINITIONAL_REPRESENTATION('',(#5692),#5696);
#5692 = LINE('',#5693,#5694);
#5693 = CARTESIAN_POINT('',(-6.28318530718,-0.8));
#5694 = VECTOR('',#5695,1.);
#5695 = DIRECTION('',(1.,-0.));
#5696 = ( GEOMETRIC_REPRESENTATION_CONTEXT(2) 
PARAMETRIC_REPRESENTATION_CONTEXT() REPRESENTATION_CONTEXT('2D SPACE',''
  ) );
#5697 = PCURVE('',#5698,#5703);
#5698 = PLANE('',#5699);
#5699 = AXIS2_PLACEMENT_3D('',#5700,#5701,#5702);
#5700 = CARTESIAN_POINT('',(-20.,-53.5,29.));
#5701 = DIRECTION('',(0.,-1.,1.110223024625E-16));
#5702 = DIRECTION('',(1.,0.,0.));
#5703 = DEFINITIONAL_REPRESENTATION('',(#5704),#5712);
#5704 = ( BOUNDED_CURVE() B_SPLINE_CURVE(2,(#5705,#5706,#5707,#5708,
#5709,#5710,#5711),.UNSPECIFIED.,.T.,.F.) B_SPLINE_CURVE_WITH_KNOTS((1,2
    ,2,2,2,1),(-2.094395102393,0.,2.094395102393,4.188790204786,
6.28318530718,8.377580409573),.UNSPECIFIED.) CURVE() 
GEOMETRIC_REPRESENTATION_ITEM() RATIONAL_B_SPLINE_CURVE((1.,0.5,1.,0.5,
1.,0.5,1.)) REPRESENTATION_ITEM('') );
#5705 = CARTESIAN_POINT('',(13.4,0.));
#5706 = CARTESIAN_POINT('',(13.4,-23.20948082142));
#5707 = CARTESIAN_POINT('',(-6.7,-11.60474041071));
#5708 = CARTESIAN_POINT('',(-26.8,-3.282053421715E-15));
#5709 = CARTESIAN_POINT('',(-6.7,11.604740410711));
#5710 = CARTESIAN_POINT('',(13.4,23.209480821423));
#5711 = CARTESIAN_POINT('',(13.4,0.));
#5712 = ( GEOMETRIC_REPRESENTATION_CONTEXT(2) 
PARAMETRIC_REPRESENTATION_CONTEXT() REPRESENTATION_CONTEXT('2D SPACE',''
  ) );
#5713 = ADVANCED_FACE('',(#5714),#4757,.T.);
#5714 = FACE_BOUND('',#5715,.F.);
#5715 = EDGE_LOOP('',(#5716,#5739,#5740,#5741));
#5716 = ORIENTED_EDGE('',*,*,#5717,.F.);
#5717 = EDGE_CURVE('',#4741,#5718,#5720,.T.);
#5718 = VERTEX_POINT('',#5719);
#5719 = CARTESIAN_POINT('',(33.4,-53.5,29.));
#5720 = SEAM_CURVE('',#5721,(#5725,#5732),.PCURVE_S1.);
#5721 = LINE('',#5722,#5723);
#5722 = CARTESIAN_POINT('',(33.4,-52.7,29.));
#5723 = VECTOR('',#5724,1.);
#5724 = DIRECTION('',(0.,-1.,1.110223024625E-16));
#5725 = PCURVE('',#4757,#5726);
#5726 = DEFINITIONAL_REPRESENTATION('',(#5727),#5731);
#5727 = LINE('',#5728,#5729);
#5728 = CARTESIAN_POINT('',(-6.28318530718,0.));
#5729 = VECTOR('',#5730,1.);
#5730 = DIRECTION('',(-0.,-1.));
#5731 = ( GEOMETRIC_REPRESENTATION_CONTEXT(2) 
PARAMETRIC_REPRESENTATION_CONTEXT() REPRESENTATION_CONTEXT('2D SPACE',''
  ) );
#5732 = PCURVE('',#4757,#5733);
#5733 = DEFINITIONAL_REPRESENTATION('',(#5734),#5738);
#5734 = LINE('',#5735,#5736);
#5735 = CARTESIAN_POINT('',(-0.,0.));
#5736 = VECTOR('',#5737,1.);
#5737 = DIRECTION('',(-0.,-1.));
#5738 = ( GEOMETRIC_REPRESENTATION_CONTEXT(2) 
PARAMETRIC_REPRESENTATION_CONTEXT() REPRESENTATION_CONTEXT('2D SPACE',''
  ) );
#5739 = ORIENTED_EDGE('',*,*,#4740,.F.);
#5740 = ORIENTED_EDGE('',*,*,#5717,.T.);
#5741 = ORIENTED_EDGE('',*,*,#5742,.F.);
#5742 = EDGE_CURVE('',#5718,#5718,#5743,.T.);
#5743 = SURFACE_CURVE('',#5744,(#5749,#5756),.PCURVE_S1.);
#5744 = CIRCLE('',#5745,13.4);
#5745 = AXIS2_PLACEMENT_3D('',#5746,#5747,#5748);
#5746 = CARTESIAN_POINT('',(20.,-53.5,29.));
#5747 = DIRECTION('',(0.,1.,-1.110223024625E-16));
#5748 = DIRECTION('',(1.,0.,0.));
#5749 = PCURVE('',#4757,#5750);
#5750 = DEFINITIONAL_REPRESENTATION('',(#5751),#5755);
#5751 = LINE('',#5752,#5753);
#5752 = CARTESIAN_POINT('',(-6.28318530718,-0.8));
#5753 = VECTOR('',#5754,1.);
#5754 = DIRECTION('',(1.,-0.));
#5755 = ( GEOMETRIC_REPRESENTATION_CONTEXT(2) 
PARAMETRIC_REPRESENTATION_CONTEXT() REPRESENTATION_CONTEXT('2D SPACE',''
  ) );
#5756 = PCURVE('',#5757,#5762);
#5757 = PLANE('',#5758);
#5758 = AXIS2_PLACEMENT_3D('',#5759,#5760,#5761);
#5759 = CARTESIAN_POINT('',(20.,-53.5,29.));
#5760 = DIRECTION('',(0.,-1.,1.110223024625E-16));
#5761 = DIRECTION('',(1.,0.,0.));
#5762 = DEFINITIONAL_REPRESENTATION('',(#5763),#5771);
#5763 = ( BOUNDED_CURVE() B_SPLINE_CURVE(2,(#5764,#5765,#5766,#5767,
#5768,#5769,#5770),.UNSPECIFIED.,.T.,.F.) B_SPLINE_CURVE_WITH_KNOTS((1,2
    ,2,2,2,1),(-2.094395102393,0.,2.094395102393,4.188790204786,
6.28318530718,8.377580409573),.UNSPECIFIED.) CURVE() 
GEOMETRIC_REPRESENTATION_ITEM() RATIONAL_B_SPLINE_CURVE((1.,0.5,1.,0.5,
1.,0.5,1.)) REPRESENTATION_ITEM('') );
#5764 = CARTESIAN_POINT('',(13.4,0.));
#5765 = CARTESIAN_POINT('',(13.4,-23.20948082142));
#5766 = CARTESIAN_POINT('',(-6.7,-11.60474041071));
#5767 = CARTESIAN_POINT('',(-26.8,-3.282053421715E-15));
#5768 = CARTESIAN_POINT('',(-6.7,11.604740410711));
#5769 = CARTESIAN_POINT('',(13.4,23.209480821423));
#5770 = CARTESIAN_POINT('',(13.4,0.));
#5771 = ( GEOMETRIC_REPRESENTATION_CONTEXT(2) 
PARAMETRIC_REPRESENTATION_CONTEXT() REPRESENTATION_CONTEXT('2D SPACE',''
  ) );
#5772 = ADVANCED_FACE('',(#5773),#4790,.T.);
#5773 = FACE_BOUND('',#5774,.T.);
#5774 = EDGE_LOOP('',(#5775,#5805,#5826,#5827));
#5775 = ORIENTED_EDGE('',*,*,#5776,.F.);
#5776 = EDGE_CURVE('',#5777,#5779,#5781,.T.);
#5777 = VERTEX_POINT('',#5778);
#5778 = CARTESIAN_POINT('',(-48.5,-43.5,16.75));
#5779 = VERTEX_POINT('',#5780);
#5780 = CARTESIAN_POINT('',(-48.5,43.5,16.75));
#5781 = SURFACE_CURVE('',#5782,(#5786,#5793),.PCURVE_S1.);
#5782 = LINE('',#5783,#5784);
#5783 = CARTESIAN_POINT('',(-48.5,-48.5,16.75));
#5784 = VECTOR('',#5785,1.);
#5785 = DIRECTION('',(0.,1.,0.));
#5786 = PCURVE('',#4790,#5787);
#5787 = DEFINITIONAL_REPRESENTATION('',(#5788),#5792);
#5788 = LINE('',#5789,#5790);
#5789 = CARTESIAN_POINT('',(13.75,0.));
#5790 = VECTOR('',#5791,1.);
#5791 = DIRECTION('',(0.,-1.));
#5792 = ( GEOMETRIC_REPRESENTATION_CONTEXT(2) 
PARAMETRIC_REPRESENTATION_CONTEXT() REPRESENTATION_CONTEXT('2D SPACE',''
  ) );
#5793 = PCURVE('',#5794,#5799);
#5794 = PLANE('',#5795);
#5795 = AXIS2_PLACEMENT_3D('',#5796,#5797,#5798);
#5796 = CARTESIAN_POINT('',(-48.5,-48.5,16.75));
#5797 = DIRECTION('',(0.,0.,1.));
#5798 = DIRECTION('',(1.,0.,0.));
#5799 = DEFINITIONAL_REPRESENTATION('',(#5800),#5804);
#5800 = LINE('',#5801,#5802);
#5801 = CARTESIAN_POINT('',(0.,0.));
#5802 = VECTOR('',#5803,1.);
#5803 = DIRECTION('',(0.,1.));
#5804 = ( GEOMETRIC_REPRESENTATION_CONTEXT(2) 
PARAMETRIC_REPRESENTATION_CONTEXT() REPRESENTATION_CONTEXT('2D SPACE',''
  ) );
#5805 = ORIENTED_EDGE('',*,*,#5806,.F.);
#5806 = EDGE_CURVE('',#4773,#5777,#5807,.T.);
#5807 = SURFACE_CURVE('',#5808,(#5812,#5819),.PCURVE_S1.);
#5808 = LINE('',#5809,#5810);
#5809 = CARTESIAN_POINT('',(-48.5,-43.5,3.));
#5810 = VECTOR('',#5811,1.);
#5811 = DIRECTION('',(0.,0.,1.));
#5812 = PCURVE('',#4790,#5813);
#5813 = DEFINITIONAL_REPRESENTATION('',(#5814),#5818);
#5814 = LINE('',#5815,#5816);
#5815 = CARTESIAN_POINT('',(0.,-5.));
#5816 = VECTOR('',#5817,1.);
#5817 = DIRECTION('',(1.,0.));
#5818 = ( GEOMETRIC_REPRESENTATION_CONTEXT(2) 
PARAMETRIC_REPRESENTATION_CONTEXT() REPRESENTATION_CONTEXT('2D SPACE',''
  ) );
#5819 = PCURVE('',#4819,#5820);
#5820 = DEFINITIONAL_REPRESENTATION('',(#5821),#5825);
#5821 = LINE('',#5822,#5823);
#5822 = CARTESIAN_POINT('',(0.,0.));
#5823 = VECTOR('',#5824,1.);
#5824 = DIRECTION('',(0.,1.));
#5825 = ( GEOMETRIC_REPRESENTATION_CONTEXT(2) 
PARAMETRIC_REPRESENTATION_CONTEXT() REPRESENTATION_CONTEXT('2D SPACE',''
  ) );
#5826 = ORIENTED_EDGE('',*,*,#4772,.T.);
#5827 = ORIENTED_EDGE('',*,*,#5828,.T.);
#5828 = EDGE_CURVE('',#4775,#5779,#5829,.T.);
#5829 = SURFACE_CURVE('',#5830,(#5834,#5841),.PCURVE_S1.);
#5830 = LINE('',#5831,#5832);
#5831 = CARTESIAN_POINT('',(-48.5,43.5,3.));
#5832 = VECTOR('',#5833,1.);
#5833 = DIRECTION('',(0.,0.,1.));
#5834 = PCURVE('',#4790,#5835);
#5835 = DEFINITIONAL_REPRESENTATION('',(#5836),#5840);
#5836 = LINE('',#5837,#5838);
#5837 = CARTESIAN_POINT('',(0.,-92.));
#5838 = VECTOR('',#5839,1.);
#5839 = DIRECTION('',(1.,0.));
#5840 = ( GEOMETRIC_REPRESENTATION_CONTEXT(2) 
PARAMETRIC_REPRESENTATION_CONTEXT() REPRESENTATION_CONTEXT('2D SPACE',''
  ) );
#5841 = PCURVE('',#4996,#5842);
#5842 = DEFINITIONAL_REPRESENTATION('',(#5843),#5847);
#5843 = LINE('',#5844,#5845);
#5844 = CARTESIAN_POINT('',(-0.,0.));
#5845 = VECTOR('',#5846,1.);
#5846 = DIRECTION('',(-0.,1.));
#5847 = ( GEOMETRIC_REPRESENTATION_CONTEXT(2) 
PARAMETRIC_REPRESENTATION_CONTEXT() REPRESENTATION_CONTEXT('2D SPACE',''
  ) );
#5848 = ADVANCED_FACE('',(#5849),#4819,.F.);
#5849 = FACE_BOUND('',#5850,.F.);
#5850 = EDGE_LOOP('',(#5851,#5852,#5853,#5876));
#5851 = ORIENTED_EDGE('',*,*,#5806,.F.);
#5852 = ORIENTED_EDGE('',*,*,#4802,.T.);
#5853 = ORIENTED_EDGE('',*,*,#5854,.T.);
#5854 = EDGE_CURVE('',#4803,#5855,#5857,.T.);
#5855 = VERTEX_POINT('',#5856);
#5856 = CARTESIAN_POINT('',(-43.5,-48.5,16.75));
#5857 = SURFACE_CURVE('',#5858,(#5862,#5869),.PCURVE_S1.);
#5858 = LINE('',#5859,#5860);
#5859 = CARTESIAN_POINT('',(-43.5,-48.5,3.));
#5860 = VECTOR('',#5861,1.);
#5861 = DIRECTION('',(0.,0.,1.));
#5862 = PCURVE('',#4819,#5863);
#5863 = DEFINITIONAL_REPRESENTATION('',(#5864),#5868);
#5864 = LINE('',#5865,#5866);
#5865 = CARTESIAN_POINT('',(1.570796326795,0.));
#5866 = VECTOR('',#5867,1.);
#5867 = DIRECTION('',(0.,1.));
#5868 = ( GEOMETRIC_REPRESENTATION_CONTEXT(2) 
PARAMETRIC_REPRESENTATION_CONTEXT() REPRESENTATION_CONTEXT('2D SPACE',''
  ) );
#5869 = PCURVE('',#4847,#5870);
#5870 = DEFINITIONAL_REPRESENTATION('',(#5871),#5875);
#5871 = LINE('',#5872,#5873);
#5872 = CARTESIAN_POINT('',(0.,5.));
#5873 = VECTOR('',#5874,1.);
#5874 = DIRECTION('',(1.,0.));
#5875 = ( GEOMETRIC_REPRESENTATION_CONTEXT(2) 
PARAMETRIC_REPRESENTATION_CONTEXT() REPRESENTATION_CONTEXT('2D SPACE',''
  ) );
#5876 = ORIENTED_EDGE('',*,*,#5877,.T.);
#5877 = EDGE_CURVE('',#5855,#5777,#5878,.T.);
#5878 = SURFACE_CURVE('',#5879,(#5884,#5891),.PCURVE_S1.);
#5879 = CIRCLE('',#5880,5.);
#5880 = AXIS2_PLACEMENT_3D('',#5881,#5882,#5883);
#5881 = CARTESIAN_POINT('',(-43.5,-43.5,16.75));
#5882 = DIRECTION('',(0.,-0.,-1.));
#5883 = DIRECTION('',(0.,-1.,0.));
#5884 = PCURVE('',#4819,#5885);
#5885 = DEFINITIONAL_REPRESENTATION('',(#5886),#5890);
#5886 = LINE('',#5887,#5888);
#5887 = CARTESIAN_POINT('',(1.570796326795,13.75));
#5888 = VECTOR('',#5889,1.);
#5889 = DIRECTION('',(-1.,-0.));
#5890 = ( GEOMETRIC_REPRESENTATION_CONTEXT(2) 
PARAMETRIC_REPRESENTATION_CONTEXT() REPRESENTATION_CONTEXT('2D SPACE',''
  ) );
#5891 = PCURVE('',#5794,#5892);
#5892 = DEFINITIONAL_REPRESENTATION('',(#5893),#5901);
#5893 = ( BOUNDED_CURVE() B_SPLINE_CURVE(2,(#5894,#5895,#5896,#5897,
#5898,#5899,#5900),.UNSPECIFIED.,.T.,.F.) B_SPLINE_CURVE_WITH_KNOTS((1,2
    ,2,2,2,1),(-2.094395102393,0.,2.094395102393,4.188790204786,
6.28318530718,8.377580409573),.UNSPECIFIED.) CURVE() 
GEOMETRIC_REPRESENTATION_ITEM() RATIONAL_B_SPLINE_CURVE((1.,0.5,1.,0.5,
1.,0.5,1.)) REPRESENTATION_ITEM('') );
#5894 = CARTESIAN_POINT('',(5.,0.));
#5895 = CARTESIAN_POINT('',(-3.660254037844,0.));
#5896 = CARTESIAN_POINT('',(0.669872981078,7.5));
#5897 = CARTESIAN_POINT('',(5.,15.));
#5898 = CARTESIAN_POINT('',(9.330127018922,7.5));
#5899 = CARTESIAN_POINT('',(13.660254037844,7.993605777301E-15));
#5900 = CARTESIAN_POINT('',(5.,0.));
#5901 = ( GEOMETRIC_REPRESENTATION_CONTEXT(2) 
PARAMETRIC_REPRESENTATION_CONTEXT() REPRESENTATION_CONTEXT('2D SPACE',''
  ) );
#5902 = ADVANCED_FACE('',(#5903),#4996,.F.);
#5903 = FACE_BOUND('',#5904,.T.);
#5904 = EDGE_LOOP('',(#5905,#5906,#5907,#5930));
#5905 = ORIENTED_EDGE('',*,*,#5828,.F.);
#5906 = ORIENTED_EDGE('',*,*,#4977,.T.);
#5907 = ORIENTED_EDGE('',*,*,#5908,.T.);
#5908 = EDGE_CURVE('',#4950,#5909,#5911,.T.);
#5909 = VERTEX_POINT('',#5910);
#5910 = CARTESIAN_POINT('',(-43.5,48.5,16.75));
#5911 = SURFACE_CURVE('',#5912,(#5916,#5923),.PCURVE_S1.);
#5912 = LINE('',#5913,#5914);
#5913 = CARTESIAN_POINT('',(-43.5,48.5,3.));
#5914 = VECTOR('',#5915,1.);
#5915 = DIRECTION('',(0.,0.,1.));
#5916 = PCURVE('',#4996,#5917);
#5917 = DEFINITIONAL_REPRESENTATION('',(#5918),#5922);
#5918 = LINE('',#5919,#5920);
#5919 = CARTESIAN_POINT('',(-1.570796326795,0.));
#5920 = VECTOR('',#5921,1.);
#5921 = DIRECTION('',(-0.,1.));
#5922 = ( GEOMETRIC_REPRESENTATION_CONTEXT(2) 
PARAMETRIC_REPRESENTATION_CONTEXT() REPRESENTATION_CONTEXT('2D SPACE',''
  ) );
#5923 = PCURVE('',#4965,#5924);
#5924 = DEFINITIONAL_REPRESENTATION('',(#5925),#5929);
#5925 = LINE('',#5926,#5927);
#5926 = CARTESIAN_POINT('',(0.,5.));
#5927 = VECTOR('',#5928,1.);
#5928 = DIRECTION('',(1.,0.));
#5929 = ( GEOMETRIC_REPRESENTATION_CONTEXT(2) 
PARAMETRIC_REPRESENTATION_CONTEXT() REPRESENTATION_CONTEXT('2D SPACE',''
  ) );
#5930 = ORIENTED_EDGE('',*,*,#5931,.F.);
#5931 = EDGE_CURVE('',#5779,#5909,#5932,.T.);
#5932 = SURFACE_CURVE('',#5933,(#5938,#5945),.PCURVE_S1.);
#5933 = CIRCLE('',#5934,5.);
#5934 = AXIS2_PLACEMENT_3D('',#5935,#5936,#5937);
#5935 = CARTESIAN_POINT('',(-43.5,43.5,16.75));
#5936 = DIRECTION('',(0.,0.,-1.));
#5937 = DIRECTION('',(-1.,0.,0.));
#5938 = PCURVE('',#4996,#5939);
#5939 = DEFINITIONAL_REPRESENTATION('',(#5940),#5944);
#5940 = LINE('',#5941,#5942);
#5941 = CARTESIAN_POINT('',(-0.,13.75));
#5942 = VECTOR('',#5943,1.);
#5943 = DIRECTION('',(-1.,-0.));
#5944 = ( GEOMETRIC_REPRESENTATION_CONTEXT(2) 
PARAMETRIC_REPRESENTATION_CONTEXT() REPRESENTATION_CONTEXT('2D SPACE',''
  ) );
#5945 = PCURVE('',#5794,#5946);
#5946 = DEFINITIONAL_REPRESENTATION('',(#5947),#5955);
#5947 = ( BOUNDED_CURVE() B_SPLINE_CURVE(2,(#5948,#5949,#5950,#5951,
#5952,#5953,#5954),.UNSPECIFIED.,.T.,.F.) B_SPLINE_CURVE_WITH_KNOTS((1,2
    ,2,2,2,1),(-2.094395102393,0.,2.094395102393,4.188790204786,
6.28318530718,8.377580409573),.UNSPECIFIED.) CURVE() 
GEOMETRIC_REPRESENTATION_ITEM() RATIONAL_B_SPLINE_CURVE((1.,0.5,1.,0.5,
1.,0.5,1.)) REPRESENTATION_ITEM('') );
#5948 = CARTESIAN_POINT('',(0.,92.));
#5949 = CARTESIAN_POINT('',(0.,100.66025403784));
#5950 = CARTESIAN_POINT('',(7.5,96.330127018922));
#5951 = CARTESIAN_POINT('',(15.,92.));
#5952 = CARTESIAN_POINT('',(7.5,87.669872981078));
#5953 = CARTESIAN_POINT('',(7.993605777301E-15,83.339745962156));
#5954 = CARTESIAN_POINT('',(0.,92.));
#5955 = ( GEOMETRIC_REPRESENTATION_CONTEXT(2) 
PARAMETRIC_REPRESENTATION_CONTEXT() REPRESENTATION_CONTEXT('2D SPACE',''
  ) );
#5956 = ADVANCED_FACE('',(#5957),#4847,.T.);
#5957 = FACE_BOUND('',#5958,.T.);
#5958 = EDGE_LOOP('',(#5959,#5960,#5961,#5984));
#5959 = ORIENTED_EDGE('',*,*,#4831,.F.);
#5960 = ORIENTED_EDGE('',*,*,#5854,.T.);
#5961 = ORIENTED_EDGE('',*,*,#5962,.T.);
#5962 = EDGE_CURVE('',#5855,#5963,#5965,.T.);
#5963 = VERTEX_POINT('',#5964);
#5964 = CARTESIAN_POINT('',(43.5,-48.5,16.75));
#5965 = SURFACE_CURVE('',#5966,(#5970,#5977),.PCURVE_S1.);
#5966 = LINE('',#5967,#5968);
#5967 = CARTESIAN_POINT('',(-48.5,-48.5,16.75));
#5968 = VECTOR('',#5969,1.);
#5969 = DIRECTION('',(1.,0.,0.));
#5970 = PCURVE('',#4847,#5971);
#5971 = DEFINITIONAL_REPRESENTATION('',(#5972),#5976);
#5972 = LINE('',#5973,#5974);
#5973 = CARTESIAN_POINT('',(13.75,0.));
#5974 = VECTOR('',#5975,1.);
#5975 = DIRECTION('',(0.,1.));
#5976 = ( GEOMETRIC_REPRESENTATION_CONTEXT(2) 
PARAMETRIC_REPRESENTATION_CONTEXT() REPRESENTATION_CONTEXT('2D SPACE',''
  ) );
#5977 = PCURVE('',#5794,#5978);
#5978 = DEFINITIONAL_REPRESENTATION('',(#5979),#5983);
#5979 = LINE('',#5980,#5981);
#5980 = CARTESIAN_POINT('',(0.,0.));
#5981 = VECTOR('',#5982,1.);
#5982 = DIRECTION('',(1.,0.));
#5983 = ( GEOMETRIC_REPRESENTATION_CONTEXT(2) 
PARAMETRIC_REPRESENTATION_CONTEXT() REPRESENTATION_CONTEXT('2D SPACE',''
  ) );
#5984 = ORIENTED_EDGE('',*,*,#5985,.F.);
#5985 = EDGE_CURVE('',#4832,#5963,#5986,.T.);
#5986 = SURFACE_CURVE('',#5987,(#5991,#5998),.PCURVE_S1.);
#5987 = LINE('',#5988,#5989);
#5988 = CARTESIAN_POINT('',(43.5,-48.5,3.));
#5989 = VECTOR('',#5990,1.);
#5990 = DIRECTION('',(0.,0.,1.));
#5991 = PCURVE('',#4847,#5992);
#5992 = DEFINITIONAL_REPRESENTATION('',(#5993),#5997);
#5993 = LINE('',#5994,#5995);
#5994 = CARTESIAN_POINT('',(0.,92.));
#5995 = VECTOR('',#5996,1.);
#5996 = DIRECTION('',(1.,0.));
#5997 = ( GEOMETRIC_REPRESENTATION_CONTEXT(2) 
PARAMETRIC_REPRESENTATION_CONTEXT() REPRESENTATION_CONTEXT('2D SPACE',''
  ) );
#5998 = PCURVE('',#4880,#5999);
#5999 = DEFINITIONAL_REPRESENTATION('',(#6000),#6004);
#6000 = LINE('',#6001,#6002);
#6001 = CARTESIAN_POINT('',(-1.570796326795,0.));
#6002 = VECTOR('',#6003,1.);
#6003 = DIRECTION('',(-0.,1.));
#6004 = ( GEOMETRIC_REPRESENTATION_CONTEXT(2) 
PARAMETRIC_REPRESENTATION_CONTEXT() REPRESENTATION_CONTEXT('2D SPACE',''
  ) );
#6005 = ADVANCED_FACE('',(#6006),#4965,.F.);
#6006 = FACE_BOUND('',#6007,.F.);
#6007 = EDGE_LOOP('',(#6008,#6009,#6010,#6033));
#6008 = ORIENTED_EDGE('',*,*,#4949,.F.);
#6009 = ORIENTED_EDGE('',*,*,#5908,.T.);
#6010 = ORIENTED_EDGE('',*,*,#6011,.T.);
#6011 = EDGE_CURVE('',#5909,#6012,#6014,.T.);
#6012 = VERTEX_POINT('',#6013);
#6013 = CARTESIAN_POINT('',(43.5,48.5,16.75));
#6014 = SURFACE_CURVE('',#6015,(#6019,#6026),.PCURVE_S1.);
#6015 = LINE('',#6016,#6017);
#6016 = CARTESIAN_POINT('',(-48.5,48.5,16.75));
#6017 = VECTOR('',#6018,1.);
#6018 = DIRECTION('',(1.,0.,0.));
#6019 = PCURVE('',#4965,#6020);
#6020 = DEFINITIONAL_REPRESENTATION('',(#6021),#6025);
#6021 = LINE('',#6022,#6023);
#6022 = CARTESIAN_POINT('',(13.75,0.));
#6023 = VECTOR('',#6024,1.);
#6024 = DIRECTION('',(0.,1.));
#6025 = ( GEOMETRIC_REPRESENTATION_CONTEXT(2) 
PARAMETRIC_REPRESENTATION_CONTEXT() REPRESENTATION_CONTEXT('2D SPACE',''
  ) );
#6026 = PCURVE('',#5794,#6027);
#6027 = DEFINITIONAL_REPRESENTATION('',(#6028),#6032);
#6028 = LINE('',#6029,#6030);
#6029 = CARTESIAN_POINT('',(0.,97.));
#6030 = VECTOR('',#6031,1.);
#6031 = DIRECTION('',(1.,0.));
#6032 = ( GEOMETRIC_REPRESENTATION_CONTEXT(2) 
PARAMETRIC_REPRESENTATION_CONTEXT() REPRESENTATION_CONTEXT('2D SPACE',''
  ) );
#6033 = ORIENTED_EDGE('',*,*,#6034,.F.);
#6034 = EDGE_CURVE('',#4921,#6012,#6035,.T.);
#6035 = SURFACE_CURVE('',#6036,(#6040,#6047),.PCURVE_S1.);
#6036 = LINE('',#6037,#6038);
#6037 = CARTESIAN_POINT('',(43.5,48.5,3.));
#6038 = VECTOR('',#6039,1.);
#6039 = DIRECTION('',(0.,0.,1.));
#6040 = PCURVE('',#4965,#6041);
#6041 = DEFINITIONAL_REPRESENTATION('',(#6042),#6046);
#6042 = LINE('',#6043,#6044);
#6043 = CARTESIAN_POINT('',(0.,92.));
#6044 = VECTOR('',#6045,1.);
#6045 = DIRECTION('',(1.,0.));
#6046 = ( GEOMETRIC_REPRESENTATION_CONTEXT(2) 
PARAMETRIC_REPRESENTATION_CONTEXT() REPRESENTATION_CONTEXT('2D SPACE',''
  ) );
#6047 = PCURVE('',#4937,#6048);
#6048 = DEFINITIONAL_REPRESENTATION('',(#6049),#6053);
#6049 = LINE('',#6050,#6051);
#6050 = CARTESIAN_POINT('',(1.570796326795,0.));
#6051 = VECTOR('',#6052,1.);
#6052 = DIRECTION('',(0.,1.));
#6053 = ( GEOMETRIC_REPRESENTATION_CONTEXT(2) 
PARAMETRIC_REPRESENTATION_CONTEXT() REPRESENTATION_CONTEXT('2D SPACE',''
  ) );
#6054 = ADVANCED_FACE('',(#6055),#4880,.F.);
#6055 = FACE_BOUND('',#6056,.T.);
#6056 = EDGE_LOOP('',(#6057,#6080,#6081,#6082));
#6057 = ORIENTED_EDGE('',*,*,#6058,.F.);
#6058 = EDGE_CURVE('',#4860,#6059,#6061,.T.);
#6059 = VERTEX_POINT('',#6060);
#6060 = CARTESIAN_POINT('',(48.5,-43.5,16.75));
#6061 = SURFACE_CURVE('',#6062,(#6066,#6073),.PCURVE_S1.);
#6062 = LINE('',#6063,#6064);
#6063 = CARTESIAN_POINT('',(48.5,-43.5,3.));
#6064 = VECTOR('',#6065,1.);
#6065 = DIRECTION('',(0.,0.,1.));
#6066 = PCURVE('',#4880,#6067);
#6067 = DEFINITIONAL_REPRESENTATION('',(#6068),#6072);
#6068 = LINE('',#6069,#6070);
#6069 = CARTESIAN_POINT('',(-0.,0.));
#6070 = VECTOR('',#6071,1.);
#6071 = DIRECTION('',(-0.,1.));
#6072 = ( GEOMETRIC_REPRESENTATION_CONTEXT(2) 
PARAMETRIC_REPRESENTATION_CONTEXT() REPRESENTATION_CONTEXT('2D SPACE',''
  ) );
#6073 = PCURVE('',#4908,#6074);
#6074 = DEFINITIONAL_REPRESENTATION('',(#6075),#6079);
#6075 = LINE('',#6076,#6077);
#6076 = CARTESIAN_POINT('',(0.,-5.));
#6077 = VECTOR('',#6078,1.);
#6078 = DIRECTION('',(1.,0.));
#6079 = ( GEOMETRIC_REPRESENTATION_CONTEXT(2) 
PARAMETRIC_REPRESENTATION_CONTEXT() REPRESENTATION_CONTEXT('2D SPACE',''
  ) );
#6080 = ORIENTED_EDGE('',*,*,#4859,.T.);
#6081 = ORIENTED_EDGE('',*,*,#5985,.T.);
#6082 = ORIENTED_EDGE('',*,*,#6083,.F.);
#6083 = EDGE_CURVE('',#6059,#5963,#6084,.T.);
#6084 = SURFACE_CURVE('',#6085,(#6090,#6097),.PCURVE_S1.);
#6085 = CIRCLE('',#6086,5.);
#6086 = AXIS2_PLACEMENT_3D('',#6087,#6088,#6089);
#6087 = CARTESIAN_POINT('',(43.5,-43.5,16.75));
#6088 = DIRECTION('',(0.,0.,-1.));
#6089 = DIRECTION('',(1.,0.,0.));
#6090 = PCURVE('',#4880,#6091);
#6091 = DEFINITIONAL_REPRESENTATION('',(#6092),#6096);
#6092 = LINE('',#6093,#6094);
#6093 = CARTESIAN_POINT('',(-0.,13.75));
#6094 = VECTOR('',#6095,1.);
#6095 = DIRECTION('',(-1.,-0.));
#6096 = ( GEOMETRIC_REPRESENTATION_CONTEXT(2) 
PARAMETRIC_REPRESENTATION_CONTEXT() REPRESENTATION_CONTEXT('2D SPACE',''
  ) );
#6097 = PCURVE('',#5794,#6098);
#6098 = DEFINITIONAL_REPRESENTATION('',(#6099),#6107);
#6099 = ( BOUNDED_CURVE() B_SPLINE_CURVE(2,(#6100,#6101,#6102,#6103,
#6104,#6105,#6106),.UNSPECIFIED.,.T.,.F.) B_SPLINE_CURVE_WITH_KNOTS((1,2
    ,2,2,2,1),(-2.094395102393,0.,2.094395102393,4.188790204786,
6.28318530718,8.377580409573),.UNSPECIFIED.) CURVE() 
GEOMETRIC_REPRESENTATION_ITEM() RATIONAL_B_SPLINE_CURVE((1.,0.5,1.,0.5,
1.,0.5,1.)) REPRESENTATION_ITEM('') );
#6100 = CARTESIAN_POINT('',(97.,5.));
#6101 = CARTESIAN_POINT('',(97.,-3.660254037844));
#6102 = CARTESIAN_POINT('',(89.5,0.669872981078));
#6103 = CARTESIAN_POINT('',(82.,5.));
#6104 = CARTESIAN_POINT('',(89.5,9.330127018922));
#6105 = CARTESIAN_POINT('',(97.,13.660254037844));
#6106 = CARTESIAN_POINT('',(97.,5.));
#6107 = ( GEOMETRIC_REPRESENTATION_CONTEXT(2) 
PARAMETRIC_REPRESENTATION_CONTEXT() REPRESENTATION_CONTEXT('2D SPACE',''
  ) );
#6108 = ADVANCED_FACE('',(#6109),#4937,.F.);
#6109 = FACE_BOUND('',#6110,.F.);
#6110 = EDGE_LOOP('',(#6111,#6134,#6135,#6136));
#6111 = ORIENTED_EDGE('',*,*,#6112,.F.);
#6112 = EDGE_CURVE('',#4893,#6113,#6115,.T.);
#6113 = VERTEX_POINT('',#6114);
#6114 = CARTESIAN_POINT('',(48.5,43.5,16.75));
#6115 = SURFACE_CURVE('',#6116,(#6120,#6127),.PCURVE_S1.);
#6116 = LINE('',#6117,#6118);
#6117 = CARTESIAN_POINT('',(48.5,43.5,3.));
#6118 = VECTOR('',#6119,1.);
#6119 = DIRECTION('',(0.,0.,1.));
#6120 = PCURVE('',#4937,#6121);
#6121 = DEFINITIONAL_REPRESENTATION('',(#6122),#6126);
#6122 = LINE('',#6123,#6124);
#6123 = CARTESIAN_POINT('',(0.,0.));
#6124 = VECTOR('',#6125,1.);
#6125 = DIRECTION('',(0.,1.));
#6126 = ( GEOMETRIC_REPRESENTATION_CONTEXT(2) 
PARAMETRIC_REPRESENTATION_CONTEXT() REPRESENTATION_CONTEXT('2D SPACE',''
  ) );
#6127 = PCURVE('',#4908,#6128);
#6128 = DEFINITIONAL_REPRESENTATION('',(#6129),#6133);
#6129 = LINE('',#6130,#6131);
#6130 = CARTESIAN_POINT('',(0.,-92.));
#6131 = VECTOR('',#6132,1.);
#6132 = DIRECTION('',(1.,0.));
#6133 = ( GEOMETRIC_REPRESENTATION_CONTEXT(2) 
PARAMETRIC_REPRESENTATION_CONTEXT() REPRESENTATION_CONTEXT('2D SPACE',''
  ) );
#6134 = ORIENTED_EDGE('',*,*,#4920,.T.);
#6135 = ORIENTED_EDGE('',*,*,#6034,.T.);
#6136 = ORIENTED_EDGE('',*,*,#6137,.T.);
#6137 = EDGE_CURVE('',#6012,#6113,#6138,.T.);
#6138 = SURFACE_CURVE('',#6139,(#6144,#6151),.PCURVE_S1.);
#6139 = CIRCLE('',#6140,5.);
#6140 = AXIS2_PLACEMENT_3D('',#6141,#6142,#6143);
#6141 = CARTESIAN_POINT('',(43.5,43.5,16.75));
#6142 = DIRECTION('',(0.,0.,-1.));
#6143 = DIRECTION('',(0.,1.,0.));
#6144 = PCURVE('',#4937,#6145);
#6145 = DEFINITIONAL_REPRESENTATION('',(#6146),#6150);
#6146 = LINE('',#6147,#6148);
#6147 = CARTESIAN_POINT('',(1.570796326795,13.75));
#6148 = VECTOR('',#6149,1.);
#6149 = DIRECTION('',(-1.,-0.));
#6150 = ( GEOMETRIC_REPRESENTATION_CONTEXT(2) 
PARAMETRIC_REPRESENTATION_CONTEXT() REPRESENTATION_CONTEXT('2D SPACE',''
  ) );
#6151 = PCURVE('',#5794,#6152);
#6152 = DEFINITIONAL_REPRESENTATION('',(#6153),#6161);
#6153 = ( BOUNDED_CURVE() B_SPLINE_CURVE(2,(#6154,#6155,#6156,#6157,
#6158,#6159,#6160),.UNSPECIFIED.,.T.,.F.) B_SPLINE_CURVE_WITH_KNOTS((1,2
    ,2,2,2,1),(-2.094395102393,0.,2.094395102393,4.188790204786,
6.28318530718,8.377580409573),.UNSPECIFIED.) CURVE() 
GEOMETRIC_REPRESENTATION_ITEM() RATIONAL_B_SPLINE_CURVE((1.,0.5,1.,0.5,
1.,0.5,1.)) REPRESENTATION_ITEM('') );
#6154 = CARTESIAN_POINT('',(92.,97.));
#6155 = CARTESIAN_POINT('',(100.66025403784,97.));
#6156 = CARTESIAN_POINT('',(96.330127018922,89.5));
#6157 = CARTESIAN_POINT('',(92.,82.));
#6158 = CARTESIAN_POINT('',(87.669872981078,89.5));
#6159 = CARTESIAN_POINT('',(83.339745962156,97.));
#6160 = CARTESIAN_POINT('',(92.,97.));
#6161 = ( GEOMETRIC_REPRESENTATION_CONTEXT(2) 
PARAMETRIC_REPRESENTATION_CONTEXT() REPRESENTATION_CONTEXT('2D SPACE',''
  ) );
#6162 = ADVANCED_FACE('',(#6163),#4908,.F.);
#6163 = FACE_BOUND('',#6164,.F.);
#6164 = EDGE_LOOP('',(#6165,#6186,#6187,#6188));
#6165 = ORIENTED_EDGE('',*,*,#6166,.F.);
#6166 = EDGE_CURVE('',#6059,#6113,#6167,.T.);
#6167 = SURFACE_CURVE('',#6168,(#6172,#6179),.PCURVE_S1.);
#6168 = LINE('',#6169,#6170);
#6169 = CARTESIAN_POINT('',(48.5,-48.5,16.75));
#6170 = VECTOR('',#6171,1.);
#6171 = DIRECTION('',(0.,1.,0.));
#6172 = PCURVE('',#4908,#6173);
#6173 = DEFINITIONAL_REPRESENTATION('',(#6174),#6178);
#6174 = LINE('',#6175,#6176);
#6175 = CARTESIAN_POINT('',(13.75,0.));
#6176 = VECTOR('',#6177,1.);
#6177 = DIRECTION('',(0.,-1.));
#6178 = ( GEOMETRIC_REPRESENTATION_CONTEXT(2) 
PARAMETRIC_REPRESENTATION_CONTEXT() REPRESENTATION_CONTEXT('2D SPACE',''
  ) );
#6179 = PCURVE('',#5794,#6180);
#6180 = DEFINITIONAL_REPRESENTATION('',(#6181),#6185);
#6181 = LINE('',#6182,#6183);
#6182 = CARTESIAN_POINT('',(97.,0.));
#6183 = VECTOR('',#6184,1.);
#6184 = DIRECTION('',(0.,1.));
#6185 = ( GEOMETRIC_REPRESENTATION_CONTEXT(2) 
PARAMETRIC_REPRESENTATION_CONTEXT() REPRESENTATION_CONTEXT('2D SPACE',''
  ) );
#6186 = ORIENTED_EDGE('',*,*,#6058,.F.);
#6187 = ORIENTED_EDGE('',*,*,#4892,.T.);
#6188 = ORIENTED_EDGE('',*,*,#6112,.T.);
#6189 = ADVANCED_FACE('',(#6190),#5043,.T.);
#6190 = FACE_BOUND('',#6191,.F.);
#6191 = EDGE_LOOP('',(#6192,#6215,#6216,#6217));
#6192 = ORIENTED_EDGE('',*,*,#6193,.F.);
#6193 = EDGE_CURVE('',#5027,#6194,#6196,.T.);
#6194 = VERTEX_POINT('',#6195);
#6195 = CARTESIAN_POINT('',(-6.6,53.5,29.));
#6196 = SEAM_CURVE('',#6197,(#6201,#6208),.PCURVE_S1.);
#6197 = LINE('',#6198,#6199);
#6198 = CARTESIAN_POINT('',(-6.6,52.7,29.));
#6199 = VECTOR('',#6200,1.);
#6200 = DIRECTION('',(0.,1.,1.110223024625E-16));
#6201 = PCURVE('',#5043,#6202);
#6202 = DEFINITIONAL_REPRESENTATION('',(#6203),#6207);
#6203 = LINE('',#6204,#6205);
#6204 = CARTESIAN_POINT('',(-6.28318530718,0.));
#6205 = VECTOR('',#6206,1.);
#6206 = DIRECTION('',(-0.,-1.));
#6207 = ( GEOMETRIC_REPRESENTATION_CONTEXT(2) 
PARAMETRIC_REPRESENTATION_CONTEXT() REPRESENTATION_CONTEXT('2D SPACE',''
  ) );
#6208 = PCURVE('',#5043,#6209);
#6209 = DEFINITIONAL_REPRESENTATION('',(#6210),#6214);
#6210 = LINE('',#6211,#6212);
#6211 = CARTESIAN_POINT('',(-0.,0.));
#6212 = VECTOR('',#6213,1.);
#6213 = DIRECTION('',(-0.,-1.));
#6214 = ( GEOMETRIC_REPRESENTATION_CONTEXT(2) 
PARAMETRIC_REPRESENTATION_CONTEXT() REPRESENTATION_CONTEXT('2D SPACE',''
  ) );
#6215 = ORIENTED_EDGE('',*,*,#5026,.F.);
#6216 = ORIENTED_EDGE('',*,*,#6193,.T.);
#6217 = ORIENTED_EDGE('',*,*,#6218,.F.);
#6218 = EDGE_CURVE('',#6194,#6194,#6219,.T.);
#6219 = SURFACE_CURVE('',#6220,(#6225,#6232),.PCURVE_S1.);
#6220 = CIRCLE('',#6221,13.4);
#6221 = AXIS2_PLACEMENT_3D('',#6222,#6223,#6224);
#6222 = CARTESIAN_POINT('',(-20.,53.5,29.));
#6223 = DIRECTION('',(0.,-1.,-1.110223024625E-16));
#6224 = DIRECTION('',(1.,0.,0.));
#6225 = PCURVE('',#5043,#6226);
#6226 = DEFINITIONAL_REPRESENTATION('',(#6227),#6231);
#6227 = LINE('',#6228,#6229);
#6228 = CARTESIAN_POINT('',(-6.28318530718,-0.8));
#6229 = VECTOR('',#6230,1.);
#6230 = DIRECTION('',(1.,-0.));
#6231 = ( GEOMETRIC_REPRESENTATION_CONTEXT(2) 
PARAMETRIC_REPRESENTATION_CONTEXT() REPRESENTATION_CONTEXT('2D SPACE',''
  ) );
#6232 = PCURVE('',#6233,#6238);
#6233 = PLANE('',#6234);
#6234 = AXIS2_PLACEMENT_3D('',#6235,#6236,#6237);
#6235 = CARTESIAN_POINT('',(-20.,53.5,29.));
#6236 = DIRECTION('',(0.,1.,1.110223024625E-16));
#6237 = DIRECTION('',(1.,0.,0.));
#6238 = DEFINITIONAL_REPRESENTATION('',(#6239),#6247);
#6239 = ( BOUNDED_CURVE() B_SPLINE_CURVE(2,(#6240,#6241,#6242,#6243,
#6244,#6245,#6246),.UNSPECIFIED.,.T.,.F.) B_SPLINE_CURVE_WITH_KNOTS((1,2
    ,2,2,2,1),(-2.094395102393,0.,2.094395102393,4.188790204786,
6.28318530718,8.377580409573),.UNSPECIFIED.) CURVE() 
GEOMETRIC_REPRESENTATION_ITEM() RATIONAL_B_SPLINE_CURVE((1.,0.5,1.,0.5,
1.,0.5,1.)) REPRESENTATION_ITEM('') );
#6240 = CARTESIAN_POINT('',(13.4,0.));
#6241 = CARTESIAN_POINT('',(13.4,-23.20948082142));
#6242 = CARTESIAN_POINT('',(-6.7,-11.60474041071));
#6243 = CARTESIAN_POINT('',(-26.8,-3.282053421715E-15));
#6244 = CARTESIAN_POINT('',(-6.7,11.604740410711));
#6245 = CARTESIAN_POINT('',(13.4,23.209480821423));
#6246 = CARTESIAN_POINT('',(13.4,0.));
#6247 = ( GEOMETRIC_REPRESENTATION_CONTEXT(2) 
PARAMETRIC_REPRESENTATION_CONTEXT() REPRESENTATION_CONTEXT('2D SPACE',''
  ) );
#6248 = ADVANCED_FACE('',(#6249),#5078,.T.);
#6249 = FACE_BOUND('',#6250,.F.);
#6250 = EDGE_LOOP('',(#6251,#6274,#6275,#6276));
#6251 = ORIENTED_EDGE('',*,*,#6252,.F.);
#6252 = EDGE_CURVE('',#5062,#6253,#6255,.T.);
#6253 = VERTEX_POINT('',#6254);
#6254 = CARTESIAN_POINT('',(33.4,53.5,29.));
#6255 = SEAM_CURVE('',#6256,(#6260,#6267),.PCURVE_S1.);
#6256 = LINE('',#6257,#6258);
#6257 = CARTESIAN_POINT('',(33.4,52.7,29.));
#6258 = VECTOR('',#6259,1.);
#6259 = DIRECTION('',(0.,1.,1.110223024625E-16));
#6260 = PCURVE('',#5078,#6261);
#6261 = DEFINITIONAL_REPRESENTATION('',(#6262),#6266);
#6262 = LINE('',#6263,#6264);
#6263 = CARTESIAN_POINT('',(-6.28318530718,0.));
#6264 = VECTOR('',#6265,1.);
#6265 = DIRECTION('',(-0.,-1.));
#6266 = ( GEOMETRIC_REPRESENTATION_CONTEXT(2) 
PARAMETRIC_REPRESENTATION_CONTEXT() REPRESENTATION_CONTEXT('2D SPACE',''
  ) );
#6267 = PCURVE('',#5078,#6268);
#6268 = DEFINITIONAL_REPRESENTATION('',(#6269),#6273);
#6269 = LINE('',#6270,#6271);
#6270 = CARTESIAN_POINT('',(-0.,0.));
#6271 = VECTOR('',#6272,1.);
#6272 = DIRECTION('',(-0.,-1.));
#6273 = ( GEOMETRIC_REPRESENTATION_CONTEXT(2) 
PARAMETRIC_REPRESENTATION_CONTEXT() REPRESENTATION_CONTEXT('2D SPACE',''
  ) );
#6274 = ORIENTED_EDGE('',*,*,#5061,.F.);
#6275 = ORIENTED_EDGE('',*,*,#6252,.T.);
#6276 = ORIENTED_EDGE('',*,*,#6277,.F.);
#6277 = EDGE_CURVE('',#6253,#6253,#6278,.T.);
#6278 = SURFACE_CURVE('',#6279,(#6284,#6291),.PCURVE_S1.);
#6279 = CIRCLE('',#6280,13.4);
#6280 = AXIS2_PLACEMENT_3D('',#6281,#6282,#6283);
#6281 = CARTESIAN_POINT('',(20.,53.5,29.));
#6282 = DIRECTION('',(0.,-1.,-1.110223024625E-16));
#6283 = DIRECTION('',(1.,0.,0.));
#6284 = PCURVE('',#5078,#6285);
#6285 = DEFINITIONAL_REPRESENTATION('',(#6286),#6290);
#6286 = LINE('',#6287,#6288);
#6287 = CARTESIAN_POINT('',(-6.28318530718,-0.8));
#6288 = VECTOR('',#6289,1.);
#6289 = DIRECTION('',(1.,-0.));
#6290 = ( GEOMETRIC_REPRESENTATION_CONTEXT(2) 
PARAMETRIC_REPRESENTATION_CONTEXT() REPRESENTATION_CONTEXT('2D SPACE',''
  ) );
#6291 = PCURVE('',#6292,#6297);
#6292 = PLANE('',#6293);
#6293 = AXIS2_PLACEMENT_3D('',#6294,#6295,#6296);
#6294 = CARTESIAN_POINT('',(20.,53.5,29.));
#6295 = DIRECTION('',(0.,1.,1.110223024625E-16));
#6296 = DIRECTION('',(1.,0.,0.));
#6297 = DEFINITIONAL_REPRESENTATION('',(#6298),#6306);
#6298 = ( BOUNDED_CURVE() B_SPLINE_CURVE(2,(#6299,#6300,#6301,#6302,
#6303,#6304,#6305),.UNSPECIFIED.,.T.,.F.) B_SPLINE_CURVE_WITH_KNOTS((1,2
    ,2,2,2,1),(-2.094395102393,0.,2.094395102393,4.188790204786,
6.28318530718,8.377580409573),.UNSPECIFIED.) CURVE() 
GEOMETRIC_REPRESENTATION_ITEM() RATIONAL_B_SPLINE_CURVE((1.,0.5,1.,0.5,
1.,0.5,1.)) REPRESENTATION_ITEM('') );
#6299 = CARTESIAN_POINT('',(13.4,0.));
#6300 = CARTESIAN_POINT('',(13.4,-23.20948082142));
#6301 = CARTESIAN_POINT('',(-6.7,-11.60474041071));
#6302 = CARTESIAN_POINT('',(-26.8,-3.282053421715E-15));
#6303 = CARTESIAN_POINT('',(-6.7,11.604740410711));
#6304 = CARTESIAN_POINT('',(13.4,23.209480821423));
#6305 = CARTESIAN_POINT('',(13.4,0.));
#6306 = ( GEOMETRIC_REPRESENTATION_CONTEXT(2) 
PARAMETRIC_REPRESENTATION_CONTEXT() REPRESENTATION_CONTEXT('2D SPACE',''
  ) );
#6307 = ADVANCED_FACE('',(#6308),#5113,.T.);
#6308 = FACE_BOUND('',#6309,.F.);
#6309 = EDGE_LOOP('',(#6310,#6333,#6334,#6335));
#6310 = ORIENTED_EDGE('',*,*,#6311,.F.);
#6311 = EDGE_CURVE('',#5097,#6312,#6314,.T.);
#6312 = VERTEX_POINT('',#6313);
#6313 = CARTESIAN_POINT('',(53.5,20.,15.6));
#6314 = SEAM_CURVE('',#6315,(#6319,#6326),.PCURVE_S1.);
#6315 = LINE('',#6316,#6317);
#6316 = CARTESIAN_POINT('',(52.7,20.,15.6));
#6317 = VECTOR('',#6318,1.);
#6318 = DIRECTION('',(1.,0.,1.110223024625E-16));
#6319 = PCURVE('',#5113,#6320);
#6320 = DEFINITIONAL_REPRESENTATION('',(#6321),#6325);
#6321 = LINE('',#6322,#6323);
#6322 = CARTESIAN_POINT('',(-6.28318530718,0.));
#6323 = VECTOR('',#6324,1.);
#6324 = DIRECTION('',(-0.,-1.));
#6325 = ( GEOMETRIC_REPRESENTATION_CONTEXT(2) 
PARAMETRIC_REPRESENTATION_CONTEXT() REPRESENTATION_CONTEXT('2D SPACE',''
  ) );
#6326 = PCURVE('',#5113,#6327);
#6327 = DEFINITIONAL_REPRESENTATION('',(#6328),#6332);
#6328 = LINE('',#6329,#6330);
#6329 = CARTESIAN_POINT('',(-0.,0.));
#6330 = VECTOR('',#6331,1.);
#6331 = DIRECTION('',(-0.,-1.));
#6332 = ( GEOMETRIC_REPRESENTATION_CONTEXT(2) 
PARAMETRIC_REPRESENTATION_CONTEXT() REPRESENTATION_CONTEXT('2D SPACE',''
  ) );
#6333 = ORIENTED_EDGE('',*,*,#5096,.F.);
#6334 = ORIENTED_EDGE('',*,*,#6311,.T.);
#6335 = ORIENTED_EDGE('',*,*,#6336,.F.);
#6336 = EDGE_CURVE('',#6312,#6312,#6337,.T.);
#6337 = SURFACE_CURVE('',#6338,(#6343,#6350),.PCURVE_S1.);
#6338 = CIRCLE('',#6339,13.4);
#6339 = AXIS2_PLACEMENT_3D('',#6340,#6341,#6342);
#6340 = CARTESIAN_POINT('',(53.5,20.,29.));
#6341 = DIRECTION('',(-1.,-0.,-1.110223024625E-16));
#6342 = DIRECTION('',(1.110223024625E-16,0.,-1.));
#6343 = PCURVE('',#5113,#6344);
#6344 = DEFINITIONAL_REPRESENTATION('',(#6345),#6349);
#6345 = LINE('',#6346,#6347);
#6346 = CARTESIAN_POINT('',(-6.28318530718,-0.8));
#6347 = VECTOR('',#6348,1.);
#6348 = DIRECTION('',(1.,-0.));
#6349 = ( GEOMETRIC_REPRESENTATION_CONTEXT(2) 
PARAMETRIC_REPRESENTATION_CONTEXT() REPRESENTATION_CONTEXT('2D SPACE',''
  ) );
#6350 = PCURVE('',#6351,#6356);
#6351 = PLANE('',#6352);
#6352 = AXIS2_PLACEMENT_3D('',#6353,#6354,#6355);
#6353 = CARTESIAN_POINT('',(53.5,20.,29.));
#6354 = DIRECTION('',(1.,0.,1.110223024625E-16));
#6355 = DIRECTION('',(1.110223024625E-16,0.,-1.));
#6356 = DEFINITIONAL_REPRESENTATION('',(#6357),#6365);
#6357 = ( BOUNDED_CURVE() B_SPLINE_CURVE(2,(#6358,#6359,#6360,#6361,
#6362,#6363,#6364),.UNSPECIFIED.,.T.,.F.) B_SPLINE_CURVE_WITH_KNOTS((1,2
    ,2,2,2,1),(-2.094395102393,0.,2.094395102393,4.188790204786,
6.28318530718,8.377580409573),.UNSPECIFIED.) CURVE() 
GEOMETRIC_REPRESENTATION_ITEM() RATIONAL_B_SPLINE_CURVE((1.,0.5,1.,0.5,
1.,0.5,1.)) REPRESENTATION_ITEM('') );
#6358 = CARTESIAN_POINT('',(13.4,0.));
#6359 = CARTESIAN_POINT('',(13.4,-23.20948082142));
#6360 = CARTESIAN_POINT('',(-6.7,-11.60474041071));
#6361 = CARTESIAN_POINT('',(-26.8,-3.282053421715E-15));
#6362 = CARTESIAN_POINT('',(-6.7,11.604740410711));
#6363 = CARTESIAN_POINT('',(13.4,23.209480821423));
#6364 = CARTESIAN_POINT('',(13.4,0.));
#6365 = ( GEOMETRIC_REPRESENTATION_CONTEXT(2) 
PARAMETRIC_REPRESENTATION_CONTEXT() REPRESENTATION_CONTEXT('2D SPACE',''
  ) );
#6366 = ADVANCED_FACE('',(#6367),#5148,.T.);
#6367 = FACE_BOUND('',#6368,.F.);
#6368 = EDGE_LOOP('',(#6369,#6392,#6393,#6394));
#6369 = ORIENTED_EDGE('',*,*,#6370,.F.);
#6370 = EDGE_CURVE('',#5132,#6371,#6373,.T.);
#6371 = VERTEX_POINT('',#6372);
#6372 = CARTESIAN_POINT('',(53.5,-20.,15.6));
#6373 = SEAM_CURVE('',#6374,(#6378,#6385),.PCURVE_S1.);
#6374 = LINE('',#6375,#6376);
#6375 = CARTESIAN_POINT('',(52.7,-20.,15.6));
#6376 = VECTOR('',#6377,1.);
#6377 = DIRECTION('',(1.,0.,1.110223024625E-16));
#6378 = PCURVE('',#5148,#6379);
#6379 = DEFINITIONAL_REPRESENTATION('',(#6380),#6384);
#6380 = LINE('',#6381,#6382);
#6381 = CARTESIAN_POINT('',(-6.28318530718,0.));
#6382 = VECTOR('',#6383,1.);
#6383 = DIRECTION('',(-0.,-1.));
#6384 = ( GEOMETRIC_REPRESENTATION_CONTEXT(2) 
PARAMETRIC_REPRESENTATION_CONTEXT() REPRESENTATION_CONTEXT('2D SPACE',''
  ) );
#6385 = PCURVE('',#5148,#6386);
#6386 = DEFINITIONAL_REPRESENTATION('',(#6387),#6391);
#6387 = LINE('',#6388,#6389);
#6388 = CARTESIAN_POINT('',(-0.,0.));
#6389 = VECTOR('',#6390,1.);
#6390 = DIRECTION('',(-0.,-1.));
#6391 = ( GEOMETRIC_REPRESENTATION_CONTEXT(2) 
PARAMETRIC_REPRESENTATION_CONTEXT() REPRESENTATION_CONTEXT('2D SPACE',''
  ) );
#6392 = ORIENTED_EDGE('',*,*,#5131,.F.);
#6393 = ORIENTED_EDGE('',*,*,#6370,.T.);
#6394 = ORIENTED_EDGE('',*,*,#6395,.F.);
#6395 = EDGE_CURVE('',#6371,#6371,#6396,.T.);
#6396 = SURFACE_CURVE('',#6397,(#6402,#6409),.PCURVE_S1.);
#6397 = CIRCLE('',#6398,13.4);
#6398 = AXIS2_PLACEMENT_3D('',#6399,#6400,#6401);
#6399 = CARTESIAN_POINT('',(53.5,-20.,29.));
#6400 = DIRECTION('',(-1.,-0.,-1.110223024625E-16));
#6401 = DIRECTION('',(1.110223024625E-16,0.,-1.));
#6402 = PCURVE('',#5148,#6403);
#6403 = DEFINITIONAL_REPRESENTATION('',(#6404),#6408);
#6404 = LINE('',#6405,#6406);
#6405 = CARTESIAN_POINT('',(-6.28318530718,-0.8));
#6406 = VECTOR('',#6407,1.);
#6407 = DIRECTION('',(1.,-0.));
#6408 = ( GEOMETRIC_REPRESENTATION_CONTEXT(2) 
PARAMETRIC_REPRESENTATION_CONTEXT() REPRESENTATION_CONTEXT('2D SPACE',''
  ) );
#6409 = PCURVE('',#6410,#6415);
#6410 = PLANE('',#6411);
#6411 = AXIS2_PLACEMENT_3D('',#6412,#6413,#6414);
#6412 = CARTESIAN_POINT('',(53.5,-20.,29.));
#6413 = DIRECTION('',(1.,0.,1.110223024625E-16));
#6414 = DIRECTION('',(1.110223024625E-16,0.,-1.));
#6415 = DEFINITIONAL_REPRESENTATION('',(#6416),#6424);
#6416 = ( BOUNDED_CURVE() B_SPLINE_CURVE(2,(#6417,#6418,#6419,#6420,
#6421,#6422,#6423),.UNSPECIFIED.,.T.,.F.) B_SPLINE_CURVE_WITH_KNOTS((1,2
    ,2,2,2,1),(-2.094395102393,0.,2.094395102393,4.188790204786,
6.28318530718,8.377580409573),.UNSPECIFIED.) CURVE() 
GEOMETRIC_REPRESENTATION_ITEM() RATIONAL_B_SPLINE_CURVE((1.,0.5,1.,0.5,
1.,0.5,1.)) REPRESENTATION_ITEM('') );
#6417 = CARTESIAN_POINT('',(13.4,0.));
#6418 = CARTESIAN_POINT('',(13.4,-23.20948082142));
#6419 = CARTESIAN_POINT('',(-6.7,-11.60474041071));
#6420 = CARTESIAN_POINT('',(-26.8,-3.282053421715E-15));
#6421 = CARTESIAN_POINT('',(-6.7,11.604740410711));
#6422 = CARTESIAN_POINT('',(13.4,23.209480821423));
#6423 = CARTESIAN_POINT('',(13.4,0.));
#6424 = ( GEOMETRIC_REPRESENTATION_CONTEXT(2) 
PARAMETRIC_REPRESENTATION_CONTEXT() REPRESENTATION_CONTEXT('2D SPACE',''
  ) );
#6425 = ADVANCED_FACE('',(#6426,#6540),#5203,.T.);
#6426 = FACE_BOUND('',#6427,.T.);
#6427 = EDGE_LOOP('',(#6428,#6458,#6486,#6514));
#6428 = ORIENTED_EDGE('',*,*,#6429,.F.);
#6429 = EDGE_CURVE('',#6430,#6432,#6434,.T.);
#6430 = VERTEX_POINT('',#6431);
#6431 = CARTESIAN_POINT('',(-47.,-47.,32.5));
#6432 = VERTEX_POINT('',#6433);
#6433 = CARTESIAN_POINT('',(47.,-47.,32.5));
#6434 = SURFACE_CURVE('',#6435,(#6439,#6446),.PCURVE_S1.);
#6435 = LINE('',#6436,#6437);
#6436 = CARTESIAN_POINT('',(-48.5,-47.,32.5));
#6437 = VECTOR('',#6438,1.);
#6438 = DIRECTION('',(1.,0.,0.));
#6439 = PCURVE('',#5203,#6440);
#6440 = DEFINITIONAL_REPRESENTATION('',(#6441),#6445);
#6441 = LINE('',#6442,#6443);
#6442 = CARTESIAN_POINT('',(0.,1.5));
#6443 = VECTOR('',#6444,1.);
#6444 = DIRECTION('',(1.,0.));
#6445 = ( GEOMETRIC_REPRESENTATION_CONTEXT(2) 
PARAMETRIC_REPRESENTATION_CONTEXT() REPRESENTATION_CONTEXT('2D SPACE',''
  ) );
#6446 = PCURVE('',#6447,#6452);
#6447 = PLANE('',#6448);
#6448 = AXIS2_PLACEMENT_3D('',#6449,#6450,#6451);
#6449 = CARTESIAN_POINT('',(-48.5,-47.,30.5));
#6450 = DIRECTION('',(0.,1.,0.));
#6451 = DIRECTION('',(0.,0.,1.));
#6452 = DEFINITIONAL_REPRESENTATION('',(#6453),#6457);
#6453 = LINE('',#6454,#6455);
#6454 = CARTESIAN_POINT('',(2.,0.));
#6455 = VECTOR('',#6456,1.);
#6456 = DIRECTION('',(0.,1.));
#6457 = ( GEOMETRIC_REPRESENTATION_CONTEXT(2) 
PARAMETRIC_REPRESENTATION_CONTEXT() REPRESENTATION_CONTEXT('2D SPACE',''
  ) );
#6458 = ORIENTED_EDGE('',*,*,#6459,.T.);
#6459 = EDGE_CURVE('',#6430,#6460,#6462,.T.);
#6460 = VERTEX_POINT('',#6461);
#6461 = CARTESIAN_POINT('',(-47.,47.,32.5));
#6462 = SURFACE_CURVE('',#6463,(#6467,#6474),.PCURVE_S1.);
#6463 = LINE('',#6464,#6465);
#6464 = CARTESIAN_POINT('',(-47.,-48.5,32.5));
#6465 = VECTOR('',#6466,1.);
#6466 = DIRECTION('',(0.,1.,0.));
#6467 = PCURVE('',#5203,#6468);
#6468 = DEFINITIONAL_REPRESENTATION('',(#6469),#6473);
#6469 = LINE('',#6470,#6471);
#6470 = CARTESIAN_POINT('',(1.5,0.));
#6471 = VECTOR('',#6472,1.);
#6472 = DIRECTION('',(0.,1.));
#6473 = ( GEOMETRIC_REPRESENTATION_CONTEXT(2) 
PARAMETRIC_REPRESENTATION_CONTEXT() REPRESENTATION_CONTEXT('2D SPACE',''
  ) );
#6474 = PCURVE('',#6475,#6480);
#6475 = PLANE('',#6476);
#6476 = AXIS2_PLACEMENT_3D('',#6477,#6478,#6479);
#6477 = CARTESIAN_POINT('',(-47.,-48.5,30.5));
#6478 = DIRECTION('',(1.,0.,0.));
#6479 = DIRECTION('',(0.,0.,1.));
#6480 = DEFINITIONAL_REPRESENTATION('',(#6481),#6485);
#6481 = LINE('',#6482,#6483);
#6482 = CARTESIAN_POINT('',(2.,0.));
#6483 = VECTOR('',#6484,1.);
#6484 = DIRECTION('',(0.,-1.));
#6485 = ( GEOMETRIC_REPRESENTATION_CONTEXT(2) 
PARAMETRIC_REPRESENTATION_CONTEXT() REPRESENTATION_CONTEXT('2D SPACE',''
  ) );
#6486 = ORIENTED_EDGE('',*,*,#6487,.T.);
#6487 = EDGE_CURVE('',#6460,#6488,#6490,.T.);
#6488 = VERTEX_POINT('',#6489);
#6489 = CARTESIAN_POINT('',(47.,47.,32.5));
#6490 = SURFACE_CURVE('',#6491,(#6495,#6502),.PCURVE_S1.);
#6491 = LINE('',#6492,#6493);
#6492 = CARTESIAN_POINT('',(-48.5,47.,32.5));
#6493 = VECTOR('',#6494,1.);
#6494 = DIRECTION('',(1.,0.,0.));
#6495 = PCURVE('',#5203,#6496);
#6496 = DEFINITIONAL_REPRESENTATION('',(#6497),#6501);
#6497 = LINE('',#6498,#6499);
#6498 = CARTESIAN_POINT('',(0.,95.5));
#6499 = VECTOR('',#6500,1.);
#6500 = DIRECTION('',(1.,0.));
#6501 = ( GEOMETRIC_REPRESENTATION_CONTEXT(2) 
PARAMETRIC_REPRESENTATION_CONTEXT() REPRESENTATION_CONTEXT('2D SPACE',''
  ) );
#6502 = PCURVE('',#6503,#6508);
#6503 = PLANE('',#6504);
#6504 = AXIS2_PLACEMENT_3D('',#6505,#6506,#6507);
#6505 = CARTESIAN_POINT('',(-48.5,47.,30.5));
#6506 = DIRECTION('',(0.,1.,0.));
#6507 = DIRECTION('',(0.,0.,1.));
#6508 = DEFINITIONAL_REPRESENTATION('',(#6509),#6513);
#6509 = LINE('',#6510,#6511);
#6510 = CARTESIAN_POINT('',(2.,0.));
#6511 = VECTOR('',#6512,1.);
#6512 = DIRECTION('',(0.,1.));
#6513 = ( GEOMETRIC_REPRESENTATION_CONTEXT(2) 
PARAMETRIC_REPRESENTATION_CONTEXT() REPRESENTATION_CONTEXT('2D SPACE',''
  ) );
#6514 = ORIENTED_EDGE('',*,*,#6515,.F.);
#6515 = EDGE_CURVE('',#6432,#6488,#6516,.T.);
#6516 = SURFACE_CURVE('',#6517,(#6521,#6528),.PCURVE_S1.);
#6517 = LINE('',#6518,#6519);
#6518 = CARTESIAN_POINT('',(47.,-48.5,32.5));
#6519 = VECTOR('',#6520,1.);
#6520 = DIRECTION('',(0.,1.,0.));
#6521 = PCURVE('',#5203,#6522);
#6522 = DEFINITIONAL_REPRESENTATION('',(#6523),#6527);
#6523 = LINE('',#6524,#6525);
#6524 = CARTESIAN_POINT('',(95.5,0.));
#6525 = VECTOR('',#6526,1.);
#6526 = DIRECTION('',(0.,1.));
#6527 = ( GEOMETRIC_REPRESENTATION_CONTEXT(2) 
PARAMETRIC_REPRESENTATION_CONTEXT() REPRESENTATION_CONTEXT('2D SPACE',''
  ) );
#6528 = PCURVE('',#6529,#6534);
#6529 = PLANE('',#6530);
#6530 = AXIS2_PLACEMENT_3D('',#6531,#6532,#6533);
#6531 = CARTESIAN_POINT('',(47.,-48.5,30.5));
#6532 = DIRECTION('',(1.,0.,0.));
#6533 = DIRECTION('',(0.,0.,1.));
#6534 = DEFINITIONAL_REPRESENTATION('',(#6535),#6539);
#6535 = LINE('',#6536,#6537);
#6536 = CARTESIAN_POINT('',(2.,0.));
#6537 = VECTOR('',#6538,1.);
#6538 = DIRECTION('',(0.,-1.));
#6539 = ( GEOMETRIC_REPRESENTATION_CONTEXT(2) 
PARAMETRIC_REPRESENTATION_CONTEXT() REPRESENTATION_CONTEXT('2D SPACE',''
  ) );
#6540 = FACE_BOUND('',#6541,.T.);
#6541 = EDGE_LOOP('',(#6542,#6543,#6544,#6545,#6546,#6547,#6548,#6549));
#6542 = ORIENTED_EDGE('',*,*,#5186,.F.);
#6543 = ORIENTED_EDGE('',*,*,#5246,.T.);
#6544 = ORIENTED_EDGE('',*,*,#5294,.F.);
#6545 = ORIENTED_EDGE('',*,*,#5347,.F.);
#6546 = ORIENTED_EDGE('',*,*,#5419,.F.);
#6547 = ORIENTED_EDGE('',*,*,#5474,.F.);
#6548 = ORIENTED_EDGE('',*,*,#5500,.F.);
#6549 = ORIENTED_EDGE('',*,*,#5553,.T.);
#6550 = ADVANCED_FACE('',(#6551),#5604,.F.);
#6551 = FACE_BOUND('',#6552,.T.);
#6552 = EDGE_LOOP('',(#6553,#6582,#6603,#6604));
#6553 = ORIENTED_EDGE('',*,*,#6554,.F.);
#6554 = EDGE_CURVE('',#6555,#6555,#6557,.T.);
#6555 = VERTEX_POINT('',#6556);
#6556 = CARTESIAN_POINT('',(-52.7,20.,40.1));
#6557 = SURFACE_CURVE('',#6558,(#6563,#6570),.PCURVE_S1.);
#6558 = CIRCLE('',#6559,11.1);
#6559 = AXIS2_PLACEMENT_3D('',#6560,#6561,#6562);
#6560 = CARTESIAN_POINT('',(-52.7,20.,29.));
#6561 = DIRECTION('',(-1.,0.,1.110223024625E-16));
#6562 = DIRECTION('',(1.110223024625E-16,0.,1.));
#6563 = PCURVE('',#5604,#6564);
#6564 = DEFINITIONAL_REPRESENTATION('',(#6565),#6569);
#6565 = LINE('',#6566,#6567);
#6566 = CARTESIAN_POINT('',(-0.,0.));
#6567 = VECTOR('',#6568,1.);
#6568 = DIRECTION('',(-1.,0.));
#6569 = ( GEOMETRIC_REPRESENTATION_CONTEXT(2) 
PARAMETRIC_REPRESENTATION_CONTEXT() REPRESENTATION_CONTEXT('2D SPACE',''
  ) );
#6570 = PCURVE('',#6571,#6576);
#6571 = PLANE('',#6572);
#6572 = AXIS2_PLACEMENT_3D('',#6573,#6574,#6575);
#6573 = CARTESIAN_POINT('',(-52.7,20.,29.));
#6574 = DIRECTION('',(-1.,0.,1.110223024625E-16));
#6575 = DIRECTION('',(1.110223024625E-16,0.,1.));
#6576 = DEFINITIONAL_REPRESENTATION('',(#6577),#6581);
#6577 = CIRCLE('',#6578,11.1);
#6578 = AXIS2_PLACEMENT_2D('',#6579,#6580);
#6579 = CARTESIAN_POINT('',(0.,0.));
#6580 = DIRECTION('',(1.,0.));
#6581 = ( GEOMETRIC_REPRESENTATION_CONTEXT(2) 
PARAMETRIC_REPRESENTATION_CONTEXT() REPRESENTATION_CONTEXT('2D SPACE',''
  ) );
#6582 = ORIENTED_EDGE('',*,*,#6583,.T.);
#6583 = EDGE_CURVE('',#6555,#5584,#6584,.T.);
#6584 = SEAM_CURVE('',#6585,(#6589,#6596),.PCURVE_S1.);
#6585 = LINE('',#6586,#6587);
#6586 = CARTESIAN_POINT('',(-52.7,20.,40.1));
#6587 = VECTOR('',#6588,1.);
#6588 = DIRECTION('',(-1.,0.,1.110223024625E-16));
#6589 = PCURVE('',#5604,#6590);
#6590 = DEFINITIONAL_REPRESENTATION('',(#6591),#6595);
#6591 = LINE('',#6592,#6593);
#6592 = CARTESIAN_POINT('',(-6.28318530718,0.));
#6593 = VECTOR('',#6594,1.);
#6594 = DIRECTION('',(-0.,-1.));
#6595 = ( GEOMETRIC_REPRESENTATION_CONTEXT(2) 
PARAMETRIC_REPRESENTATION_CONTEXT() REPRESENTATION_CONTEXT('2D SPACE',''
  ) );
#6596 = PCURVE('',#5604,#6597);
#6597 = DEFINITIONAL_REPRESENTATION('',(#6598),#6602);
#6598 = LINE('',#6599,#6600);
#6599 = CARTESIAN_POINT('',(-0.,0.));
#6600 = VECTOR('',#6601,1.);
#6601 = DIRECTION('',(-0.,-1.));
#6602 = ( GEOMETRIC_REPRESENTATION_CONTEXT(2) 
PARAMETRIC_REPRESENTATION_CONTEXT() REPRESENTATION_CONTEXT('2D SPACE',''
  ) );
#6603 = ORIENTED_EDGE('',*,*,#5583,.F.);
#6604 = ORIENTED_EDGE('',*,*,#6583,.F.);
#6605 = ADVANCED_FACE('',(#6606),#5643,.F.);
#6606 = FACE_BOUND('',#6607,.T.);
#6607 = EDGE_LOOP('',(#6608,#6637,#6658,#6659));
#6608 = ORIENTED_EDGE('',*,*,#6609,.F.);
#6609 = EDGE_CURVE('',#6610,#6610,#6612,.T.);
#6610 = VERTEX_POINT('',#6611);
#6611 = CARTESIAN_POINT('',(-52.7,-20.,40.1));
#6612 = SURFACE_CURVE('',#6613,(#6618,#6625),.PCURVE_S1.);
#6613 = CIRCLE('',#6614,11.1);
#6614 = AXIS2_PLACEMENT_3D('',#6615,#6616,#6617);
#6615 = CARTESIAN_POINT('',(-52.7,-20.,29.));
#6616 = DIRECTION('',(-1.,0.,1.110223024625E-16));
#6617 = DIRECTION('',(1.110223024625E-16,0.,1.));
#6618 = PCURVE('',#5643,#6619);
#6619 = DEFINITIONAL_REPRESENTATION('',(#6620),#6624);
#6620 = LINE('',#6621,#6622);
#6621 = CARTESIAN_POINT('',(-0.,0.));
#6622 = VECTOR('',#6623,1.);
#6623 = DIRECTION('',(-1.,0.));
#6624 = ( GEOMETRIC_REPRESENTATION_CONTEXT(2) 
PARAMETRIC_REPRESENTATION_CONTEXT() REPRESENTATION_CONTEXT('2D SPACE',''
  ) );
#6625 = PCURVE('',#6626,#6631);
#6626 = PLANE('',#6627);
#6627 = AXIS2_PLACEMENT_3D('',#6628,#6629,#6630);
#6628 = CARTESIAN_POINT('',(-52.7,-20.,29.));
#6629 = DIRECTION('',(-1.,0.,1.110223024625E-16));
#6630 = DIRECTION('',(1.110223024625E-16,0.,1.));
#6631 = DEFINITIONAL_REPRESENTATION('',(#6632),#6636);
#6632 = CIRCLE('',#6633,11.1);
#6633 = AXIS2_PLACEMENT_2D('',#6634,#6635);
#6634 = CARTESIAN_POINT('',(0.,0.));
#6635 = DIRECTION('',(1.,0.));
#6636 = ( GEOMETRIC_REPRESENTATION_CONTEXT(2) 
PARAMETRIC_REPRESENTATION_CONTEXT() REPRESENTATION_CONTEXT('2D SPACE',''
  ) );
#6637 = ORIENTED_EDGE('',*,*,#6638,.T.);
#6638 = EDGE_CURVE('',#6610,#5623,#6639,.T.);
#6639 = SEAM_CURVE('',#6640,(#6644,#6651),.PCURVE_S1.);
#6640 = LINE('',#6641,#6642);
#6641 = CARTESIAN_POINT('',(-52.7,-20.,40.1));
#6642 = VECTOR('',#6643,1.);
#6643 = DIRECTION('',(-1.,0.,1.110223024625E-16));
#6644 = PCURVE('',#5643,#6645);
#6645 = DEFINITIONAL_REPRESENTATION('',(#6646),#6650);
#6646 = LINE('',#6647,#6648);
#6647 = CARTESIAN_POINT('',(-6.28318530718,0.));
#6648 = VECTOR('',#6649,1.);
#6649 = DIRECTION('',(-0.,-1.));
#6650 = ( GEOMETRIC_REPRESENTATION_CONTEXT(2) 
PARAMETRIC_REPRESENTATION_CONTEXT() REPRESENTATION_CONTEXT('2D SPACE',''
  ) );
#6651 = PCURVE('',#5643,#6652);
#6652 = DEFINITIONAL_REPRESENTATION('',(#6653),#6657);
#6653 = LINE('',#6654,#6655);
#6654 = CARTESIAN_POINT('',(-0.,0.));
#6655 = VECTOR('',#6656,1.);
#6656 = DIRECTION('',(-0.,-1.));
#6657 = ( GEOMETRIC_REPRESENTATION_CONTEXT(2) 
PARAMETRIC_REPRESENTATION_CONTEXT() REPRESENTATION_CONTEXT('2D SPACE',''
  ) );
#6658 = ORIENTED_EDGE('',*,*,#5622,.F.);
#6659 = ORIENTED_EDGE('',*,*,#6638,.F.);
#6660 = ADVANCED_FACE('',(#6661,#6664),#5698,.T.);
#6661 = FACE_BOUND('',#6662,.T.);
#6662 = EDGE_LOOP('',(#6663));
#6663 = ORIENTED_EDGE('',*,*,#5683,.F.);
#6664 = FACE_BOUND('',#6665,.T.);
#6665 = EDGE_LOOP('',(#6666));
#6666 = ORIENTED_EDGE('',*,*,#6667,.T.);
#6667 = EDGE_CURVE('',#6668,#6668,#6670,.T.);
#6668 = VERTEX_POINT('',#6669);
#6669 = CARTESIAN_POINT('',(-8.9,-53.5,29.));
#6670 = SURFACE_CURVE('',#6671,(#6676,#6687),.PCURVE_S1.);
#6671 = CIRCLE('',#6672,11.1);
#6672 = AXIS2_PLACEMENT_3D('',#6673,#6674,#6675);
#6673 = CARTESIAN_POINT('',(-20.,-53.5,29.));
#6674 = DIRECTION('',(0.,1.,-1.110223024625E-16));
#6675 = DIRECTION('',(1.,0.,0.));
#6676 = PCURVE('',#5698,#6677);
#6677 = DEFINITIONAL_REPRESENTATION('',(#6678),#6686);
#6678 = ( BOUNDED_CURVE() B_SPLINE_CURVE(2,(#6679,#6680,#6681,#6682,
#6683,#6684,#6685),.UNSPECIFIED.,.T.,.F.) B_SPLINE_CURVE_WITH_KNOTS((1,2
    ,2,2,2,1),(-2.094395102393,0.,2.094395102393,4.188790204786,
6.28318530718,8.377580409573),.UNSPECIFIED.) CURVE() 
GEOMETRIC_REPRESENTATION_ITEM() RATIONAL_B_SPLINE_CURVE((1.,0.5,1.,0.5,
1.,0.5,1.)) REPRESENTATION_ITEM('') );
#6679 = CARTESIAN_POINT('',(11.1,0.));
#6680 = CARTESIAN_POINT('',(11.1,-19.22576396401));
#6681 = CARTESIAN_POINT('',(-5.55,-9.612881982007));
#6682 = CARTESIAN_POINT('',(-22.2,-2.718715894107E-15));
#6683 = CARTESIAN_POINT('',(-5.55,9.612881982007));
#6684 = CARTESIAN_POINT('',(11.1,19.225763964015));
#6685 = CARTESIAN_POINT('',(11.1,0.));
#6686 = ( GEOMETRIC_REPRESENTATION_CONTEXT(2) 
PARAMETRIC_REPRESENTATION_CONTEXT() REPRESENTATION_CONTEXT('2D SPACE',''
  ) );
#6687 = PCURVE('',#6688,#6693);
#6688 = CYLINDRICAL_SURFACE('',#6689,11.1);
#6689 = AXIS2_PLACEMENT_3D('',#6690,#6691,#6692);
#6690 = CARTESIAN_POINT('',(-20.,-52.7,29.));
#6691 = DIRECTION('',(-0.,1.,-1.110223024625E-16));
#6692 = DIRECTION('',(1.,0.,0.));
#6693 = DEFINITIONAL_REPRESENTATION('',(#6694),#6698);
#6694 = LINE('',#6695,#6696);
#6695 = CARTESIAN_POINT('',(-6.28318530718,-0.8));
#6696 = VECTOR('',#6697,1.);
#6697 = DIRECTION('',(1.,-0.));
#6698 = ( GEOMETRIC_REPRESENTATION_CONTEXT(2) 
PARAMETRIC_REPRESENTATION_CONTEXT() REPRESENTATION_CONTEXT('2D SPACE',''
  ) );
#6699 = ADVANCED_FACE('',(#6700,#6703),#5757,.T.);
#6700 = FACE_BOUND('',#6701,.T.);
#6701 = EDGE_LOOP('',(#6702));
#6702 = ORIENTED_EDGE('',*,*,#5742,.F.);
#6703 = FACE_BOUND('',#6704,.T.);
#6704 = EDGE_LOOP('',(#6705));
#6705 = ORIENTED_EDGE('',*,*,#6706,.T.);
#6706 = EDGE_CURVE('',#6707,#6707,#6709,.T.);
#6707 = VERTEX_POINT('',#6708);
#6708 = CARTESIAN_POINT('',(31.1,-53.5,29.));
#6709 = SURFACE_CURVE('',#6710,(#6715,#6726),.PCURVE_S1.);
#6710 = CIRCLE('',#6711,11.1);
#6711 = AXIS2_PLACEMENT_3D('',#6712,#6713,#6714);
#6712 = CARTESIAN_POINT('',(20.,-53.5,29.));
#6713 = DIRECTION('',(0.,1.,-1.110223024625E-16));
#6714 = DIRECTION('',(1.,0.,0.));
#6715 = PCURVE('',#5757,#6716);
#6716 = DEFINITIONAL_REPRESENTATION('',(#6717),#6725);
#6717 = ( BOUNDED_CURVE() B_SPLINE_CURVE(2,(#6718,#6719,#6720,#6721,
#6722,#6723,#6724),.UNSPECIFIED.,.T.,.F.) B_SPLINE_CURVE_WITH_KNOTS((1,2
    ,2,2,2,1),(-2.094395102393,0.,2.094395102393,4.188790204786,
6.28318530718,8.377580409573),.UNSPECIFIED.) CURVE() 
GEOMETRIC_REPRESENTATION_ITEM() RATIONAL_B_SPLINE_CURVE((1.,0.5,1.,0.5,
1.,0.5,1.)) REPRESENTATION_ITEM('') );
#6718 = CARTESIAN_POINT('',(11.1,0.));
#6719 = CARTESIAN_POINT('',(11.1,-19.22576396401));
#6720 = CARTESIAN_POINT('',(-5.55,-9.612881982007));
#6721 = CARTESIAN_POINT('',(-22.2,-2.718715894107E-15));
#6722 = CARTESIAN_POINT('',(-5.55,9.612881982007));
#6723 = CARTESIAN_POINT('',(11.1,19.225763964015));
#6724 = CARTESIAN_POINT('',(11.1,0.));
#6725 = ( GEOMETRIC_REPRESENTATION_CONTEXT(2) 
PARAMETRIC_REPRESENTATION_CONTEXT() REPRESENTATION_CONTEXT('2D SPACE',''
  ) );
#6726 = PCURVE('',#6727,#6732);
#6727 = CYLINDRICAL_SURFACE('',#6728,11.1);
#6728 = AXIS2_PLACEMENT_3D('',#6729,#6730,#6731);
#6729 = CARTESIAN_POINT('',(20.,-52.7,29.));
#6730 = DIRECTION('',(-0.,1.,-1.110223024625E-16));
#6731 = DIRECTION('',(1.,0.,0.));
#6732 = DEFINITIONAL_REPRESENTATION('',(#6733),#6737);
#6733 = LINE('',#6734,#6735);
#6734 = CARTESIAN_POINT('',(-6.28318530718,-0.8));
#6735 = VECTOR('',#6736,1.);
#6736 = DIRECTION('',(1.,-0.));
#6737 = ( GEOMETRIC_REPRESENTATION_CONTEXT(2) 
PARAMETRIC_REPRESENTATION_CONTEXT() REPRESENTATION_CONTEXT('2D SPACE',''
  ) );
#6738 = ADVANCED_FACE('',(#6739,#6853),#5794,.F.);
#6739 = FACE_BOUND('',#6740,.F.);
#6740 = EDGE_LOOP('',(#6741,#6771,#6799,#6827));
#6741 = ORIENTED_EDGE('',*,*,#6742,.F.);
#6742 = EDGE_CURVE('',#6743,#6745,#6747,.T.);
#6743 = VERTEX_POINT('',#6744);
#6744 = CARTESIAN_POINT('',(-47.,-47.,16.75));
#6745 = VERTEX_POINT('',#6746);
#6746 = CARTESIAN_POINT('',(47.,-47.,16.75));
#6747 = SURFACE_CURVE('',#6748,(#6752,#6759),.PCURVE_S1.);
#6748 = LINE('',#6749,#6750);
#6749 = CARTESIAN_POINT('',(-48.5,-47.,16.75));
#6750 = VECTOR('',#6751,1.);
#6751 = DIRECTION('',(1.,0.,0.));
#6752 = PCURVE('',#5794,#6753);
#6753 = DEFINITIONAL_REPRESENTATION('',(#6754),#6758);
#6754 = LINE('',#6755,#6756);
#6755 = CARTESIAN_POINT('',(0.,1.5));
#6756 = VECTOR('',#6757,1.);
#6757 = DIRECTION('',(1.,0.));
#6758 = ( GEOMETRIC_REPRESENTATION_CONTEXT(2) 
PARAMETRIC_REPRESENTATION_CONTEXT() REPRESENTATION_CONTEXT('2D SPACE',''
  ) );
#6759 = PCURVE('',#6760,#6765);
#6760 = PLANE('',#6761);
#6761 = AXIS2_PLACEMENT_3D('',#6762,#6763,#6764);
#6762 = CARTESIAN_POINT('',(-48.5,-47.,16.75));
#6763 = DIRECTION('',(0.,1.,0.));
#6764 = DIRECTION('',(0.,0.,1.));
#6765 = DEFINITIONAL_REPRESENTATION('',(#6766),#6770);
#6766 = LINE('',#6767,#6768);
#6767 = CARTESIAN_POINT('',(0.,0.));
#6768 = VECTOR('',#6769,1.);
#6769 = DIRECTION('',(0.,1.));
#6770 = ( GEOMETRIC_REPRESENTATION_CONTEXT(2) 
PARAMETRIC_REPRESENTATION_CONTEXT() REPRESENTATION_CONTEXT('2D SPACE',''
  ) );
#6771 = ORIENTED_EDGE('',*,*,#6772,.T.);
#6772 = EDGE_CURVE('',#6743,#6773,#6775,.T.);
#6773 = VERTEX_POINT('',#6774);
#6774 = CARTESIAN_POINT('',(-47.,47.,16.75));
#6775 = SURFACE_CURVE('',#6776,(#6780,#6787),.PCURVE_S1.);
#6776 = LINE('',#6777,#6778);
#6777 = CARTESIAN_POINT('',(-47.,-48.5,16.75));
#6778 = VECTOR('',#6779,1.);
#6779 = DIRECTION('',(0.,1.,0.));
#6780 = PCURVE('',#5794,#6781);
#6781 = DEFINITIONAL_REPRESENTATION('',(#6782),#6786);
#6782 = LINE('',#6783,#6784);
#6783 = CARTESIAN_POINT('',(1.5,0.));
#6784 = VECTOR('',#6785,1.);
#6785 = DIRECTION('',(0.,1.));
#6786 = ( GEOMETRIC_REPRESENTATION_CONTEXT(2) 
PARAMETRIC_REPRESENTATION_CONTEXT() REPRESENTATION_CONTEXT('2D SPACE',''
  ) );
#6787 = PCURVE('',#6788,#6793);
#6788 = PLANE('',#6789);
#6789 = AXIS2_PLACEMENT_3D('',#6790,#6791,#6792);
#6790 = CARTESIAN_POINT('',(-47.,-48.5,16.75));
#6791 = DIRECTION('',(1.,0.,0.));
#6792 = DIRECTION('',(0.,0.,1.));
#6793 = DEFINITIONAL_REPRESENTATION('',(#6794),#6798);
#6794 = LINE('',#6795,#6796);
#6795 = CARTESIAN_POINT('',(0.,0.));
#6796 = VECTOR('',#6797,1.);
#6797 = DIRECTION('',(0.,-1.));
#6798 = ( GEOMETRIC_REPRESENTATION_CONTEXT(2) 
PARAMETRIC_REPRESENTATION_CONTEXT() REPRESENTATION_CONTEXT('2D SPACE',''
  ) );
#6799 = ORIENTED_EDGE('',*,*,#6800,.T.);
#6800 = EDGE_CURVE('',#6773,#6801,#6803,.T.);
#6801 = VERTEX_POINT('',#6802);
#6802 = CARTESIAN_POINT('',(47.,47.,16.75));
#6803 = SURFACE_CURVE('',#6804,(#6808,#6815),.PCURVE_S1.);
#6804 = LINE('',#6805,#6806);
#6805 = CARTESIAN_POINT('',(-48.5,47.,16.75));
#6806 = VECTOR('',#6807,1.);
#6807 = DIRECTION('',(1.,0.,0.));
#6808 = PCURVE('',#5794,#6809);
#6809 = DEFINITIONAL_REPRESENTATION('',(#6810),#6814);
#6810 = LINE('',#6811,#6812);
#6811 = CARTESIAN_POINT('',(0.,95.5));
#6812 = VECTOR('',#6813,1.);
#6813 = DIRECTION('',(1.,0.));
#6814 = ( GEOMETRIC_REPRESENTATION_CONTEXT(2) 
PARAMETRIC_REPRESENTATION_CONTEXT() REPRESENTATION_CONTEXT('2D SPACE',''
  ) );
#6815 = PCURVE('',#6816,#6821);
#6816 = PLANE('',#6817);
#6817 = AXIS2_PLACEMENT_3D('',#6818,#6819,#6820);
#6818 = CARTESIAN_POINT('',(-48.5,47.,16.75));
#6819 = DIRECTION('',(0.,1.,0.));
#6820 = DIRECTION('',(0.,0.,1.));
#6821 = DEFINITIONAL_REPRESENTATION('',(#6822),#6826);
#6822 = LINE('',#6823,#6824);
#6823 = CARTESIAN_POINT('',(0.,0.));
#6824 = VECTOR('',#6825,1.);
#6825 = DIRECTION('',(0.,1.));
#6826 = ( GEOMETRIC_REPRESENTATION_CONTEXT(2) 
PARAMETRIC_REPRESENTATION_CONTEXT() REPRESENTATION_CONTEXT('2D SPACE',''
  ) );
#6827 = ORIENTED_EDGE('',*,*,#6828,.F.);
#6828 = EDGE_CURVE('',#6745,#6801,#6829,.T.);
#6829 = SURFACE_CURVE('',#6830,(#6834,#6841),.PCURVE_S1.);
#6830 = LINE('',#6831,#6832);
#6831 = CARTESIAN_POINT('',(47.,-48.5,16.75));
#6832 = VECTOR('',#6833,1.);
#6833 = DIRECTION('',(0.,1.,0.));
#6834 = PCURVE('',#5794,#6835);
#6835 = DEFINITIONAL_REPRESENTATION('',(#6836),#6840);
#6836 = LINE('',#6837,#6838);
#6837 = CARTESIAN_POINT('',(95.5,0.));
#6838 = VECTOR('',#6839,1.);
#6839 = DIRECTION('',(0.,1.));
#6840 = ( GEOMETRIC_REPRESENTATION_CONTEXT(2) 
PARAMETRIC_REPRESENTATION_CONTEXT() REPRESENTATION_CONTEXT('2D SPACE',''
  ) );
#6841 = PCURVE('',#6842,#6847);
#6842 = PLANE('',#6843);
#6843 = AXIS2_PLACEMENT_3D('',#6844,#6845,#6846);
#6844 = CARTESIAN_POINT('',(47.,-48.5,16.75));
#6845 = DIRECTION('',(1.,0.,0.));
#6846 = DIRECTION('',(0.,0.,1.));
#6847 = DEFINITIONAL_REPRESENTATION('',(#6848),#6852);
#6848 = LINE('',#6849,#6850);
#6849 = CARTESIAN_POINT('',(0.,0.));
#6850 = VECTOR('',#6851,1.);
#6851 = DIRECTION('',(0.,-1.));
#6852 = ( GEOMETRIC_REPRESENTATION_CONTEXT(2) 
PARAMETRIC_REPRESENTATION_CONTEXT() REPRESENTATION_CONTEXT('2D SPACE',''
  ) );
#6853 = FACE_BOUND('',#6854,.F.);
#6854 = EDGE_LOOP('',(#6855,#6856,#6857,#6858,#6859,#6860,#6861,#6862));
#6855 = ORIENTED_EDGE('',*,*,#6083,.F.);
#6856 = ORIENTED_EDGE('',*,*,#6166,.T.);
#6857 = ORIENTED_EDGE('',*,*,#6137,.F.);
#6858 = ORIENTED_EDGE('',*,*,#6011,.F.);
#6859 = ORIENTED_EDGE('',*,*,#5931,.F.);
#6860 = ORIENTED_EDGE('',*,*,#5776,.F.);
#6861 = ORIENTED_EDGE('',*,*,#5877,.F.);
#6862 = ORIENTED_EDGE('',*,*,#5962,.T.);
#6863 = ADVANCED_FACE('',(#6864,#6867),#6233,.T.);
#6864 = FACE_BOUND('',#6865,.T.);
#6865 = EDGE_LOOP('',(#6866));
#6866 = ORIENTED_EDGE('',*,*,#6218,.F.);
#6867 = FACE_BOUND('',#6868,.T.);
#6868 = EDGE_LOOP('',(#6869));
#6869 = ORIENTED_EDGE('',*,*,#6870,.T.);
#6870 = EDGE_CURVE('',#6871,#6871,#6873,.T.);
#6871 = VERTEX_POINT('',#6872);
#6872 = CARTESIAN_POINT('',(-8.9,53.5,29.));
#6873 = SURFACE_CURVE('',#6874,(#6879,#6890),.PCURVE_S1.);
#6874 = CIRCLE('',#6875,11.1);
#6875 = AXIS2_PLACEMENT_3D('',#6876,#6877,#6878);
#6876 = CARTESIAN_POINT('',(-20.,53.5,29.));
#6877 = DIRECTION('',(0.,-1.,-1.110223024625E-16));
#6878 = DIRECTION('',(1.,0.,0.));
#6879 = PCURVE('',#6233,#6880);
#6880 = DEFINITIONAL_REPRESENTATION('',(#6881),#6889);
#6881 = ( BOUNDED_CURVE() B_SPLINE_CURVE(2,(#6882,#6883,#6884,#6885,
#6886,#6887,#6888),.UNSPECIFIED.,.T.,.F.) B_SPLINE_CURVE_WITH_KNOTS((1,2
    ,2,2,2,1),(-2.094395102393,0.,2.094395102393,4.188790204786,
6.28318530718,8.377580409573),.UNSPECIFIED.) CURVE() 
GEOMETRIC_REPRESENTATION_ITEM() RATIONAL_B_SPLINE_CURVE((1.,0.5,1.,0.5,
1.,0.5,1.)) REPRESENTATION_ITEM('') );
#6882 = CARTESIAN_POINT('',(11.1,0.));
#6883 = CARTESIAN_POINT('',(11.1,-19.22576396401));
#6884 = CARTESIAN_POINT('',(-5.55,-9.612881982007));
#6885 = CARTESIAN_POINT('',(-22.2,-2.718715894107E-15));
#6886 = CARTESIAN_POINT('',(-5.55,9.612881982007));
#6887 = CARTESIAN_POINT('',(11.1,19.225763964015));
#6888 = CARTESIAN_POINT('',(11.1,0.));
#6889 = ( GEOMETRIC_REPRESENTATION_CONTEXT(2) 
PARAMETRIC_REPRESENTATION_CONTEXT() REPRESENTATION_CONTEXT('2D SPACE',''
  ) );
#6890 = PCURVE('',#6891,#6896);
#6891 = CYLINDRICAL_SURFACE('',#6892,11.1);
#6892 = AXIS2_PLACEMENT_3D('',#6893,#6894,#6895);
#6893 = CARTESIAN_POINT('',(-20.,52.7,29.));
#6894 = DIRECTION('',(-0.,-1.,-1.110223024625E-16));
#6895 = DIRECTION('',(1.,0.,0.));
#6896 = DEFINITIONAL_REPRESENTATION('',(#6897),#6901);
#6897 = LINE('',#6898,#6899);
#6898 = CARTESIAN_POINT('',(-6.28318530718,-0.8));
#6899 = VECTOR('',#6900,1.);
#6900 = DIRECTION('',(1.,-0.));
#6901 = ( GEOMETRIC_REPRESENTATION_CONTEXT(2) 
PARAMETRIC_REPRESENTATION_CONTEXT() REPRESENTATION_CONTEXT('2D SPACE',''
  ) );
#6902 = ADVANCED_FACE('',(#6903,#6906),#6292,.T.);
#6903 = FACE_BOUND('',#6904,.T.);
#6904 = EDGE_LOOP('',(#6905));
#6905 = ORIENTED_EDGE('',*,*,#6277,.F.);
#6906 = FACE_BOUND('',#6907,.T.);
#6907 = EDGE_LOOP('',(#6908));
#6908 = ORIENTED_EDGE('',*,*,#6909,.T.);
#6909 = EDGE_CURVE('',#6910,#6910,#6912,.T.);
#6910 = VERTEX_POINT('',#6911);
#6911 = CARTESIAN_POINT('',(31.1,53.5,29.));
#6912 = SURFACE_CURVE('',#6913,(#6918,#6929),.PCURVE_S1.);
#6913 = CIRCLE('',#6914,11.1);
#6914 = AXIS2_PLACEMENT_3D('',#6915,#6916,#6917);
#6915 = CARTESIAN_POINT('',(20.,53.5,29.));
#6916 = DIRECTION('',(0.,-1.,-1.110223024625E-16));
#6917 = DIRECTION('',(1.,0.,0.));
#6918 = PCURVE('',#6292,#6919);
#6919 = DEFINITIONAL_REPRESENTATION('',(#6920),#6928);
#6920 = ( BOUNDED_CURVE() B_SPLINE_CURVE(2,(#6921,#6922,#6923,#6924,
#6925,#6926,#6927),.UNSPECIFIED.,.T.,.F.) B_SPLINE_CURVE_WITH_KNOTS((1,2
    ,2,2,2,1),(-2.094395102393,0.,2.094395102393,4.188790204786,
6.28318530718,8.377580409573),.UNSPECIFIED.) CURVE() 
GEOMETRIC_REPRESENTATION_ITEM() RATIONAL_B_SPLINE_CURVE((1.,0.5,1.,0.5,
1.,0.5,1.)) REPRESENTATION_ITEM('') );
#6921 = CARTESIAN_POINT('',(11.1,0.));
#6922 = CARTESIAN_POINT('',(11.1,-19.22576396401));
#6923 = CARTESIAN_POINT('',(-5.55,-9.612881982007));
#6924 = CARTESIAN_POINT('',(-22.2,-2.718715894107E-15));
#6925 = CARTESIAN_POINT('',(-5.55,9.612881982007));
#6926 = CARTESIAN_POINT('',(11.1,19.225763964015));
#6927 = CARTESIAN_POINT('',(11.1,0.));
#6928 = ( GEOMETRIC_REPRESENTATION_CONTEXT(2) 
PARAMETRIC_REPRESENTATION_CONTEXT() REPRESENTATION_CONTEXT('2D SPACE',''
  ) );
#6929 = PCURVE('',#6930,#6935);
#6930 = CYLINDRICAL_SURFACE('',#6931,11.1);
#6931 = AXIS2_PLACEMENT_3D('',#6932,#6933,#6934);
#6932 = CARTESIAN_POINT('',(20.,52.7,29.));
#6933 = DIRECTION('',(-0.,-1.,-1.110223024625E-16));
#6934 = DIRECTION('',(1.,0.,0.));
#6935 = DEFINITIONAL_REPRESENTATION('',(#6936),#6940);
#6936 = LINE('',#6937,#6938);
#6937 = CARTESIAN_POINT('',(-6.28318530718,-0.8));
#6938 = VECTOR('',#6939,1.);
#6939 = DIRECTION('',(1.,-0.));
#6940 = ( GEOMETRIC_REPRESENTATION_CONTEXT(2) 
PARAMETRIC_REPRESENTATION_CONTEXT() REPRESENTATION_CONTEXT('2D SPACE',''
  ) );
#6941 = ADVANCED_FACE('',(#6942,#6945),#6351,.T.);
#6942 = FACE_BOUND('',#6943,.T.);
#6943 = EDGE_LOOP('',(#6944));
#6944 = ORIENTED_EDGE('',*,*,#6336,.F.);
#6945 = FACE_BOUND('',#6946,.T.);
#6946 = EDGE_LOOP('',(#6947));
#6947 = ORIENTED_EDGE('',*,*,#6948,.T.);
#6948 = EDGE_CURVE('',#6949,#6949,#6951,.T.);
#6949 = VERTEX_POINT('',#6950);
#6950 = CARTESIAN_POINT('',(53.5,20.,17.9));
#6951 = SURFACE_CURVE('',#6952,(#6957,#6968),.PCURVE_S1.);
#6952 = CIRCLE('',#6953,11.1);
#6953 = AXIS2_PLACEMENT_3D('',#6954,#6955,#6956);
#6954 = CARTESIAN_POINT('',(53.5,20.,29.));
#6955 = DIRECTION('',(-1.,-0.,-1.110223024625E-16));
#6956 = DIRECTION('',(1.110223024625E-16,0.,-1.));
#6957 = PCURVE('',#6351,#6958);
#6958 = DEFINITIONAL_REPRESENTATION('',(#6959),#6967);
#6959 = ( BOUNDED_CURVE() B_SPLINE_CURVE(2,(#6960,#6961,#6962,#6963,
#6964,#6965,#6966),.UNSPECIFIED.,.T.,.F.) B_SPLINE_CURVE_WITH_KNOTS((1,2
    ,2,2,2,1),(-2.094395102393,0.,2.094395102393,4.188790204786,
6.28318530718,8.377580409573),.UNSPECIFIED.) CURVE() 
GEOMETRIC_REPRESENTATION_ITEM() RATIONAL_B_SPLINE_CURVE((1.,0.5,1.,0.5,
1.,0.5,1.)) REPRESENTATION_ITEM('') );
#6960 = CARTESIAN_POINT('',(11.1,0.));
#6961 = CARTESIAN_POINT('',(11.1,-19.22576396401));
#6962 = CARTESIAN_POINT('',(-5.55,-9.612881982007));
#6963 = CARTESIAN_POINT('',(-22.2,-2.718715894107E-15));
#6964 = CARTESIAN_POINT('',(-5.55,9.612881982007));
#6965 = CARTESIAN_POINT('',(11.1,19.225763964015));
#6966 = CARTESIAN_POINT('',(11.1,0.));
#6967 = ( GEOMETRIC_REPRESENTATION_CONTEXT(2) 
PARAMETRIC_REPRESENTATION_CONTEXT() REPRESENTATION_CONTEXT('2D SPACE',''
  ) );
#6968 = PCURVE('',#6969,#6974);
#6969 = CYLINDRICAL_SURFACE('',#6970,11.1);
#6970 = AXIS2_PLACEMENT_3D('',#6971,#6972,#6973);
#6971 = CARTESIAN_POINT('',(52.7,20.,29.));
#6972 = DIRECTION('',(-1.,-0.,-1.110223024625E-16));
#6973 = DIRECTION('',(1.110223024625E-16,0.,-1.));
#6974 = DEFINITIONAL_REPRESENTATION('',(#6975),#6979);
#6975 = LINE('',#6976,#6977);
#6976 = CARTESIAN_POINT('',(-6.28318530718,-0.8));
#6977 = VECTOR('',#6978,1.);
#6978 = DIRECTION('',(1.,-0.));
#6979 = ( GEOMETRIC_REPRESENTATION_CONTEXT(2) 
PARAMETRIC_REPRESENTATION_CONTEXT() REPRESENTATION_CONTEXT('2D SPACE',''
  ) );
#6980 = ADVANCED_FACE('',(#6981,#6984),#6410,.T.);
#6981 = FACE_BOUND('',#6982,.T.);
#6982 = EDGE_LOOP('',(#6983));
#6983 = ORIENTED_EDGE('',*,*,#6395,.F.);
#6984 = FACE_BOUND('',#6985,.T.);
#6985 = EDGE_LOOP('',(#6986));
#6986 = ORIENTED_EDGE('',*,*,#6987,.T.);
#6987 = EDGE_CURVE('',#6988,#6988,#6990,.T.);
#6988 = VERTEX_POINT('',#6989);
#6989 = CARTESIAN_POINT('',(53.5,-20.,17.9));
#6990 = SURFACE_CURVE('',#6991,(#6996,#7007),.PCURVE_S1.);
#6991 = CIRCLE('',#6992,11.1);
#6992 = AXIS2_PLACEMENT_3D('',#6993,#6994,#6995);
#6993 = CARTESIAN_POINT('',(53.5,-20.,29.));
#6994 = DIRECTION('',(-1.,-0.,-1.110223024625E-16));
#6995 = DIRECTION('',(1.110223024625E-16,0.,-1.));
#6996 = PCURVE('',#6410,#6997);
#6997 = DEFINITIONAL_REPRESENTATION('',(#6998),#7006);
#6998 = ( BOUNDED_CURVE() B_SPLINE_CURVE(2,(#6999,#7000,#7001,#7002,
#7003,#7004,#7005),.UNSPECIFIED.,.T.,.F.) B_SPLINE_CURVE_WITH_KNOTS((1,2
    ,2,2,2,1),(-2.094395102393,0.,2.094395102393,4.188790204786,
6.28318530718,8.377580409573),.UNSPECIFIED.) CURVE() 
GEOMETRIC_REPRESENTATION_ITEM() RATIONAL_B_SPLINE_CURVE((1.,0.5,1.,0.5,
1.,0.5,1.)) REPRESENTATION_ITEM('') );
#6999 = CARTESIAN_POINT('',(11.1,0.));
#7000 = CARTESIAN_POINT('',(11.1,-19.22576396401));
#7001 = CARTESIAN_POINT('',(-5.55,-9.612881982007));
#7002 = CARTESIAN_POINT('',(-22.2,-2.718715894107E-15));
#7003 = CARTESIAN_POINT('',(-5.55,9.612881982007));
#7004 = CARTESIAN_POINT('',(11.1,19.225763964015));
#7005 = CARTESIAN_POINT('',(11.1,0.));
#7006 = ( GEOMETRIC_REPRESENTATION_CONTEXT(2) 
PARAMETRIC_REPRESENTATION_CONTEXT() REPRESENTATION_CONTEXT('2D SPACE',''
  ) );
#7007 = PCURVE('',#7008,#7013);
#7008 = CYLINDRICAL_SURFACE('',#7009,11.1);
#7009 = AXIS2_PLACEMENT_3D('',#7010,#7011,#7012);
#7010 = CARTESIAN_POINT('',(52.7,-20.,29.));
#7011 = DIRECTION('',(-1.,-0.,-1.110223024625E-16));
#7012 = DIRECTION('',(1.110223024625E-16,0.,-1.));
#7013 = DEFINITIONAL_REPRESENTATION('',(#7014),#7018);
#7014 = LINE('',#7015,#7016);
#7015 = CARTESIAN_POINT('',(-6.28318530718,-0.8));
#7016 = VECTOR('',#7017,1.);
#7017 = DIRECTION('',(1.,-0.));
#7018 = ( GEOMETRIC_REPRESENTATION_CONTEXT(2) 
PARAMETRIC_REPRESENTATION_CONTEXT() REPRESENTATION_CONTEXT('2D SPACE',''
  ) );
#7019 = ADVANCED_FACE('',(#7020),#6447,.T.);
#7020 = FACE_BOUND('',#7021,.T.);
#7021 = EDGE_LOOP('',(#7022,#7052,#7071,#7072));
#7022 = ORIENTED_EDGE('',*,*,#7023,.F.);
#7023 = EDGE_CURVE('',#7024,#7026,#7028,.T.);
#7024 = VERTEX_POINT('',#7025);
#7025 = CARTESIAN_POINT('',(-47.,-47.,30.5));
#7026 = VERTEX_POINT('',#7027);
#7027 = CARTESIAN_POINT('',(47.,-47.,30.5));
#7028 = SURFACE_CURVE('',#7029,(#7033,#7040),.PCURVE_S1.);
#7029 = LINE('',#7030,#7031);
#7030 = CARTESIAN_POINT('',(-48.5,-47.,30.5));
#7031 = VECTOR('',#7032,1.);
#7032 = DIRECTION('',(1.,0.,0.));
#7033 = PCURVE('',#6447,#7034);
#7034 = DEFINITIONAL_REPRESENTATION('',(#7035),#7039);
#7035 = LINE('',#7036,#7037);
#7036 = CARTESIAN_POINT('',(0.,0.));
#7037 = VECTOR('',#7038,1.);
#7038 = DIRECTION('',(0.,1.));
#7039 = ( GEOMETRIC_REPRESENTATION_CONTEXT(2) 
PARAMETRIC_REPRESENTATION_CONTEXT() REPRESENTATION_CONTEXT('2D SPACE',''
  ) );
#7040 = PCURVE('',#7041,#7046);
#7041 = PLANE('',#7042);
#7042 = AXIS2_PLACEMENT_3D('',#7043,#7044,#7045);
#7043 = CARTESIAN_POINT('',(-48.5,-48.5,30.5));
#7044 = DIRECTION('',(0.,0.,1.));
#7045 = DIRECTION('',(1.,0.,0.));
#7046 = DEFINITIONAL_REPRESENTATION('',(#7047),#7051);
#7047 = LINE('',#7048,#7049);
#7048 = CARTESIAN_POINT('',(0.,1.5));
#7049 = VECTOR('',#7050,1.);
#7050 = DIRECTION('',(1.,0.));
#7051 = ( GEOMETRIC_REPRESENTATION_CONTEXT(2) 
PARAMETRIC_REPRESENTATION_CONTEXT() REPRESENTATION_CONTEXT('2D SPACE',''
  ) );
#7052 = ORIENTED_EDGE('',*,*,#7053,.F.);
#7053 = EDGE_CURVE('',#6430,#7024,#7054,.T.);
#7054 = SURFACE_CURVE('',#7055,(#7059,#7065),.PCURVE_S1.);
#7055 = LINE('',#7056,#7057);
#7056 = CARTESIAN_POINT('',(-47.,-47.,30.5));
#7057 = VECTOR('',#7058,1.);
#7058 = DIRECTION('',(0.,0.,-1.));
#7059 = PCURVE('',#6447,#7060);
#7060 = DEFINITIONAL_REPRESENTATION('',(#7061),#7064);
#7061 = B_SPLINE_CURVE_WITH_KNOTS('',1,(#7062,#7063),.UNSPECIFIED.,.F.,
  .F.,(2,2),(-2.,0.),.PIECEWISE_BEZIER_KNOTS.);
#7062 = CARTESIAN_POINT('',(2.,1.5));
#7063 = CARTESIAN_POINT('',(0.,1.5));
#7064 = ( GEOMETRIC_REPRESENTATION_CONTEXT(2) 
PARAMETRIC_REPRESENTATION_CONTEXT() REPRESENTATION_CONTEXT('2D SPACE',''
  ) );
#7065 = PCURVE('',#6475,#7066);
#7066 = DEFINITIONAL_REPRESENTATION('',(#7067),#7070);
#7067 = B_SPLINE_CURVE_WITH_KNOTS('',1,(#7068,#7069),.UNSPECIFIED.,.F.,
  .F.,(2,2),(-2.,0.),.PIECEWISE_BEZIER_KNOTS.);
#7068 = CARTESIAN_POINT('',(2.,-1.5));
#7069 = CARTESIAN_POINT('',(0.,-1.5));
#7070 = ( GEOMETRIC_REPRESENTATION_CONTEXT(2) 
PARAMETRIC_REPRESENTATION_CONTEXT() REPRESENTATION_CONTEXT('2D SPACE',''
  ) );
#7071 = ORIENTED_EDGE('',*,*,#6429,.T.);
#7072 = ORIENTED_EDGE('',*,*,#7073,.T.);
#7073 = EDGE_CURVE('',#6432,#7026,#7074,.T.);
#7074 = SURFACE_CURVE('',#7075,(#7079,#7085),.PCURVE_S1.);
#7075 = LINE('',#7076,#7077);
#7076 = CARTESIAN_POINT('',(47.,-47.,30.5));
#7077 = VECTOR('',#7078,1.);
#7078 = DIRECTION('',(0.,0.,-1.));
#7079 = PCURVE('',#6447,#7080);
#7080 = DEFINITIONAL_REPRESENTATION('',(#7081),#7084);
#7081 = B_SPLINE_CURVE_WITH_KNOTS('',1,(#7082,#7083),.UNSPECIFIED.,.F.,
  .F.,(2,2),(-2.,0.),.PIECEWISE_BEZIER_KNOTS.);
#7082 = CARTESIAN_POINT('',(2.,95.5));
#7083 = CARTESIAN_POINT('',(0.,95.5));
#7084 = ( GEOMETRIC_REPRESENTATION_CONTEXT(2) 
PARAMETRIC_REPRESENTATION_CONTEXT() REPRESENTATION_CONTEXT('2D SPACE',''
  ) );
#7085 = PCURVE('',#6529,#7086);
#7086 = DEFINITIONAL_REPRESENTATION('',(#7087),#7090);
#7087 = B_SPLINE_CURVE_WITH_KNOTS('',1,(#7088,#7089),.UNSPECIFIED.,.F.,
  .F.,(2,2),(-2.,0.),.PIECEWISE_BEZIER_KNOTS.);
#7088 = CARTESIAN_POINT('',(2.,-1.5));
#7089 = CARTESIAN_POINT('',(0.,-1.5));
#7090 = ( GEOMETRIC_REPRESENTATION_CONTEXT(2) 
PARAMETRIC_REPRESENTATION_CONTEXT() REPRESENTATION_CONTEXT('2D SPACE',''
  ) );
#7091 = ADVANCED_FACE('',(#7092),#6475,.T.);
#7092 = FACE_BOUND('',#7093,.T.);
#7093 = EDGE_LOOP('',(#7094,#7095,#7096,#7119));
#7094 = ORIENTED_EDGE('',*,*,#6459,.F.);
#7095 = ORIENTED_EDGE('',*,*,#7053,.T.);
#7096 = ORIENTED_EDGE('',*,*,#7097,.T.);
#7097 = EDGE_CURVE('',#7024,#7098,#7100,.T.);
#7098 = VERTEX_POINT('',#7099);
#7099 = CARTESIAN_POINT('',(-47.,47.,30.5));
#7100 = SURFACE_CURVE('',#7101,(#7105,#7112),.PCURVE_S1.);
#7101 = LINE('',#7102,#7103);
#7102 = CARTESIAN_POINT('',(-47.,-48.5,30.5));
#7103 = VECTOR('',#7104,1.);
#7104 = DIRECTION('',(0.,1.,0.));
#7105 = PCURVE('',#6475,#7106);
#7106 = DEFINITIONAL_REPRESENTATION('',(#7107),#7111);
#7107 = LINE('',#7108,#7109);
#7108 = CARTESIAN_POINT('',(0.,0.));
#7109 = VECTOR('',#7110,1.);
#7110 = DIRECTION('',(0.,-1.));
#7111 = ( GEOMETRIC_REPRESENTATION_CONTEXT(2) 
PARAMETRIC_REPRESENTATION_CONTEXT() REPRESENTATION_CONTEXT('2D SPACE',''
  ) );
#7112 = PCURVE('',#7041,#7113);
#7113 = DEFINITIONAL_REPRESENTATION('',(#7114),#7118);
#7114 = LINE('',#7115,#7116);
#7115 = CARTESIAN_POINT('',(1.5,0.));
#7116 = VECTOR('',#7117,1.);
#7117 = DIRECTION('',(0.,1.));
#7118 = ( GEOMETRIC_REPRESENTATION_CONTEXT(2) 
PARAMETRIC_REPRESENTATION_CONTEXT() REPRESENTATION_CONTEXT('2D SPACE',''
  ) );
#7119 = ORIENTED_EDGE('',*,*,#7120,.F.);
#7120 = EDGE_CURVE('',#6460,#7098,#7121,.T.);
#7121 = SURFACE_CURVE('',#7122,(#7126,#7132),.PCURVE_S1.);
#7122 = LINE('',#7123,#7124);
#7123 = CARTESIAN_POINT('',(-47.,47.,30.5));
#7124 = VECTOR('',#7125,1.);
#7125 = DIRECTION('',(0.,0.,-1.));
#7126 = PCURVE('',#6475,#7127);
#7127 = DEFINITIONAL_REPRESENTATION('',(#7128),#7131);
#7128 = B_SPLINE_CURVE_WITH_KNOTS('',1,(#7129,#7130),.UNSPECIFIED.,.F.,
  .F.,(2,2),(-2.,0.),.PIECEWISE_BEZIER_KNOTS.);
#7129 = CARTESIAN_POINT('',(2.,-95.5));
#7130 = CARTESIAN_POINT('',(0.,-95.5));
#7131 = ( GEOMETRIC_REPRESENTATION_CONTEXT(2) 
PARAMETRIC_REPRESENTATION_CONTEXT() REPRESENTATION_CONTEXT('2D SPACE',''
  ) );
#7132 = PCURVE('',#6503,#7133);
#7133 = DEFINITIONAL_REPRESENTATION('',(#7134),#7137);
#7134 = B_SPLINE_CURVE_WITH_KNOTS('',1,(#7135,#7136),.UNSPECIFIED.,.F.,
  .F.,(2,2),(-2.,0.),.PIECEWISE_BEZIER_KNOTS.);
#7135 = CARTESIAN_POINT('',(2.,1.5));
#7136 = CARTESIAN_POINT('',(0.,1.5));
#7137 = ( GEOMETRIC_REPRESENTATION_CONTEXT(2) 
PARAMETRIC_REPRESENTATION_CONTEXT() REPRESENTATION_CONTEXT('2D SPACE',''
  ) );
#7138 = ADVANCED_FACE('',(#7139),#6503,.F.);
#7139 = FACE_BOUND('',#7140,.F.);
#7140 = EDGE_LOOP('',(#7141,#7164,#7165,#7166));
#7141 = ORIENTED_EDGE('',*,*,#7142,.F.);
#7142 = EDGE_CURVE('',#7098,#7143,#7145,.T.);
#7143 = VERTEX_POINT('',#7144);
#7144 = CARTESIAN_POINT('',(47.,47.,30.5));
#7145 = SURFACE_CURVE('',#7146,(#7150,#7157),.PCURVE_S1.);
#7146 = LINE('',#7147,#7148);
#7147 = CARTESIAN_POINT('',(-48.5,47.,30.5));
#7148 = VECTOR('',#7149,1.);
#7149 = DIRECTION('',(1.,0.,0.));
#7150 = PCURVE('',#6503,#7151);
#7151 = DEFINITIONAL_REPRESENTATION('',(#7152),#7156);
#7152 = LINE('',#7153,#7154);
#7153 = CARTESIAN_POINT('',(0.,0.));
#7154 = VECTOR('',#7155,1.);
#7155 = DIRECTION('',(0.,1.));
#7156 = ( GEOMETRIC_REPRESENTATION_CONTEXT(2) 
PARAMETRIC_REPRESENTATION_CONTEXT() REPRESENTATION_CONTEXT('2D SPACE',''
  ) );
#7157 = PCURVE('',#7041,#7158);
#7158 = DEFINITIONAL_REPRESENTATION('',(#7159),#7163);
#7159 = LINE('',#7160,#7161);
#7160 = CARTESIAN_POINT('',(0.,95.5));
#7161 = VECTOR('',#7162,1.);
#7162 = DIRECTION('',(1.,0.));
#7163 = ( GEOMETRIC_REPRESENTATION_CONTEXT(2) 
PARAMETRIC_REPRESENTATION_CONTEXT() REPRESENTATION_CONTEXT('2D SPACE',''
  ) );
#7164 = ORIENTED_EDGE('',*,*,#7120,.F.);
#7165 = ORIENTED_EDGE('',*,*,#6487,.T.);
#7166 = ORIENTED_EDGE('',*,*,#7167,.T.);
#7167 = EDGE_CURVE('',#6488,#7143,#7168,.T.);
#7168 = SURFACE_CURVE('',#7169,(#7173,#7179),.PCURVE_S1.);
#7169 = LINE('',#7170,#7171);
#7170 = CARTESIAN_POINT('',(47.,47.,30.5));
#7171 = VECTOR('',#7172,1.);
#7172 = DIRECTION('',(0.,0.,-1.));
#7173 = PCURVE('',#6503,#7174);
#7174 = DEFINITIONAL_REPRESENTATION('',(#7175),#7178);
#7175 = B_SPLINE_CURVE_WITH_KNOTS('',1,(#7176,#7177),.UNSPECIFIED.,.F.,
  .F.,(2,2),(-2.,0.),.PIECEWISE_BEZIER_KNOTS.);
#7176 = CARTESIAN_POINT('',(2.,95.5));
#7177 = CARTESIAN_POINT('',(0.,95.5));
#7178 = ( GEOMETRIC_REPRESENTATION_CONTEXT(2) 
PARAMETRIC_REPRESENTATION_CONTEXT() REPRESENTATION_CONTEXT('2D SPACE',''
  ) );
#7179 = PCURVE('',#6529,#7180);
#7180 = DEFINITIONAL_REPRESENTATION('',(#7181),#7184);
#7181 = B_SPLINE_CURVE_WITH_KNOTS('',1,(#7182,#7183),.UNSPECIFIED.,.F.,
  .F.,(2,2),(-2.,0.),.PIECEWISE_BEZIER_KNOTS.);
#7182 = CARTESIAN_POINT('',(2.,-95.5));
#7183 = CARTESIAN_POINT('',(0.,-95.5));
#7184 = ( GEOMETRIC_REPRESENTATION_CONTEXT(2) 
PARAMETRIC_REPRESENTATION_CONTEXT() REPRESENTATION_CONTEXT('2D SPACE',''
  ) );
#7185 = ADVANCED_FACE('',(#7186),#6529,.F.);
#7186 = FACE_BOUND('',#7187,.F.);
#7187 = EDGE_LOOP('',(#7188,#7189,#7190,#7211));
#7188 = ORIENTED_EDGE('',*,*,#6515,.F.);
#7189 = ORIENTED_EDGE('',*,*,#7073,.T.);
#7190 = ORIENTED_EDGE('',*,*,#7191,.T.);
#7191 = EDGE_CURVE('',#7026,#7143,#7192,.T.);
#7192 = SURFACE_CURVE('',#7193,(#7197,#7204),.PCURVE_S1.);
#7193 = LINE('',#7194,#7195);
#7194 = CARTESIAN_POINT('',(47.,-48.5,30.5));
#7195 = VECTOR('',#7196,1.);
#7196 = DIRECTION('',(0.,1.,0.));
#7197 = PCURVE('',#6529,#7198);
#7198 = DEFINITIONAL_REPRESENTATION('',(#7199),#7203);
#7199 = LINE('',#7200,#7201);
#7200 = CARTESIAN_POINT('',(0.,0.));
#7201 = VECTOR('',#7202,1.);
#7202 = DIRECTION('',(0.,-1.));
#7203 = ( GEOMETRIC_REPRESENTATION_CONTEXT(2) 
PARAMETRIC_REPRESENTATION_CONTEXT() REPRESENTATION_CONTEXT('2D SPACE',''
  ) );
#7204 = PCURVE('',#7041,#7205);
#7205 = DEFINITIONAL_REPRESENTATION('',(#7206),#7210);
#7206 = LINE('',#7207,#7208);
#7207 = CARTESIAN_POINT('',(95.5,0.));
#7208 = VECTOR('',#7209,1.);
#7209 = DIRECTION('',(0.,1.));
#7210 = ( GEOMETRIC_REPRESENTATION_CONTEXT(2) 
PARAMETRIC_REPRESENTATION_CONTEXT() REPRESENTATION_CONTEXT('2D SPACE',''
  ) );
#7211 = ORIENTED_EDGE('',*,*,#7167,.F.);
#7212 = ADVANCED_FACE('',(#7213,#7216),#6571,.T.);
#7213 = FACE_BOUND('',#7214,.T.);
#7214 = EDGE_LOOP('',(#7215));
#7215 = ORIENTED_EDGE('',*,*,#6554,.T.);
#7216 = FACE_BOUND('',#7217,.T.);
#7217 = EDGE_LOOP('',(#7218));
#7218 = ORIENTED_EDGE('',*,*,#7219,.F.);
#7219 = EDGE_CURVE('',#7220,#7220,#7222,.T.);
#7220 = VERTEX_POINT('',#7221);
#7221 = CARTESIAN_POINT('',(-52.7,20.,38.9));
#7222 = SURFACE_CURVE('',#7223,(#7228,#7235),.PCURVE_S1.);
#7223 = CIRCLE('',#7224,9.9);
#7224 = AXIS2_PLACEMENT_3D('',#7225,#7226,#7227);
#7225 = CARTESIAN_POINT('',(-52.7,20.,29.));
#7226 = DIRECTION('',(-1.,0.,1.110223024625E-16));
#7227 = DIRECTION('',(1.110223024625E-16,0.,1.));
#7228 = PCURVE('',#6571,#7229);
#7229 = DEFINITIONAL_REPRESENTATION('',(#7230),#7234);
#7230 = CIRCLE('',#7231,9.9);
#7231 = AXIS2_PLACEMENT_2D('',#7232,#7233);
#7232 = CARTESIAN_POINT('',(0.,0.));
#7233 = DIRECTION('',(1.,0.));
#7234 = ( GEOMETRIC_REPRESENTATION_CONTEXT(2) 
PARAMETRIC_REPRESENTATION_CONTEXT() REPRESENTATION_CONTEXT('2D SPACE',''
  ) );
#7235 = PCURVE('',#7236,#7241);
#7236 = CYLINDRICAL_SURFACE('',#7237,9.9);
#7237 = AXIS2_PLACEMENT_3D('',#7238,#7239,#7240);
#7238 = CARTESIAN_POINT('',(-52.7,20.,29.));
#7239 = DIRECTION('',(1.,-0.,-1.110223024625E-16));
#7240 = DIRECTION('',(1.110223024625E-16,0.,1.));
#7241 = DEFINITIONAL_REPRESENTATION('',(#7242),#7246);
#7242 = LINE('',#7243,#7244);
#7243 = CARTESIAN_POINT('',(-0.,0.));
#7244 = VECTOR('',#7245,1.);
#7245 = DIRECTION('',(-1.,0.));
#7246 = ( GEOMETRIC_REPRESENTATION_CONTEXT(2) 
PARAMETRIC_REPRESENTATION_CONTEXT() REPRESENTATION_CONTEXT('2D SPACE',''
  ) );
#7247 = ADVANCED_FACE('',(#7248,#7251),#6626,.T.);
#7248 = FACE_BOUND('',#7249,.T.);
#7249 = EDGE_LOOP('',(#7250));
#7250 = ORIENTED_EDGE('',*,*,#6609,.T.);
#7251 = FACE_BOUND('',#7252,.T.);
#7252 = EDGE_LOOP('',(#7253));
#7253 = ORIENTED_EDGE('',*,*,#7254,.F.);
#7254 = EDGE_CURVE('',#7255,#7255,#7257,.T.);
#7255 = VERTEX_POINT('',#7256);
#7256 = CARTESIAN_POINT('',(-52.7,-20.,38.9));
#7257 = SURFACE_CURVE('',#7258,(#7263,#7270),.PCURVE_S1.);
#7258 = CIRCLE('',#7259,9.9);
#7259 = AXIS2_PLACEMENT_3D('',#7260,#7261,#7262);
#7260 = CARTESIAN_POINT('',(-52.7,-20.,29.));
#7261 = DIRECTION('',(-1.,0.,1.110223024625E-16));
#7262 = DIRECTION('',(1.110223024625E-16,0.,1.));
#7263 = PCURVE('',#6626,#7264);
#7264 = DEFINITIONAL_REPRESENTATION('',(#7265),#7269);
#7265 = CIRCLE('',#7266,9.9);
#7266 = AXIS2_PLACEMENT_2D('',#7267,#7268);
#7267 = CARTESIAN_POINT('',(0.,0.));
#7268 = DIRECTION('',(1.,0.));
#7269 = ( GEOMETRIC_REPRESENTATION_CONTEXT(2) 
PARAMETRIC_REPRESENTATION_CONTEXT() REPRESENTATION_CONTEXT('2D SPACE',''
  ) );
#7270 = PCURVE('',#7271,#7276);
#7271 = CYLINDRICAL_SURFACE('',#7272,9.9);
#7272 = AXIS2_PLACEMENT_3D('',#7273,#7274,#7275);
#7273 = CARTESIAN_POINT('',(-52.7,-20.,29.));
#7274 = DIRECTION('',(1.,-0.,-1.110223024625E-16));
#7275 = DIRECTION('',(1.110223024625E-16,0.,1.));
#7276 = DEFINITIONAL_REPRESENTATION('',(#7277),#7281);
#7277 = LINE('',#7278,#7279);
#7278 = CARTESIAN_POINT('',(-0.,0.));
#7279 = VECTOR('',#7280,1.);
#7280 = DIRECTION('',(-1.,0.));
#7281 = ( GEOMETRIC_REPRESENTATION_CONTEXT(2) 
PARAMETRIC_REPRESENTATION_CONTEXT() REPRESENTATION_CONTEXT('2D SPACE',''
  ) );
#7282 = ADVANCED_FACE('',(#7283),#6688,.F.);
#7283 = FACE_BOUND('',#7284,.T.);
#7284 = EDGE_LOOP('',(#7285,#7314,#7335,#7336));
#7285 = ORIENTED_EDGE('',*,*,#7286,.F.);
#7286 = EDGE_CURVE('',#7287,#7287,#7289,.T.);
#7287 = VERTEX_POINT('',#7288);
#7288 = CARTESIAN_POINT('',(-8.9,-52.7,29.));
#7289 = SURFACE_CURVE('',#7290,(#7295,#7302),.PCURVE_S1.);
#7290 = CIRCLE('',#7291,11.1);
#7291 = AXIS2_PLACEMENT_3D('',#7292,#7293,#7294);
#7292 = CARTESIAN_POINT('',(-20.,-52.7,29.));
#7293 = DIRECTION('',(0.,-1.,1.110223024625E-16));
#7294 = DIRECTION('',(1.,0.,0.));
#7295 = PCURVE('',#6688,#7296);
#7296 = DEFINITIONAL_REPRESENTATION('',(#7297),#7301);
#7297 = LINE('',#7298,#7299);
#7298 = CARTESIAN_POINT('',(-0.,0.));
#7299 = VECTOR('',#7300,1.);
#7300 = DIRECTION('',(-1.,0.));
#7301 = ( GEOMETRIC_REPRESENTATION_CONTEXT(2) 
PARAMETRIC_REPRESENTATION_CONTEXT() REPRESENTATION_CONTEXT('2D SPACE',''
  ) );
#7302 = PCURVE('',#7303,#7308);
#7303 = PLANE('',#7304);
#7304 = AXIS2_PLACEMENT_3D('',#7305,#7306,#7307);
#7305 = CARTESIAN_POINT('',(-20.,-52.7,29.));
#7306 = DIRECTION('',(0.,-1.,1.110223024625E-16));
#7307 = DIRECTION('',(1.,0.,0.));
#7308 = DEFINITIONAL_REPRESENTATION('',(#7309),#7313);
#7309 = CIRCLE('',#7310,11.1);
#7310 = AXIS2_PLACEMENT_2D('',#7311,#7312);
#7311 = CARTESIAN_POINT('',(0.,0.));
#7312 = DIRECTION('',(1.,0.));
#7313 = ( GEOMETRIC_REPRESENTATION_CONTEXT(2) 
PARAMETRIC_REPRESENTATION_CONTEXT() REPRESENTATION_CONTEXT('2D SPACE',''
  ) );
#7314 = ORIENTED_EDGE('',*,*,#7315,.T.);
#7315 = EDGE_CURVE('',#7287,#6668,#7316,.T.);
#7316 = SEAM_CURVE('',#7317,(#7321,#7328),.PCURVE_S1.);
#7317 = LINE('',#7318,#7319);
#7318 = CARTESIAN_POINT('',(-8.9,-52.7,29.));
#7319 = VECTOR('',#7320,1.);
#7320 = DIRECTION('',(0.,-1.,1.110223024625E-16));
#7321 = PCURVE('',#6688,#7322);
#7322 = DEFINITIONAL_REPRESENTATION('',(#7323),#7327);
#7323 = LINE('',#7324,#7325);
#7324 = CARTESIAN_POINT('',(-6.28318530718,0.));
#7325 = VECTOR('',#7326,1.);
#7326 = DIRECTION('',(-0.,-1.));
#7327 = ( GEOMETRIC_REPRESENTATION_CONTEXT(2) 
PARAMETRIC_REPRESENTATION_CONTEXT() REPRESENTATION_CONTEXT('2D SPACE',''
  ) );
#7328 = PCURVE('',#6688,#7329);
#7329 = DEFINITIONAL_REPRESENTATION('',(#7330),#7334);
#7330 = LINE('',#7331,#7332);
#7331 = CARTESIAN_POINT('',(-0.,0.));
#7332 = VECTOR('',#7333,1.);
#7333 = DIRECTION('',(-0.,-1.));
#7334 = ( GEOMETRIC_REPRESENTATION_CONTEXT(2) 
PARAMETRIC_REPRESENTATION_CONTEXT() REPRESENTATION_CONTEXT('2D SPACE',''
  ) );
#7335 = ORIENTED_EDGE('',*,*,#6667,.F.);
#7336 = ORIENTED_EDGE('',*,*,#7315,.F.);
#7337 = ADVANCED_FACE('',(#7338),#6727,.F.);
#7338 = FACE_BOUND('',#7339,.T.);
#7339 = EDGE_LOOP('',(#7340,#7369,#7390,#7391));
#7340 = ORIENTED_EDGE('',*,*,#7341,.F.);
#7341 = EDGE_CURVE('',#7342,#7342,#7344,.T.);
#7342 = VERTEX_POINT('',#7343);
#7343 = CARTESIAN_POINT('',(31.1,-52.7,29.));
#7344 = SURFACE_CURVE('',#7345,(#7350,#7357),.PCURVE_S1.);
#7345 = CIRCLE('',#7346,11.1);
#7346 = AXIS2_PLACEMENT_3D('',#7347,#7348,#7349);
#7347 = CARTESIAN_POINT('',(20.,-52.7,29.));
#7348 = DIRECTION('',(0.,-1.,1.110223024625E-16));
#7349 = DIRECTION('',(1.,0.,0.));
#7350 = PCURVE('',#6727,#7351);
#7351 = DEFINITIONAL_REPRESENTATION('',(#7352),#7356);
#7352 = LINE('',#7353,#7354);
#7353 = CARTESIAN_POINT('',(-0.,0.));
#7354 = VECTOR('',#7355,1.);
#7355 = DIRECTION('',(-1.,0.));
#7356 = ( GEOMETRIC_REPRESENTATION_CONTEXT(2) 
PARAMETRIC_REPRESENTATION_CONTEXT() REPRESENTATION_CONTEXT('2D SPACE',''
  ) );
#7357 = PCURVE('',#7358,#7363);
#7358 = PLANE('',#7359);
#7359 = AXIS2_PLACEMENT_3D('',#7360,#7361,#7362);
#7360 = CARTESIAN_POINT('',(20.,-52.7,29.));
#7361 = DIRECTION('',(0.,-1.,1.110223024625E-16));
#7362 = DIRECTION('',(1.,0.,0.));
#7363 = DEFINITIONAL_REPRESENTATION('',(#7364),#7368);
#7364 = CIRCLE('',#7365,11.1);
#7365 = AXIS2_PLACEMENT_2D('',#7366,#7367);
#7366 = CARTESIAN_POINT('',(0.,0.));
#7367 = DIRECTION('',(1.,0.));
#7368 = ( GEOMETRIC_REPRESENTATION_CONTEXT(2) 
PARAMETRIC_REPRESENTATION_CONTEXT() REPRESENTATION_CONTEXT('2D SPACE',''
  ) );
#7369 = ORIENTED_EDGE('',*,*,#7370,.T.);
#7370 = EDGE_CURVE('',#7342,#6707,#7371,.T.);
#7371 = SEAM_CURVE('',#7372,(#7376,#7383),.PCURVE_S1.);
#7372 = LINE('',#7373,#7374);
#7373 = CARTESIAN_POINT('',(31.1,-52.7,29.));
#7374 = VECTOR('',#7375,1.);
#7375 = DIRECTION('',(0.,-1.,1.110223024625E-16));
#7376 = PCURVE('',#6727,#7377);
#7377 = DEFINITIONAL_REPRESENTATION('',(#7378),#7382);
#7378 = LINE('',#7379,#7380);
#7379 = CARTESIAN_POINT('',(-6.28318530718,0.));
#7380 = VECTOR('',#7381,1.);
#7381 = DIRECTION('',(-0.,-1.));
#7382 = ( GEOMETRIC_REPRESENTATION_CONTEXT(2) 
PARAMETRIC_REPRESENTATION_CONTEXT() REPRESENTATION_CONTEXT('2D SPACE',''
  ) );
#7383 = PCURVE('',#6727,#7384);
#7384 = DEFINITIONAL_REPRESENTATION('',(#7385),#7389);
#7385 = LINE('',#7386,#7387);
#7386 = CARTESIAN_POINT('',(-0.,0.));
#7387 = VECTOR('',#7388,1.);
#7388 = DIRECTION('',(-0.,-1.));
#7389 = ( GEOMETRIC_REPRESENTATION_CONTEXT(2) 
PARAMETRIC_REPRESENTATION_CONTEXT() REPRESENTATION_CONTEXT('2D SPACE',''
  ) );
#7390 = ORIENTED_EDGE('',*,*,#6706,.F.);
#7391 = ORIENTED_EDGE('',*,*,#7370,.F.);
#7392 = ADVANCED_FACE('',(#7393),#6760,.T.);
#7393 = FACE_BOUND('',#7394,.T.);
#7394 = EDGE_LOOP('',(#7395,#7396,#7417,#7445));
#7395 = ORIENTED_EDGE('',*,*,#6742,.F.);
#7396 = ORIENTED_EDGE('',*,*,#7397,.F.);
#7397 = EDGE_CURVE('',#7398,#6743,#7400,.T.);
#7398 = VERTEX_POINT('',#7399);
#7399 = CARTESIAN_POINT('',(-47.,-47.,18.75));
#7400 = SURFACE_CURVE('',#7401,(#7405,#7411),.PCURVE_S1.);
#7401 = LINE('',#7402,#7403);
#7402 = CARTESIAN_POINT('',(-47.,-47.,16.75));
#7403 = VECTOR('',#7404,1.);
#7404 = DIRECTION('',(0.,0.,-1.));
#7405 = PCURVE('',#6760,#7406);
#7406 = DEFINITIONAL_REPRESENTATION('',(#7407),#7410);
#7407 = B_SPLINE_CURVE_WITH_KNOTS('',1,(#7408,#7409),.UNSPECIFIED.,.F.,
  .F.,(2,2),(-2.,0.),.PIECEWISE_BEZIER_KNOTS.);
#7408 = CARTESIAN_POINT('',(2.,1.5));
#7409 = CARTESIAN_POINT('',(0.,1.5));
#7410 = ( GEOMETRIC_REPRESENTATION_CONTEXT(2) 
PARAMETRIC_REPRESENTATION_CONTEXT() REPRESENTATION_CONTEXT('2D SPACE',''
  ) );
#7411 = PCURVE('',#6788,#7412);
#7412 = DEFINITIONAL_REPRESENTATION('',(#7413),#7416);
#7413 = B_SPLINE_CURVE_WITH_KNOTS('',1,(#7414,#7415),.UNSPECIFIED.,.F.,
  .F.,(2,2),(-2.,0.),.PIECEWISE_BEZIER_KNOTS.);
#7414 = CARTESIAN_POINT('',(2.,-1.5));
#7415 = CARTESIAN_POINT('',(0.,-1.5));
#7416 = ( GEOMETRIC_REPRESENTATION_CONTEXT(2) 
PARAMETRIC_REPRESENTATION_CONTEXT() REPRESENTATION_CONTEXT('2D SPACE',''
  ) );
#7417 = ORIENTED_EDGE('',*,*,#7418,.T.);
#7418 = EDGE_CURVE('',#7398,#7419,#7421,.T.);
#7419 = VERTEX_POINT('',#7420);
#7420 = CARTESIAN_POINT('',(47.,-47.,18.75));
#7421 = SURFACE_CURVE('',#7422,(#7426,#7433),.PCURVE_S1.);
#7422 = LINE('',#7423,#7424);
#7423 = CARTESIAN_POINT('',(-48.5,-47.,18.75));
#7424 = VECTOR('',#7425,1.);
#7425 = DIRECTION('',(1.,0.,0.));
#7426 = PCURVE('',#6760,#7427);
#7427 = DEFINITIONAL_REPRESENTATION('',(#7428),#7432);
#7428 = LINE('',#7429,#7430);
#7429 = CARTESIAN_POINT('',(2.,0.));
#7430 = VECTOR('',#7431,1.);
#7431 = DIRECTION('',(0.,1.));
#7432 = ( GEOMETRIC_REPRESENTATION_CONTEXT(2) 
PARAMETRIC_REPRESENTATION_CONTEXT() REPRESENTATION_CONTEXT('2D SPACE',''
  ) );
#7433 = PCURVE('',#7434,#7439);
#7434 = PLANE('',#7435);
#7435 = AXIS2_PLACEMENT_3D('',#7436,#7437,#7438);
#7436 = CARTESIAN_POINT('',(-48.5,-48.5,18.75));
#7437 = DIRECTION('',(0.,0.,1.));
#7438 = DIRECTION('',(1.,0.,0.));
#7439 = DEFINITIONAL_REPRESENTATION('',(#7440),#7444);
#7440 = LINE('',#7441,#7442);
#7441 = CARTESIAN_POINT('',(0.,1.5));
#7442 = VECTOR('',#7443,1.);
#7443 = DIRECTION('',(1.,0.));
#7444 = ( GEOMETRIC_REPRESENTATION_CONTEXT(2) 
PARAMETRIC_REPRESENTATION_CONTEXT() REPRESENTATION_CONTEXT('2D SPACE',''
  ) );
#7445 = ORIENTED_EDGE('',*,*,#7446,.T.);
#7446 = EDGE_CURVE('',#7419,#6745,#7447,.T.);
#7447 = SURFACE_CURVE('',#7448,(#7452,#7458),.PCURVE_S1.);
#7448 = LINE('',#7449,#7450);
#7449 = CARTESIAN_POINT('',(47.,-47.,16.75));
#7450 = VECTOR('',#7451,1.);
#7451 = DIRECTION('',(0.,0.,-1.));
#7452 = PCURVE('',#6760,#7453);
#7453 = DEFINITIONAL_REPRESENTATION('',(#7454),#7457);
#7454 = B_SPLINE_CURVE_WITH_KNOTS('',1,(#7455,#7456),.UNSPECIFIED.,.F.,
  .F.,(2,2),(-2.,0.),.PIECEWISE_BEZIER_KNOTS.);
#7455 = CARTESIAN_POINT('',(2.,95.5));
#7456 = CARTESIAN_POINT('',(0.,95.5));
#7457 = ( GEOMETRIC_REPRESENTATION_CONTEXT(2) 
PARAMETRIC_REPRESENTATION_CONTEXT() REPRESENTATION_CONTEXT('2D SPACE',''
  ) );
#7458 = PCURVE('',#6842,#7459);
#7459 = DEFINITIONAL_REPRESENTATION('',(#7460),#7463);
#7460 = B_SPLINE_CURVE_WITH_KNOTS('',1,(#7461,#7462),.UNSPECIFIED.,.F.,
  .F.,(2,2),(-2.,0.),.PIECEWISE_BEZIER_KNOTS.);
#7461 = CARTESIAN_POINT('',(2.,-1.5));
#7462 = CARTESIAN_POINT('',(0.,-1.5));
#7463 = ( GEOMETRIC_REPRESENTATION_CONTEXT(2) 
PARAMETRIC_REPRESENTATION_CONTEXT() REPRESENTATION_CONTEXT('2D SPACE',''
  ) );
#7464 = ADVANCED_FACE('',(#7465),#6788,.T.);
#7465 = FACE_BOUND('',#7466,.T.);
#7466 = EDGE_LOOP('',(#7467,#7490,#7491,#7492));
#7467 = ORIENTED_EDGE('',*,*,#7468,.F.);
#7468 = EDGE_CURVE('',#7398,#7469,#7471,.T.);
#7469 = VERTEX_POINT('',#7470);
#7470 = CARTESIAN_POINT('',(-47.,47.,18.75));
#7471 = SURFACE_CURVE('',#7472,(#7476,#7483),.PCURVE_S1.);
#7472 = LINE('',#7473,#7474);
#7473 = CARTESIAN_POINT('',(-47.,-48.5,18.75));
#7474 = VECTOR('',#7475,1.);
#7475 = DIRECTION('',(0.,1.,0.));
#7476 = PCURVE('',#6788,#7477);
#7477 = DEFINITIONAL_REPRESENTATION('',(#7478),#7482);
#7478 = LINE('',#7479,#7480);
#7479 = CARTESIAN_POINT('',(2.,0.));
#7480 = VECTOR('',#7481,1.);
#7481 = DIRECTION('',(0.,-1.));
#7482 = ( GEOMETRIC_REPRESENTATION_CONTEXT(2) 
PARAMETRIC_REPRESENTATION_CONTEXT() REPRESENTATION_CONTEXT('2D SPACE',''
  ) );
#7483 = PCURVE('',#7434,#7484);
#7484 = DEFINITIONAL_REPRESENTATION('',(#7485),#7489);
#7485 = LINE('',#7486,#7487);
#7486 = CARTESIAN_POINT('',(1.5,0.));
#7487 = VECTOR('',#7488,1.);
#7488 = DIRECTION('',(0.,1.));
#7489 = ( GEOMETRIC_REPRESENTATION_CONTEXT(2) 
PARAMETRIC_REPRESENTATION_CONTEXT() REPRESENTATION_CONTEXT('2D SPACE',''
  ) );
#7490 = ORIENTED_EDGE('',*,*,#7397,.T.);
#7491 = ORIENTED_EDGE('',*,*,#6772,.T.);
#7492 = ORIENTED_EDGE('',*,*,#7493,.F.);
#7493 = EDGE_CURVE('',#7469,#6773,#7494,.T.);
#7494 = SURFACE_CURVE('',#7495,(#7499,#7505),.PCURVE_S1.);
#7495 = LINE('',#7496,#7497);
#7496 = CARTESIAN_POINT('',(-47.,47.,16.75));
#7497 = VECTOR('',#7498,1.);
#7498 = DIRECTION('',(0.,0.,-1.));
#7499 = PCURVE('',#6788,#7500);
#7500 = DEFINITIONAL_REPRESENTATION('',(#7501),#7504);
#7501 = B_SPLINE_CURVE_WITH_KNOTS('',1,(#7502,#7503),.UNSPECIFIED.,.F.,
  .F.,(2,2),(-2.,0.),.PIECEWISE_BEZIER_KNOTS.);
#7502 = CARTESIAN_POINT('',(2.,-95.5));
#7503 = CARTESIAN_POINT('',(0.,-95.5));
#7504 = ( GEOMETRIC_REPRESENTATION_CONTEXT(2) 
PARAMETRIC_REPRESENTATION_CONTEXT() REPRESENTATION_CONTEXT('2D SPACE',''
  ) );
#7505 = PCURVE('',#6816,#7506);
#7506 = DEFINITIONAL_REPRESENTATION('',(#7507),#7510);
#7507 = B_SPLINE_CURVE_WITH_KNOTS('',1,(#7508,#7509),.UNSPECIFIED.,.F.,
  .F.,(2,2),(-2.,0.),.PIECEWISE_BEZIER_KNOTS.);
#7508 = CARTESIAN_POINT('',(2.,1.5));
#7509 = CARTESIAN_POINT('',(0.,1.5));
#7510 = ( GEOMETRIC_REPRESENTATION_CONTEXT(2) 
PARAMETRIC_REPRESENTATION_CONTEXT() REPRESENTATION_CONTEXT('2D SPACE',''
  ) );
#7511 = ADVANCED_FACE('',(#7512),#6816,.F.);
#7512 = FACE_BOUND('',#7513,.F.);
#7513 = EDGE_LOOP('',(#7514,#7515,#7516,#7539));
#7514 = ORIENTED_EDGE('',*,*,#6800,.F.);
#7515 = ORIENTED_EDGE('',*,*,#7493,.F.);
#7516 = ORIENTED_EDGE('',*,*,#7517,.T.);
#7517 = EDGE_CURVE('',#7469,#7518,#7520,.T.);
#7518 = VERTEX_POINT('',#7519);
#7519 = CARTESIAN_POINT('',(47.,47.,18.75));
#7520 = SURFACE_CURVE('',#7521,(#7525,#7532),.PCURVE_S1.);
#7521 = LINE('',#7522,#7523);
#7522 = CARTESIAN_POINT('',(-48.5,47.,18.75));
#7523 = VECTOR('',#7524,1.);
#7524 = DIRECTION('',(1.,0.,0.));
#7525 = PCURVE('',#6816,#7526);
#7526 = DEFINITIONAL_REPRESENTATION('',(#7527),#7531);
#7527 = LINE('',#7528,#7529);
#7528 = CARTESIAN_POINT('',(2.,0.));
#7529 = VECTOR('',#7530,1.);
#7530 = DIRECTION('',(0.,1.));
#7531 = ( GEOMETRIC_REPRESENTATION_CONTEXT(2) 
PARAMETRIC_REPRESENTATION_CONTEXT() REPRESENTATION_CONTEXT('2D SPACE',''
  ) );
#7532 = PCURVE('',#7434,#7533);
#7533 = DEFINITIONAL_REPRESENTATION('',(#7534),#7538);
#7534 = LINE('',#7535,#7536);
#7535 = CARTESIAN_POINT('',(0.,95.5));
#7536 = VECTOR('',#7537,1.);
#7537 = DIRECTION('',(1.,0.));
#7538 = ( GEOMETRIC_REPRESENTATION_CONTEXT(2) 
PARAMETRIC_REPRESENTATION_CONTEXT() REPRESENTATION_CONTEXT('2D SPACE',''
  ) );
#7539 = ORIENTED_EDGE('',*,*,#7540,.T.);
#7540 = EDGE_CURVE('',#7518,#6801,#7541,.T.);
#7541 = SURFACE_CURVE('',#7542,(#7546,#7552),.PCURVE_S1.);
#7542 = LINE('',#7543,#7544);
#7543 = CARTESIAN_POINT('',(47.,47.,16.75));
#7544 = VECTOR('',#7545,1.);
#7545 = DIRECTION('',(0.,0.,-1.));
#7546 = PCURVE('',#6816,#7547);
#7547 = DEFINITIONAL_REPRESENTATION('',(#7548),#7551);
#7548 = B_SPLINE_CURVE_WITH_KNOTS('',1,(#7549,#7550),.UNSPECIFIED.,.F.,
  .F.,(2,2),(-2.,0.),.PIECEWISE_BEZIER_KNOTS.);
#7549 = CARTESIAN_POINT('',(2.,95.5));
#7550 = CARTESIAN_POINT('',(0.,95.5));
#7551 = ( GEOMETRIC_REPRESENTATION_CONTEXT(2) 
PARAMETRIC_REPRESENTATION_CONTEXT() REPRESENTATION_CONTEXT('2D SPACE',''
  ) );
#7552 = PCURVE('',#6842,#7553);
#7553 = DEFINITIONAL_REPRESENTATION('',(#7554),#7557);
#7554 = B_SPLINE_CURVE_WITH_KNOTS('',1,(#7555,#7556),.UNSPECIFIED.,.F.,
  .F.,(2,2),(-2.,0.),.PIECEWISE_BEZIER_KNOTS.);
#7555 = CARTESIAN_POINT('',(2.,-95.5));
#7556 = CARTESIAN_POINT('',(0.,-95.5));
#7557 = ( GEOMETRIC_REPRESENTATION_CONTEXT(2) 
PARAMETRIC_REPRESENTATION_CONTEXT() REPRESENTATION_CONTEXT('2D SPACE',''
  ) );
#7558 = ADVANCED_FACE('',(#7559),#6842,.F.);
#7559 = FACE_BOUND('',#7560,.F.);
#7560 = EDGE_LOOP('',(#7561,#7582,#7583,#7584));
#7561 = ORIENTED_EDGE('',*,*,#7562,.F.);
#7562 = EDGE_CURVE('',#7419,#7518,#7563,.T.);
#7563 = SURFACE_CURVE('',#7564,(#7568,#7575),.PCURVE_S1.);
#7564 = LINE('',#7565,#7566);
#7565 = CARTESIAN_POINT('',(47.,-48.5,18.75));
#7566 = VECTOR('',#7567,1.);
#7567 = DIRECTION('',(0.,1.,0.));
#7568 = PCURVE('',#6842,#7569);
#7569 = DEFINITIONAL_REPRESENTATION('',(#7570),#7574);
#7570 = LINE('',#7571,#7572);
#7571 = CARTESIAN_POINT('',(2.,0.));
#7572 = VECTOR('',#7573,1.);
#7573 = DIRECTION('',(0.,-1.));
#7574 = ( GEOMETRIC_REPRESENTATION_CONTEXT(2) 
PARAMETRIC_REPRESENTATION_CONTEXT() REPRESENTATION_CONTEXT('2D SPACE',''
  ) );
#7575 = PCURVE('',#7434,#7576);
#7576 = DEFINITIONAL_REPRESENTATION('',(#7577),#7581);
#7577 = LINE('',#7578,#7579);
#7578 = CARTESIAN_POINT('',(95.5,0.));
#7579 = VECTOR('',#7580,1.);
#7580 = DIRECTION('',(0.,1.));
#7581 = ( GEOMETRIC_REPRESENTATION_CONTEXT(2) 
PARAMETRIC_REPRESENTATION_CONTEXT() REPRESENTATION_CONTEXT('2D SPACE',''
  ) );
#7582 = ORIENTED_EDGE('',*,*,#7446,.T.);
#7583 = ORIENTED_EDGE('',*,*,#6828,.T.);
#7584 = ORIENTED_EDGE('',*,*,#7540,.F.);
#7585 = ADVANCED_FACE('',(#7586),#6891,.F.);
#7586 = FACE_BOUND('',#7587,.T.);
#7587 = EDGE_LOOP('',(#7588,#7617,#7638,#7639));
#7588 = ORIENTED_EDGE('',*,*,#7589,.F.);
#7589 = EDGE_CURVE('',#7590,#7590,#7592,.T.);
#7590 = VERTEX_POINT('',#7591);
#7591 = CARTESIAN_POINT('',(-8.9,52.7,29.));
#7592 = SURFACE_CURVE('',#7593,(#7598,#7605),.PCURVE_S1.);
#7593 = CIRCLE('',#7594,11.1);
#7594 = AXIS2_PLACEMENT_3D('',#7595,#7596,#7597);
#7595 = CARTESIAN_POINT('',(-20.,52.7,29.));
#7596 = DIRECTION('',(-0.,1.,1.110223024625E-16));
#7597 = DIRECTION('',(1.,0.,0.));
#7598 = PCURVE('',#6891,#7599);
#7599 = DEFINITIONAL_REPRESENTATION('',(#7600),#7604);
#7600 = LINE('',#7601,#7602);
#7601 = CARTESIAN_POINT('',(-0.,0.));
#7602 = VECTOR('',#7603,1.);
#7603 = DIRECTION('',(-1.,0.));
#7604 = ( GEOMETRIC_REPRESENTATION_CONTEXT(2) 
PARAMETRIC_REPRESENTATION_CONTEXT() REPRESENTATION_CONTEXT('2D SPACE',''
  ) );
#7605 = PCURVE('',#7606,#7611);
#7606 = PLANE('',#7607);
#7607 = AXIS2_PLACEMENT_3D('',#7608,#7609,#7610);
#7608 = CARTESIAN_POINT('',(-20.,52.7,29.));
#7609 = DIRECTION('',(0.,1.,1.110223024625E-16));
#7610 = DIRECTION('',(1.,0.,0.));
#7611 = DEFINITIONAL_REPRESENTATION('',(#7612),#7616);
#7612 = CIRCLE('',#7613,11.1);
#7613 = AXIS2_PLACEMENT_2D('',#7614,#7615);
#7614 = CARTESIAN_POINT('',(0.,0.));
#7615 = DIRECTION('',(1.,0.));
#7616 = ( GEOMETRIC_REPRESENTATION_CONTEXT(2) 
PARAMETRIC_REPRESENTATION_CONTEXT() REPRESENTATION_CONTEXT('2D SPACE',''
  ) );
#7617 = ORIENTED_EDGE('',*,*,#7618,.T.);
#7618 = EDGE_CURVE('',#7590,#6871,#7619,.T.);
#7619 = SEAM_CURVE('',#7620,(#7624,#7631),.PCURVE_S1.);
#7620 = LINE('',#7621,#7622);
#7621 = CARTESIAN_POINT('',(-8.9,52.7,29.));
#7622 = VECTOR('',#7623,1.);
#7623 = DIRECTION('',(0.,1.,1.110223024625E-16));
#7624 = PCURVE('',#6891,#7625);
#7625 = DEFINITIONAL_REPRESENTATION('',(#7626),#7630);
#7626 = LINE('',#7627,#7628);
#7627 = CARTESIAN_POINT('',(-6.28318530718,0.));
#7628 = VECTOR('',#7629,1.);
#7629 = DIRECTION('',(-0.,-1.));
#7630 = ( GEOMETRIC_REPRESENTATION_CONTEXT(2) 
PARAMETRIC_REPRESENTATION_CONTEXT() REPRESENTATION_CONTEXT('2D SPACE',''
  ) );
#7631 = PCURVE('',#6891,#7632);
#7632 = DEFINITIONAL_REPRESENTATION('',(#7633),#7637);
#7633 = LINE('',#7634,#7635);
#7634 = CARTESIAN_POINT('',(-0.,0.));
#7635 = VECTOR('',#7636,1.);
#7636 = DIRECTION('',(-0.,-1.));
#7637 = ( GEOMETRIC_REPRESENTATION_CONTEXT(2) 
PARAMETRIC_REPRESENTATION_CONTEXT() REPRESENTATION_CONTEXT('2D SPACE',''
  ) );
#7638 = ORIENTED_EDGE('',*,*,#6870,.F.);
#7639 = ORIENTED_EDGE('',*,*,#7618,.F.);
#7640 = ADVANCED_FACE('',(#7641),#6930,.F.);
#7641 = FACE_BOUND('',#7642,.T.);
#7642 = EDGE_LOOP('',(#7643,#7672,#7693,#7694));
#7643 = ORIENTED_EDGE('',*,*,#7644,.F.);
#7644 = EDGE_CURVE('',#7645,#7645,#7647,.T.);
#7645 = VERTEX_POINT('',#7646);
#7646 = CARTESIAN_POINT('',(31.1,52.7,29.));
#7647 = SURFACE_CURVE('',#7648,(#7653,#7660),.PCURVE_S1.);
#7648 = CIRCLE('',#7649,11.1);
#7649 = AXIS2_PLACEMENT_3D('',#7650,#7651,#7652);
#7650 = CARTESIAN_POINT('',(20.,52.7,29.));
#7651 = DIRECTION('',(-0.,1.,1.110223024625E-16));
#7652 = DIRECTION('',(1.,0.,0.));
#7653 = PCURVE('',#6930,#7654);
#7654 = DEFINITIONAL_REPRESENTATION('',(#7655),#7659);
#7655 = LINE('',#7656,#7657);
#7656 = CARTESIAN_POINT('',(-0.,0.));
#7657 = VECTOR('',#7658,1.);
#7658 = DIRECTION('',(-1.,0.));
#7659 = ( GEOMETRIC_REPRESENTATION_CONTEXT(2) 
PARAMETRIC_REPRESENTATION_CONTEXT() REPRESENTATION_CONTEXT('2D SPACE',''
  ) );
#7660 = PCURVE('',#7661,#7666);
#7661 = PLANE('',#7662);
#7662 = AXIS2_PLACEMENT_3D('',#7663,#7664,#7665);
#7663 = CARTESIAN_POINT('',(20.,52.7,29.));
#7664 = DIRECTION('',(0.,1.,1.110223024625E-16));
#7665 = DIRECTION('',(1.,0.,0.));
#7666 = DEFINITIONAL_REPRESENTATION('',(#7667),#7671);
#7667 = CIRCLE('',#7668,11.1);
#7668 = AXIS2_PLACEMENT_2D('',#7669,#7670);
#7669 = CARTESIAN_POINT('',(0.,0.));
#7670 = DIRECTION('',(1.,0.));
#7671 = ( GEOMETRIC_REPRESENTATION_CONTEXT(2) 
PARAMETRIC_REPRESENTATION_CONTEXT() REPRESENTATION_CONTEXT('2D SPACE',''
  ) );
#7672 = ORIENTED_EDGE('',*,*,#7673,.T.);
#7673 = EDGE_CURVE('',#7645,#6910,#7674,.T.);
#7674 = SEAM_CURVE('',#7675,(#7679,#7686),.PCURVE_S1.);
#7675 = LINE('',#7676,#7677);
#7676 = CARTESIAN_POINT('',(31.1,52.7,29.));
#7677 = VECTOR('',#7678,1.);
#7678 = DIRECTION('',(0.,1.,1.110223024625E-16));
#7679 = PCURVE('',#6930,#7680);
#7680 = DEFINITIONAL_REPRESENTATION('',(#7681),#7685);
#7681 = LINE('',#7682,#7683);
#7682 = CARTESIAN_POINT('',(-6.28318530718,0.));
#7683 = VECTOR('',#7684,1.);
#7684 = DIRECTION('',(-0.,-1.));
#7685 = ( GEOMETRIC_REPRESENTATION_CONTEXT(2) 
PARAMETRIC_REPRESENTATION_CONTEXT() REPRESENTATION_CONTEXT('2D SPACE',''
  ) );
#7686 = PCURVE('',#6930,#7687);
#7687 = DEFINITIONAL_REPRESENTATION('',(#7688),#7692);
#7688 = LINE('',#7689,#7690);
#7689 = CARTESIAN_POINT('',(-0.,0.));
#7690 = VECTOR('',#7691,1.);
#7691 = DIRECTION('',(-0.,-1.));
#7692 = ( GEOMETRIC_REPRESENTATION_CONTEXT(2) 
PARAMETRIC_REPRESENTATION_CONTEXT() REPRESENTATION_CONTEXT('2D SPACE',''
  ) );
#7693 = ORIENTED_EDGE('',*,*,#6909,.F.);
#7694 = ORIENTED_EDGE('',*,*,#7673,.F.);
#7695 = ADVANCED_FACE('',(#7696),#6969,.F.);
#7696 = FACE_BOUND('',#7697,.T.);
#7697 = EDGE_LOOP('',(#7698,#7727,#7748,#7749));
#7698 = ORIENTED_EDGE('',*,*,#7699,.F.);
#7699 = EDGE_CURVE('',#7700,#7700,#7702,.T.);
#7700 = VERTEX_POINT('',#7701);
#7701 = CARTESIAN_POINT('',(52.7,20.,17.9));
#7702 = SURFACE_CURVE('',#7703,(#7708,#7715),.PCURVE_S1.);
#7703 = CIRCLE('',#7704,11.1);
#7704 = AXIS2_PLACEMENT_3D('',#7705,#7706,#7707);
#7705 = CARTESIAN_POINT('',(52.7,20.,29.));
#7706 = DIRECTION('',(1.,-0.,1.110223024625E-16));
#7707 = DIRECTION('',(1.110223024625E-16,0.,-1.));
#7708 = PCURVE('',#6969,#7709);
#7709 = DEFINITIONAL_REPRESENTATION('',(#7710),#7714);
#7710 = LINE('',#7711,#7712);
#7711 = CARTESIAN_POINT('',(-0.,0.));
#7712 = VECTOR('',#7713,1.);
#7713 = DIRECTION('',(-1.,0.));
#7714 = ( GEOMETRIC_REPRESENTATION_CONTEXT(2) 
PARAMETRIC_REPRESENTATION_CONTEXT() REPRESENTATION_CONTEXT('2D SPACE',''
  ) );
#7715 = PCURVE('',#7716,#7721);
#7716 = PLANE('',#7717);
#7717 = AXIS2_PLACEMENT_3D('',#7718,#7719,#7720);
#7718 = CARTESIAN_POINT('',(52.7,20.,29.));
#7719 = DIRECTION('',(1.,0.,1.110223024625E-16));
#7720 = DIRECTION('',(1.110223024625E-16,0.,-1.));
#7721 = DEFINITIONAL_REPRESENTATION('',(#7722),#7726);
#7722 = CIRCLE('',#7723,11.1);
#7723 = AXIS2_PLACEMENT_2D('',#7724,#7725);
#7724 = CARTESIAN_POINT('',(0.,0.));
#7725 = DIRECTION('',(1.,0.));
#7726 = ( GEOMETRIC_REPRESENTATION_CONTEXT(2) 
PARAMETRIC_REPRESENTATION_CONTEXT() REPRESENTATION_CONTEXT('2D SPACE',''
  ) );
#7727 = ORIENTED_EDGE('',*,*,#7728,.T.);
#7728 = EDGE_CURVE('',#7700,#6949,#7729,.T.);
#7729 = SEAM_CURVE('',#7730,(#7734,#7741),.PCURVE_S1.);
#7730 = LINE('',#7731,#7732);
#7731 = CARTESIAN_POINT('',(52.7,20.,17.9));
#7732 = VECTOR('',#7733,1.);
#7733 = DIRECTION('',(1.,0.,1.110223024625E-16));
#7734 = PCURVE('',#6969,#7735);
#7735 = DEFINITIONAL_REPRESENTATION('',(#7736),#7740);
#7736 = LINE('',#7737,#7738);
#7737 = CARTESIAN_POINT('',(-6.28318530718,0.));
#7738 = VECTOR('',#7739,1.);
#7739 = DIRECTION('',(-0.,-1.));
#7740 = ( GEOMETRIC_REPRESENTATION_CONTEXT(2) 
PARAMETRIC_REPRESENTATION_CONTEXT() REPRESENTATION_CONTEXT('2D SPACE',''
  ) );
#7741 = PCURVE('',#6969,#7742);
#7742 = DEFINITIONAL_REPRESENTATION('',(#7743),#7747);
#7743 = LINE('',#7744,#7745);
#7744 = CARTESIAN_POINT('',(-0.,0.));
#7745 = VECTOR('',#7746,1.);
#7746 = DIRECTION('',(-0.,-1.));
#7747 = ( GEOMETRIC_REPRESENTATION_CONTEXT(2) 
PARAMETRIC_REPRESENTATION_CONTEXT() REPRESENTATION_CONTEXT('2D SPACE',''
  ) );
#7748 = ORIENTED_EDGE('',*,*,#6948,.F.);
#7749 = ORIENTED_EDGE('',*,*,#7728,.F.);
#7750 = ADVANCED_FACE('',(#7751),#7008,.F.);
#7751 = FACE_BOUND('',#7752,.T.);
#7752 = EDGE_LOOP('',(#7753,#7782,#7803,#7804));
#7753 = ORIENTED_EDGE('',*,*,#7754,.F.);
#7754 = EDGE_CURVE('',#7755,#7755,#7757,.T.);
#7755 = VERTEX_POINT('',#7756);
#7756 = CARTESIAN_POINT('',(52.7,-20.,17.9));
#7757 = SURFACE_CURVE('',#7758,(#7763,#7770),.PCURVE_S1.);
#7758 = CIRCLE('',#7759,11.1);
#7759 = AXIS2_PLACEMENT_3D('',#7760,#7761,#7762);
#7760 = CARTESIAN_POINT('',(52.7,-20.,29.));
#7761 = DIRECTION('',(1.,-0.,1.110223024625E-16));
#7762 = DIRECTION('',(1.110223024625E-16,0.,-1.));
#7763 = PCURVE('',#7008,#7764);
#7764 = DEFINITIONAL_REPRESENTATION('',(#7765),#7769);
#7765 = LINE('',#7766,#7767);
#7766 = CARTESIAN_POINT('',(-0.,0.));
#7767 = VECTOR('',#7768,1.);
#7768 = DIRECTION('',(-1.,0.));
#7769 = ( GEOMETRIC_REPRESENTATION_CONTEXT(2) 
PARAMETRIC_REPRESENTATION_CONTEXT() REPRESENTATION_CONTEXT('2D SPACE',''
  ) );
#7770 = PCURVE('',#7771,#7776);
#7771 = PLANE('',#7772);
#7772 = AXIS2_PLACEMENT_3D('',#7773,#7774,#7775);
#7773 = CARTESIAN_POINT('',(52.7,-20.,29.));
#7774 = DIRECTION('',(1.,0.,1.110223024625E-16));
#7775 = DIRECTION('',(1.110223024625E-16,0.,-1.));
#7776 = DEFINITIONAL_REPRESENTATION('',(#7777),#7781);
#7777 = CIRCLE('',#7778,11.1);
#7778 = AXIS2_PLACEMENT_2D('',#7779,#7780);
#7779 = CARTESIAN_POINT('',(0.,0.));
#7780 = DIRECTION('',(1.,0.));
#7781 = ( GEOMETRIC_REPRESENTATION_CONTEXT(2) 
PARAMETRIC_REPRESENTATION_CONTEXT() REPRESENTATION_CONTEXT('2D SPACE',''
  ) );
#7782 = ORIENTED_EDGE('',*,*,#7783,.T.);
#7783 = EDGE_CURVE('',#7755,#6988,#7784,.T.);
#7784 = SEAM_CURVE('',#7785,(#7789,#7796),.PCURVE_S1.);
#7785 = LINE('',#7786,#7787);
#7786 = CARTESIAN_POINT('',(52.7,-20.,17.9));
#7787 = VECTOR('',#7788,1.);
#7788 = DIRECTION('',(1.,0.,1.110223024625E-16));
#7789 = PCURVE('',#7008,#7790);
#7790 = DEFINITIONAL_REPRESENTATION('',(#7791),#7795);
#7791 = LINE('',#7792,#7793);
#7792 = CARTESIAN_POINT('',(-6.28318530718,0.));
#7793 = VECTOR('',#7794,1.);
#7794 = DIRECTION('',(-0.,-1.));
#7795 = ( GEOMETRIC_REPRESENTATION_CONTEXT(2) 
PARAMETRIC_REPRESENTATION_CONTEXT() REPRESENTATION_CONTEXT('2D SPACE',''
  ) );
#7796 = PCURVE('',#7008,#7797);
#7797 = DEFINITIONAL_REPRESENTATION('',(#7798),#7802);
#7798 = LINE('',#7799,#7800);
#7799 = CARTESIAN_POINT('',(-0.,0.));
#7800 = VECTOR('',#7801,1.);
#7801 = DIRECTION('',(-0.,-1.));
#7802 = ( GEOMETRIC_REPRESENTATION_CONTEXT(2) 
PARAMETRIC_REPRESENTATION_CONTEXT() REPRESENTATION_CONTEXT('2D SPACE',''
  ) );
#7803 = ORIENTED_EDGE('',*,*,#6987,.F.);
#7804 = ORIENTED_EDGE('',*,*,#7783,.F.);
#7805 = ADVANCED_FACE('',(#7806,#7812),#7041,.F.);
#7806 = FACE_BOUND('',#7807,.F.);
#7807 = EDGE_LOOP('',(#7808,#7809,#7810,#7811));
#7808 = ORIENTED_EDGE('',*,*,#7023,.F.);
#7809 = ORIENTED_EDGE('',*,*,#7097,.T.);
#7810 = ORIENTED_EDGE('',*,*,#7142,.T.);
#7811 = ORIENTED_EDGE('',*,*,#7191,.F.);
#7812 = FACE_BOUND('',#7813,.F.);
#7813 = EDGE_LOOP('',(#7814,#7849,#7877,#7910,#7938,#7971,#7999,#8032));
#7814 = ORIENTED_EDGE('',*,*,#7815,.F.);
#7815 = EDGE_CURVE('',#7816,#7818,#7820,.T.);
#7816 = VERTEX_POINT('',#7817);
#7817 = CARTESIAN_POINT('',(48.5,-43.5,30.5));
#7818 = VERTEX_POINT('',#7819);
#7819 = CARTESIAN_POINT('',(43.5,-48.5,30.5));
#7820 = SURFACE_CURVE('',#7821,(#7826,#7837),.PCURVE_S1.);
#7821 = CIRCLE('',#7822,5.);
#7822 = AXIS2_PLACEMENT_3D('',#7823,#7824,#7825);
#7823 = CARTESIAN_POINT('',(43.5,-43.5,30.5));
#7824 = DIRECTION('',(0.,0.,-1.));
#7825 = DIRECTION('',(1.,0.,0.));
#7826 = PCURVE('',#7041,#7827);
#7827 = DEFINITIONAL_REPRESENTATION('',(#7828),#7836);
#7828 = ( BOUNDED_CURVE() B_SPLINE_CURVE(2,(#7829,#7830,#7831,#7832,
#7833,#7834,#7835),.UNSPECIFIED.,.T.,.F.) B_SPLINE_CURVE_WITH_KNOTS((1,2
    ,2,2,2,1),(-2.094395102393,0.,2.094395102393,4.188790204786,
6.28318530718,8.377580409573),.UNSPECIFIED.) CURVE() 
GEOMETRIC_REPRESENTATION_ITEM() RATIONAL_B_SPLINE_CURVE((1.,0.5,1.,0.5,
1.,0.5,1.)) REPRESENTATION_ITEM('') );
#7829 = CARTESIAN_POINT('',(97.,5.));
#7830 = CARTESIAN_POINT('',(97.,-3.660254037844));
#7831 = CARTESIAN_POINT('',(89.5,0.669872981078));
#7832 = CARTESIAN_POINT('',(82.,5.));
#7833 = CARTESIAN_POINT('',(89.5,9.330127018922));
#7834 = CARTESIAN_POINT('',(97.,13.660254037844));
#7835 = CARTESIAN_POINT('',(97.,5.));
#7836 = ( GEOMETRIC_REPRESENTATION_CONTEXT(2) 
PARAMETRIC_REPRESENTATION_CONTEXT() REPRESENTATION_CONTEXT('2D SPACE',''
  ) );
#7837 = PCURVE('',#7838,#7843);
#7838 = CYLINDRICAL_SURFACE('',#7839,5.);
#7839 = AXIS2_PLACEMENT_3D('',#7840,#7841,#7842);
#7840 = CARTESIAN_POINT('',(43.5,-43.5,3.));
#7841 = DIRECTION('',(0.,0.,1.));
#7842 = DIRECTION('',(1.,0.,-0.));
#7843 = DEFINITIONAL_REPRESENTATION('',(#7844),#7848);
#7844 = LINE('',#7845,#7846);
#7845 = CARTESIAN_POINT('',(-0.,27.5));
#7846 = VECTOR('',#7847,1.);
#7847 = DIRECTION('',(-1.,-0.));
#7848 = ( GEOMETRIC_REPRESENTATION_CONTEXT(2) 
PARAMETRIC_REPRESENTATION_CONTEXT() REPRESENTATION_CONTEXT('2D SPACE',''
  ) );
#7849 = ORIENTED_EDGE('',*,*,#7850,.T.);
#7850 = EDGE_CURVE('',#7816,#7851,#7853,.T.);
#7851 = VERTEX_POINT('',#7852);
#7852 = CARTESIAN_POINT('',(48.5,43.5,30.5));
#7853 = SURFACE_CURVE('',#7854,(#7858,#7865),.PCURVE_S1.);
#7854 = LINE('',#7855,#7856);
#7855 = CARTESIAN_POINT('',(48.5,-48.5,30.5));
#7856 = VECTOR('',#7857,1.);
#7857 = DIRECTION('',(0.,1.,0.));
#7858 = PCURVE('',#7041,#7859);
#7859 = DEFINITIONAL_REPRESENTATION('',(#7860),#7864);
#7860 = LINE('',#7861,#7862);
#7861 = CARTESIAN_POINT('',(97.,0.));
#7862 = VECTOR('',#7863,1.);
#7863 = DIRECTION('',(0.,1.));
#7864 = ( GEOMETRIC_REPRESENTATION_CONTEXT(2) 
PARAMETRIC_REPRESENTATION_CONTEXT() REPRESENTATION_CONTEXT('2D SPACE',''
  ) );
#7865 = PCURVE('',#7866,#7871);
#7866 = PLANE('',#7867);
#7867 = AXIS2_PLACEMENT_3D('',#7868,#7869,#7870);
#7868 = CARTESIAN_POINT('',(48.5,-48.5,3.));
#7869 = DIRECTION('',(1.,0.,0.));
#7870 = DIRECTION('',(0.,0.,1.));
#7871 = DEFINITIONAL_REPRESENTATION('',(#7872),#7876);
#7872 = LINE('',#7873,#7874);
#7873 = CARTESIAN_POINT('',(27.5,0.));
#7874 = VECTOR('',#7875,1.);
#7875 = DIRECTION('',(0.,-1.));
#7876 = ( GEOMETRIC_REPRESENTATION_CONTEXT(2) 
PARAMETRIC_REPRESENTATION_CONTEXT() REPRESENTATION_CONTEXT('2D SPACE',''
  ) );
#7877 = ORIENTED_EDGE('',*,*,#7878,.F.);
#7878 = EDGE_CURVE('',#7879,#7851,#7881,.T.);
#7879 = VERTEX_POINT('',#7880);
#7880 = CARTESIAN_POINT('',(43.5,48.5,30.5));
#7881 = SURFACE_CURVE('',#7882,(#7887,#7898),.PCURVE_S1.);
#7882 = CIRCLE('',#7883,5.);
#7883 = AXIS2_PLACEMENT_3D('',#7884,#7885,#7886);
#7884 = CARTESIAN_POINT('',(43.5,43.5,30.5));
#7885 = DIRECTION('',(0.,0.,-1.));
#7886 = DIRECTION('',(0.,1.,0.));
#7887 = PCURVE('',#7041,#7888);
#7888 = DEFINITIONAL_REPRESENTATION('',(#7889),#7897);
#7889 = ( BOUNDED_CURVE() B_SPLINE_CURVE(2,(#7890,#7891,#7892,#7893,
#7894,#7895,#7896),.UNSPECIFIED.,.T.,.F.) B_SPLINE_CURVE_WITH_KNOTS((1,2
    ,2,2,2,1),(-2.094395102393,0.,2.094395102393,4.188790204786,
6.28318530718,8.377580409573),.UNSPECIFIED.) CURVE() 
GEOMETRIC_REPRESENTATION_ITEM() RATIONAL_B_SPLINE_CURVE((1.,0.5,1.,0.5,
1.,0.5,1.)) REPRESENTATION_ITEM('') );
#7890 = CARTESIAN_POINT('',(92.,97.));
#7891 = CARTESIAN_POINT('',(100.66025403784,97.));
#7892 = CARTESIAN_POINT('',(96.330127018922,89.5));
#7893 = CARTESIAN_POINT('',(92.,82.));
#7894 = CARTESIAN_POINT('',(87.669872981078,89.5));
#7895 = CARTESIAN_POINT('',(83.339745962156,97.));
#7896 = CARTESIAN_POINT('',(92.,97.));
#7897 = ( GEOMETRIC_REPRESENTATION_CONTEXT(2) 
PARAMETRIC_REPRESENTATION_CONTEXT() REPRESENTATION_CONTEXT('2D SPACE',''
  ) );
#7898 = PCURVE('',#7899,#7904);
#7899 = CYLINDRICAL_SURFACE('',#7900,5.);
#7900 = AXIS2_PLACEMENT_3D('',#7901,#7902,#7903);
#7901 = CARTESIAN_POINT('',(43.5,43.5,3.));
#7902 = DIRECTION('',(0.,0.,1.));
#7903 = DIRECTION('',(1.,0.,-0.));
#7904 = DEFINITIONAL_REPRESENTATION('',(#7905),#7909);
#7905 = LINE('',#7906,#7907);
#7906 = CARTESIAN_POINT('',(1.570796326795,27.5));
#7907 = VECTOR('',#7908,1.);
#7908 = DIRECTION('',(-1.,-0.));
#7909 = ( GEOMETRIC_REPRESENTATION_CONTEXT(2) 
PARAMETRIC_REPRESENTATION_CONTEXT() REPRESENTATION_CONTEXT('2D SPACE',''
  ) );
#7910 = ORIENTED_EDGE('',*,*,#7911,.F.);
#7911 = EDGE_CURVE('',#7912,#7879,#7914,.T.);
#7912 = VERTEX_POINT('',#7913);
#7913 = CARTESIAN_POINT('',(-43.5,48.5,30.5));
#7914 = SURFACE_CURVE('',#7915,(#7919,#7926),.PCURVE_S1.);
#7915 = LINE('',#7916,#7917);
#7916 = CARTESIAN_POINT('',(-48.5,48.5,30.5));
#7917 = VECTOR('',#7918,1.);
#7918 = DIRECTION('',(1.,0.,0.));
#7919 = PCURVE('',#7041,#7920);
#7920 = DEFINITIONAL_REPRESENTATION('',(#7921),#7925);
#7921 = LINE('',#7922,#7923);
#7922 = CARTESIAN_POINT('',(0.,97.));
#7923 = VECTOR('',#7924,1.);
#7924 = DIRECTION('',(1.,0.));
#7925 = ( GEOMETRIC_REPRESENTATION_CONTEXT(2) 
PARAMETRIC_REPRESENTATION_CONTEXT() REPRESENTATION_CONTEXT('2D SPACE',''
  ) );
#7926 = PCURVE('',#7927,#7932);
#7927 = PLANE('',#7928);
#7928 = AXIS2_PLACEMENT_3D('',#7929,#7930,#7931);
#7929 = CARTESIAN_POINT('',(-48.5,48.5,3.));
#7930 = DIRECTION('',(0.,1.,0.));
#7931 = DIRECTION('',(0.,0.,1.));
#7932 = DEFINITIONAL_REPRESENTATION('',(#7933),#7937);
#7933 = LINE('',#7934,#7935);
#7934 = CARTESIAN_POINT('',(27.5,0.));
#7935 = VECTOR('',#7936,1.);
#7936 = DIRECTION('',(0.,1.));
#7937 = ( GEOMETRIC_REPRESENTATION_CONTEXT(2) 
PARAMETRIC_REPRESENTATION_CONTEXT() REPRESENTATION_CONTEXT('2D SPACE',''
  ) );
#7938 = ORIENTED_EDGE('',*,*,#7939,.F.);
#7939 = EDGE_CURVE('',#7940,#7912,#7942,.T.);
#7940 = VERTEX_POINT('',#7941);
#7941 = CARTESIAN_POINT('',(-48.5,43.5,30.5));
#7942 = SURFACE_CURVE('',#7943,(#7948,#7959),.PCURVE_S1.);
#7943 = CIRCLE('',#7944,5.);
#7944 = AXIS2_PLACEMENT_3D('',#7945,#7946,#7947);
#7945 = CARTESIAN_POINT('',(-43.5,43.5,30.5));
#7946 = DIRECTION('',(0.,0.,-1.));
#7947 = DIRECTION('',(-1.,0.,0.));
#7948 = PCURVE('',#7041,#7949);
#7949 = DEFINITIONAL_REPRESENTATION('',(#7950),#7958);
#7950 = ( BOUNDED_CURVE() B_SPLINE_CURVE(2,(#7951,#7952,#7953,#7954,
#7955,#7956,#7957),.UNSPECIFIED.,.T.,.F.) B_SPLINE_CURVE_WITH_KNOTS((1,2
    ,2,2,2,1),(-2.094395102393,0.,2.094395102393,4.188790204786,
6.28318530718,8.377580409573),.UNSPECIFIED.) CURVE() 
GEOMETRIC_REPRESENTATION_ITEM() RATIONAL_B_SPLINE_CURVE((1.,0.5,1.,0.5,
1.,0.5,1.)) REPRESENTATION_ITEM('') );
#7951 = CARTESIAN_POINT('',(0.,92.));
#7952 = CARTESIAN_POINT('',(0.,100.66025403784));
#7953 = CARTESIAN_POINT('',(7.5,96.330127018922));
#7954 = CARTESIAN_POINT('',(15.,92.));
#7955 = CARTESIAN_POINT('',(7.5,87.669872981078));
#7956 = CARTESIAN_POINT('',(7.993605777301E-15,83.339745962156));
#7957 = CARTESIAN_POINT('',(0.,92.));
#7958 = ( GEOMETRIC_REPRESENTATION_CONTEXT(2) 
PARAMETRIC_REPRESENTATION_CONTEXT() REPRESENTATION_CONTEXT('2D SPACE',''
  ) );
#7959 = PCURVE('',#7960,#7965);
#7960 = CYLINDRICAL_SURFACE('',#7961,5.);
#7961 = AXIS2_PLACEMENT_3D('',#7962,#7963,#7964);
#7962 = CARTESIAN_POINT('',(-43.5,43.5,3.));
#7963 = DIRECTION('',(0.,0.,1.));
#7964 = DIRECTION('',(-1.,-0.,0.));
#7965 = DEFINITIONAL_REPRESENTATION('',(#7966),#7970);
#7966 = LINE('',#7967,#7968);
#7967 = CARTESIAN_POINT('',(-0.,27.5));
#7968 = VECTOR('',#7969,1.);
#7969 = DIRECTION('',(-1.,-0.));
#7970 = ( GEOMETRIC_REPRESENTATION_CONTEXT(2) 
PARAMETRIC_REPRESENTATION_CONTEXT() REPRESENTATION_CONTEXT('2D SPACE',''
  ) );
#7971 = ORIENTED_EDGE('',*,*,#7972,.F.);
#7972 = EDGE_CURVE('',#7973,#7940,#7975,.T.);
#7973 = VERTEX_POINT('',#7974);
#7974 = CARTESIAN_POINT('',(-48.5,-43.5,30.5));
#7975 = SURFACE_CURVE('',#7976,(#7980,#7987),.PCURVE_S1.);
#7976 = LINE('',#7977,#7978);
#7977 = CARTESIAN_POINT('',(-48.5,-48.5,30.5));
#7978 = VECTOR('',#7979,1.);
#7979 = DIRECTION('',(0.,1.,0.));
#7980 = PCURVE('',#7041,#7981);
#7981 = DEFINITIONAL_REPRESENTATION('',(#7982),#7986);
#7982 = LINE('',#7983,#7984);
#7983 = CARTESIAN_POINT('',(0.,0.));
#7984 = VECTOR('',#7985,1.);
#7985 = DIRECTION('',(0.,1.));
#7986 = ( GEOMETRIC_REPRESENTATION_CONTEXT(2) 
PARAMETRIC_REPRESENTATION_CONTEXT() REPRESENTATION_CONTEXT('2D SPACE',''
  ) );
#7987 = PCURVE('',#7988,#7993);
#7988 = PLANE('',#7989);
#7989 = AXIS2_PLACEMENT_3D('',#7990,#7991,#7992);
#7990 = CARTESIAN_POINT('',(-48.5,-48.5,3.));
#7991 = DIRECTION('',(1.,0.,0.));
#7992 = DIRECTION('',(0.,0.,1.));
#7993 = DEFINITIONAL_REPRESENTATION('',(#7994),#7998);
#7994 = LINE('',#7995,#7996);
#7995 = CARTESIAN_POINT('',(27.5,0.));
#7996 = VECTOR('',#7997,1.);
#7997 = DIRECTION('',(0.,-1.));
#7998 = ( GEOMETRIC_REPRESENTATION_CONTEXT(2) 
PARAMETRIC_REPRESENTATION_CONTEXT() REPRESENTATION_CONTEXT('2D SPACE',''
  ) );
#7999 = ORIENTED_EDGE('',*,*,#8000,.F.);
#8000 = EDGE_CURVE('',#8001,#7973,#8003,.T.);
#8001 = VERTEX_POINT('',#8002);
#8002 = CARTESIAN_POINT('',(-43.5,-48.5,30.5));
#8003 = SURFACE_CURVE('',#8004,(#8009,#8020),.PCURVE_S1.);
#8004 = CIRCLE('',#8005,5.);
#8005 = AXIS2_PLACEMENT_3D('',#8006,#8007,#8008);
#8006 = CARTESIAN_POINT('',(-43.5,-43.5,30.5));
#8007 = DIRECTION('',(0.,-0.,-1.));
#8008 = DIRECTION('',(0.,-1.,0.));
#8009 = PCURVE('',#7041,#8010);
#8010 = DEFINITIONAL_REPRESENTATION('',(#8011),#8019);
#8011 = ( BOUNDED_CURVE() B_SPLINE_CURVE(2,(#8012,#8013,#8014,#8015,
#8016,#8017,#8018),.UNSPECIFIED.,.T.,.F.) B_SPLINE_CURVE_WITH_KNOTS((1,2
    ,2,2,2,1),(-2.094395102393,0.,2.094395102393,4.188790204786,
6.28318530718,8.377580409573),.UNSPECIFIED.) CURVE() 
GEOMETRIC_REPRESENTATION_ITEM() RATIONAL_B_SPLINE_CURVE((1.,0.5,1.,0.5,
1.,0.5,1.)) REPRESENTATION_ITEM('') );
#8012 = CARTESIAN_POINT('',(5.,0.));
#8013 = CARTESIAN_POINT('',(-3.660254037844,0.));
#8014 = CARTESIAN_POINT('',(0.669872981078,7.5));
#8015 = CARTESIAN_POINT('',(5.,15.));
#8016 = CARTESIAN_POINT('',(9.330127018922,7.5));
#8017 = CARTESIAN_POINT('',(13.660254037844,7.993605777301E-15));
#8018 = CARTESIAN_POINT('',(5.,0.));
#8019 = ( GEOMETRIC_REPRESENTATION_CONTEXT(2) 
PARAMETRIC_REPRESENTATION_CONTEXT() REPRESENTATION_CONTEXT('2D SPACE',''
  ) );
#8020 = PCURVE('',#8021,#8026);
#8021 = CYLINDRICAL_SURFACE('',#8022,5.);
#8022 = AXIS2_PLACEMENT_3D('',#8023,#8024,#8025);
#8023 = CARTESIAN_POINT('',(-43.5,-43.5,3.));
#8024 = DIRECTION('',(0.,0.,1.));
#8025 = DIRECTION('',(-1.,-0.,0.));
#8026 = DEFINITIONAL_REPRESENTATION('',(#8027),#8031);
#8027 = LINE('',#8028,#8029);
#8028 = CARTESIAN_POINT('',(1.570796326795,27.5));
#8029 = VECTOR('',#8030,1.);
#8030 = DIRECTION('',(-1.,-0.));
#8031 = ( GEOMETRIC_REPRESENTATION_CONTEXT(2) 
PARAMETRIC_REPRESENTATION_CONTEXT() REPRESENTATION_CONTEXT('2D SPACE',''
  ) );
#8032 = ORIENTED_EDGE('',*,*,#8033,.T.);
#8033 = EDGE_CURVE('',#8001,#7818,#8034,.T.);
#8034 = SURFACE_CURVE('',#8035,(#8039,#8046),.PCURVE_S1.);
#8035 = LINE('',#8036,#8037);
#8036 = CARTESIAN_POINT('',(-48.5,-48.5,30.5));
#8037 = VECTOR('',#8038,1.);
#8038 = DIRECTION('',(1.,0.,0.));
#8039 = PCURVE('',#7041,#8040);
#8040 = DEFINITIONAL_REPRESENTATION('',(#8041),#8045);
#8041 = LINE('',#8042,#8043);
#8042 = CARTESIAN_POINT('',(0.,0.));
#8043 = VECTOR('',#8044,1.);
#8044 = DIRECTION('',(1.,0.));
#8045 = ( GEOMETRIC_REPRESENTATION_CONTEXT(2) 
PARAMETRIC_REPRESENTATION_CONTEXT() REPRESENTATION_CONTEXT('2D SPACE',''
  ) );
#8046 = PCURVE('',#8047,#8052);
#8047 = PLANE('',#8048);
#8048 = AXIS2_PLACEMENT_3D('',#8049,#8050,#8051);
#8049 = CARTESIAN_POINT('',(-48.5,-48.5,3.));
#8050 = DIRECTION('',(0.,1.,0.));
#8051 = DIRECTION('',(0.,0.,1.));
#8052 = DEFINITIONAL_REPRESENTATION('',(#8053),#8057);
#8053 = LINE('',#8054,#8055);
#8054 = CARTESIAN_POINT('',(27.5,0.));
#8055 = VECTOR('',#8056,1.);
#8056 = DIRECTION('',(0.,1.));
#8057 = ( GEOMETRIC_REPRESENTATION_CONTEXT(2) 
PARAMETRIC_REPRESENTATION_CONTEXT() REPRESENTATION_CONTEXT('2D SPACE',''
  ) );
#8058 = ADVANCED_FACE('',(#8059),#7236,.T.);
#8059 = FACE_BOUND('',#8060,.F.);
#8060 = EDGE_LOOP('',(#8061,#8084,#8085,#8086));
#8061 = ORIENTED_EDGE('',*,*,#8062,.F.);
#8062 = EDGE_CURVE('',#7220,#8063,#8065,.T.);
#8063 = VERTEX_POINT('',#8064);
#8064 = CARTESIAN_POINT('',(-53.5,20.,38.9));
#8065 = SEAM_CURVE('',#8066,(#8070,#8077),.PCURVE_S1.);
#8066 = LINE('',#8067,#8068);
#8067 = CARTESIAN_POINT('',(-52.7,20.,38.9));
#8068 = VECTOR('',#8069,1.);
#8069 = DIRECTION('',(-1.,0.,1.110223024625E-16));
#8070 = PCURVE('',#7236,#8071);
#8071 = DEFINITIONAL_REPRESENTATION('',(#8072),#8076);
#8072 = LINE('',#8073,#8074);
#8073 = CARTESIAN_POINT('',(-6.28318530718,0.));
#8074 = VECTOR('',#8075,1.);
#8075 = DIRECTION('',(-0.,-1.));
#8076 = ( GEOMETRIC_REPRESENTATION_CONTEXT(2) 
PARAMETRIC_REPRESENTATION_CONTEXT() REPRESENTATION_CONTEXT('2D SPACE',''
  ) );
#8077 = PCURVE('',#7236,#8078);
#8078 = DEFINITIONAL_REPRESENTATION('',(#8079),#8083);
#8079 = LINE('',#8080,#8081);
#8080 = CARTESIAN_POINT('',(-0.,0.));
#8081 = VECTOR('',#8082,1.);
#8082 = DIRECTION('',(-0.,-1.));
#8083 = ( GEOMETRIC_REPRESENTATION_CONTEXT(2) 
PARAMETRIC_REPRESENTATION_CONTEXT() REPRESENTATION_CONTEXT('2D SPACE',''
  ) );
#8084 = ORIENTED_EDGE('',*,*,#7219,.F.);
#8085 = ORIENTED_EDGE('',*,*,#8062,.T.);
#8086 = ORIENTED_EDGE('',*,*,#8087,.F.);
#8087 = EDGE_CURVE('',#8063,#8063,#8088,.T.);
#8088 = SURFACE_CURVE('',#8089,(#8094,#8101),.PCURVE_S1.);
#8089 = CIRCLE('',#8090,9.9);
#8090 = AXIS2_PLACEMENT_3D('',#8091,#8092,#8093);
#8091 = CARTESIAN_POINT('',(-53.5,20.,29.));
#8092 = DIRECTION('',(1.,0.,-1.110223024625E-16));
#8093 = DIRECTION('',(1.110223024625E-16,0.,1.));
#8094 = PCURVE('',#7236,#8095);
#8095 = DEFINITIONAL_REPRESENTATION('',(#8096),#8100);
#8096 = LINE('',#8097,#8098);
#8097 = CARTESIAN_POINT('',(-6.28318530718,-0.8));
#8098 = VECTOR('',#8099,1.);
#8099 = DIRECTION('',(1.,-0.));
#8100 = ( GEOMETRIC_REPRESENTATION_CONTEXT(2) 
PARAMETRIC_REPRESENTATION_CONTEXT() REPRESENTATION_CONTEXT('2D SPACE',''
  ) );
#8101 = PCURVE('',#8102,#8107);
#8102 = PLANE('',#8103);
#8103 = AXIS2_PLACEMENT_3D('',#8104,#8105,#8106);
#8104 = CARTESIAN_POINT('',(-53.5,20.,29.));
#8105 = DIRECTION('',(-1.,0.,1.110223024625E-16));
#8106 = DIRECTION('',(1.110223024625E-16,0.,1.));
#8107 = DEFINITIONAL_REPRESENTATION('',(#8108),#8116);
#8108 = ( BOUNDED_CURVE() B_SPLINE_CURVE(2,(#8109,#8110,#8111,#8112,
#8113,#8114,#8115),.UNSPECIFIED.,.T.,.F.) B_SPLINE_CURVE_WITH_KNOTS((1,2
    ,2,2,2,1),(-2.094395102393,0.,2.094395102393,4.188790204786,
6.28318530718,8.377580409573),.UNSPECIFIED.) CURVE() 
GEOMETRIC_REPRESENTATION_ITEM() RATIONAL_B_SPLINE_CURVE((1.,0.5,1.,0.5,
1.,0.5,1.)) REPRESENTATION_ITEM('') );
#8109 = CARTESIAN_POINT('',(9.9,0.));
#8110 = CARTESIAN_POINT('',(9.9,-17.14730299493));
#8111 = CARTESIAN_POINT('',(-4.95,-8.573651497466));
#8112 = CARTESIAN_POINT('',(-19.8,-2.424800662312E-15));
#8113 = CARTESIAN_POINT('',(-4.95,8.573651497466));
#8114 = CARTESIAN_POINT('',(9.9,17.147302994932));
#8115 = CARTESIAN_POINT('',(9.9,0.));
#8116 = ( GEOMETRIC_REPRESENTATION_CONTEXT(2) 
PARAMETRIC_REPRESENTATION_CONTEXT() REPRESENTATION_CONTEXT('2D SPACE',''
  ) );
#8117 = ADVANCED_FACE('',(#8118),#7271,.T.);
#8118 = FACE_BOUND('',#8119,.F.);
#8119 = EDGE_LOOP('',(#8120,#8143,#8144,#8145));
#8120 = ORIENTED_EDGE('',*,*,#8121,.F.);
#8121 = EDGE_CURVE('',#7255,#8122,#8124,.T.);
#8122 = VERTEX_POINT('',#8123);
#8123 = CARTESIAN_POINT('',(-53.5,-20.,38.9));
#8124 = SEAM_CURVE('',#8125,(#8129,#8136),.PCURVE_S1.);
#8125 = LINE('',#8126,#8127);
#8126 = CARTESIAN_POINT('',(-52.7,-20.,38.9));
#8127 = VECTOR('',#8128,1.);
#8128 = DIRECTION('',(-1.,0.,1.110223024625E-16));
#8129 = PCURVE('',#7271,#8130);
#8130 = DEFINITIONAL_REPRESENTATION('',(#8131),#8135);
#8131 = LINE('',#8132,#8133);
#8132 = CARTESIAN_POINT('',(-6.28318530718,0.));
#8133 = VECTOR('',#8134,1.);
#8134 = DIRECTION('',(-0.,-1.));
#8135 = ( GEOMETRIC_REPRESENTATION_CONTEXT(2) 
PARAMETRIC_REPRESENTATION_CONTEXT() REPRESENTATION_CONTEXT('2D SPACE',''
  ) );
#8136 = PCURVE('',#7271,#8137);
#8137 = DEFINITIONAL_REPRESENTATION('',(#8138),#8142);
#8138 = LINE('',#8139,#8140);
#8139 = CARTESIAN_POINT('',(-0.,0.));
#8140 = VECTOR('',#8141,1.);
#8141 = DIRECTION('',(-0.,-1.));
#8142 = ( GEOMETRIC_REPRESENTATION_CONTEXT(2) 
PARAMETRIC_REPRESENTATION_CONTEXT() REPRESENTATION_CONTEXT('2D SPACE',''
  ) );
#8143 = ORIENTED_EDGE('',*,*,#7254,.F.);
#8144 = ORIENTED_EDGE('',*,*,#8121,.T.);
#8145 = ORIENTED_EDGE('',*,*,#8146,.F.);
#8146 = EDGE_CURVE('',#8122,#8122,#8147,.T.);
#8147 = SURFACE_CURVE('',#8148,(#8153,#8160),.PCURVE_S1.);
#8148 = CIRCLE('',#8149,9.9);
#8149 = AXIS2_PLACEMENT_3D('',#8150,#8151,#8152);
#8150 = CARTESIAN_POINT('',(-53.5,-20.,29.));
#8151 = DIRECTION('',(1.,0.,-1.110223024625E-16));
#8152 = DIRECTION('',(1.110223024625E-16,0.,1.));
#8153 = PCURVE('',#7271,#8154);
#8154 = DEFINITIONAL_REPRESENTATION('',(#8155),#8159);
#8155 = LINE('',#8156,#8157);
#8156 = CARTESIAN_POINT('',(-6.28318530718,-0.8));
#8157 = VECTOR('',#8158,1.);
#8158 = DIRECTION('',(1.,-0.));
#8159 = ( GEOMETRIC_REPRESENTATION_CONTEXT(2) 
PARAMETRIC_REPRESENTATION_CONTEXT() REPRESENTATION_CONTEXT('2D SPACE',''
  ) );
#8160 = PCURVE('',#8161,#8166);
#8161 = PLANE('',#8162);
#8162 = AXIS2_PLACEMENT_3D('',#8163,#8164,#8165);
#8163 = CARTESIAN_POINT('',(-53.5,-20.,29.));
#8164 = DIRECTION('',(-1.,0.,1.110223024625E-16));
#8165 = DIRECTION('',(1.110223024625E-16,0.,1.));
#8166 = DEFINITIONAL_REPRESENTATION('',(#8167),#8175);
#8167 = ( BOUNDED_CURVE() B_SPLINE_CURVE(2,(#8168,#8169,#8170,#8171,
#8172,#8173,#8174),.UNSPECIFIED.,.T.,.F.) B_SPLINE_CURVE_WITH_KNOTS((1,2
    ,2,2,2,1),(-2.094395102393,0.,2.094395102393,4.188790204786,
6.28318530718,8.377580409573),.UNSPECIFIED.) CURVE() 
GEOMETRIC_REPRESENTATION_ITEM() RATIONAL_B_SPLINE_CURVE((1.,0.5,1.,0.5,
1.,0.5,1.)) REPRESENTATION_ITEM('') );
#8168 = CARTESIAN_POINT('',(9.9,0.));
#8169 = CARTESIAN_POINT('',(9.9,-17.14730299493));
#8170 = CARTESIAN_POINT('',(-4.95,-8.573651497466));
#8171 = CARTESIAN_POINT('',(-19.8,-2.424800662312E-15));
#8172 = CARTESIAN_POINT('',(-4.95,8.573651497466));
#8173 = CARTESIAN_POINT('',(9.9,17.147302994932));
#8174 = CARTESIAN_POINT('',(9.9,0.));
#8175 = ( GEOMETRIC_REPRESENTATION_CONTEXT(2) 
PARAMETRIC_REPRESENTATION_CONTEXT() REPRESENTATION_CONTEXT('2D SPACE',''
  ) );
#8176 = ADVANCED_FACE('',(#8177,#8180),#7303,.T.);
#8177 = FACE_BOUND('',#8178,.T.);
#8178 = EDGE_LOOP('',(#8179));
#8179 = ORIENTED_EDGE('',*,*,#7286,.T.);
#8180 = FACE_BOUND('',#8181,.T.);
#8181 = EDGE_LOOP('',(#8182));
#8182 = ORIENTED_EDGE('',*,*,#8183,.F.);
#8183 = EDGE_CURVE('',#8184,#8184,#8186,.T.);
#8184 = VERTEX_POINT('',#8185);
#8185 = CARTESIAN_POINT('',(-10.1,-52.7,29.));
#8186 = SURFACE_CURVE('',#8187,(#8192,#8199),.PCURVE_S1.);
#8187 = CIRCLE('',#8188,9.9);
#8188 = AXIS2_PLACEMENT_3D('',#8189,#8190,#8191);
#8189 = CARTESIAN_POINT('',(-20.,-52.7,29.));
#8190 = DIRECTION('',(0.,-1.,1.110223024625E-16));
#8191 = DIRECTION('',(1.,0.,0.));
#8192 = PCURVE('',#7303,#8193);
#8193 = DEFINITIONAL_REPRESENTATION('',(#8194),#8198);
#8194 = CIRCLE('',#8195,9.9);
#8195 = AXIS2_PLACEMENT_2D('',#8196,#8197);
#8196 = CARTESIAN_POINT('',(0.,0.));
#8197 = DIRECTION('',(1.,0.));
#8198 = ( GEOMETRIC_REPRESENTATION_CONTEXT(2) 
PARAMETRIC_REPRESENTATION_CONTEXT() REPRESENTATION_CONTEXT('2D SPACE',''
  ) );
#8199 = PCURVE('',#8200,#8205);
#8200 = CYLINDRICAL_SURFACE('',#8201,9.9);
#8201 = AXIS2_PLACEMENT_3D('',#8202,#8203,#8204);
#8202 = CARTESIAN_POINT('',(-20.,-52.7,29.));
#8203 = DIRECTION('',(-0.,1.,-1.110223024625E-16));
#8204 = DIRECTION('',(1.,0.,0.));
#8205 = DEFINITIONAL_REPRESENTATION('',(#8206),#8210);
#8206 = LINE('',#8207,#8208);
#8207 = CARTESIAN_POINT('',(-0.,0.));
#8208 = VECTOR('',#8209,1.);
#8209 = DIRECTION('',(-1.,0.));
#8210 = ( GEOMETRIC_REPRESENTATION_CONTEXT(2) 
PARAMETRIC_REPRESENTATION_CONTEXT() REPRESENTATION_CONTEXT('2D SPACE',''
  ) );
#8211 = ADVANCED_FACE('',(#8212,#8215),#7358,.T.);
#8212 = FACE_BOUND('',#8213,.T.);
#8213 = EDGE_LOOP('',(#8214));
#8214 = ORIENTED_EDGE('',*,*,#7341,.T.);
#8215 = FACE_BOUND('',#8216,.T.);
#8216 = EDGE_LOOP('',(#8217));
#8217 = ORIENTED_EDGE('',*,*,#8218,.F.);
#8218 = EDGE_CURVE('',#8219,#8219,#8221,.T.);
#8219 = VERTEX_POINT('',#8220);
#8220 = CARTESIAN_POINT('',(29.9,-52.7,29.));
#8221 = SURFACE_CURVE('',#8222,(#8227,#8234),.PCURVE_S1.);
#8222 = CIRCLE('',#8223,9.9);
#8223 = AXIS2_PLACEMENT_3D('',#8224,#8225,#8226);
#8224 = CARTESIAN_POINT('',(20.,-52.7,29.));
#8225 = DIRECTION('',(0.,-1.,1.110223024625E-16));
#8226 = DIRECTION('',(1.,0.,0.));
#8227 = PCURVE('',#7358,#8228);
#8228 = DEFINITIONAL_REPRESENTATION('',(#8229),#8233);
#8229 = CIRCLE('',#8230,9.9);
#8230 = AXIS2_PLACEMENT_2D('',#8231,#8232);
#8231 = CARTESIAN_POINT('',(0.,0.));
#8232 = DIRECTION('',(1.,0.));
#8233 = ( GEOMETRIC_REPRESENTATION_CONTEXT(2) 
PARAMETRIC_REPRESENTATION_CONTEXT() REPRESENTATION_CONTEXT('2D SPACE',''
  ) );
#8234 = PCURVE('',#8235,#8240);
#8235 = CYLINDRICAL_SURFACE('',#8236,9.9);
#8236 = AXIS2_PLACEMENT_3D('',#8237,#8238,#8239);
#8237 = CARTESIAN_POINT('',(20.,-52.7,29.));
#8238 = DIRECTION('',(-0.,1.,-1.110223024625E-16));
#8239 = DIRECTION('',(1.,0.,0.));
#8240 = DEFINITIONAL_REPRESENTATION('',(#8241),#8245);
#8241 = LINE('',#8242,#8243);
#8242 = CARTESIAN_POINT('',(-0.,0.));
#8243 = VECTOR('',#8244,1.);
#8244 = DIRECTION('',(-1.,0.));
#8245 = ( GEOMETRIC_REPRESENTATION_CONTEXT(2) 
PARAMETRIC_REPRESENTATION_CONTEXT() REPRESENTATION_CONTEXT('2D SPACE',''
  ) );
#8246 = ADVANCED_FACE('',(#8247,#8253),#7434,.T.);
#8247 = FACE_BOUND('',#8248,.T.);
#8248 = EDGE_LOOP('',(#8249,#8250,#8251,#8252));
#8249 = ORIENTED_EDGE('',*,*,#7418,.F.);
#8250 = ORIENTED_EDGE('',*,*,#7468,.T.);
#8251 = ORIENTED_EDGE('',*,*,#7517,.T.);
#8252 = ORIENTED_EDGE('',*,*,#7562,.F.);
#8253 = FACE_BOUND('',#8254,.T.);
#8254 = EDGE_LOOP('',(#8255,#8285,#8308,#8336,#8359,#8387,#8410,#8438));
#8255 = ORIENTED_EDGE('',*,*,#8256,.F.);
#8256 = EDGE_CURVE('',#8257,#8259,#8261,.T.);
#8257 = VERTEX_POINT('',#8258);
#8258 = CARTESIAN_POINT('',(48.5,-43.5,18.75));
#8259 = VERTEX_POINT('',#8260);
#8260 = CARTESIAN_POINT('',(43.5,-48.5,18.75));
#8261 = SURFACE_CURVE('',#8262,(#8267,#8278),.PCURVE_S1.);
#8262 = CIRCLE('',#8263,5.);
#8263 = AXIS2_PLACEMENT_3D('',#8264,#8265,#8266);
#8264 = CARTESIAN_POINT('',(43.5,-43.5,18.75));
#8265 = DIRECTION('',(0.,0.,-1.));
#8266 = DIRECTION('',(1.,0.,0.));
#8267 = PCURVE('',#7434,#8268);
#8268 = DEFINITIONAL_REPRESENTATION('',(#8269),#8277);
#8269 = ( BOUNDED_CURVE() B_SPLINE_CURVE(2,(#8270,#8271,#8272,#8273,
#8274,#8275,#8276),.UNSPECIFIED.,.T.,.F.) B_SPLINE_CURVE_WITH_KNOTS((1,2
    ,2,2,2,1),(-2.094395102393,0.,2.094395102393,4.188790204786,
6.28318530718,8.377580409573),.UNSPECIFIED.) CURVE() 
GEOMETRIC_REPRESENTATION_ITEM() RATIONAL_B_SPLINE_CURVE((1.,0.5,1.,0.5,
1.,0.5,1.)) REPRESENTATION_ITEM('') );
#8270 = CARTESIAN_POINT('',(97.,5.));
#8271 = CARTESIAN_POINT('',(97.,-3.660254037844));
#8272 = CARTESIAN_POINT('',(89.5,0.669872981078));
#8273 = CARTESIAN_POINT('',(82.,5.));
#8274 = CARTESIAN_POINT('',(89.5,9.330127018922));
#8275 = CARTESIAN_POINT('',(97.,13.660254037844));
#8276 = CARTESIAN_POINT('',(97.,5.));
#8277 = ( GEOMETRIC_REPRESENTATION_CONTEXT(2) 
PARAMETRIC_REPRESENTATION_CONTEXT() REPRESENTATION_CONTEXT('2D SPACE',''
  ) );
#8278 = PCURVE('',#7838,#8279);
#8279 = DEFINITIONAL_REPRESENTATION('',(#8280),#8284);
#8280 = LINE('',#8281,#8282);
#8281 = CARTESIAN_POINT('',(-0.,15.75));
#8282 = VECTOR('',#8283,1.);
#8283 = DIRECTION('',(-1.,-0.));
#8284 = ( GEOMETRIC_REPRESENTATION_CONTEXT(2) 
PARAMETRIC_REPRESENTATION_CONTEXT() REPRESENTATION_CONTEXT('2D SPACE',''
  ) );
#8285 = ORIENTED_EDGE('',*,*,#8286,.T.);
#8286 = EDGE_CURVE('',#8257,#8287,#8289,.T.);
#8287 = VERTEX_POINT('',#8288);
#8288 = CARTESIAN_POINT('',(48.5,43.5,18.75));
#8289 = SURFACE_CURVE('',#8290,(#8294,#8301),.PCURVE_S1.);
#8290 = LINE('',#8291,#8292);
#8291 = CARTESIAN_POINT('',(48.5,-48.5,18.75));
#8292 = VECTOR('',#8293,1.);
#8293 = DIRECTION('',(0.,1.,0.));
#8294 = PCURVE('',#7434,#8295);
#8295 = DEFINITIONAL_REPRESENTATION('',(#8296),#8300);
#8296 = LINE('',#8297,#8298);
#8297 = CARTESIAN_POINT('',(97.,0.));
#8298 = VECTOR('',#8299,1.);
#8299 = DIRECTION('',(0.,1.));
#8300 = ( GEOMETRIC_REPRESENTATION_CONTEXT(2) 
PARAMETRIC_REPRESENTATION_CONTEXT() REPRESENTATION_CONTEXT('2D SPACE',''
  ) );
#8301 = PCURVE('',#7866,#8302);
#8302 = DEFINITIONAL_REPRESENTATION('',(#8303),#8307);
#8303 = LINE('',#8304,#8305);
#8304 = CARTESIAN_POINT('',(15.75,0.));
#8305 = VECTOR('',#8306,1.);
#8306 = DIRECTION('',(0.,-1.));
#8307 = ( GEOMETRIC_REPRESENTATION_CONTEXT(2) 
PARAMETRIC_REPRESENTATION_CONTEXT() REPRESENTATION_CONTEXT('2D SPACE',''
  ) );
#8308 = ORIENTED_EDGE('',*,*,#8309,.F.);
#8309 = EDGE_CURVE('',#8310,#8287,#8312,.T.);
#8310 = VERTEX_POINT('',#8311);
#8311 = CARTESIAN_POINT('',(43.5,48.5,18.75));
#8312 = SURFACE_CURVE('',#8313,(#8318,#8329),.PCURVE_S1.);
#8313 = CIRCLE('',#8314,5.);
#8314 = AXIS2_PLACEMENT_3D('',#8315,#8316,#8317);
#8315 = CARTESIAN_POINT('',(43.5,43.5,18.75));
#8316 = DIRECTION('',(0.,0.,-1.));
#8317 = DIRECTION('',(0.,1.,0.));
#8318 = PCURVE('',#7434,#8319);
#8319 = DEFINITIONAL_REPRESENTATION('',(#8320),#8328);
#8320 = ( BOUNDED_CURVE() B_SPLINE_CURVE(2,(#8321,#8322,#8323,#8324,
#8325,#8326,#8327),.UNSPECIFIED.,.T.,.F.) B_SPLINE_CURVE_WITH_KNOTS((1,2
    ,2,2,2,1),(-2.094395102393,0.,2.094395102393,4.188790204786,
6.28318530718,8.377580409573),.UNSPECIFIED.) CURVE() 
GEOMETRIC_REPRESENTATION_ITEM() RATIONAL_B_SPLINE_CURVE((1.,0.5,1.,0.5,
1.,0.5,1.)) REPRESENTATION_ITEM('') );
#8321 = CARTESIAN_POINT('',(92.,97.));
#8322 = CARTESIAN_POINT('',(100.66025403784,97.));
#8323 = CARTESIAN_POINT('',(96.330127018922,89.5));
#8324 = CARTESIAN_POINT('',(92.,82.));
#8325 = CARTESIAN_POINT('',(87.669872981078,89.5));
#8326 = CARTESIAN_POINT('',(83.339745962156,97.));
#8327 = CARTESIAN_POINT('',(92.,97.));
#8328 = ( GEOMETRIC_REPRESENTATION_CONTEXT(2) 
PARAMETRIC_REPRESENTATION_CONTEXT() REPRESENTATION_CONTEXT('2D SPACE',''
  ) );
#8329 = PCURVE('',#7899,#8330);
#8330 = DEFINITIONAL_REPRESENTATION('',(#8331),#8335);
#8331 = LINE('',#8332,#8333);
#8332 = CARTESIAN_POINT('',(1.570796326795,15.75));
#8333 = VECTOR('',#8334,1.);
#8334 = DIRECTION('',(-1.,-0.));
#8335 = ( GEOMETRIC_REPRESENTATION_CONTEXT(2) 
PARAMETRIC_REPRESENTATION_CONTEXT() REPRESENTATION_CONTEXT('2D SPACE',''
  ) );
#8336 = ORIENTED_EDGE('',*,*,#8337,.F.);
#8337 = EDGE_CURVE('',#8338,#8310,#8340,.T.);
#8338 = VERTEX_POINT('',#8339);
#8339 = CARTESIAN_POINT('',(-43.5,48.5,18.75));
#8340 = SURFACE_CURVE('',#8341,(#8345,#8352),.PCURVE_S1.);
#8341 = LINE('',#8342,#8343);
#8342 = CARTESIAN_POINT('',(-48.5,48.5,18.75));
#8343 = VECTOR('',#8344,1.);
#8344 = DIRECTION('',(1.,0.,0.));
#8345 = PCURVE('',#7434,#8346);
#8346 = DEFINITIONAL_REPRESENTATION('',(#8347),#8351);
#8347 = LINE('',#8348,#8349);
#8348 = CARTESIAN_POINT('',(0.,97.));
#8349 = VECTOR('',#8350,1.);
#8350 = DIRECTION('',(1.,0.));
#8351 = ( GEOMETRIC_REPRESENTATION_CONTEXT(2) 
PARAMETRIC_REPRESENTATION_CONTEXT() REPRESENTATION_CONTEXT('2D SPACE',''
  ) );
#8352 = PCURVE('',#7927,#8353);
#8353 = DEFINITIONAL_REPRESENTATION('',(#8354),#8358);
#8354 = LINE('',#8355,#8356);
#8355 = CARTESIAN_POINT('',(15.75,0.));
#8356 = VECTOR('',#8357,1.);
#8357 = DIRECTION('',(0.,1.));
#8358 = ( GEOMETRIC_REPRESENTATION_CONTEXT(2) 
PARAMETRIC_REPRESENTATION_CONTEXT() REPRESENTATION_CONTEXT('2D SPACE',''
  ) );
#8359 = ORIENTED_EDGE('',*,*,#8360,.F.);
#8360 = EDGE_CURVE('',#8361,#8338,#8363,.T.);
#8361 = VERTEX_POINT('',#8362);
#8362 = CARTESIAN_POINT('',(-48.5,43.5,18.75));
#8363 = SURFACE_CURVE('',#8364,(#8369,#8380),.PCURVE_S1.);
#8364 = CIRCLE('',#8365,5.);
#8365 = AXIS2_PLACEMENT_3D('',#8366,#8367,#8368);
#8366 = CARTESIAN_POINT('',(-43.5,43.5,18.75));
#8367 = DIRECTION('',(0.,0.,-1.));
#8368 = DIRECTION('',(-1.,0.,0.));
#8369 = PCURVE('',#7434,#8370);
#8370 = DEFINITIONAL_REPRESENTATION('',(#8371),#8379);
#8371 = ( BOUNDED_CURVE() B_SPLINE_CURVE(2,(#8372,#8373,#8374,#8375,
#8376,#8377,#8378),.UNSPECIFIED.,.T.,.F.) B_SPLINE_CURVE_WITH_KNOTS((1,2
    ,2,2,2,1),(-2.094395102393,0.,2.094395102393,4.188790204786,
6.28318530718,8.377580409573),.UNSPECIFIED.) CURVE() 
GEOMETRIC_REPRESENTATION_ITEM() RATIONAL_B_SPLINE_CURVE((1.,0.5,1.,0.5,
1.,0.5,1.)) REPRESENTATION_ITEM('') );
#8372 = CARTESIAN_POINT('',(0.,92.));
#8373 = CARTESIAN_POINT('',(0.,100.66025403784));
#8374 = CARTESIAN_POINT('',(7.5,96.330127018922));
#8375 = CARTESIAN_POINT('',(15.,92.));
#8376 = CARTESIAN_POINT('',(7.5,87.669872981078));
#8377 = CARTESIAN_POINT('',(7.993605777301E-15,83.339745962156));
#8378 = CARTESIAN_POINT('',(0.,92.));
#8379 = ( GEOMETRIC_REPRESENTATION_CONTEXT(2) 
PARAMETRIC_REPRESENTATION_CONTEXT() REPRESENTATION_CONTEXT('2D SPACE',''
  ) );
#8380 = PCURVE('',#7960,#8381);
#8381 = DEFINITIONAL_REPRESENTATION('',(#8382),#8386);
#8382 = LINE('',#8383,#8384);
#8383 = CARTESIAN_POINT('',(-0.,15.75));
#8384 = VECTOR('',#8385,1.);
#8385 = DIRECTION('',(-1.,-0.));
#8386 = ( GEOMETRIC_REPRESENTATION_CONTEXT(2) 
PARAMETRIC_REPRESENTATION_CONTEXT() REPRESENTATION_CONTEXT('2D SPACE',''
  ) );
#8387 = ORIENTED_EDGE('',*,*,#8388,.F.);
#8388 = EDGE_CURVE('',#8389,#8361,#8391,.T.);
#8389 = VERTEX_POINT('',#8390);
#8390 = CARTESIAN_POINT('',(-48.5,-43.5,18.75));
#8391 = SURFACE_CURVE('',#8392,(#8396,#8403),.PCURVE_S1.);
#8392 = LINE('',#8393,#8394);
#8393 = CARTESIAN_POINT('',(-48.5,-48.5,18.75));
#8394 = VECTOR('',#8395,1.);
#8395 = DIRECTION('',(0.,1.,0.));
#8396 = PCURVE('',#7434,#8397);
#8397 = DEFINITIONAL_REPRESENTATION('',(#8398),#8402);
#8398 = LINE('',#8399,#8400);
#8399 = CARTESIAN_POINT('',(0.,0.));
#8400 = VECTOR('',#8401,1.);
#8401 = DIRECTION('',(0.,1.));
#8402 = ( GEOMETRIC_REPRESENTATION_CONTEXT(2) 
PARAMETRIC_REPRESENTATION_CONTEXT() REPRESENTATION_CONTEXT('2D SPACE',''
  ) );
#8403 = PCURVE('',#7988,#8404);
#8404 = DEFINITIONAL_REPRESENTATION('',(#8405),#8409);
#8405 = LINE('',#8406,#8407);
#8406 = CARTESIAN_POINT('',(15.75,0.));
#8407 = VECTOR('',#8408,1.);
#8408 = DIRECTION('',(0.,-1.));
#8409 = ( GEOMETRIC_REPRESENTATION_CONTEXT(2) 
PARAMETRIC_REPRESENTATION_CONTEXT() REPRESENTATION_CONTEXT('2D SPACE',''
  ) );
#8410 = ORIENTED_EDGE('',*,*,#8411,.F.);
#8411 = EDGE_CURVE('',#8412,#8389,#8414,.T.);
#8412 = VERTEX_POINT('',#8413);
#8413 = CARTESIAN_POINT('',(-43.5,-48.5,18.75));
#8414 = SURFACE_CURVE('',#8415,(#8420,#8431),.PCURVE_S1.);
#8415 = CIRCLE('',#8416,5.);
#8416 = AXIS2_PLACEMENT_3D('',#8417,#8418,#8419);
#8417 = CARTESIAN_POINT('',(-43.5,-43.5,18.75));
#8418 = DIRECTION('',(0.,-0.,-1.));
#8419 = DIRECTION('',(0.,-1.,0.));
#8420 = PCURVE('',#7434,#8421);
#8421 = DEFINITIONAL_REPRESENTATION('',(#8422),#8430);
#8422 = ( BOUNDED_CURVE() B_SPLINE_CURVE(2,(#8423,#8424,#8425,#8426,
#8427,#8428,#8429),.UNSPECIFIED.,.T.,.F.) B_SPLINE_CURVE_WITH_KNOTS((1,2
    ,2,2,2,1),(-2.094395102393,0.,2.094395102393,4.188790204786,
6.28318530718,8.377580409573),.UNSPECIFIED.) CURVE() 
GEOMETRIC_REPRESENTATION_ITEM() RATIONAL_B_SPLINE_CURVE((1.,0.5,1.,0.5,
1.,0.5,1.)) REPRESENTATION_ITEM('') );
#8423 = CARTESIAN_POINT('',(5.,0.));
#8424 = CARTESIAN_POINT('',(-3.660254037844,0.));
#8425 = CARTESIAN_POINT('',(0.669872981078,7.5));
#8426 = CARTESIAN_POINT('',(5.,15.));
#8427 = CARTESIAN_POINT('',(9.330127018922,7.5));
#8428 = CARTESIAN_POINT('',(13.660254037844,7.993605777301E-15));
#8429 = CARTESIAN_POINT('',(5.,0.));
#8430 = ( GEOMETRIC_REPRESENTATION_CONTEXT(2) 
PARAMETRIC_REPRESENTATION_CONTEXT() REPRESENTATION_CONTEXT('2D SPACE',''
  ) );
#8431 = PCURVE('',#8021,#8432);
#8432 = DEFINITIONAL_REPRESENTATION('',(#8433),#8437);
#8433 = LINE('',#8434,#8435);
#8434 = CARTESIAN_POINT('',(1.570796326795,15.75));
#8435 = VECTOR('',#8436,1.);
#8436 = DIRECTION('',(-1.,-0.));
#8437 = ( GEOMETRIC_REPRESENTATION_CONTEXT(2) 
PARAMETRIC_REPRESENTATION_CONTEXT() REPRESENTATION_CONTEXT('2D SPACE',''
  ) );
#8438 = ORIENTED_EDGE('',*,*,#8439,.T.);
#8439 = EDGE_CURVE('',#8412,#8259,#8440,.T.);
#8440 = SURFACE_CURVE('',#8441,(#8445,#8452),.PCURVE_S1.);
#8441 = LINE('',#8442,#8443);
#8442 = CARTESIAN_POINT('',(-48.5,-48.5,18.75));
#8443 = VECTOR('',#8444,1.);
#8444 = DIRECTION('',(1.,0.,0.));
#8445 = PCURVE('',#7434,#8446);
#8446 = DEFINITIONAL_REPRESENTATION('',(#8447),#8451);
#8447 = LINE('',#8448,#8449);
#8448 = CARTESIAN_POINT('',(0.,0.));
#8449 = VECTOR('',#8450,1.);
#8450 = DIRECTION('',(1.,0.));
#8451 = ( GEOMETRIC_REPRESENTATION_CONTEXT(2) 
PARAMETRIC_REPRESENTATION_CONTEXT() REPRESENTATION_CONTEXT('2D SPACE',''
  ) );
#8452 = PCURVE('',#8047,#8453);
#8453 = DEFINITIONAL_REPRESENTATION('',(#8454),#8458);
#8454 = LINE('',#8455,#8456);
#8455 = CARTESIAN_POINT('',(15.75,0.));
#8456 = VECTOR('',#8457,1.);
#8457 = DIRECTION('',(0.,1.));
#8458 = ( GEOMETRIC_REPRESENTATION_CONTEXT(2) 
PARAMETRIC_REPRESENTATION_CONTEXT() REPRESENTATION_CONTEXT('2D SPACE',''
  ) );
#8459 = ADVANCED_FACE('',(#8460,#8463),#7606,.T.);
#8460 = FACE_BOUND('',#8461,.T.);
#8461 = EDGE_LOOP('',(#8462));
#8462 = ORIENTED_EDGE('',*,*,#7589,.T.);
#8463 = FACE_BOUND('',#8464,.T.);
#8464 = EDGE_LOOP('',(#8465));
#8465 = ORIENTED_EDGE('',*,*,#8466,.F.);
#8466 = EDGE_CURVE('',#8467,#8467,#8469,.T.);
#8467 = VERTEX_POINT('',#8468);
#8468 = CARTESIAN_POINT('',(-10.1,52.7,29.));
#8469 = SURFACE_CURVE('',#8470,(#8475,#8482),.PCURVE_S1.);
#8470 = CIRCLE('',#8471,9.9);
#8471 = AXIS2_PLACEMENT_3D('',#8472,#8473,#8474);
#8472 = CARTESIAN_POINT('',(-20.,52.7,29.));
#8473 = DIRECTION('',(-0.,1.,1.110223024625E-16));
#8474 = DIRECTION('',(1.,0.,0.));
#8475 = PCURVE('',#7606,#8476);
#8476 = DEFINITIONAL_REPRESENTATION('',(#8477),#8481);
#8477 = CIRCLE('',#8478,9.9);
#8478 = AXIS2_PLACEMENT_2D('',#8479,#8480);
#8479 = CARTESIAN_POINT('',(0.,0.));
#8480 = DIRECTION('',(1.,0.));
#8481 = ( GEOMETRIC_REPRESENTATION_CONTEXT(2) 
PARAMETRIC_REPRESENTATION_CONTEXT() REPRESENTATION_CONTEXT('2D SPACE',''
  ) );
#8482 = PCURVE('',#8483,#8488);
#8483 = CYLINDRICAL_SURFACE('',#8484,9.9);
#8484 = AXIS2_PLACEMENT_3D('',#8485,#8486,#8487);
#8485 = CARTESIAN_POINT('',(-20.,52.7,29.));
#8486 = DIRECTION('',(-0.,-1.,-1.110223024625E-16));
#8487 = DIRECTION('',(1.,0.,0.));
#8488 = DEFINITIONAL_REPRESENTATION('',(#8489),#8493);
#8489 = LINE('',#8490,#8491);
#8490 = CARTESIAN_POINT('',(-0.,0.));
#8491 = VECTOR('',#8492,1.);
#8492 = DIRECTION('',(-1.,0.));
#8493 = ( GEOMETRIC_REPRESENTATION_CONTEXT(2) 
PARAMETRIC_REPRESENTATION_CONTEXT() REPRESENTATION_CONTEXT('2D SPACE',''
  ) );
#8494 = ADVANCED_FACE('',(#8495,#8498),#7661,.T.);
#8495 = FACE_BOUND('',#8496,.T.);
#8496 = EDGE_LOOP('',(#8497));
#8497 = ORIENTED_EDGE('',*,*,#7644,.T.);
#8498 = FACE_BOUND('',#8499,.T.);
#8499 = EDGE_LOOP('',(#8500));
#8500 = ORIENTED_EDGE('',*,*,#8501,.F.);
#8501 = EDGE_CURVE('',#8502,#8502,#8504,.T.);
#8502 = VERTEX_POINT('',#8503);
#8503 = CARTESIAN_POINT('',(29.9,52.7,29.));
#8504 = SURFACE_CURVE('',#8505,(#8510,#8517),.PCURVE_S1.);
#8505 = CIRCLE('',#8506,9.9);
#8506 = AXIS2_PLACEMENT_3D('',#8507,#8508,#8509);
#8507 = CARTESIAN_POINT('',(20.,52.7,29.));
#8508 = DIRECTION('',(-0.,1.,1.110223024625E-16));
#8509 = DIRECTION('',(1.,0.,0.));
#8510 = PCURVE('',#7661,#8511);
#8511 = DEFINITIONAL_REPRESENTATION('',(#8512),#8516);
#8512 = CIRCLE('',#8513,9.9);
#8513 = AXIS2_PLACEMENT_2D('',#8514,#8515);
#8514 = CARTESIAN_POINT('',(0.,0.));
#8515 = DIRECTION('',(1.,0.));
#8516 = ( GEOMETRIC_REPRESENTATION_CONTEXT(2) 
PARAMETRIC_REPRESENTATION_CONTEXT() REPRESENTATION_CONTEXT('2D SPACE',''
  ) );
#8517 = PCURVE('',#8518,#8523);
#8518 = CYLINDRICAL_SURFACE('',#8519,9.9);
#8519 = AXIS2_PLACEMENT_3D('',#8520,#8521,#8522);
#8520 = CARTESIAN_POINT('',(20.,52.7,29.));
#8521 = DIRECTION('',(-0.,-1.,-1.110223024625E-16));
#8522 = DIRECTION('',(1.,0.,0.));
#8523 = DEFINITIONAL_REPRESENTATION('',(#8524),#8528);
#8524 = LINE('',#8525,#8526);
#8525 = CARTESIAN_POINT('',(-0.,0.));
#8526 = VECTOR('',#8527,1.);
#8527 = DIRECTION('',(-1.,0.));
#8528 = ( GEOMETRIC_REPRESENTATION_CONTEXT(2) 
PARAMETRIC_REPRESENTATION_CONTEXT() REPRESENTATION_CONTEXT('2D SPACE',''
  ) );
#8529 = ADVANCED_FACE('',(#8530,#8533),#7716,.T.);
#8530 = FACE_BOUND('',#8531,.T.);
#8531 = EDGE_LOOP('',(#8532));
#8532 = ORIENTED_EDGE('',*,*,#7699,.T.);
#8533 = FACE_BOUND('',#8534,.T.);
#8534 = EDGE_LOOP('',(#8535));
#8535 = ORIENTED_EDGE('',*,*,#8536,.F.);
#8536 = EDGE_CURVE('',#8537,#8537,#8539,.T.);
#8537 = VERTEX_POINT('',#8538);
#8538 = CARTESIAN_POINT('',(52.7,20.,19.1));
#8539 = SURFACE_CURVE('',#8540,(#8545,#8552),.PCURVE_S1.);
#8540 = CIRCLE('',#8541,9.9);
#8541 = AXIS2_PLACEMENT_3D('',#8542,#8543,#8544);
#8542 = CARTESIAN_POINT('',(52.7,20.,29.));
#8543 = DIRECTION('',(1.,-0.,1.110223024625E-16));
#8544 = DIRECTION('',(1.110223024625E-16,0.,-1.));
#8545 = PCURVE('',#7716,#8546);
#8546 = DEFINITIONAL_REPRESENTATION('',(#8547),#8551);
#8547 = CIRCLE('',#8548,9.9);
#8548 = AXIS2_PLACEMENT_2D('',#8549,#8550);
#8549 = CARTESIAN_POINT('',(0.,0.));
#8550 = DIRECTION('',(1.,0.));
#8551 = ( GEOMETRIC_REPRESENTATION_CONTEXT(2) 
PARAMETRIC_REPRESENTATION_CONTEXT() REPRESENTATION_CONTEXT('2D SPACE',''
  ) );
#8552 = PCURVE('',#8553,#8558);
#8553 = CYLINDRICAL_SURFACE('',#8554,9.9);
#8554 = AXIS2_PLACEMENT_3D('',#8555,#8556,#8557);
#8555 = CARTESIAN_POINT('',(52.7,20.,29.));
#8556 = DIRECTION('',(-1.,-0.,-1.110223024625E-16));
#8557 = DIRECTION('',(1.110223024625E-16,0.,-1.));
#8558 = DEFINITIONAL_REPRESENTATION('',(#8559),#8563);
#8559 = LINE('',#8560,#8561);
#8560 = CARTESIAN_POINT('',(-0.,0.));
#8561 = VECTOR('',#8562,1.);
#8562 = DIRECTION('',(-1.,0.));
#8563 = ( GEOMETRIC_REPRESENTATION_CONTEXT(2) 
PARAMETRIC_REPRESENTATION_CONTEXT() REPRESENTATION_CONTEXT('2D SPACE',''
  ) );
#8564 = ADVANCED_FACE('',(#8565,#8568),#7771,.T.);
#8565 = FACE_BOUND('',#8566,.T.);
#8566 = EDGE_LOOP('',(#8567));
#8567 = ORIENTED_EDGE('',*,*,#7754,.T.);
#8568 = FACE_BOUND('',#8569,.T.);
#8569 = EDGE_LOOP('',(#8570));
#8570 = ORIENTED_EDGE('',*,*,#8571,.F.);
#8571 = EDGE_CURVE('',#8572,#8572,#8574,.T.);
#8572 = VERTEX_POINT('',#8573);
#8573 = CARTESIAN_POINT('',(52.7,-20.,19.1));
#8574 = SURFACE_CURVE('',#8575,(#8580,#8587),.PCURVE_S1.);
#8575 = CIRCLE('',#8576,9.9);
#8576 = AXIS2_PLACEMENT_3D('',#8577,#8578,#8579);
#8577 = CARTESIAN_POINT('',(52.7,-20.,29.));
#8578 = DIRECTION('',(1.,-0.,1.110223024625E-16));
#8579 = DIRECTION('',(1.110223024625E-16,0.,-1.));
#8580 = PCURVE('',#7771,#8581);
#8581 = DEFINITIONAL_REPRESENTATION('',(#8582),#8586);
#8582 = CIRCLE('',#8583,9.9);
#8583 = AXIS2_PLACEMENT_2D('',#8584,#8585);
#8584 = CARTESIAN_POINT('',(0.,0.));
#8585 = DIRECTION('',(1.,0.));
#8586 = ( GEOMETRIC_REPRESENTATION_CONTEXT(2) 
PARAMETRIC_REPRESENTATION_CONTEXT() REPRESENTATION_CONTEXT('2D SPACE',''
  ) );
#8587 = PCURVE('',#8588,#8593);
#8588 = CYLINDRICAL_SURFACE('',#8589,9.9);
#8589 = AXIS2_PLACEMENT_3D('',#8590,#8591,#8592);
#8590 = CARTESIAN_POINT('',(52.7,-20.,29.));
#8591 = DIRECTION('',(-1.,-0.,-1.110223024625E-16));
#8592 = DIRECTION('',(1.110223024625E-16,0.,-1.));
#8593 = DEFINITIONAL_REPRESENTATION('',(#8594),#8598);
#8594 = LINE('',#8595,#8596);
#8595 = CARTESIAN_POINT('',(-0.,0.));
#8596 = VECTOR('',#8597,1.);
#8597 = DIRECTION('',(-1.,0.));
#8598 = ( GEOMETRIC_REPRESENTATION_CONTEXT(2) 
PARAMETRIC_REPRESENTATION_CONTEXT() REPRESENTATION_CONTEXT('2D SPACE',''
  ) );
#8599 = ADVANCED_FACE('',(#8600),#7838,.F.);
#8600 = FACE_BOUND('',#8601,.T.);
#8601 = EDGE_LOOP('',(#8602,#8623,#8624,#8645));
#8602 = ORIENTED_EDGE('',*,*,#8603,.F.);
#8603 = EDGE_CURVE('',#8257,#7816,#8604,.T.);
#8604 = SURFACE_CURVE('',#8605,(#8609,#8616),.PCURVE_S1.);
#8605 = LINE('',#8606,#8607);
#8606 = CARTESIAN_POINT('',(48.5,-43.5,3.));
#8607 = VECTOR('',#8608,1.);
#8608 = DIRECTION('',(0.,0.,1.));
#8609 = PCURVE('',#7838,#8610);
#8610 = DEFINITIONAL_REPRESENTATION('',(#8611),#8615);
#8611 = LINE('',#8612,#8613);
#8612 = CARTESIAN_POINT('',(-0.,0.));
#8613 = VECTOR('',#8614,1.);
#8614 = DIRECTION('',(-0.,1.));
#8615 = ( GEOMETRIC_REPRESENTATION_CONTEXT(2) 
PARAMETRIC_REPRESENTATION_CONTEXT() REPRESENTATION_CONTEXT('2D SPACE',''
  ) );
#8616 = PCURVE('',#7866,#8617);
#8617 = DEFINITIONAL_REPRESENTATION('',(#8618),#8622);
#8618 = LINE('',#8619,#8620);
#8619 = CARTESIAN_POINT('',(0.,-5.));
#8620 = VECTOR('',#8621,1.);
#8621 = DIRECTION('',(1.,0.));
#8622 = ( GEOMETRIC_REPRESENTATION_CONTEXT(2) 
PARAMETRIC_REPRESENTATION_CONTEXT() REPRESENTATION_CONTEXT('2D SPACE',''
  ) );
#8623 = ORIENTED_EDGE('',*,*,#8256,.T.);
#8624 = ORIENTED_EDGE('',*,*,#8625,.T.);
#8625 = EDGE_CURVE('',#8259,#7818,#8626,.T.);
#8626 = SURFACE_CURVE('',#8627,(#8631,#8638),.PCURVE_S1.);
#8627 = LINE('',#8628,#8629);
#8628 = CARTESIAN_POINT('',(43.5,-48.5,3.));
#8629 = VECTOR('',#8630,1.);
#8630 = DIRECTION('',(0.,0.,1.));
#8631 = PCURVE('',#7838,#8632);
#8632 = DEFINITIONAL_REPRESENTATION('',(#8633),#8637);
#8633 = LINE('',#8634,#8635);
#8634 = CARTESIAN_POINT('',(-1.570796326795,0.));
#8635 = VECTOR('',#8636,1.);
#8636 = DIRECTION('',(-0.,1.));
#8637 = ( GEOMETRIC_REPRESENTATION_CONTEXT(2) 
PARAMETRIC_REPRESENTATION_CONTEXT() REPRESENTATION_CONTEXT('2D SPACE',''
  ) );
#8638 = PCURVE('',#8047,#8639);
#8639 = DEFINITIONAL_REPRESENTATION('',(#8640),#8644);
#8640 = LINE('',#8641,#8642);
#8641 = CARTESIAN_POINT('',(0.,92.));
#8642 = VECTOR('',#8643,1.);
#8643 = DIRECTION('',(1.,0.));
#8644 = ( GEOMETRIC_REPRESENTATION_CONTEXT(2) 
PARAMETRIC_REPRESENTATION_CONTEXT() REPRESENTATION_CONTEXT('2D SPACE',''
  ) );
#8645 = ORIENTED_EDGE('',*,*,#7815,.F.);
#8646 = ADVANCED_FACE('',(#8647),#7866,.F.);
#8647 = FACE_BOUND('',#8648,.F.);
#8648 = EDGE_LOOP('',(#8649,#8650,#8651,#8652));
#8649 = ORIENTED_EDGE('',*,*,#7850,.F.);
#8650 = ORIENTED_EDGE('',*,*,#8603,.F.);
#8651 = ORIENTED_EDGE('',*,*,#8286,.T.);
#8652 = ORIENTED_EDGE('',*,*,#8653,.T.);
#8653 = EDGE_CURVE('',#8287,#7851,#8654,.T.);
#8654 = SURFACE_CURVE('',#8655,(#8659,#8666),.PCURVE_S1.);
#8655 = LINE('',#8656,#8657);
#8656 = CARTESIAN_POINT('',(48.5,43.5,3.));
#8657 = VECTOR('',#8658,1.);
#8658 = DIRECTION('',(0.,0.,1.));
#8659 = PCURVE('',#7866,#8660);
#8660 = DEFINITIONAL_REPRESENTATION('',(#8661),#8665);
#8661 = LINE('',#8662,#8663);
#8662 = CARTESIAN_POINT('',(0.,-92.));
#8663 = VECTOR('',#8664,1.);
#8664 = DIRECTION('',(1.,0.));
#8665 = ( GEOMETRIC_REPRESENTATION_CONTEXT(2) 
PARAMETRIC_REPRESENTATION_CONTEXT() REPRESENTATION_CONTEXT('2D SPACE',''
  ) );
#8666 = PCURVE('',#7899,#8667);
#8667 = DEFINITIONAL_REPRESENTATION('',(#8668),#8672);
#8668 = LINE('',#8669,#8670);
#8669 = CARTESIAN_POINT('',(0.,0.));
#8670 = VECTOR('',#8671,1.);
#8671 = DIRECTION('',(0.,1.));
#8672 = ( GEOMETRIC_REPRESENTATION_CONTEXT(2) 
PARAMETRIC_REPRESENTATION_CONTEXT() REPRESENTATION_CONTEXT('2D SPACE',''
  ) );
#8673 = ADVANCED_FACE('',(#8674),#7899,.F.);
#8674 = FACE_BOUND('',#8675,.F.);
#8675 = EDGE_LOOP('',(#8676,#8677,#8678,#8699));
#8676 = ORIENTED_EDGE('',*,*,#8653,.F.);
#8677 = ORIENTED_EDGE('',*,*,#8309,.F.);
#8678 = ORIENTED_EDGE('',*,*,#8679,.T.);
#8679 = EDGE_CURVE('',#8310,#7879,#8680,.T.);
#8680 = SURFACE_CURVE('',#8681,(#8685,#8692),.PCURVE_S1.);
#8681 = LINE('',#8682,#8683);
#8682 = CARTESIAN_POINT('',(43.5,48.5,3.));
#8683 = VECTOR('',#8684,1.);
#8684 = DIRECTION('',(0.,0.,1.));
#8685 = PCURVE('',#7899,#8686);
#8686 = DEFINITIONAL_REPRESENTATION('',(#8687),#8691);
#8687 = LINE('',#8688,#8689);
#8688 = CARTESIAN_POINT('',(1.570796326795,0.));
#8689 = VECTOR('',#8690,1.);
#8690 = DIRECTION('',(0.,1.));
#8691 = ( GEOMETRIC_REPRESENTATION_CONTEXT(2) 
PARAMETRIC_REPRESENTATION_CONTEXT() REPRESENTATION_CONTEXT('2D SPACE',''
  ) );
#8692 = PCURVE('',#7927,#8693);
#8693 = DEFINITIONAL_REPRESENTATION('',(#8694),#8698);
#8694 = LINE('',#8695,#8696);
#8695 = CARTESIAN_POINT('',(0.,92.));
#8696 = VECTOR('',#8697,1.);
#8697 = DIRECTION('',(1.,0.));
#8698 = ( GEOMETRIC_REPRESENTATION_CONTEXT(2) 
PARAMETRIC_REPRESENTATION_CONTEXT() REPRESENTATION_CONTEXT('2D SPACE',''
  ) );
#8699 = ORIENTED_EDGE('',*,*,#7878,.T.);
#8700 = ADVANCED_FACE('',(#8701),#7927,.F.);
#8701 = FACE_BOUND('',#8702,.F.);
#8702 = EDGE_LOOP('',(#8703,#8704,#8725,#8726));
#8703 = ORIENTED_EDGE('',*,*,#8337,.F.);
#8704 = ORIENTED_EDGE('',*,*,#8705,.T.);
#8705 = EDGE_CURVE('',#8338,#7912,#8706,.T.);
#8706 = SURFACE_CURVE('',#8707,(#8711,#8718),.PCURVE_S1.);
#8707 = LINE('',#8708,#8709);
#8708 = CARTESIAN_POINT('',(-43.5,48.5,3.));
#8709 = VECTOR('',#8710,1.);
#8710 = DIRECTION('',(0.,0.,1.));
#8711 = PCURVE('',#7927,#8712);
#8712 = DEFINITIONAL_REPRESENTATION('',(#8713),#8717);
#8713 = LINE('',#8714,#8715);
#8714 = CARTESIAN_POINT('',(0.,5.));
#8715 = VECTOR('',#8716,1.);
#8716 = DIRECTION('',(1.,0.));
#8717 = ( GEOMETRIC_REPRESENTATION_CONTEXT(2) 
PARAMETRIC_REPRESENTATION_CONTEXT() REPRESENTATION_CONTEXT('2D SPACE',''
  ) );
#8718 = PCURVE('',#7960,#8719);
#8719 = DEFINITIONAL_REPRESENTATION('',(#8720),#8724);
#8720 = LINE('',#8721,#8722);
#8721 = CARTESIAN_POINT('',(-1.570796326795,0.));
#8722 = VECTOR('',#8723,1.);
#8723 = DIRECTION('',(-0.,1.));
#8724 = ( GEOMETRIC_REPRESENTATION_CONTEXT(2) 
PARAMETRIC_REPRESENTATION_CONTEXT() REPRESENTATION_CONTEXT('2D SPACE',''
  ) );
#8725 = ORIENTED_EDGE('',*,*,#7911,.T.);
#8726 = ORIENTED_EDGE('',*,*,#8679,.F.);
#8727 = ADVANCED_FACE('',(#8728),#7960,.F.);
#8728 = FACE_BOUND('',#8729,.T.);
#8729 = EDGE_LOOP('',(#8730,#8751,#8752,#8753));
#8730 = ORIENTED_EDGE('',*,*,#8731,.F.);
#8731 = EDGE_CURVE('',#8361,#7940,#8732,.T.);
#8732 = SURFACE_CURVE('',#8733,(#8737,#8744),.PCURVE_S1.);
#8733 = LINE('',#8734,#8735);
#8734 = CARTESIAN_POINT('',(-48.5,43.5,3.));
#8735 = VECTOR('',#8736,1.);
#8736 = DIRECTION('',(0.,0.,1.));
#8737 = PCURVE('',#7960,#8738);
#8738 = DEFINITIONAL_REPRESENTATION('',(#8739),#8743);
#8739 = LINE('',#8740,#8741);
#8740 = CARTESIAN_POINT('',(-0.,0.));
#8741 = VECTOR('',#8742,1.);
#8742 = DIRECTION('',(-0.,1.));
#8743 = ( GEOMETRIC_REPRESENTATION_CONTEXT(2) 
PARAMETRIC_REPRESENTATION_CONTEXT() REPRESENTATION_CONTEXT('2D SPACE',''
  ) );
#8744 = PCURVE('',#7988,#8745);
#8745 = DEFINITIONAL_REPRESENTATION('',(#8746),#8750);
#8746 = LINE('',#8747,#8748);
#8747 = CARTESIAN_POINT('',(0.,-92.));
#8748 = VECTOR('',#8749,1.);
#8749 = DIRECTION('',(1.,0.));
#8750 = ( GEOMETRIC_REPRESENTATION_CONTEXT(2) 
PARAMETRIC_REPRESENTATION_CONTEXT() REPRESENTATION_CONTEXT('2D SPACE',''
  ) );
#8751 = ORIENTED_EDGE('',*,*,#8360,.T.);
#8752 = ORIENTED_EDGE('',*,*,#8705,.T.);
#8753 = ORIENTED_EDGE('',*,*,#7939,.F.);
#8754 = ADVANCED_FACE('',(#8755),#7988,.T.);
#8755 = FACE_BOUND('',#8756,.T.);
#8756 = EDGE_LOOP('',(#8757,#8758,#8779,#8780));
#8757 = ORIENTED_EDGE('',*,*,#7972,.F.);
#8758 = ORIENTED_EDGE('',*,*,#8759,.F.);
#8759 = EDGE_CURVE('',#8389,#7973,#8760,.T.);
#8760 = SURFACE_CURVE('',#8761,(#8765,#8772),.PCURVE_S1.);
#8761 = LINE('',#8762,#8763);
#8762 = CARTESIAN_POINT('',(-48.5,-43.5,3.));
#8763 = VECTOR('',#8764,1.);
#8764 = DIRECTION('',(0.,0.,1.));
#8765 = PCURVE('',#7988,#8766);
#8766 = DEFINITIONAL_REPRESENTATION('',(#8767),#8771);
#8767 = LINE('',#8768,#8769);
#8768 = CARTESIAN_POINT('',(0.,-5.));
#8769 = VECTOR('',#8770,1.);
#8770 = DIRECTION('',(1.,0.));
#8771 = ( GEOMETRIC_REPRESENTATION_CONTEXT(2) 
PARAMETRIC_REPRESENTATION_CONTEXT() REPRESENTATION_CONTEXT('2D SPACE',''
  ) );
#8772 = PCURVE('',#8021,#8773);
#8773 = DEFINITIONAL_REPRESENTATION('',(#8774),#8778);
#8774 = LINE('',#8775,#8776);
#8775 = CARTESIAN_POINT('',(0.,0.));
#8776 = VECTOR('',#8777,1.);
#8777 = DIRECTION('',(0.,1.));
#8778 = ( GEOMETRIC_REPRESENTATION_CONTEXT(2) 
PARAMETRIC_REPRESENTATION_CONTEXT() REPRESENTATION_CONTEXT('2D SPACE',''
  ) );
#8779 = ORIENTED_EDGE('',*,*,#8388,.T.);
#8780 = ORIENTED_EDGE('',*,*,#8731,.T.);
#8781 = ADVANCED_FACE('',(#8782),#8021,.F.);
#8782 = FACE_BOUND('',#8783,.F.);
#8783 = EDGE_LOOP('',(#8784,#8785,#8786,#8807));
#8784 = ORIENTED_EDGE('',*,*,#8759,.F.);
#8785 = ORIENTED_EDGE('',*,*,#8411,.F.);
#8786 = ORIENTED_EDGE('',*,*,#8787,.T.);
#8787 = EDGE_CURVE('',#8412,#8001,#8788,.T.);
#8788 = SURFACE_CURVE('',#8789,(#8793,#8800),.PCURVE_S1.);
#8789 = LINE('',#8790,#8791);
#8790 = CARTESIAN_POINT('',(-43.5,-48.5,3.));
#8791 = VECTOR('',#8792,1.);
#8792 = DIRECTION('',(0.,0.,1.));
#8793 = PCURVE('',#8021,#8794);
#8794 = DEFINITIONAL_REPRESENTATION('',(#8795),#8799);
#8795 = LINE('',#8796,#8797);
#8796 = CARTESIAN_POINT('',(1.570796326795,0.));
#8797 = VECTOR('',#8798,1.);
#8798 = DIRECTION('',(0.,1.));
#8799 = ( GEOMETRIC_REPRESENTATION_CONTEXT(2) 
PARAMETRIC_REPRESENTATION_CONTEXT() REPRESENTATION_CONTEXT('2D SPACE',''
  ) );
#8800 = PCURVE('',#8047,#8801);
#8801 = DEFINITIONAL_REPRESENTATION('',(#8802),#8806);
#8802 = LINE('',#8803,#8804);
#8803 = CARTESIAN_POINT('',(0.,5.));
#8804 = VECTOR('',#8805,1.);
#8805 = DIRECTION('',(1.,0.));
#8806 = ( GEOMETRIC_REPRESENTATION_CONTEXT(2) 
PARAMETRIC_REPRESENTATION_CONTEXT() REPRESENTATION_CONTEXT('2D SPACE',''
  ) );
#8807 = ORIENTED_EDGE('',*,*,#8000,.T.);
#8808 = ADVANCED_FACE('',(#8809),#8047,.T.);
#8809 = FACE_BOUND('',#8810,.T.);
#8810 = EDGE_LOOP('',(#8811,#8812,#8813,#8814));
#8811 = ORIENTED_EDGE('',*,*,#8439,.F.);
#8812 = ORIENTED_EDGE('',*,*,#8787,.T.);
#8813 = ORIENTED_EDGE('',*,*,#8033,.T.);
#8814 = ORIENTED_EDGE('',*,*,#8625,.F.);
#8815 = ADVANCED_FACE('',(#8816,#8819),#8102,.T.);
#8816 = FACE_BOUND('',#8817,.T.);
#8817 = EDGE_LOOP('',(#8818));
#8818 = ORIENTED_EDGE('',*,*,#8087,.F.);
#8819 = FACE_BOUND('',#8820,.T.);
#8820 = EDGE_LOOP('',(#8821));
#8821 = ORIENTED_EDGE('',*,*,#8822,.T.);
#8822 = EDGE_CURVE('',#8823,#8823,#8825,.T.);
#8823 = VERTEX_POINT('',#8824);
#8824 = CARTESIAN_POINT('',(-53.5,20.,36.6));
#8825 = SURFACE_CURVE('',#8826,(#8831,#8842),.PCURVE_S1.);
#8826 = CIRCLE('',#8827,7.6);
#8827 = AXIS2_PLACEMENT_3D('',#8828,#8829,#8830);
#8828 = CARTESIAN_POINT('',(-53.5,20.,29.));
#8829 = DIRECTION('',(1.,0.,-1.110223024625E-16));
#8830 = DIRECTION('',(1.110223024625E-16,0.,1.));
#8831 = PCURVE('',#8102,#8832);
#8832 = DEFINITIONAL_REPRESENTATION('',(#8833),#8841);
#8833 = ( BOUNDED_CURVE() B_SPLINE_CURVE(2,(#8834,#8835,#8836,#8837,
#8838,#8839,#8840),.UNSPECIFIED.,.T.,.F.) B_SPLINE_CURVE_WITH_KNOTS((1,2
    ,2,2,2,1),(-2.094395102393,0.,2.094395102393,4.188790204786,
6.28318530718,8.377580409573),.UNSPECIFIED.) CURVE() 
GEOMETRIC_REPRESENTATION_ITEM() RATIONAL_B_SPLINE_CURVE((1.,0.5,1.,0.5,
1.,0.5,1.)) REPRESENTATION_ITEM('') );
#8834 = CARTESIAN_POINT('',(7.6,0.));
#8835 = CARTESIAN_POINT('',(7.6,-13.16358613752));
#8836 = CARTESIAN_POINT('',(-3.8,-6.581793068762));
#8837 = CARTESIAN_POINT('',(-15.2,-1.861463134704E-15));
#8838 = CARTESIAN_POINT('',(-3.8,6.581793068762));
#8839 = CARTESIAN_POINT('',(7.6,13.163586137523));
#8840 = CARTESIAN_POINT('',(7.6,0.));
#8841 = ( GEOMETRIC_REPRESENTATION_CONTEXT(2) 
PARAMETRIC_REPRESENTATION_CONTEXT() REPRESENTATION_CONTEXT('2D SPACE',''
  ) );
#8842 = PCURVE('',#8843,#8848);
#8843 = CYLINDRICAL_SURFACE('',#8844,7.6);
#8844 = AXIS2_PLACEMENT_3D('',#8845,#8846,#8847);
#8845 = CARTESIAN_POINT('',(-52.7,20.,29.));
#8846 = DIRECTION('',(1.,-0.,-1.110223024625E-16));
#8847 = DIRECTION('',(1.110223024625E-16,0.,1.));
#8848 = DEFINITIONAL_REPRESENTATION('',(#8849),#8853);
#8849 = LINE('',#8850,#8851);
#8850 = CARTESIAN_POINT('',(-6.28318530718,-0.8));
#8851 = VECTOR('',#8852,1.);
#8852 = DIRECTION('',(1.,-0.));
#8853 = ( GEOMETRIC_REPRESENTATION_CONTEXT(2) 
PARAMETRIC_REPRESENTATION_CONTEXT() REPRESENTATION_CONTEXT('2D SPACE',''
  ) );
#8854 = ADVANCED_FACE('',(#8855,#8858),#8161,.T.);
#8855 = FACE_BOUND('',#8856,.T.);
#8856 = EDGE_LOOP('',(#8857));
#8857 = ORIENTED_EDGE('',*,*,#8146,.F.);
#8858 = FACE_BOUND('',#8859,.T.);
#8859 = EDGE_LOOP('',(#8860));
#8860 = ORIENTED_EDGE('',*,*,#8861,.T.);
#8861 = EDGE_CURVE('',#8862,#8862,#8864,.T.);
#8862 = VERTEX_POINT('',#8863);
#8863 = CARTESIAN_POINT('',(-53.5,-20.,36.6));
#8864 = SURFACE_CURVE('',#8865,(#8870,#8881),.PCURVE_S1.);
#8865 = CIRCLE('',#8866,7.6);
#8866 = AXIS2_PLACEMENT_3D('',#8867,#8868,#8869);
#8867 = CARTESIAN_POINT('',(-53.5,-20.,29.));
#8868 = DIRECTION('',(1.,0.,-1.110223024625E-16));
#8869 = DIRECTION('',(1.110223024625E-16,0.,1.));
#8870 = PCURVE('',#8161,#8871);
#8871 = DEFINITIONAL_REPRESENTATION('',(#8872),#8880);
#8872 = ( BOUNDED_CURVE() B_SPLINE_CURVE(2,(#8873,#8874,#8875,#8876,
#8877,#8878,#8879),.UNSPECIFIED.,.T.,.F.) B_SPLINE_CURVE_WITH_KNOTS((1,2
    ,2,2,2,1),(-2.094395102393,0.,2.094395102393,4.188790204786,
6.28318530718,8.377580409573),.UNSPECIFIED.) CURVE() 
GEOMETRIC_REPRESENTATION_ITEM() RATIONAL_B_SPLINE_CURVE((1.,0.5,1.,0.5,
1.,0.5,1.)) REPRESENTATION_ITEM('') );
#8873 = CARTESIAN_POINT('',(7.6,0.));
#8874 = CARTESIAN_POINT('',(7.6,-13.16358613752));
#8875 = CARTESIAN_POINT('',(-3.8,-6.581793068762));
#8876 = CARTESIAN_POINT('',(-15.2,-1.861463134704E-15));
#8877 = CARTESIAN_POINT('',(-3.8,6.581793068762));
#8878 = CARTESIAN_POINT('',(7.6,13.163586137523));
#8879 = CARTESIAN_POINT('',(7.6,0.));
#8880 = ( GEOMETRIC_REPRESENTATION_CONTEXT(2) 
PARAMETRIC_REPRESENTATION_CONTEXT() REPRESENTATION_CONTEXT('2D SPACE',''
  ) );
#8881 = PCURVE('',#8882,#8887);
#8882 = CYLINDRICAL_SURFACE('',#8883,7.6);
#8883 = AXIS2_PLACEMENT_3D('',#8884,#8885,#8886);
#8884 = CARTESIAN_POINT('',(-52.7,-20.,29.));
#8885 = DIRECTION('',(1.,-0.,-1.110223024625E-16));
#8886 = DIRECTION('',(1.110223024625E-16,0.,1.));
#8887 = DEFINITIONAL_REPRESENTATION('',(#8888),#8892);
#8888 = LINE('',#8889,#8890);
#8889 = CARTESIAN_POINT('',(-6.28318530718,-0.8));
#8890 = VECTOR('',#8891,1.);
#8891 = DIRECTION('',(1.,-0.));
#8892 = ( GEOMETRIC_REPRESENTATION_CONTEXT(2) 
PARAMETRIC_REPRESENTATION_CONTEXT() REPRESENTATION_CONTEXT('2D SPACE',''
  ) );
#8893 = ADVANCED_FACE('',(#8894),#8200,.T.);
#8894 = FACE_BOUND('',#8895,.F.);
#8895 = EDGE_LOOP('',(#8896,#8919,#8920,#8921));
#8896 = ORIENTED_EDGE('',*,*,#8897,.F.);
#8897 = EDGE_CURVE('',#8184,#8898,#8900,.T.);
#8898 = VERTEX_POINT('',#8899);
#8899 = CARTESIAN_POINT('',(-10.1,-53.5,29.));
#8900 = SEAM_CURVE('',#8901,(#8905,#8912),.PCURVE_S1.);
#8901 = LINE('',#8902,#8903);
#8902 = CARTESIAN_POINT('',(-10.1,-52.7,29.));
#8903 = VECTOR('',#8904,1.);
#8904 = DIRECTION('',(0.,-1.,1.110223024625E-16));
#8905 = PCURVE('',#8200,#8906);
#8906 = DEFINITIONAL_REPRESENTATION('',(#8907),#8911);
#8907 = LINE('',#8908,#8909);
#8908 = CARTESIAN_POINT('',(-6.28318530718,0.));
#8909 = VECTOR('',#8910,1.);
#8910 = DIRECTION('',(-0.,-1.));
#8911 = ( GEOMETRIC_REPRESENTATION_CONTEXT(2) 
PARAMETRIC_REPRESENTATION_CONTEXT() REPRESENTATION_CONTEXT('2D SPACE',''
  ) );
#8912 = PCURVE('',#8200,#8913);
#8913 = DEFINITIONAL_REPRESENTATION('',(#8914),#8918);
#8914 = LINE('',#8915,#8916);
#8915 = CARTESIAN_POINT('',(-0.,0.));
#8916 = VECTOR('',#8917,1.);
#8917 = DIRECTION('',(-0.,-1.));
#8918 = ( GEOMETRIC_REPRESENTATION_CONTEXT(2) 
PARAMETRIC_REPRESENTATION_CONTEXT() REPRESENTATION_CONTEXT('2D SPACE',''
  ) );
#8919 = ORIENTED_EDGE('',*,*,#8183,.F.);
#8920 = ORIENTED_EDGE('',*,*,#8897,.T.);
#8921 = ORIENTED_EDGE('',*,*,#8922,.F.);
#8922 = EDGE_CURVE('',#8898,#8898,#8923,.T.);
#8923 = SURFACE_CURVE('',#8924,(#8929,#8936),.PCURVE_S1.);
#8924 = CIRCLE('',#8925,9.9);
#8925 = AXIS2_PLACEMENT_3D('',#8926,#8927,#8928);
#8926 = CARTESIAN_POINT('',(-20.,-53.5,29.));
#8927 = DIRECTION('',(0.,1.,-1.110223024625E-16));
#8928 = DIRECTION('',(1.,0.,0.));
#8929 = PCURVE('',#8200,#8930);
#8930 = DEFINITIONAL_REPRESENTATION('',(#8931),#8935);
#8931 = LINE('',#8932,#8933);
#8932 = CARTESIAN_POINT('',(-6.28318530718,-0.8));
#8933 = VECTOR('',#8934,1.);
#8934 = DIRECTION('',(1.,-0.));
#8935 = ( GEOMETRIC_REPRESENTATION_CONTEXT(2) 
PARAMETRIC_REPRESENTATION_CONTEXT() REPRESENTATION_CONTEXT('2D SPACE',''
  ) );
#8936 = PCURVE('',#8937,#8942);
#8937 = PLANE('',#8938);
#8938 = AXIS2_PLACEMENT_3D('',#8939,#8940,#8941);
#8939 = CARTESIAN_POINT('',(-20.,-53.5,29.));
#8940 = DIRECTION('',(0.,-1.,1.110223024625E-16));
#8941 = DIRECTION('',(1.,0.,0.));
#8942 = DEFINITIONAL_REPRESENTATION('',(#8943),#8951);
#8943 = ( BOUNDED_CURVE() B_SPLINE_CURVE(2,(#8944,#8945,#8946,#8947,
#8948,#8949,#8950),.UNSPECIFIED.,.T.,.F.) B_SPLINE_CURVE_WITH_KNOTS((1,2
    ,2,2,2,1),(-2.094395102393,0.,2.094395102393,4.188790204786,
6.28318530718,8.377580409573),.UNSPECIFIED.) CURVE() 
GEOMETRIC_REPRESENTATION_ITEM() RATIONAL_B_SPLINE_CURVE((1.,0.5,1.,0.5,
1.,0.5,1.)) REPRESENTATION_ITEM('') );
#8944 = CARTESIAN_POINT('',(9.9,0.));
#8945 = CARTESIAN_POINT('',(9.9,-17.14730299493));
#8946 = CARTESIAN_POINT('',(-4.95,-8.573651497466));
#8947 = CARTESIAN_POINT('',(-19.8,-2.424800662312E-15));
#8948 = CARTESIAN_POINT('',(-4.95,8.573651497466));
#8949 = CARTESIAN_POINT('',(9.9,17.147302994932));
#8950 = CARTESIAN_POINT('',(9.9,0.));
#8951 = ( GEOMETRIC_REPRESENTATION_CONTEXT(2) 
PARAMETRIC_REPRESENTATION_CONTEXT() REPRESENTATION_CONTEXT('2D SPACE',''
  ) );
#8952 = ADVANCED_FACE('',(#8953),#8235,.T.);
#8953 = FACE_BOUND('',#8954,.F.);
#8954 = EDGE_LOOP('',(#8955,#8978,#8979,#8980));
#8955 = ORIENTED_EDGE('',*,*,#8956,.F.);
#8956 = EDGE_CURVE('',#8219,#8957,#8959,.T.);
#8957 = VERTEX_POINT('',#8958);
#8958 = CARTESIAN_POINT('',(29.9,-53.5,29.));
#8959 = SEAM_CURVE('',#8960,(#8964,#8971),.PCURVE_S1.);
#8960 = LINE('',#8961,#8962);
#8961 = CARTESIAN_POINT('',(29.9,-52.7,29.));
#8962 = VECTOR('',#8963,1.);
#8963 = DIRECTION('',(0.,-1.,1.110223024625E-16));
#8964 = PCURVE('',#8235,#8965);
#8965 = DEFINITIONAL_REPRESENTATION('',(#8966),#8970);
#8966 = LINE('',#8967,#8968);
#8967 = CARTESIAN_POINT('',(-6.28318530718,0.));
#8968 = VECTOR('',#8969,1.);
#8969 = DIRECTION('',(-0.,-1.));
#8970 = ( GEOMETRIC_REPRESENTATION_CONTEXT(2) 
PARAMETRIC_REPRESENTATION_CONTEXT() REPRESENTATION_CONTEXT('2D SPACE',''
  ) );
#8971 = PCURVE('',#8235,#8972);
#8972 = DEFINITIONAL_REPRESENTATION('',(#8973),#8977);
#8973 = LINE('',#8974,#8975);
#8974 = CARTESIAN_POINT('',(-0.,0.));
#8975 = VECTOR('',#8976,1.);
#8976 = DIRECTION('',(-0.,-1.));
#8977 = ( GEOMETRIC_REPRESENTATION_CONTEXT(2) 
PARAMETRIC_REPRESENTATION_CONTEXT() REPRESENTATION_CONTEXT('2D SPACE',''
  ) );
#8978 = ORIENTED_EDGE('',*,*,#8218,.F.);
#8979 = ORIENTED_EDGE('',*,*,#8956,.T.);
#8980 = ORIENTED_EDGE('',*,*,#8981,.F.);
#8981 = EDGE_CURVE('',#8957,#8957,#8982,.T.);
#8982 = SURFACE_CURVE('',#8983,(#8988,#8995),.PCURVE_S1.);
#8983 = CIRCLE('',#8984,9.9);
#8984 = AXIS2_PLACEMENT_3D('',#8985,#8986,#8987);
#8985 = CARTESIAN_POINT('',(20.,-53.5,29.));
#8986 = DIRECTION('',(0.,1.,-1.110223024625E-16));
#8987 = DIRECTION('',(1.,0.,0.));
#8988 = PCURVE('',#8235,#8989);
#8989 = DEFINITIONAL_REPRESENTATION('',(#8990),#8994);
#8990 = LINE('',#8991,#8992);
#8991 = CARTESIAN_POINT('',(-6.28318530718,-0.8));
#8992 = VECTOR('',#8993,1.);
#8993 = DIRECTION('',(1.,-0.));
#8994 = ( GEOMETRIC_REPRESENTATION_CONTEXT(2) 
PARAMETRIC_REPRESENTATION_CONTEXT() REPRESENTATION_CONTEXT('2D SPACE',''
  ) );
#8995 = PCURVE('',#8996,#9001);
#8996 = PLANE('',#8997);
#8997 = AXIS2_PLACEMENT_3D('',#8998,#8999,#9000);
#8998 = CARTESIAN_POINT('',(20.,-53.5,29.));
#8999 = DIRECTION('',(0.,-1.,1.110223024625E-16));
#9000 = DIRECTION('',(1.,0.,0.));
#9001 = DEFINITIONAL_REPRESENTATION('',(#9002),#9010);
#9002 = ( BOUNDED_CURVE() B_SPLINE_CURVE(2,(#9003,#9004,#9005,#9006,
#9007,#9008,#9009),.UNSPECIFIED.,.T.,.F.) B_SPLINE_CURVE_WITH_KNOTS((1,2
    ,2,2,2,1),(-2.094395102393,0.,2.094395102393,4.188790204786,
6.28318530718,8.377580409573),.UNSPECIFIED.) CURVE() 
GEOMETRIC_REPRESENTATION_ITEM() RATIONAL_B_SPLINE_CURVE((1.,0.5,1.,0.5,
1.,0.5,1.)) REPRESENTATION_ITEM('') );
#9003 = CARTESIAN_POINT('',(9.9,0.));
#9004 = CARTESIAN_POINT('',(9.9,-17.14730299493));
#9005 = CARTESIAN_POINT('',(-4.95,-8.573651497466));
#9006 = CARTESIAN_POINT('',(-19.8,-2.424800662312E-15));
#9007 = CARTESIAN_POINT('',(-4.95,8.573651497466));
#9008 = CARTESIAN_POINT('',(9.9,17.147302994932));
#9009 = CARTESIAN_POINT('',(9.9,0.));
#9010 = ( GEOMETRIC_REPRESENTATION_CONTEXT(2) 
PARAMETRIC_REPRESENTATION_CONTEXT() REPRESENTATION_CONTEXT('2D SPACE',''
  ) );
#9011 = ADVANCED_FACE('',(#9012),#8483,.T.);
#9012 = FACE_BOUND('',#9013,.F.);
#9013 = EDGE_LOOP('',(#9014,#9037,#9038,#9039));
#9014 = ORIENTED_EDGE('',*,*,#9015,.F.);
#9015 = EDGE_CURVE('',#8467,#9016,#9018,.T.);
#9016 = VERTEX_POINT('',#9017);
#9017 = CARTESIAN_POINT('',(-10.1,53.5,29.));
#9018 = SEAM_CURVE('',#9019,(#9023,#9030),.PCURVE_S1.);
#9019 = LINE('',#9020,#9021);
#9020 = CARTESIAN_POINT('',(-10.1,52.7,29.));
#9021 = VECTOR('',#9022,1.);
#9022 = DIRECTION('',(0.,1.,1.110223024625E-16));
#9023 = PCURVE('',#8483,#9024);
#9024 = DEFINITIONAL_REPRESENTATION('',(#9025),#9029);
#9025 = LINE('',#9026,#9027);
#9026 = CARTESIAN_POINT('',(-6.28318530718,0.));
#9027 = VECTOR('',#9028,1.);
#9028 = DIRECTION('',(-0.,-1.));
#9029 = ( GEOMETRIC_REPRESENTATION_CONTEXT(2) 
PARAMETRIC_REPRESENTATION_CONTEXT() REPRESENTATION_CONTEXT('2D SPACE',''
  ) );
#9030 = PCURVE('',#8483,#9031);
#9031 = DEFINITIONAL_REPRESENTATION('',(#9032),#9036);
#9032 = LINE('',#9033,#9034);
#9033 = CARTESIAN_POINT('',(-0.,0.));
#9034 = VECTOR('',#9035,1.);
#9035 = DIRECTION('',(-0.,-1.));
#9036 = ( GEOMETRIC_REPRESENTATION_CONTEXT(2) 
PARAMETRIC_REPRESENTATION_CONTEXT() REPRESENTATION_CONTEXT('2D SPACE',''
  ) );
#9037 = ORIENTED_EDGE('',*,*,#8466,.F.);
#9038 = ORIENTED_EDGE('',*,*,#9015,.T.);
#9039 = ORIENTED_EDGE('',*,*,#9040,.F.);
#9040 = EDGE_CURVE('',#9016,#9016,#9041,.T.);
#9041 = SURFACE_CURVE('',#9042,(#9047,#9054),.PCURVE_S1.);
#9042 = CIRCLE('',#9043,9.9);
#9043 = AXIS2_PLACEMENT_3D('',#9044,#9045,#9046);
#9044 = CARTESIAN_POINT('',(-20.,53.5,29.));
#9045 = DIRECTION('',(0.,-1.,-1.110223024625E-16));
#9046 = DIRECTION('',(1.,0.,0.));
#9047 = PCURVE('',#8483,#9048);
#9048 = DEFINITIONAL_REPRESENTATION('',(#9049),#9053);
#9049 = LINE('',#9050,#9051);
#9050 = CARTESIAN_POINT('',(-6.28318530718,-0.8));
#9051 = VECTOR('',#9052,1.);
#9052 = DIRECTION('',(1.,-0.));
#9053 = ( GEOMETRIC_REPRESENTATION_CONTEXT(2) 
PARAMETRIC_REPRESENTATION_CONTEXT() REPRESENTATION_CONTEXT('2D SPACE',''
  ) );
#9054 = PCURVE('',#9055,#9060);
#9055 = PLANE('',#9056);
#9056 = AXIS2_PLACEMENT_3D('',#9057,#9058,#9059);
#9057 = CARTESIAN_POINT('',(-20.,53.5,29.));
#9058 = DIRECTION('',(0.,1.,1.110223024625E-16));
#9059 = DIRECTION('',(1.,0.,0.));
#9060 = DEFINITIONAL_REPRESENTATION('',(#9061),#9069);
#9061 = ( BOUNDED_CURVE() B_SPLINE_CURVE(2,(#9062,#9063,#9064,#9065,
#9066,#9067,#9068),.UNSPECIFIED.,.T.,.F.) B_SPLINE_CURVE_WITH_KNOTS((1,2
    ,2,2,2,1),(-2.094395102393,0.,2.094395102393,4.188790204786,
6.28318530718,8.377580409573),.UNSPECIFIED.) CURVE() 
GEOMETRIC_REPRESENTATION_ITEM() RATIONAL_B_SPLINE_CURVE((1.,0.5,1.,0.5,
1.,0.5,1.)) REPRESENTATION_ITEM('') );
#9062 = CARTESIAN_POINT('',(9.9,0.));
#9063 = CARTESIAN_POINT('',(9.9,-17.14730299493));
#9064 = CARTESIAN_POINT('',(-4.95,-8.573651497466));
#9065 = CARTESIAN_POINT('',(-19.8,-2.424800662312E-15));
#9066 = CARTESIAN_POINT('',(-4.95,8.573651497466));
#9067 = CARTESIAN_POINT('',(9.9,17.147302994932));
#9068 = CARTESIAN_POINT('',(9.9,0.));
#9069 = ( GEOMETRIC_REPRESENTATION_CONTEXT(2) 
PARAMETRIC_REPRESENTATION_CONTEXT() REPRESENTATION_CONTEXT('2D SPACE',''
  ) );
#9070 = ADVANCED_FACE('',(#9071),#8518,.T.);
#9071 = FACE_BOUND('',#9072,.F.);
#9072 = EDGE_LOOP('',(#9073,#9096,#9097,#9098));
#9073 = ORIENTED_EDGE('',*,*,#9074,.F.);
#9074 = EDGE_CURVE('',#8502,#9075,#9077,.T.);
#9075 = VERTEX_POINT('',#9076);
#9076 = CARTESIAN_POINT('',(29.9,53.5,29.));
#9077 = SEAM_CURVE('',#9078,(#9082,#9089),.PCURVE_S1.);
#9078 = LINE('',#9079,#9080);
#9079 = CARTESIAN_POINT('',(29.9,52.7,29.));
#9080 = VECTOR('',#9081,1.);
#9081 = DIRECTION('',(0.,1.,1.110223024625E-16));
#9082 = PCURVE('',#8518,#9083);
#9083 = DEFINITIONAL_REPRESENTATION('',(#9084),#9088);
#9084 = LINE('',#9085,#9086);
#9085 = CARTESIAN_POINT('',(-6.28318530718,0.));
#9086 = VECTOR('',#9087,1.);
#9087 = DIRECTION('',(-0.,-1.));
#9088 = ( GEOMETRIC_REPRESENTATION_CONTEXT(2) 
PARAMETRIC_REPRESENTATION_CONTEXT() REPRESENTATION_CONTEXT('2D SPACE',''
  ) );
#9089 = PCURVE('',#8518,#9090);
#9090 = DEFINITIONAL_REPRESENTATION('',(#9091),#9095);
#9091 = LINE('',#9092,#9093);
#9092 = CARTESIAN_POINT('',(-0.,0.));
#9093 = VECTOR('',#9094,1.);
#9094 = DIRECTION('',(-0.,-1.));
#9095 = ( GEOMETRIC_REPRESENTATION_CONTEXT(2) 
PARAMETRIC_REPRESENTATION_CONTEXT() REPRESENTATION_CONTEXT('2D SPACE',''
  ) );
#9096 = ORIENTED_EDGE('',*,*,#8501,.F.);
#9097 = ORIENTED_EDGE('',*,*,#9074,.T.);
#9098 = ORIENTED_EDGE('',*,*,#9099,.F.);
#9099 = EDGE_CURVE('',#9075,#9075,#9100,.T.);
#9100 = SURFACE_CURVE('',#9101,(#9106,#9113),.PCURVE_S1.);
#9101 = CIRCLE('',#9102,9.9);
#9102 = AXIS2_PLACEMENT_3D('',#9103,#9104,#9105);
#9103 = CARTESIAN_POINT('',(20.,53.5,29.));
#9104 = DIRECTION('',(0.,-1.,-1.110223024625E-16));
#9105 = DIRECTION('',(1.,0.,0.));
#9106 = PCURVE('',#8518,#9107);
#9107 = DEFINITIONAL_REPRESENTATION('',(#9108),#9112);
#9108 = LINE('',#9109,#9110);
#9109 = CARTESIAN_POINT('',(-6.28318530718,-0.8));
#9110 = VECTOR('',#9111,1.);
#9111 = DIRECTION('',(1.,-0.));
#9112 = ( GEOMETRIC_REPRESENTATION_CONTEXT(2) 
PARAMETRIC_REPRESENTATION_CONTEXT() REPRESENTATION_CONTEXT('2D SPACE',''
  ) );
#9113 = PCURVE('',#9114,#9119);
#9114 = PLANE('',#9115);
#9115 = AXIS2_PLACEMENT_3D('',#9116,#9117,#9118);
#9116 = CARTESIAN_POINT('',(20.,53.5,29.));
#9117 = DIRECTION('',(0.,1.,1.110223024625E-16));
#9118 = DIRECTION('',(1.,0.,0.));
#9119 = DEFINITIONAL_REPRESENTATION('',(#9120),#9128);
#9120 = ( BOUNDED_CURVE() B_SPLINE_CURVE(2,(#9121,#9122,#9123,#9124,
#9125,#9126,#9127),.UNSPECIFIED.,.T.,.F.) B_SPLINE_CURVE_WITH_KNOTS((1,2
    ,2,2,2,1),(-2.094395102393,0.,2.094395102393,4.188790204786,
6.28318530718,8.377580409573),.UNSPECIFIED.) CURVE() 
GEOMETRIC_REPRESENTATION_ITEM() RATIONAL_B_SPLINE_CURVE((1.,0.5,1.,0.5,
1.,0.5,1.)) REPRESENTATION_ITEM('') );
#9121 = CARTESIAN_POINT('',(9.9,0.));
#9122 = CARTESIAN_POINT('',(9.9,-17.14730299493));
#9123 = CARTESIAN_POINT('',(-4.95,-8.573651497466));
#9124 = CARTESIAN_POINT('',(-19.8,-2.424800662312E-15));
#9125 = CARTESIAN_POINT('',(-4.95,8.573651497466));
#9126 = CARTESIAN_POINT('',(9.9,17.147302994932));
#9127 = CARTESIAN_POINT('',(9.9,0.));
#9128 = ( GEOMETRIC_REPRESENTATION_CONTEXT(2) 
PARAMETRIC_REPRESENTATION_CONTEXT() REPRESENTATION_CONTEXT('2D SPACE',''
  ) );
#9129 = ADVANCED_FACE('',(#9130),#8553,.T.);
#9130 = FACE_BOUND('',#9131,.F.);
#9131 = EDGE_LOOP('',(#9132,#9155,#9156,#9157));
#9132 = ORIENTED_EDGE('',*,*,#9133,.F.);
#9133 = EDGE_CURVE('',#8537,#9134,#9136,.T.);
#9134 = VERTEX_POINT('',#9135);
#9135 = CARTESIAN_POINT('',(53.5,20.,19.1));
#9136 = SEAM_CURVE('',#9137,(#9141,#9148),.PCURVE_S1.);
#9137 = LINE('',#9138,#9139);
#9138 = CARTESIAN_POINT('',(52.7,20.,19.1));
#9139 = VECTOR('',#9140,1.);
#9140 = DIRECTION('',(1.,0.,1.110223024625E-16));
#9141 = PCURVE('',#8553,#9142);
#9142 = DEFINITIONAL_REPRESENTATION('',(#9143),#9147);
#9143 = LINE('',#9144,#9145);
#9144 = CARTESIAN_POINT('',(-6.28318530718,0.));
#9145 = VECTOR('',#9146,1.);
#9146 = DIRECTION('',(-0.,-1.));
#9147 = ( GEOMETRIC_REPRESENTATION_CONTEXT(2) 
PARAMETRIC_REPRESENTATION_CONTEXT() REPRESENTATION_CONTEXT('2D SPACE',''
  ) );
#9148 = PCURVE('',#8553,#9149);
#9149 = DEFINITIONAL_REPRESENTATION('',(#9150),#9154);
#9150 = LINE('',#9151,#9152);
#9151 = CARTESIAN_POINT('',(-0.,0.));
#9152 = VECTOR('',#9153,1.);
#9153 = DIRECTION('',(-0.,-1.));
#9154 = ( GEOMETRIC_REPRESENTATION_CONTEXT(2) 
PARAMETRIC_REPRESENTATION_CONTEXT() REPRESENTATION_CONTEXT('2D SPACE',''
  ) );
#9155 = ORIENTED_EDGE('',*,*,#8536,.F.);
#9156 = ORIENTED_EDGE('',*,*,#9133,.T.);
#9157 = ORIENTED_EDGE('',*,*,#9158,.F.);
#9158 = EDGE_CURVE('',#9134,#9134,#9159,.T.);
#9159 = SURFACE_CURVE('',#9160,(#9165,#9172),.PCURVE_S1.);
#9160 = CIRCLE('',#9161,9.9);
#9161 = AXIS2_PLACEMENT_3D('',#9162,#9163,#9164);
#9162 = CARTESIAN_POINT('',(53.5,20.,29.));
#9163 = DIRECTION('',(-1.,-0.,-1.110223024625E-16));
#9164 = DIRECTION('',(1.110223024625E-16,0.,-1.));
#9165 = PCURVE('',#8553,#9166);
#9166 = DEFINITIONAL_REPRESENTATION('',(#9167),#9171);
#9167 = LINE('',#9168,#9169);
#9168 = CARTESIAN_POINT('',(-6.28318530718,-0.8));
#9169 = VECTOR('',#9170,1.);
#9170 = DIRECTION('',(1.,-0.));
#9171 = ( GEOMETRIC_REPRESENTATION_CONTEXT(2) 
PARAMETRIC_REPRESENTATION_CONTEXT() REPRESENTATION_CONTEXT('2D SPACE',''
  ) );
#9172 = PCURVE('',#9173,#9178);
#9173 = PLANE('',#9174);
#9174 = AXIS2_PLACEMENT_3D('',#9175,#9176,#9177);
#9175 = CARTESIAN_POINT('',(53.5,20.,29.));
#9176 = DIRECTION('',(1.,0.,1.110223024625E-16));
#9177 = DIRECTION('',(1.110223024625E-16,0.,-1.));
#9178 = DEFINITIONAL_REPRESENTATION('',(#9179),#9187);
#9179 = ( BOUNDED_CURVE() B_SPLINE_CURVE(2,(#9180,#9181,#9182,#9183,
#9184,#9185,#9186),.UNSPECIFIED.,.T.,.F.) B_SPLINE_CURVE_WITH_KNOTS((1,2
    ,2,2,2,1),(-2.094395102393,0.,2.094395102393,4.188790204786,
6.28318530718,8.377580409573),.UNSPECIFIED.) CURVE() 
GEOMETRIC_REPRESENTATION_ITEM() RATIONAL_B_SPLINE_CURVE((1.,0.5,1.,0.5,
1.,0.5,1.)) REPRESENTATION_ITEM('') );
#9180 = CARTESIAN_POINT('',(9.9,0.));
#9181 = CARTESIAN_POINT('',(9.9,-17.14730299493));
#9182 = CARTESIAN_POINT('',(-4.95,-8.573651497466));
#9183 = CARTESIAN_POINT('',(-19.8,-2.424800662312E-15));
#9184 = CARTESIAN_POINT('',(-4.95,8.573651497466));
#9185 = CARTESIAN_POINT('',(9.9,17.147302994932));
#9186 = CARTESIAN_POINT('',(9.9,0.));
#9187 = ( GEOMETRIC_REPRESENTATION_CONTEXT(2) 
PARAMETRIC_REPRESENTATION_CONTEXT() REPRESENTATION_CONTEXT('2D SPACE',''
  ) );
#9188 = ADVANCED_FACE('',(#9189),#8588,.T.);
#9189 = FACE_BOUND('',#9190,.F.);
#9190 = EDGE_LOOP('',(#9191,#9214,#9215,#9216));
#9191 = ORIENTED_EDGE('',*,*,#9192,.F.);
#9192 = EDGE_CURVE('',#8572,#9193,#9195,.T.);
#9193 = VERTEX_POINT('',#9194);
#9194 = CARTESIAN_POINT('',(53.5,-20.,19.1));
#9195 = SEAM_CURVE('',#9196,(#9200,#9207),.PCURVE_S1.);
#9196 = LINE('',#9197,#9198);
#9197 = CARTESIAN_POINT('',(52.7,-20.,19.1));
#9198 = VECTOR('',#9199,1.);
#9199 = DIRECTION('',(1.,0.,1.110223024625E-16));
#9200 = PCURVE('',#8588,#9201);
#9201 = DEFINITIONAL_REPRESENTATION('',(#9202),#9206);
#9202 = LINE('',#9203,#9204);
#9203 = CARTESIAN_POINT('',(-6.28318530718,0.));
#9204 = VECTOR('',#9205,1.);
#9205 = DIRECTION('',(-0.,-1.));
#9206 = ( GEOMETRIC_REPRESENTATION_CONTEXT(2) 
PARAMETRIC_REPRESENTATION_CONTEXT() REPRESENTATION_CONTEXT('2D SPACE',''
  ) );
#9207 = PCURVE('',#8588,#9208);
#9208 = DEFINITIONAL_REPRESENTATION('',(#9209),#9213);
#9209 = LINE('',#9210,#9211);
#9210 = CARTESIAN_POINT('',(-0.,0.));
#9211 = VECTOR('',#9212,1.);
#9212 = DIRECTION('',(-0.,-1.));
#9213 = ( GEOMETRIC_REPRESENTATION_CONTEXT(2) 
PARAMETRIC_REPRESENTATION_CONTEXT() REPRESENTATION_CONTEXT('2D SPACE',''
  ) );
#9214 = ORIENTED_EDGE('',*,*,#8571,.F.);
#9215 = ORIENTED_EDGE('',*,*,#9192,.T.);
#9216 = ORIENTED_EDGE('',*,*,#9217,.F.);
#9217 = EDGE_CURVE('',#9193,#9193,#9218,.T.);
#9218 = SURFACE_CURVE('',#9219,(#9224,#9231),.PCURVE_S1.);
#9219 = CIRCLE('',#9220,9.9);
#9220 = AXIS2_PLACEMENT_3D('',#9221,#9222,#9223);
#9221 = CARTESIAN_POINT('',(53.5,-20.,29.));
#9222 = DIRECTION('',(-1.,-0.,-1.110223024625E-16));
#9223 = DIRECTION('',(1.110223024625E-16,0.,-1.));
#9224 = PCURVE('',#8588,#9225);
#9225 = DEFINITIONAL_REPRESENTATION('',(#9226),#9230);
#9226 = LINE('',#9227,#9228);
#9227 = CARTESIAN_POINT('',(-6.28318530718,-0.8));
#9228 = VECTOR('',#9229,1.);
#9229 = DIRECTION('',(1.,-0.));
#9230 = ( GEOMETRIC_REPRESENTATION_CONTEXT(2) 
PARAMETRIC_REPRESENTATION_CONTEXT() REPRESENTATION_CONTEXT('2D SPACE',''
  ) );
#9231 = PCURVE('',#9232,#9237);
#9232 = PLANE('',#9233);
#9233 = AXIS2_PLACEMENT_3D('',#9234,#9235,#9236);
#9234 = CARTESIAN_POINT('',(53.5,-20.,29.));
#9235 = DIRECTION('',(1.,0.,1.110223024625E-16));
#9236 = DIRECTION('',(1.110223024625E-16,0.,-1.));
#9237 = DEFINITIONAL_REPRESENTATION('',(#9238),#9246);
#9238 = ( BOUNDED_CURVE() B_SPLINE_CURVE(2,(#9239,#9240,#9241,#9242,
#9243,#9244,#9245),.UNSPECIFIED.,.T.,.F.) B_SPLINE_CURVE_WITH_KNOTS((1,2
    ,2,2,2,1),(-2.094395102393,0.,2.094395102393,4.188790204786,
6.28318530718,8.377580409573),.UNSPECIFIED.) CURVE() 
GEOMETRIC_REPRESENTATION_ITEM() RATIONAL_B_SPLINE_CURVE((1.,0.5,1.,0.5,
1.,0.5,1.)) REPRESENTATION_ITEM('') );
#9239 = CARTESIAN_POINT('',(9.9,0.));
#9240 = CARTESIAN_POINT('',(9.9,-17.14730299493));
#9241 = CARTESIAN_POINT('',(-4.95,-8.573651497466));
#9242 = CARTESIAN_POINT('',(-19.8,-2.424800662312E-15));
#9243 = CARTESIAN_POINT('',(-4.95,8.573651497466));
#9244 = CARTESIAN_POINT('',(9.9,17.147302994932));
#9245 = CARTESIAN_POINT('',(9.9,0.));
#9246 = ( GEOMETRIC_REPRESENTATION_CONTEXT(2) 
PARAMETRIC_REPRESENTATION_CONTEXT() REPRESENTATION_CONTEXT('2D SPACE',''
  ) );
#9247 = ADVANCED_FACE('',(#9248),#8843,.F.);
#9248 = FACE_BOUND('',#9249,.T.);
#9249 = EDGE_LOOP('',(#9250,#9279,#9300,#9301));
#9250 = ORIENTED_EDGE('',*,*,#9251,.F.);
#9251 = EDGE_CURVE('',#9252,#9252,#9254,.T.);
#9252 = VERTEX_POINT('',#9253);
#9253 = CARTESIAN_POINT('',(-52.7,20.,36.6));
#9254 = SURFACE_CURVE('',#9255,(#9260,#9267),.PCURVE_S1.);
#9255 = CIRCLE('',#9256,7.6);
#9256 = AXIS2_PLACEMENT_3D('',#9257,#9258,#9259);
#9257 = CARTESIAN_POINT('',(-52.7,20.,29.));
#9258 = DIRECTION('',(-1.,0.,1.110223024625E-16));
#9259 = DIRECTION('',(1.110223024625E-16,0.,1.));
#9260 = PCURVE('',#8843,#9261);
#9261 = DEFINITIONAL_REPRESENTATION('',(#9262),#9266);
#9262 = LINE('',#9263,#9264);
#9263 = CARTESIAN_POINT('',(-0.,0.));
#9264 = VECTOR('',#9265,1.);
#9265 = DIRECTION('',(-1.,0.));
#9266 = ( GEOMETRIC_REPRESENTATION_CONTEXT(2) 
PARAMETRIC_REPRESENTATION_CONTEXT() REPRESENTATION_CONTEXT('2D SPACE',''
  ) );
#9267 = PCURVE('',#9268,#9273);
#9268 = PLANE('',#9269);
#9269 = AXIS2_PLACEMENT_3D('',#9270,#9271,#9272);
#9270 = CARTESIAN_POINT('',(-52.7,20.,29.));
#9271 = DIRECTION('',(-1.,0.,1.110223024625E-16));
#9272 = DIRECTION('',(1.110223024625E-16,0.,1.));
#9273 = DEFINITIONAL_REPRESENTATION('',(#9274),#9278);
#9274 = CIRCLE('',#9275,7.6);
#9275 = AXIS2_PLACEMENT_2D('',#9276,#9277);
#9276 = CARTESIAN_POINT('',(0.,0.));
#9277 = DIRECTION('',(1.,0.));
#9278 = ( GEOMETRIC_REPRESENTATION_CONTEXT(2) 
PARAMETRIC_REPRESENTATION_CONTEXT() REPRESENTATION_CONTEXT('2D SPACE',''
  ) );
#9279 = ORIENTED_EDGE('',*,*,#9280,.T.);
#9280 = EDGE_CURVE('',#9252,#8823,#9281,.T.);
#9281 = SEAM_CURVE('',#9282,(#9286,#9293),.PCURVE_S1.);
#9282 = LINE('',#9283,#9284);
#9283 = CARTESIAN_POINT('',(-52.7,20.,36.6));
#9284 = VECTOR('',#9285,1.);
#9285 = DIRECTION('',(-1.,0.,1.110223024625E-16));
#9286 = PCURVE('',#8843,#9287);
#9287 = DEFINITIONAL_REPRESENTATION('',(#9288),#9292);
#9288 = LINE('',#9289,#9290);
#9289 = CARTESIAN_POINT('',(-6.28318530718,0.));
#9290 = VECTOR('',#9291,1.);
#9291 = DIRECTION('',(-0.,-1.));
#9292 = ( GEOMETRIC_REPRESENTATION_CONTEXT(2) 
PARAMETRIC_REPRESENTATION_CONTEXT() REPRESENTATION_CONTEXT('2D SPACE',''
  ) );
#9293 = PCURVE('',#8843,#9294);
#9294 = DEFINITIONAL_REPRESENTATION('',(#9295),#9299);
#9295 = LINE('',#9296,#9297);
#9296 = CARTESIAN_POINT('',(-0.,0.));
#9297 = VECTOR('',#9298,1.);
#9298 = DIRECTION('',(-0.,-1.));
#9299 = ( GEOMETRIC_REPRESENTATION_CONTEXT(2) 
PARAMETRIC_REPRESENTATION_CONTEXT() REPRESENTATION_CONTEXT('2D SPACE',''
  ) );
#9300 = ORIENTED_EDGE('',*,*,#8822,.F.);
#9301 = ORIENTED_EDGE('',*,*,#9280,.F.);
#9302 = ADVANCED_FACE('',(#9303),#8882,.F.);
#9303 = FACE_BOUND('',#9304,.T.);
#9304 = EDGE_LOOP('',(#9305,#9334,#9355,#9356));
#9305 = ORIENTED_EDGE('',*,*,#9306,.F.);
#9306 = EDGE_CURVE('',#9307,#9307,#9309,.T.);
#9307 = VERTEX_POINT('',#9308);
#9308 = CARTESIAN_POINT('',(-52.7,-20.,36.6));
#9309 = SURFACE_CURVE('',#9310,(#9315,#9322),.PCURVE_S1.);
#9310 = CIRCLE('',#9311,7.6);
#9311 = AXIS2_PLACEMENT_3D('',#9312,#9313,#9314);
#9312 = CARTESIAN_POINT('',(-52.7,-20.,29.));
#9313 = DIRECTION('',(-1.,0.,1.110223024625E-16));
#9314 = DIRECTION('',(1.110223024625E-16,0.,1.));
#9315 = PCURVE('',#8882,#9316);
#9316 = DEFINITIONAL_REPRESENTATION('',(#9317),#9321);
#9317 = LINE('',#9318,#9319);
#9318 = CARTESIAN_POINT('',(-0.,0.));
#9319 = VECTOR('',#9320,1.);
#9320 = DIRECTION('',(-1.,0.));
#9321 = ( GEOMETRIC_REPRESENTATION_CONTEXT(2) 
PARAMETRIC_REPRESENTATION_CONTEXT() REPRESENTATION_CONTEXT('2D SPACE',''
  ) );
#9322 = PCURVE('',#9323,#9328);
#9323 = PLANE('',#9324);
#9324 = AXIS2_PLACEMENT_3D('',#9325,#9326,#9327);
#9325 = CARTESIAN_POINT('',(-52.7,-20.,29.));
#9326 = DIRECTION('',(-1.,0.,1.110223024625E-16));
#9327 = DIRECTION('',(1.110223024625E-16,0.,1.));
#9328 = DEFINITIONAL_REPRESENTATION('',(#9329),#9333);
#9329 = CIRCLE('',#9330,7.6);
#9330 = AXIS2_PLACEMENT_2D('',#9331,#9332);
#9331 = CARTESIAN_POINT('',(0.,0.));
#9332 = DIRECTION('',(1.,0.));
#9333 = ( GEOMETRIC_REPRESENTATION_CONTEXT(2) 
PARAMETRIC_REPRESENTATION_CONTEXT() REPRESENTATION_CONTEXT('2D SPACE',''
  ) );
#9334 = ORIENTED_EDGE('',*,*,#9335,.T.);
#9335 = EDGE_CURVE('',#9307,#8862,#9336,.T.);
#9336 = SEAM_CURVE('',#9337,(#9341,#9348),.PCURVE_S1.);
#9337 = LINE('',#9338,#9339);
#9338 = CARTESIAN_POINT('',(-52.7,-20.,36.6));
#9339 = VECTOR('',#9340,1.);
#9340 = DIRECTION('',(-1.,0.,1.110223024625E-16));
#9341 = PCURVE('',#8882,#9342);
#9342 = DEFINITIONAL_REPRESENTATION('',(#9343),#9347);
#9343 = LINE('',#9344,#9345);
#9344 = CARTESIAN_POINT('',(-6.28318530718,0.));
#9345 = VECTOR('',#9346,1.);
#9346 = DIRECTION('',(-0.,-1.));
#9347 = ( GEOMETRIC_REPRESENTATION_CONTEXT(2) 
PARAMETRIC_REPRESENTATION_CONTEXT() REPRESENTATION_CONTEXT('2D SPACE',''
  ) );
#9348 = PCURVE('',#8882,#9349);
#9349 = DEFINITIONAL_REPRESENTATION('',(#9350),#9354);
#9350 = LINE('',#9351,#9352);
#9351 = CARTESIAN_POINT('',(-0.,0.));
#9352 = VECTOR('',#9353,1.);
#9353 = DIRECTION('',(-0.,-1.));
#9354 = ( GEOMETRIC_REPRESENTATION_CONTEXT(2) 
PARAMETRIC_REPRESENTATION_CONTEXT() REPRESENTATION_CONTEXT('2D SPACE',''
  ) );
#9355 = ORIENTED_EDGE('',*,*,#8861,.F.);
#9356 = ORIENTED_EDGE('',*,*,#9335,.F.);
#9357 = ADVANCED_FACE('',(#9358,#9361),#8937,.T.);
#9358 = FACE_BOUND('',#9359,.T.);
#9359 = EDGE_LOOP('',(#9360));
#9360 = ORIENTED_EDGE('',*,*,#8922,.F.);
#9361 = FACE_BOUND('',#9362,.T.);
#9362 = EDGE_LOOP('',(#9363));
#9363 = ORIENTED_EDGE('',*,*,#9364,.T.);
#9364 = EDGE_CURVE('',#9365,#9365,#9367,.T.);
#9365 = VERTEX_POINT('',#9366);
#9366 = CARTESIAN_POINT('',(-12.4,-53.5,29.));
#9367 = SURFACE_CURVE('',#9368,(#9373,#9384),.PCURVE_S1.);
#9368 = CIRCLE('',#9369,7.6);
#9369 = AXIS2_PLACEMENT_3D('',#9370,#9371,#9372);
#9370 = CARTESIAN_POINT('',(-20.,-53.5,29.));
#9371 = DIRECTION('',(0.,1.,-1.110223024625E-16));
#9372 = DIRECTION('',(1.,0.,0.));
#9373 = PCURVE('',#8937,#9374);
#9374 = DEFINITIONAL_REPRESENTATION('',(#9375),#9383);
#9375 = ( BOUNDED_CURVE() B_SPLINE_CURVE(2,(#9376,#9377,#9378,#9379,
#9380,#9381,#9382),.UNSPECIFIED.,.T.,.F.) B_SPLINE_CURVE_WITH_KNOTS((1,2
    ,2,2,2,1),(-2.094395102393,0.,2.094395102393,4.188790204786,
6.28318530718,8.377580409573),.UNSPECIFIED.) CURVE() 
GEOMETRIC_REPRESENTATION_ITEM() RATIONAL_B_SPLINE_CURVE((1.,0.5,1.,0.5,
1.,0.5,1.)) REPRESENTATION_ITEM('') );
#9376 = CARTESIAN_POINT('',(7.6,0.));
#9377 = CARTESIAN_POINT('',(7.6,-13.16358613752));
#9378 = CARTESIAN_POINT('',(-3.8,-6.581793068762));
#9379 = CARTESIAN_POINT('',(-15.2,-1.861463134704E-15));
#9380 = CARTESIAN_POINT('',(-3.8,6.581793068762));
#9381 = CARTESIAN_POINT('',(7.6,13.163586137523));
#9382 = CARTESIAN_POINT('',(7.6,0.));
#9383 = ( GEOMETRIC_REPRESENTATION_CONTEXT(2) 
PARAMETRIC_REPRESENTATION_CONTEXT() REPRESENTATION_CONTEXT('2D SPACE',''
  ) );
#9384 = PCURVE('',#9385,#9390);
#9385 = CYLINDRICAL_SURFACE('',#9386,7.6);
#9386 = AXIS2_PLACEMENT_3D('',#9387,#9388,#9389);
#9387 = CARTESIAN_POINT('',(-20.,-52.7,29.));
#9388 = DIRECTION('',(-0.,1.,-1.110223024625E-16));
#9389 = DIRECTION('',(1.,0.,0.));
#9390 = DEFINITIONAL_REPRESENTATION('',(#9391),#9395);
#9391 = LINE('',#9392,#9393);
#9392 = CARTESIAN_POINT('',(-6.28318530718,-0.8));
#9393 = VECTOR('',#9394,1.);
#9394 = DIRECTION('',(1.,-0.));
#9395 = ( GEOMETRIC_REPRESENTATION_CONTEXT(2) 
PARAMETRIC_REPRESENTATION_CONTEXT() REPRESENTATION_CONTEXT('2D SPACE',''
  ) );
#9396 = ADVANCED_FACE('',(#9397,#9400),#8996,.T.);
#9397 = FACE_BOUND('',#9398,.T.);
#9398 = EDGE_LOOP('',(#9399));
#9399 = ORIENTED_EDGE('',*,*,#8981,.F.);
#9400 = FACE_BOUND('',#9401,.T.);
#9401 = EDGE_LOOP('',(#9402));
#9402 = ORIENTED_EDGE('',*,*,#9403,.T.);
#9403 = EDGE_CURVE('',#9404,#9404,#9406,.T.);
#9404 = VERTEX_POINT('',#9405);
#9405 = CARTESIAN_POINT('',(27.6,-53.5,29.));
#9406 = SURFACE_CURVE('',#9407,(#9412,#9423),.PCURVE_S1.);
#9407 = CIRCLE('',#9408,7.6);
#9408 = AXIS2_PLACEMENT_3D('',#9409,#9410,#9411);
#9409 = CARTESIAN_POINT('',(20.,-53.5,29.));
#9410 = DIRECTION('',(0.,1.,-1.110223024625E-16));
#9411 = DIRECTION('',(1.,0.,0.));
#9412 = PCURVE('',#8996,#9413);
#9413 = DEFINITIONAL_REPRESENTATION('',(#9414),#9422);
#9414 = ( BOUNDED_CURVE() B_SPLINE_CURVE(2,(#9415,#9416,#9417,#9418,
#9419,#9420,#9421),.UNSPECIFIED.,.T.,.F.) B_SPLINE_CURVE_WITH_KNOTS((1,2
    ,2,2,2,1),(-2.094395102393,0.,2.094395102393,4.188790204786,
6.28318530718,8.377580409573),.UNSPECIFIED.) CURVE() 
GEOMETRIC_REPRESENTATION_ITEM() RATIONAL_B_SPLINE_CURVE((1.,0.5,1.,0.5,
1.,0.5,1.)) REPRESENTATION_ITEM('') );
#9415 = CARTESIAN_POINT('',(7.6,0.));
#9416 = CARTESIAN_POINT('',(7.6,-13.16358613752));
#9417 = CARTESIAN_POINT('',(-3.8,-6.581793068762));
#9418 = CARTESIAN_POINT('',(-15.2,-1.861463134704E-15));
#9419 = CARTESIAN_POINT('',(-3.8,6.581793068762));
#9420 = CARTESIAN_POINT('',(7.6,13.163586137523));
#9421 = CARTESIAN_POINT('',(7.6,0.));
#9422 = ( GEOMETRIC_REPRESENTATION_CONTEXT(2) 
PARAMETRIC_REPRESENTATION_CONTEXT() REPRESENTATION_CONTEXT('2D SPACE',''
  ) );
#9423 = PCURVE('',#9424,#9429);
#9424 = CYLINDRICAL_SURFACE('',#9425,7.6);
#9425 = AXIS2_PLACEMENT_3D('',#9426,#9427,#9428);
#9426 = CARTESIAN_POINT('',(20.,-52.7,29.));
#9427 = DIRECTION('',(-0.,1.,-1.110223024625E-16));
#9428 = DIRECTION('',(1.,0.,0.));
#9429 = DEFINITIONAL_REPRESENTATION('',(#9430),#9434);
#9430 = LINE('',#9431,#9432);
#9431 = CARTESIAN_POINT('',(-6.28318530718,-0.8));
#9432 = VECTOR('',#9433,1.);
#9433 = DIRECTION('',(1.,-0.));
#9434 = ( GEOMETRIC_REPRESENTATION_CONTEXT(2) 
PARAMETRIC_REPRESENTATION_CONTEXT() REPRESENTATION_CONTEXT('2D SPACE',''
  ) );
#9435 = ADVANCED_FACE('',(#9436,#9439),#9055,.T.);
#9436 = FACE_BOUND('',#9437,.T.);
#9437 = EDGE_LOOP('',(#9438));
#9438 = ORIENTED_EDGE('',*,*,#9040,.F.);
#9439 = FACE_BOUND('',#9440,.T.);
#9440 = EDGE_LOOP('',(#9441));
#9441 = ORIENTED_EDGE('',*,*,#9442,.T.);
#9442 = EDGE_CURVE('',#9443,#9443,#9445,.T.);
#9443 = VERTEX_POINT('',#9444);
#9444 = CARTESIAN_POINT('',(-12.4,53.5,29.));
#9445 = SURFACE_CURVE('',#9446,(#9451,#9462),.PCURVE_S1.);
#9446 = CIRCLE('',#9447,7.6);
#9447 = AXIS2_PLACEMENT_3D('',#9448,#9449,#9450);
#9448 = CARTESIAN_POINT('',(-20.,53.5,29.));
#9449 = DIRECTION('',(0.,-1.,-1.110223024625E-16));
#9450 = DIRECTION('',(1.,0.,0.));
#9451 = PCURVE('',#9055,#9452);
#9452 = DEFINITIONAL_REPRESENTATION('',(#9453),#9461);
#9453 = ( BOUNDED_CURVE() B_SPLINE_CURVE(2,(#9454,#9455,#9456,#9457,
#9458,#9459,#9460),.UNSPECIFIED.,.T.,.F.) B_SPLINE_CURVE_WITH_KNOTS((1,2
    ,2,2,2,1),(-2.094395102393,0.,2.094395102393,4.188790204786,
6.28318530718,8.377580409573),.UNSPECIFIED.) CURVE() 
GEOMETRIC_REPRESENTATION_ITEM() RATIONAL_B_SPLINE_CURVE((1.,0.5,1.,0.5,
1.,0.5,1.)) REPRESENTATION_ITEM('') );
#9454 = CARTESIAN_POINT('',(7.6,0.));
#9455 = CARTESIAN_POINT('',(7.6,-13.16358613752));
#9456 = CARTESIAN_POINT('',(-3.8,-6.581793068762));
#9457 = CARTESIAN_POINT('',(-15.2,-1.861463134704E-15));
#9458 = CARTESIAN_POINT('',(-3.8,6.581793068762));
#9459 = CARTESIAN_POINT('',(7.6,13.163586137523));
#9460 = CARTESIAN_POINT('',(7.6,0.));
#9461 = ( GEOMETRIC_REPRESENTATION_CONTEXT(2) 
PARAMETRIC_REPRESENTATION_CONTEXT() REPRESENTATION_CONTEXT('2D SPACE',''
  ) );
#9462 = PCURVE('',#9463,#9468);
#9463 = CYLINDRICAL_SURFACE('',#9464,7.6);
#9464 = AXIS2_PLACEMENT_3D('',#9465,#9466,#9467);
#9465 = CARTESIAN_POINT('',(-20.,52.7,29.));
#9466 = DIRECTION('',(-0.,-1.,-1.110223024625E-16));
#9467 = DIRECTION('',(1.,0.,0.));
#9468 = DEFINITIONAL_REPRESENTATION('',(#9469),#9473);
#9469 = LINE('',#9470,#9471);
#9470 = CARTESIAN_POINT('',(-6.28318530718,-0.8));
#9471 = VECTOR('',#9472,1.);
#9472 = DIRECTION('',(1.,-0.));
#9473 = ( GEOMETRIC_REPRESENTATION_CONTEXT(2) 
PARAMETRIC_REPRESENTATION_CONTEXT() REPRESENTATION_CONTEXT('2D SPACE',''
  ) );
#9474 = ADVANCED_FACE('',(#9475,#9478),#9114,.T.);
#9475 = FACE_BOUND('',#9476,.T.);
#9476 = EDGE_LOOP('',(#9477));
#9477 = ORIENTED_EDGE('',*,*,#9099,.F.);
#9478 = FACE_BOUND('',#9479,.T.);
#9479 = EDGE_LOOP('',(#9480));
#9480 = ORIENTED_EDGE('',*,*,#9481,.T.);
#9481 = EDGE_CURVE('',#9482,#9482,#9484,.T.);
#9482 = VERTEX_POINT('',#9483);
#9483 = CARTESIAN_POINT('',(27.6,53.5,29.));
#9484 = SURFACE_CURVE('',#9485,(#9490,#9501),.PCURVE_S1.);
#9485 = CIRCLE('',#9486,7.6);
#9486 = AXIS2_PLACEMENT_3D('',#9487,#9488,#9489);
#9487 = CARTESIAN_POINT('',(20.,53.5,29.));
#9488 = DIRECTION('',(0.,-1.,-1.110223024625E-16));
#9489 = DIRECTION('',(1.,0.,0.));
#9490 = PCURVE('',#9114,#9491);
#9491 = DEFINITIONAL_REPRESENTATION('',(#9492),#9500);
#9492 = ( BOUNDED_CURVE() B_SPLINE_CURVE(2,(#9493,#9494,#9495,#9496,
#9497,#9498,#9499),.UNSPECIFIED.,.T.,.F.) B_SPLINE_CURVE_WITH_KNOTS((1,2
    ,2,2,2,1),(-2.094395102393,0.,2.094395102393,4.188790204786,
6.28318530718,8.377580409573),.UNSPECIFIED.) CURVE() 
GEOMETRIC_REPRESENTATION_ITEM() RATIONAL_B_SPLINE_CURVE((1.,0.5,1.,0.5,
1.,0.5,1.)) REPRESENTATION_ITEM('') );
#9493 = CARTESIAN_POINT('',(7.6,0.));
#9494 = CARTESIAN_POINT('',(7.6,-13.16358613752));
#9495 = CARTESIAN_POINT('',(-3.8,-6.581793068762));
#9496 = CARTESIAN_POINT('',(-15.2,-1.861463134704E-15));
#9497 = CARTESIAN_POINT('',(-3.8,6.581793068762));
#9498 = CARTESIAN_POINT('',(7.6,13.163586137523));
#9499 = CARTESIAN_POINT('',(7.6,0.));
#9500 = ( GEOMETRIC_REPRESENTATION_CONTEXT(2) 
PARAMETRIC_REPRESENTATION_CONTEXT() REPRESENTATION_CONTEXT('2D SPACE',''
  ) );
#9501 = PCURVE('',#9502,#9507);
#9502 = CYLINDRICAL_SURFACE('',#9503,7.6);
#9503 = AXIS2_PLACEMENT_3D('',#9504,#9505,#9506);
#9504 = CARTESIAN_POINT('',(20.,52.7,29.));
#9505 = DIRECTION('',(-0.,-1.,-1.110223024625E-16));
#9506 = DIRECTION('',(1.,0.,0.));
#9507 = DEFINITIONAL_REPRESENTATION('',(#9508),#9512);
#9508 = LINE('',#9509,#9510);
#9509 = CARTESIAN_POINT('',(-6.28318530718,-0.8));
#9510 = VECTOR('',#9511,1.);
#9511 = DIRECTION('',(1.,-0.));
#9512 = ( GEOMETRIC_REPRESENTATION_CONTEXT(2) 
PARAMETRIC_REPRESENTATION_CONTEXT() REPRESENTATION_CONTEXT('2D SPACE',''
  ) );
#9513 = ADVANCED_FACE('',(#9514,#9517),#9173,.T.);
#9514 = FACE_BOUND('',#9515,.T.);
#9515 = EDGE_LOOP('',(#9516));
#9516 = ORIENTED_EDGE('',*,*,#9158,.F.);
#9517 = FACE_BOUND('',#9518,.T.);
#9518 = EDGE_LOOP('',(#9519));
#9519 = ORIENTED_EDGE('',*,*,#9520,.T.);
#9520 = EDGE_CURVE('',#9521,#9521,#9523,.T.);
#9521 = VERTEX_POINT('',#9522);
#9522 = CARTESIAN_POINT('',(53.5,20.,21.4));
#9523 = SURFACE_CURVE('',#9524,(#9529,#9540),.PCURVE_S1.);
#9524 = CIRCLE('',#9525,7.6);
#9525 = AXIS2_PLACEMENT_3D('',#9526,#9527,#9528);
#9526 = CARTESIAN_POINT('',(53.5,20.,29.));
#9527 = DIRECTION('',(-1.,-0.,-1.110223024625E-16));
#9528 = DIRECTION('',(1.110223024625E-16,0.,-1.));
#9529 = PCURVE('',#9173,#9530);
#9530 = DEFINITIONAL_REPRESENTATION('',(#9531),#9539);
#9531 = ( BOUNDED_CURVE() B_SPLINE_CURVE(2,(#9532,#9533,#9534,#9535,
#9536,#9537,#9538),.UNSPECIFIED.,.T.,.F.) B_SPLINE_CURVE_WITH_KNOTS((1,2
    ,2,2,2,1),(-2.094395102393,0.,2.094395102393,4.188790204786,
6.28318530718,8.377580409573),.UNSPECIFIED.) CURVE() 
GEOMETRIC_REPRESENTATION_ITEM() RATIONAL_B_SPLINE_CURVE((1.,0.5,1.,0.5,
1.,0.5,1.)) REPRESENTATION_ITEM('') );
#9532 = CARTESIAN_POINT('',(7.6,0.));
#9533 = CARTESIAN_POINT('',(7.6,-13.16358613752));
#9534 = CARTESIAN_POINT('',(-3.8,-6.581793068762));
#9535 = CARTESIAN_POINT('',(-15.2,-1.861463134704E-15));
#9536 = CARTESIAN_POINT('',(-3.8,6.581793068762));
#9537 = CARTESIAN_POINT('',(7.6,13.163586137523));
#9538 = CARTESIAN_POINT('',(7.6,0.));
#9539 = ( GEOMETRIC_REPRESENTATION_CONTEXT(2) 
PARAMETRIC_REPRESENTATION_CONTEXT() REPRESENTATION_CONTEXT('2D SPACE',''
  ) );
#9540 = PCURVE('',#9541,#9546);
#9541 = CYLINDRICAL_SURFACE('',#9542,7.6);
#9542 = AXIS2_PLACEMENT_3D('',#9543,#9544,#9545);
#9543 = CARTESIAN_POINT('',(52.7,20.,29.));
#9544 = DIRECTION('',(-1.,-0.,-1.110223024625E-16));
#9545 = DIRECTION('',(1.110223024625E-16,0.,-1.));
#9546 = DEFINITIONAL_REPRESENTATION('',(#9547),#9551);
#9547 = LINE('',#9548,#9549);
#9548 = CARTESIAN_POINT('',(-6.28318530718,-0.8));
#9549 = VECTOR('',#9550,1.);
#9550 = DIRECTION('',(1.,-0.));
#9551 = ( GEOMETRIC_REPRESENTATION_CONTEXT(2) 
PARAMETRIC_REPRESENTATION_CONTEXT() REPRESENTATION_CONTEXT('2D SPACE',''
  ) );
#9552 = ADVANCED_FACE('',(#9553,#9556),#9232,.T.);
#9553 = FACE_BOUND('',#9554,.T.);
#9554 = EDGE_LOOP('',(#9555));
#9555 = ORIENTED_EDGE('',*,*,#9217,.F.);
#9556 = FACE_BOUND('',#9557,.T.);
#9557 = EDGE_LOOP('',(#9558));
#9558 = ORIENTED_EDGE('',*,*,#9559,.T.);
#9559 = EDGE_CURVE('',#9560,#9560,#9562,.T.);
#9560 = VERTEX_POINT('',#9561);
#9561 = CARTESIAN_POINT('',(53.5,-20.,21.4));
#9562 = SURFACE_CURVE('',#9563,(#9568,#9579),.PCURVE_S1.);
#9563 = CIRCLE('',#9564,7.6);
#9564 = AXIS2_PLACEMENT_3D('',#9565,#9566,#9567);
#9565 = CARTESIAN_POINT('',(53.5,-20.,29.));
#9566 = DIRECTION('',(-1.,-0.,-1.110223024625E-16));
#9567 = DIRECTION('',(1.110223024625E-16,0.,-1.));
#9568 = PCURVE('',#9232,#9569);
#9569 = DEFINITIONAL_REPRESENTATION('',(#9570),#9578);
#9570 = ( BOUNDED_CURVE() B_SPLINE_CURVE(2,(#9571,#9572,#9573,#9574,
#9575,#9576,#9577),.UNSPECIFIED.,.T.,.F.) B_SPLINE_CURVE_WITH_KNOTS((1,2
    ,2,2,2,1),(-2.094395102393,0.,2.094395102393,4.188790204786,
6.28318530718,8.377580409573),.UNSPECIFIED.) CURVE() 
GEOMETRIC_REPRESENTATION_ITEM() RATIONAL_B_SPLINE_CURVE((1.,0.5,1.,0.5,
1.,0.5,1.)) REPRESENTATION_ITEM('') );
#9571 = CARTESIAN_POINT('',(7.6,0.));
#9572 = CARTESIAN_POINT('',(7.6,-13.16358613752));
#9573 = CARTESIAN_POINT('',(-3.8,-6.581793068762));
#9574 = CARTESIAN_POINT('',(-15.2,-1.861463134704E-15));
#9575 = CARTESIAN_POINT('',(-3.8,6.581793068762));
#9576 = CARTESIAN_POINT('',(7.6,13.163586137523));
#9577 = CARTESIAN_POINT('',(7.6,0.));
#9578 = ( GEOMETRIC_REPRESENTATION_CONTEXT(2) 
PARAMETRIC_REPRESENTATION_CONTEXT() REPRESENTATION_CONTEXT('2D SPACE',''
  ) );
#9579 = PCURVE('',#9580,#9585);
#9580 = CYLINDRICAL_SURFACE('',#9581,7.6);
#9581 = AXIS2_PLACEMENT_3D('',#9582,#9583,#9584);
#9582 = CARTESIAN_POINT('',(52.7,-20.,29.));
#9583 = DIRECTION('',(-1.,-0.,-1.110223024625E-16));
#9584 = DIRECTION('',(1.110223024625E-16,0.,-1.));
#9585 = DEFINITIONAL_REPRESENTATION('',(#9586),#9590);
#9586 = LINE('',#9587,#9588);
#9587 = CARTESIAN_POINT('',(-6.28318530718,-0.8));
#9588 = VECTOR('',#9589,1.);
#9589 = DIRECTION('',(1.,-0.));
#9590 = ( GEOMETRIC_REPRESENTATION_CONTEXT(2) 
PARAMETRIC_REPRESENTATION_CONTEXT() REPRESENTATION_CONTEXT('2D SPACE',''
  ) );
#9591 = ADVANCED_FACE('',(#9592,#9595),#9268,.T.);
#9592 = FACE_BOUND('',#9593,.T.);
#9593 = EDGE_LOOP('',(#9594));
#9594 = ORIENTED_EDGE('',*,*,#9251,.T.);
#9595 = FACE_BOUND('',#9596,.T.);
#9596 = EDGE_LOOP('',(#9597));
#9597 = ORIENTED_EDGE('',*,*,#9598,.F.);
#9598 = EDGE_CURVE('',#9599,#9599,#9601,.T.);
#9599 = VERTEX_POINT('',#9600);
#9600 = CARTESIAN_POINT('',(-52.7,20.,35.4));
#9601 = SURFACE_CURVE('',#9602,(#9607,#9614),.PCURVE_S1.);
#9602 = CIRCLE('',#9603,6.4);
#9603 = AXIS2_PLACEMENT_3D('',#9604,#9605,#9606);
#9604 = CARTESIAN_POINT('',(-52.7,20.,29.));
#9605 = DIRECTION('',(-1.,0.,1.110223024625E-16));
#9606 = DIRECTION('',(1.110223024625E-16,0.,1.));
#9607 = PCURVE('',#9268,#9608);
#9608 = DEFINITIONAL_REPRESENTATION('',(#9609),#9613);
#9609 = CIRCLE('',#9610,6.4);
#9610 = AXIS2_PLACEMENT_2D('',#9611,#9612);
#9611 = CARTESIAN_POINT('',(0.,0.));
#9612 = DIRECTION('',(1.,0.));
#9613 = ( GEOMETRIC_REPRESENTATION_CONTEXT(2) 
PARAMETRIC_REPRESENTATION_CONTEXT() REPRESENTATION_CONTEXT('2D SPACE',''
  ) );
#9614 = PCURVE('',#9615,#9620);
#9615 = CYLINDRICAL_SURFACE('',#9616,6.4);
#9616 = AXIS2_PLACEMENT_3D('',#9617,#9618,#9619);
#9617 = CARTESIAN_POINT('',(-52.7,20.,29.));
#9618 = DIRECTION('',(1.,-0.,-1.110223024625E-16));
#9619 = DIRECTION('',(1.110223024625E-16,0.,1.));
#9620 = DEFINITIONAL_REPRESENTATION('',(#9621),#9625);
#9621 = LINE('',#9622,#9623);
#9622 = CARTESIAN_POINT('',(-0.,0.));
#9623 = VECTOR('',#9624,1.);
#9624 = DIRECTION('',(-1.,0.));
#9625 = ( GEOMETRIC_REPRESENTATION_CONTEXT(2) 
PARAMETRIC_REPRESENTATION_CONTEXT() REPRESENTATION_CONTEXT('2D SPACE',''
  ) );
#9626 = ADVANCED_FACE('',(#9627,#9630),#9323,.T.);
#9627 = FACE_BOUND('',#9628,.T.);
#9628 = EDGE_LOOP('',(#9629));
#9629 = ORIENTED_EDGE('',*,*,#9306,.T.);
#9630 = FACE_BOUND('',#9631,.T.);
#9631 = EDGE_LOOP('',(#9632));
#9632 = ORIENTED_EDGE('',*,*,#9633,.F.);
#9633 = EDGE_CURVE('',#9634,#9634,#9636,.T.);
#9634 = VERTEX_POINT('',#9635);
#9635 = CARTESIAN_POINT('',(-52.7,-20.,35.4));
#9636 = SURFACE_CURVE('',#9637,(#9642,#9649),.PCURVE_S1.);
#9637 = CIRCLE('',#9638,6.4);
#9638 = AXIS2_PLACEMENT_3D('',#9639,#9640,#9641);
#9639 = CARTESIAN_POINT('',(-52.7,-20.,29.));
#9640 = DIRECTION('',(-1.,0.,1.110223024625E-16));
#9641 = DIRECTION('',(1.110223024625E-16,0.,1.));
#9642 = PCURVE('',#9323,#9643);
#9643 = DEFINITIONAL_REPRESENTATION('',(#9644),#9648);
#9644 = CIRCLE('',#9645,6.4);
#9645 = AXIS2_PLACEMENT_2D('',#9646,#9647);
#9646 = CARTESIAN_POINT('',(0.,0.));
#9647 = DIRECTION('',(1.,0.));
#9648 = ( GEOMETRIC_REPRESENTATION_CONTEXT(2) 
PARAMETRIC_REPRESENTATION_CONTEXT() REPRESENTATION_CONTEXT('2D SPACE',''
  ) );
#9649 = PCURVE('',#9650,#9655);
#9650 = CYLINDRICAL_SURFACE('',#9651,6.4);
#9651 = AXIS2_PLACEMENT_3D('',#9652,#9653,#9654);
#9652 = CARTESIAN_POINT('',(-52.7,-20.,29.));
#9653 = DIRECTION('',(1.,-0.,-1.110223024625E-16));
#9654 = DIRECTION('',(1.110223024625E-16,0.,1.));
#9655 = DEFINITIONAL_REPRESENTATION('',(#9656),#9660);
#9656 = LINE('',#9657,#9658);
#9657 = CARTESIAN_POINT('',(-0.,0.));
#9658 = VECTOR('',#9659,1.);
#9659 = DIRECTION('',(-1.,0.));
#9660 = ( GEOMETRIC_REPRESENTATION_CONTEXT(2) 
PARAMETRIC_REPRESENTATION_CONTEXT() REPRESENTATION_CONTEXT('2D SPACE',''
  ) );
#9661 = ADVANCED_FACE('',(#9662),#9385,.F.);
#9662 = FACE_BOUND('',#9663,.T.);
#9663 = EDGE_LOOP('',(#9664,#9693,#9714,#9715));
#9664 = ORIENTED_EDGE('',*,*,#9665,.F.);
#9665 = EDGE_CURVE('',#9666,#9666,#9668,.T.);
#9666 = VERTEX_POINT('',#9667);
#9667 = CARTESIAN_POINT('',(-12.4,-52.7,29.));
#9668 = SURFACE_CURVE('',#9669,(#9674,#9681),.PCURVE_S1.);
#9669 = CIRCLE('',#9670,7.6);
#9670 = AXIS2_PLACEMENT_3D('',#9671,#9672,#9673);
#9671 = CARTESIAN_POINT('',(-20.,-52.7,29.));
#9672 = DIRECTION('',(0.,-1.,1.110223024625E-16));
#9673 = DIRECTION('',(1.,0.,0.));
#9674 = PCURVE('',#9385,#9675);
#9675 = DEFINITIONAL_REPRESENTATION('',(#9676),#9680);
#9676 = LINE('',#9677,#9678);
#9677 = CARTESIAN_POINT('',(-0.,0.));
#9678 = VECTOR('',#9679,1.);
#9679 = DIRECTION('',(-1.,0.));
#9680 = ( GEOMETRIC_REPRESENTATION_CONTEXT(2) 
PARAMETRIC_REPRESENTATION_CONTEXT() REPRESENTATION_CONTEXT('2D SPACE',''
  ) );
#9681 = PCURVE('',#9682,#9687);
#9682 = PLANE('',#9683);
#9683 = AXIS2_PLACEMENT_3D('',#9684,#9685,#9686);
#9684 = CARTESIAN_POINT('',(-20.,-52.7,29.));
#9685 = DIRECTION('',(0.,-1.,1.110223024625E-16));
#9686 = DIRECTION('',(1.,0.,0.));
#9687 = DEFINITIONAL_REPRESENTATION('',(#9688),#9692);
#9688 = CIRCLE('',#9689,7.6);
#9689 = AXIS2_PLACEMENT_2D('',#9690,#9691);
#9690 = CARTESIAN_POINT('',(0.,0.));
#9691 = DIRECTION('',(1.,0.));
#9692 = ( GEOMETRIC_REPRESENTATION_CONTEXT(2) 
PARAMETRIC_REPRESENTATION_CONTEXT() REPRESENTATION_CONTEXT('2D SPACE',''
  ) );
#9693 = ORIENTED_EDGE('',*,*,#9694,.T.);
#9694 = EDGE_CURVE('',#9666,#9365,#9695,.T.);
#9695 = SEAM_CURVE('',#9696,(#9700,#9707),.PCURVE_S1.);
#9696 = LINE('',#9697,#9698);
#9697 = CARTESIAN_POINT('',(-12.4,-52.7,29.));
#9698 = VECTOR('',#9699,1.);
#9699 = DIRECTION('',(0.,-1.,1.110223024625E-16));
#9700 = PCURVE('',#9385,#9701);
#9701 = DEFINITIONAL_REPRESENTATION('',(#9702),#9706);
#9702 = LINE('',#9703,#9704);
#9703 = CARTESIAN_POINT('',(-6.28318530718,0.));
#9704 = VECTOR('',#9705,1.);
#9705 = DIRECTION('',(-0.,-1.));
#9706 = ( GEOMETRIC_REPRESENTATION_CONTEXT(2) 
PARAMETRIC_REPRESENTATION_CONTEXT() REPRESENTATION_CONTEXT('2D SPACE',''
  ) );
#9707 = PCURVE('',#9385,#9708);
#9708 = DEFINITIONAL_REPRESENTATION('',(#9709),#9713);
#9709 = LINE('',#9710,#9711);
#9710 = CARTESIAN_POINT('',(-0.,0.));
#9711 = VECTOR('',#9712,1.);
#9712 = DIRECTION('',(-0.,-1.));
#9713 = ( GEOMETRIC_REPRESENTATION_CONTEXT(2) 
PARAMETRIC_REPRESENTATION_CONTEXT() REPRESENTATION_CONTEXT('2D SPACE',''
  ) );
#9714 = ORIENTED_EDGE('',*,*,#9364,.F.);
#9715 = ORIENTED_EDGE('',*,*,#9694,.F.);
#9716 = ADVANCED_FACE('',(#9717),#9424,.F.);
#9717 = FACE_BOUND('',#9718,.T.);
#9718 = EDGE_LOOP('',(#9719,#9748,#9769,#9770));
#9719 = ORIENTED_EDGE('',*,*,#9720,.F.);
#9720 = EDGE_CURVE('',#9721,#9721,#9723,.T.);
#9721 = VERTEX_POINT('',#9722);
#9722 = CARTESIAN_POINT('',(27.6,-52.7,29.));
#9723 = SURFACE_CURVE('',#9724,(#9729,#9736),.PCURVE_S1.);
#9724 = CIRCLE('',#9725,7.6);
#9725 = AXIS2_PLACEMENT_3D('',#9726,#9727,#9728);
#9726 = CARTESIAN_POINT('',(20.,-52.7,29.));
#9727 = DIRECTION('',(0.,-1.,1.110223024625E-16));
#9728 = DIRECTION('',(1.,0.,0.));
#9729 = PCURVE('',#9424,#9730);
#9730 = DEFINITIONAL_REPRESENTATION('',(#9731),#9735);
#9731 = LINE('',#9732,#9733);
#9732 = CARTESIAN_POINT('',(-0.,0.));
#9733 = VECTOR('',#9734,1.);
#9734 = DIRECTION('',(-1.,0.));
#9735 = ( GEOMETRIC_REPRESENTATION_CONTEXT(2) 
PARAMETRIC_REPRESENTATION_CONTEXT() REPRESENTATION_CONTEXT('2D SPACE',''
  ) );
#9736 = PCURVE('',#9737,#9742);
#9737 = PLANE('',#9738);
#9738 = AXIS2_PLACEMENT_3D('',#9739,#9740,#9741);
#9739 = CARTESIAN_POINT('',(20.,-52.7,29.));
#9740 = DIRECTION('',(0.,-1.,1.110223024625E-16));
#9741 = DIRECTION('',(1.,0.,0.));
#9742 = DEFINITIONAL_REPRESENTATION('',(#9743),#9747);
#9743 = CIRCLE('',#9744,7.6);
#9744 = AXIS2_PLACEMENT_2D('',#9745,#9746);
#9745 = CARTESIAN_POINT('',(0.,0.));
#9746 = DIRECTION('',(1.,0.));
#9747 = ( GEOMETRIC_REPRESENTATION_CONTEXT(2) 
PARAMETRIC_REPRESENTATION_CONTEXT() REPRESENTATION_CONTEXT('2D SPACE',''
  ) );
#9748 = ORIENTED_EDGE('',*,*,#9749,.T.);
#9749 = EDGE_CURVE('',#9721,#9404,#9750,.T.);
#9750 = SEAM_CURVE('',#9751,(#9755,#9762),.PCURVE_S1.);
#9751 = LINE('',#9752,#9753);
#9752 = CARTESIAN_POINT('',(27.6,-52.7,29.));
#9753 = VECTOR('',#9754,1.);
#9754 = DIRECTION('',(0.,-1.,1.110223024625E-16));
#9755 = PCURVE('',#9424,#9756);
#9756 = DEFINITIONAL_REPRESENTATION('',(#9757),#9761);
#9757 = LINE('',#9758,#9759);
#9758 = CARTESIAN_POINT('',(-6.28318530718,0.));
#9759 = VECTOR('',#9760,1.);
#9760 = DIRECTION('',(-0.,-1.));
#9761 = ( GEOMETRIC_REPRESENTATION_CONTEXT(2) 
PARAMETRIC_REPRESENTATION_CONTEXT() REPRESENTATION_CONTEXT('2D SPACE',''
  ) );
#9762 = PCURVE('',#9424,#9763);
#9763 = DEFINITIONAL_REPRESENTATION('',(#9764),#9768);
#9764 = LINE('',#9765,#9766);
#9765 = CARTESIAN_POINT('',(-0.,0.));
#9766 = VECTOR('',#9767,1.);
#9767 = DIRECTION('',(-0.,-1.));
#9768 = ( GEOMETRIC_REPRESENTATION_CONTEXT(2) 
PARAMETRIC_REPRESENTATION_CONTEXT() REPRESENTATION_CONTEXT('2D SPACE',''
  ) );
#9769 = ORIENTED_EDGE('',*,*,#9403,.F.);
#9770 = ORIENTED_EDGE('',*,*,#9749,.F.);
#9771 = ADVANCED_FACE('',(#9772),#9463,.F.);
#9772 = FACE_BOUND('',#9773,.T.);
#9773 = EDGE_LOOP('',(#9774,#9803,#9824,#9825));
#9774 = ORIENTED_EDGE('',*,*,#9775,.F.);
#9775 = EDGE_CURVE('',#9776,#9776,#9778,.T.);
#9776 = VERTEX_POINT('',#9777);
#9777 = CARTESIAN_POINT('',(-12.4,52.7,29.));
#9778 = SURFACE_CURVE('',#9779,(#9784,#9791),.PCURVE_S1.);
#9779 = CIRCLE('',#9780,7.6);
#9780 = AXIS2_PLACEMENT_3D('',#9781,#9782,#9783);
#9781 = CARTESIAN_POINT('',(-20.,52.7,29.));
#9782 = DIRECTION('',(-0.,1.,1.110223024625E-16));
#9783 = DIRECTION('',(1.,0.,0.));
#9784 = PCURVE('',#9463,#9785);
#9785 = DEFINITIONAL_REPRESENTATION('',(#9786),#9790);
#9786 = LINE('',#9787,#9788);
#9787 = CARTESIAN_POINT('',(-0.,0.));
#9788 = VECTOR('',#9789,1.);
#9789 = DIRECTION('',(-1.,0.));
#9790 = ( GEOMETRIC_REPRESENTATION_CONTEXT(2) 
PARAMETRIC_REPRESENTATION_CONTEXT() REPRESENTATION_CONTEXT('2D SPACE',''
  ) );
#9791 = PCURVE('',#9792,#9797);
#9792 = PLANE('',#9793);
#9793 = AXIS2_PLACEMENT_3D('',#9794,#9795,#9796);
#9794 = CARTESIAN_POINT('',(-20.,52.7,29.));
#9795 = DIRECTION('',(0.,1.,1.110223024625E-16));
#9796 = DIRECTION('',(1.,0.,0.));
#9797 = DEFINITIONAL_REPRESENTATION('',(#9798),#9802);
#9798 = CIRCLE('',#9799,7.6);
#9799 = AXIS2_PLACEMENT_2D('',#9800,#9801);
#9800 = CARTESIAN_POINT('',(0.,0.));
#9801 = DIRECTION('',(1.,0.));
#9802 = ( GEOMETRIC_REPRESENTATION_CONTEXT(2) 
PARAMETRIC_REPRESENTATION_CONTEXT() REPRESENTATION_CONTEXT('2D SPACE',''
  ) );
#9803 = ORIENTED_EDGE('',*,*,#9804,.T.);
#9804 = EDGE_CURVE('',#9776,#9443,#9805,.T.);
#9805 = SEAM_CURVE('',#9806,(#9810,#9817),.PCURVE_S1.);
#9806 = LINE('',#9807,#9808);
#9807 = CARTESIAN_POINT('',(-12.4,52.7,29.));
#9808 = VECTOR('',#9809,1.);
#9809 = DIRECTION('',(0.,1.,1.110223024625E-16));
#9810 = PCURVE('',#9463,#9811);
#9811 = DEFINITIONAL_REPRESENTATION('',(#9812),#9816);
#9812 = LINE('',#9813,#9814);
#9813 = CARTESIAN_POINT('',(-6.28318530718,0.));
#9814 = VECTOR('',#9815,1.);
#9815 = DIRECTION('',(-0.,-1.));
#9816 = ( GEOMETRIC_REPRESENTATION_CONTEXT(2) 
PARAMETRIC_REPRESENTATION_CONTEXT() REPRESENTATION_CONTEXT('2D SPACE',''
  ) );
#9817 = PCURVE('',#9463,#9818);
#9818 = DEFINITIONAL_REPRESENTATION('',(#9819),#9823);
#9819 = LINE('',#9820,#9821);
#9820 = CARTESIAN_POINT('',(-0.,0.));
#9821 = VECTOR('',#9822,1.);
#9822 = DIRECTION('',(-0.,-1.));
#9823 = ( GEOMETRIC_REPRESENTATION_CONTEXT(2) 
PARAMETRIC_REPRESENTATION_CONTEXT() REPRESENTATION_CONTEXT('2D SPACE',''
  ) );
#9824 = ORIENTED_EDGE('',*,*,#9442,.F.);
#9825 = ORIENTED_EDGE('',*,*,#9804,.F.);
#9826 = ADVANCED_FACE('',(#9827),#9502,.F.);
#9827 = FACE_BOUND('',#9828,.T.);
#9828 = EDGE_LOOP('',(#9829,#9858,#9879,#9880));
#9829 = ORIENTED_EDGE('',*,*,#9830,.F.);
#9830 = EDGE_CURVE('',#9831,#9831,#9833,.T.);
#9831 = VERTEX_POINT('',#9832);
#9832 = CARTESIAN_POINT('',(27.6,52.7,29.));
#9833 = SURFACE_CURVE('',#9834,(#9839,#9846),.PCURVE_S1.);
#9834 = CIRCLE('',#9835,7.6);
#9835 = AXIS2_PLACEMENT_3D('',#9836,#9837,#9838);
#9836 = CARTESIAN_POINT('',(20.,52.7,29.));
#9837 = DIRECTION('',(-0.,1.,1.110223024625E-16));
#9838 = DIRECTION('',(1.,0.,0.));
#9839 = PCURVE('',#9502,#9840);
#9840 = DEFINITIONAL_REPRESENTATION('',(#9841),#9845);
#9841 = LINE('',#9842,#9843);
#9842 = CARTESIAN_POINT('',(-0.,0.));
#9843 = VECTOR('',#9844,1.);
#9844 = DIRECTION('',(-1.,0.));
#9845 = ( GEOMETRIC_REPRESENTATION_CONTEXT(2) 
PARAMETRIC_REPRESENTATION_CONTEXT() REPRESENTATION_CONTEXT('2D SPACE',''
  ) );
#9846 = PCURVE('',#9847,#9852);
#9847 = PLANE('',#9848);
#9848 = AXIS2_PLACEMENT_3D('',#9849,#9850,#9851);
#9849 = CARTESIAN_POINT('',(20.,52.7,29.));
#9850 = DIRECTION('',(0.,1.,1.110223024625E-16));
#9851 = DIRECTION('',(1.,0.,0.));
#9852 = DEFINITIONAL_REPRESENTATION('',(#9853),#9857);
#9853 = CIRCLE('',#9854,7.6);
#9854 = AXIS2_PLACEMENT_2D('',#9855,#9856);
#9855 = CARTESIAN_POINT('',(0.,0.));
#9856 = DIRECTION('',(1.,0.));
#9857 = ( GEOMETRIC_REPRESENTATION_CONTEXT(2) 
PARAMETRIC_REPRESENTATION_CONTEXT() REPRESENTATION_CONTEXT('2D SPACE',''
  ) );
#9858 = ORIENTED_EDGE('',*,*,#9859,.T.);
#9859 = EDGE_CURVE('',#9831,#9482,#9860,.T.);
#9860 = SEAM_CURVE('',#9861,(#9865,#9872),.PCURVE_S1.);
#9861 = LINE('',#9862,#9863);
#9862 = CARTESIAN_POINT('',(27.6,52.7,29.));
#9863 = VECTOR('',#9864,1.);
#9864 = DIRECTION('',(0.,1.,1.110223024625E-16));
#9865 = PCURVE('',#9502,#9866);
#9866 = DEFINITIONAL_REPRESENTATION('',(#9867),#9871);
#9867 = LINE('',#9868,#9869);
#9868 = CARTESIAN_POINT('',(-6.28318530718,0.));
#9869 = VECTOR('',#9870,1.);
#9870 = DIRECTION('',(-0.,-1.));
#9871 = ( GEOMETRIC_REPRESENTATION_CONTEXT(2) 
PARAMETRIC_REPRESENTATION_CONTEXT() REPRESENTATION_CONTEXT('2D SPACE',''
  ) );
#9872 = PCURVE('',#9502,#9873);
#9873 = DEFINITIONAL_REPRESENTATION('',(#9874),#9878);
#9874 = LINE('',#9875,#9876);
#9875 = CARTESIAN_POINT('',(-0.,0.));
#9876 = VECTOR('',#9877,1.);
#9877 = DIRECTION('',(-0.,-1.));
#9878 = ( GEOMETRIC_REPRESENTATION_CONTEXT(2) 
PARAMETRIC_REPRESENTATION_CONTEXT() REPRESENTATION_CONTEXT('2D SPACE',''
  ) );
#9879 = ORIENTED_EDGE('',*,*,#9481,.F.);
#9880 = ORIENTED_EDGE('',*,*,#9859,.F.);
#9881 = ADVANCED_FACE('',(#9882),#9541,.F.);
#9882 = FACE_BOUND('',#9883,.T.);
#9883 = EDGE_LOOP('',(#9884,#9913,#9934,#9935));
#9884 = ORIENTED_EDGE('',*,*,#9885,.F.);
#9885 = EDGE_CURVE('',#9886,#9886,#9888,.T.);
#9886 = VERTEX_POINT('',#9887);
#9887 = CARTESIAN_POINT('',(52.7,20.,21.4));
#9888 = SURFACE_CURVE('',#9889,(#9894,#9901),.PCURVE_S1.);
#9889 = CIRCLE('',#9890,7.6);
#9890 = AXIS2_PLACEMENT_3D('',#9891,#9892,#9893);
#9891 = CARTESIAN_POINT('',(52.7,20.,29.));
#9892 = DIRECTION('',(1.,-0.,1.110223024625E-16));
#9893 = DIRECTION('',(1.110223024625E-16,0.,-1.));
#9894 = PCURVE('',#9541,#9895);
#9895 = DEFINITIONAL_REPRESENTATION('',(#9896),#9900);
#9896 = LINE('',#9897,#9898);
#9897 = CARTESIAN_POINT('',(-0.,0.));
#9898 = VECTOR('',#9899,1.);
#9899 = DIRECTION('',(-1.,0.));
#9900 = ( GEOMETRIC_REPRESENTATION_CONTEXT(2) 
PARAMETRIC_REPRESENTATION_CONTEXT() REPRESENTATION_CONTEXT('2D SPACE',''
  ) );
#9901 = PCURVE('',#9902,#9907);
#9902 = PLANE('',#9903);
#9903 = AXIS2_PLACEMENT_3D('',#9904,#9905,#9906);
#9904 = CARTESIAN_POINT('',(52.7,20.,29.));
#9905 = DIRECTION('',(1.,0.,1.110223024625E-16));
#9906 = DIRECTION('',(1.110223024625E-16,0.,-1.));
#9907 = DEFINITIONAL_REPRESENTATION('',(#9908),#9912);
#9908 = CIRCLE('',#9909,7.6);
#9909 = AXIS2_PLACEMENT_2D('',#9910,#9911);
#9910 = CARTESIAN_POINT('',(0.,0.));
#9911 = DIRECTION('',(1.,0.));
#9912 = ( GEOMETRIC_REPRESENTATION_CONTEXT(2) 
PARAMETRIC_REPRESENTATION_CONTEXT() REPRESENTATION_CONTEXT('2D SPACE',''
  ) );
#9913 = ORIENTED_EDGE('',*,*,#9914,.T.);
#9914 = EDGE_CURVE('',#9886,#9521,#9915,.T.);
#9915 = SEAM_CURVE('',#9916,(#9920,#9927),.PCURVE_S1.);
#9916 = LINE('',#9917,#9918);
#9917 = CARTESIAN_POINT('',(52.7,20.,21.4));
#9918 = VECTOR('',#9919,1.);
#9919 = DIRECTION('',(1.,0.,1.110223024625E-16));
#9920 = PCURVE('',#9541,#9921);
#9921 = DEFINITIONAL_REPRESENTATION('',(#9922),#9926);
#9922 = LINE('',#9923,#9924);
#9923 = CARTESIAN_POINT('',(-6.28318530718,0.));
#9924 = VECTOR('',#9925,1.);
#9925 = DIRECTION('',(-0.,-1.));
#9926 = ( GEOMETRIC_REPRESENTATION_CONTEXT(2) 
PARAMETRIC_REPRESENTATION_CONTEXT() REPRESENTATION_CONTEXT('2D SPACE',''
  ) );
#9927 = PCURVE('',#9541,#9928);
#9928 = DEFINITIONAL_REPRESENTATION('',(#9929),#9933);
#9929 = LINE('',#9930,#9931);
#9930 = CARTESIAN_POINT('',(-0.,0.));
#9931 = VECTOR('',#9932,1.);
#9932 = DIRECTION('',(-0.,-1.));
#9933 = ( GEOMETRIC_REPRESENTATION_CONTEXT(2) 
PARAMETRIC_REPRESENTATION_CONTEXT() REPRESENTATION_CONTEXT('2D SPACE',''
  ) );
#9934 = ORIENTED_EDGE('',*,*,#9520,.F.);
#9935 = ORIENTED_EDGE('',*,*,#9914,.F.);
#9936 = ADVANCED_FACE('',(#9937),#9580,.F.);
#9937 = FACE_BOUND('',#9938,.T.);
#9938 = EDGE_LOOP('',(#9939,#9968,#9989,#9990));
#9939 = ORIENTED_EDGE('',*,*,#9940,.F.);
#9940 = EDGE_CURVE('',#9941,#9941,#9943,.T.);
#9941 = VERTEX_POINT('',#9942);
#9942 = CARTESIAN_POINT('',(52.7,-20.,21.4));
#9943 = SURFACE_CURVE('',#9944,(#9949,#9956),.PCURVE_S1.);
#9944 = CIRCLE('',#9945,7.6);
#9945 = AXIS2_PLACEMENT_3D('',#9946,#9947,#9948);
#9946 = CARTESIAN_POINT('',(52.7,-20.,29.));
#9947 = DIRECTION('',(1.,-0.,1.110223024625E-16));
#9948 = DIRECTION('',(1.110223024625E-16,0.,-1.));
#9949 = PCURVE('',#9580,#9950);
#9950 = DEFINITIONAL_REPRESENTATION('',(#9951),#9955);
#9951 = LINE('',#9952,#9953);
#9952 = CARTESIAN_POINT('',(-0.,0.));
#9953 = VECTOR('',#9954,1.);
#9954 = DIRECTION('',(-1.,0.));
#9955 = ( GEOMETRIC_REPRESENTATION_CONTEXT(2) 
PARAMETRIC_REPRESENTATION_CONTEXT() REPRESENTATION_CONTEXT('2D SPACE',''
  ) );
#9956 = PCURVE('',#9957,#9962);
#9957 = PLANE('',#9958);
#9958 = AXIS2_PLACEMENT_3D('',#9959,#9960,#9961);
#9959 = CARTESIAN_POINT('',(52.7,-20.,29.));
#9960 = DIRECTION('',(1.,0.,1.110223024625E-16));
#9961 = DIRECTION('',(1.110223024625E-16,0.,-1.));
#9962 = DEFINITIONAL_REPRESENTATION('',(#9963),#9967);
#9963 = CIRCLE('',#9964,7.6);
#9964 = AXIS2_PLACEMENT_2D('',#9965,#9966);
#9965 = CARTESIAN_POINT('',(0.,0.));
#9966 = DIRECTION('',(1.,0.));
#9967 = ( GEOMETRIC_REPRESENTATION_CONTEXT(2) 
PARAMETRIC_REPRESENTATION_CONTEXT() REPRESENTATION_CONTEXT('2D SPACE',''
  ) );
#9968 = ORIENTED_EDGE('',*,*,#9969,.T.);
#9969 = EDGE_CURVE('',#9941,#9560,#9970,.T.);
#9970 = SEAM_CURVE('',#9971,(#9975,#9982),.PCURVE_S1.);
#9971 = LINE('',#9972,#9973);
#9972 = CARTESIAN_POINT('',(52.7,-20.,21.4));
#9973 = VECTOR('',#9974,1.);
#9974 = DIRECTION('',(1.,0.,1.110223024625E-16));
#9975 = PCURVE('',#9580,#9976);
#9976 = DEFINITIONAL_REPRESENTATION('',(#9977),#9981);
#9977 = LINE('',#9978,#9979);
#9978 = CARTESIAN_POINT('',(-6.28318530718,0.));
#9979 = VECTOR('',#9980,1.);
#9980 = DIRECTION('',(-0.,-1.));
#9981 = ( GEOMETRIC_REPRESENTATION_CONTEXT(2) 
PARAMETRIC_REPRESENTATION_CONTEXT() REPRESENTATION_CONTEXT('2D SPACE',''
  ) );
#9982 = PCURVE('',#9580,#9983);
#9983 = DEFINITIONAL_REPRESENTATION('',(#9984),#9988);
#9984 = LINE('',#9985,#9986);
#9985 = CARTESIAN_POINT('',(-0.,0.));
#9986 = VECTOR('',#9987,1.);
#9987 = DIRECTION('',(-0.,-1.));
#9988 = ( GEOMETRIC_REPRESENTATION_CONTEXT(2) 
PARAMETRIC_REPRESENTATION_CONTEXT() REPRESENTATION_CONTEXT('2D SPACE',''
  ) );
#9989 = ORIENTED_EDGE('',*,*,#9559,.F.);
#9990 = ORIENTED_EDGE('',*,*,#9969,.F.);
#9991 = ADVANCED_FACE('',(#9992),#9615,.T.);
#9992 = FACE_BOUND('',#9993,.F.);
#9993 = EDGE_LOOP('',(#9994,#10017,#10018,#10019));
#9994 = ORIENTED_EDGE('',*,*,#9995,.F.);
#9995 = EDGE_CURVE('',#9599,#9996,#9998,.T.);
#9996 = VERTEX_POINT('',#9997);
#9997 = CARTESIAN_POINT('',(-53.5,20.,35.4));
#9998 = SEAM_CURVE('',#9999,(#10003,#10010),.PCURVE_S1.);
#9999 = LINE('',#10000,#10001);
#10000 = CARTESIAN_POINT('',(-52.7,20.,35.4));
#10001 = VECTOR('',#10002,1.);
#10002 = DIRECTION('',(-1.,0.,1.110223024625E-16));
#10003 = PCURVE('',#9615,#10004);
#10004 = DEFINITIONAL_REPRESENTATION('',(#10005),#10009);
#10005 = LINE('',#10006,#10007);
#10006 = CARTESIAN_POINT('',(-6.28318530718,0.));
#10007 = VECTOR('',#10008,1.);
#10008 = DIRECTION('',(-0.,-1.));
#10009 = ( GEOMETRIC_REPRESENTATION_CONTEXT(2) 
PARAMETRIC_REPRESENTATION_CONTEXT() REPRESENTATION_CONTEXT('2D SPACE',''
  ) );
#10010 = PCURVE('',#9615,#10011);
#10011 = DEFINITIONAL_REPRESENTATION('',(#10012),#10016);
#10012 = LINE('',#10013,#10014);
#10013 = CARTESIAN_POINT('',(-0.,0.));
#10014 = VECTOR('',#10015,1.);
#10015 = DIRECTION('',(-0.,-1.));
#10016 = ( GEOMETRIC_REPRESENTATION_CONTEXT(2) 
PARAMETRIC_REPRESENTATION_CONTEXT() REPRESENTATION_CONTEXT('2D SPACE',''
  ) );
#10017 = ORIENTED_EDGE('',*,*,#9598,.F.);
#10018 = ORIENTED_EDGE('',*,*,#9995,.T.);
#10019 = ORIENTED_EDGE('',*,*,#10020,.F.);
#10020 = EDGE_CURVE('',#9996,#9996,#10021,.T.);
#10021 = SURFACE_CURVE('',#10022,(#10027,#10034),.PCURVE_S1.);
#10022 = CIRCLE('',#10023,6.4);
#10023 = AXIS2_PLACEMENT_3D('',#10024,#10025,#10026);
#10024 = CARTESIAN_POINT('',(-53.5,20.,29.));
#10025 = DIRECTION('',(1.,0.,-1.110223024625E-16));
#10026 = DIRECTION('',(1.110223024625E-16,0.,1.));
#10027 = PCURVE('',#9615,#10028);
#10028 = DEFINITIONAL_REPRESENTATION('',(#10029),#10033);
#10029 = LINE('',#10030,#10031);
#10030 = CARTESIAN_POINT('',(-6.28318530718,-0.8));
#10031 = VECTOR('',#10032,1.);
#10032 = DIRECTION('',(1.,-0.));
#10033 = ( GEOMETRIC_REPRESENTATION_CONTEXT(2) 
PARAMETRIC_REPRESENTATION_CONTEXT() REPRESENTATION_CONTEXT('2D SPACE',''
  ) );
#10034 = PCURVE('',#10035,#10040);
#10035 = PLANE('',#10036);
#10036 = AXIS2_PLACEMENT_3D('',#10037,#10038,#10039);
#10037 = CARTESIAN_POINT('',(-53.5,20.,29.));
#10038 = DIRECTION('',(-1.,0.,1.110223024625E-16));
#10039 = DIRECTION('',(1.110223024625E-16,0.,1.));
#10040 = DEFINITIONAL_REPRESENTATION('',(#10041),#10049);
#10041 = ( BOUNDED_CURVE() B_SPLINE_CURVE(2,(#10042,#10043,#10044,#10045
    ,#10046,#10047,#10048),.UNSPECIFIED.,.T.,.F.) 
B_SPLINE_CURVE_WITH_KNOTS((1,2,2,2,2,1),(-2.094395102393,0.,
    2.094395102393,4.188790204786,6.28318530718,8.377580409573),
.UNSPECIFIED.) CURVE() GEOMETRIC_REPRESENTATION_ITEM() 
RATIONAL_B_SPLINE_CURVE((1.,0.5,1.,0.5,1.,0.5,1.)) REPRESENTATION_ITEM(
  '') );
#10042 = CARTESIAN_POINT('',(6.4,0.));
#10043 = CARTESIAN_POINT('',(6.4,-11.08512516844));
#10044 = CARTESIAN_POINT('',(-3.2,-5.54256258422));
#10045 = CARTESIAN_POINT('',(-12.8,-1.567547902909E-15));
#10046 = CARTESIAN_POINT('',(-3.2,5.54256258422));
#10047 = CARTESIAN_POINT('',(6.4,11.085125168441));
#10048 = CARTESIAN_POINT('',(6.4,0.));
#10049 = ( GEOMETRIC_REPRESENTATION_CONTEXT(2) 
PARAMETRIC_REPRESENTATION_CONTEXT() REPRESENTATION_CONTEXT('2D SPACE',''
  ) );
#10050 = ADVANCED_FACE('',(#10051),#9650,.T.);
#10051 = FACE_BOUND('',#10052,.F.);
#10052 = EDGE_LOOP('',(#10053,#10076,#10077,#10078));
#10053 = ORIENTED_EDGE('',*,*,#10054,.F.);
#10054 = EDGE_CURVE('',#9634,#10055,#10057,.T.);
#10055 = VERTEX_POINT('',#10056);
#10056 = CARTESIAN_POINT('',(-53.5,-20.,35.4));
#10057 = SEAM_CURVE('',#10058,(#10062,#10069),.PCURVE_S1.);
#10058 = LINE('',#10059,#10060);
#10059 = CARTESIAN_POINT('',(-52.7,-20.,35.4));
#10060 = VECTOR('',#10061,1.);
#10061 = DIRECTION('',(-1.,0.,1.110223024625E-16));
#10062 = PCURVE('',#9650,#10063);
#10063 = DEFINITIONAL_REPRESENTATION('',(#10064),#10068);
#10064 = LINE('',#10065,#10066);
#10065 = CARTESIAN_POINT('',(-6.28318530718,0.));
#10066 = VECTOR('',#10067,1.);
#10067 = DIRECTION('',(-0.,-1.));
#10068 = ( GEOMETRIC_REPRESENTATION_CONTEXT(2) 
PARAMETRIC_REPRESENTATION_CONTEXT() REPRESENTATION_CONTEXT('2D SPACE',''
  ) );
#10069 = PCURVE('',#9650,#10070);
#10070 = DEFINITIONAL_REPRESENTATION('',(#10071),#10075);
#10071 = LINE('',#10072,#10073);
#10072 = CARTESIAN_POINT('',(-0.,0.));
#10073 = VECTOR('',#10074,1.);
#10074 = DIRECTION('',(-0.,-1.));
#10075 = ( GEOMETRIC_REPRESENTATION_CONTEXT(2) 
PARAMETRIC_REPRESENTATION_CONTEXT() REPRESENTATION_CONTEXT('2D SPACE',''
  ) );
#10076 = ORIENTED_EDGE('',*,*,#9633,.F.);
#10077 = ORIENTED_EDGE('',*,*,#10054,.T.);
#10078 = ORIENTED_EDGE('',*,*,#10079,.F.);
#10079 = EDGE_CURVE('',#10055,#10055,#10080,.T.);
#10080 = SURFACE_CURVE('',#10081,(#10086,#10093),.PCURVE_S1.);
#10081 = CIRCLE('',#10082,6.4);
#10082 = AXIS2_PLACEMENT_3D('',#10083,#10084,#10085);
#10083 = CARTESIAN_POINT('',(-53.5,-20.,29.));
#10084 = DIRECTION('',(1.,0.,-1.110223024625E-16));
#10085 = DIRECTION('',(1.110223024625E-16,0.,1.));
#10086 = PCURVE('',#9650,#10087);
#10087 = DEFINITIONAL_REPRESENTATION('',(#10088),#10092);
#10088 = LINE('',#10089,#10090);
#10089 = CARTESIAN_POINT('',(-6.28318530718,-0.8));
#10090 = VECTOR('',#10091,1.);
#10091 = DIRECTION('',(1.,-0.));
#10092 = ( GEOMETRIC_REPRESENTATION_CONTEXT(2) 
PARAMETRIC_REPRESENTATION_CONTEXT() REPRESENTATION_CONTEXT('2D SPACE',''
  ) );
#10093 = PCURVE('',#10094,#10099);
#10094 = PLANE('',#10095);
#10095 = AXIS2_PLACEMENT_3D('',#10096,#10097,#10098);
#10096 = CARTESIAN_POINT('',(-53.5,-20.,29.));
#10097 = DIRECTION('',(-1.,0.,1.110223024625E-16));
#10098 = DIRECTION('',(1.110223024625E-16,0.,1.));
#10099 = DEFINITIONAL_REPRESENTATION('',(#10100),#10108);
#10100 = ( BOUNDED_CURVE() B_SPLINE_CURVE(2,(#10101,#10102,#10103,#10104
    ,#10105,#10106,#10107),.UNSPECIFIED.,.T.,.F.) 
B_SPLINE_CURVE_WITH_KNOTS((1,2,2,2,2,1),(-2.094395102393,0.,
    2.094395102393,4.188790204786,6.28318530718,8.377580409573),
.UNSPECIFIED.) CURVE() GEOMETRIC_REPRESENTATION_ITEM() 
RATIONAL_B_SPLINE_CURVE((1.,0.5,1.,0.5,1.,0.5,1.)) REPRESENTATION_ITEM(
  '') );
#10101 = CARTESIAN_POINT('',(6.4,0.));
#10102 = CARTESIAN_POINT('',(6.4,-11.08512516844));
#10103 = CARTESIAN_POINT('',(-3.2,-5.54256258422));
#10104 = CARTESIAN_POINT('',(-12.8,-1.567547902909E-15));
#10105 = CARTESIAN_POINT('',(-3.2,5.54256258422));
#10106 = CARTESIAN_POINT('',(6.4,11.085125168441));
#10107 = CARTESIAN_POINT('',(6.4,0.));
#10108 = ( GEOMETRIC_REPRESENTATION_CONTEXT(2) 
PARAMETRIC_REPRESENTATION_CONTEXT() REPRESENTATION_CONTEXT('2D SPACE',''
  ) );
#10109 = ADVANCED_FACE('',(#10110,#10113),#9682,.T.);
#10110 = FACE_BOUND('',#10111,.T.);
#10111 = EDGE_LOOP('',(#10112));
#10112 = ORIENTED_EDGE('',*,*,#9665,.T.);
#10113 = FACE_BOUND('',#10114,.T.);
#10114 = EDGE_LOOP('',(#10115));
#10115 = ORIENTED_EDGE('',*,*,#10116,.F.);
#10116 = EDGE_CURVE('',#10117,#10117,#10119,.T.);
#10117 = VERTEX_POINT('',#10118);
#10118 = CARTESIAN_POINT('',(-13.6,-52.7,29.));
#10119 = SURFACE_CURVE('',#10120,(#10125,#10132),.PCURVE_S1.);
#10120 = CIRCLE('',#10121,6.4);
#10121 = AXIS2_PLACEMENT_3D('',#10122,#10123,#10124);
#10122 = CARTESIAN_POINT('',(-20.,-52.7,29.));
#10123 = DIRECTION('',(0.,-1.,1.110223024625E-16));
#10124 = DIRECTION('',(1.,0.,0.));
#10125 = PCURVE('',#9682,#10126);
#10126 = DEFINITIONAL_REPRESENTATION('',(#10127),#10131);
#10127 = CIRCLE('',#10128,6.4);
#10128 = AXIS2_PLACEMENT_2D('',#10129,#10130);
#10129 = CARTESIAN_POINT('',(0.,0.));
#10130 = DIRECTION('',(1.,0.));
#10131 = ( GEOMETRIC_REPRESENTATION_CONTEXT(2) 
PARAMETRIC_REPRESENTATION_CONTEXT() REPRESENTATION_CONTEXT('2D SPACE',''
  ) );
#10132 = PCURVE('',#10133,#10138);
#10133 = CYLINDRICAL_SURFACE('',#10134,6.4);
#10134 = AXIS2_PLACEMENT_3D('',#10135,#10136,#10137);
#10135 = CARTESIAN_POINT('',(-20.,-52.7,29.));
#10136 = DIRECTION('',(-0.,1.,-1.110223024625E-16));
#10137 = DIRECTION('',(1.,0.,0.));
#10138 = DEFINITIONAL_REPRESENTATION('',(#10139),#10143);
#10139 = LINE('',#10140,#10141);
#10140 = CARTESIAN_POINT('',(-0.,0.));
#10141 = VECTOR('',#10142,1.);
#10142 = DIRECTION('',(-1.,0.));
#10143 = ( GEOMETRIC_REPRESENTATION_CONTEXT(2) 
PARAMETRIC_REPRESENTATION_CONTEXT() REPRESENTATION_CONTEXT('2D SPACE',''
  ) );
#10144 = ADVANCED_FACE('',(#10145,#10148),#9737,.T.);
#10145 = FACE_BOUND('',#10146,.T.);
#10146 = EDGE_LOOP('',(#10147));
#10147 = ORIENTED_EDGE('',*,*,#9720,.T.);
#10148 = FACE_BOUND('',#10149,.T.);
#10149 = EDGE_LOOP('',(#10150));
#10150 = ORIENTED_EDGE('',*,*,#10151,.F.);
#10151 = EDGE_CURVE('',#10152,#10152,#10154,.T.);
#10152 = VERTEX_POINT('',#10153);
#10153 = CARTESIAN_POINT('',(26.4,-52.7,29.));
#10154 = SURFACE_CURVE('',#10155,(#10160,#10167),.PCURVE_S1.);
#10155 = CIRCLE('',#10156,6.4);
#10156 = AXIS2_PLACEMENT_3D('',#10157,#10158,#10159);
#10157 = CARTESIAN_POINT('',(20.,-52.7,29.));
#10158 = DIRECTION('',(0.,-1.,1.110223024625E-16));
#10159 = DIRECTION('',(1.,0.,0.));
#10160 = PCURVE('',#9737,#10161);
#10161 = DEFINITIONAL_REPRESENTATION('',(#10162),#10166);
#10162 = CIRCLE('',#10163,6.4);
#10163 = AXIS2_PLACEMENT_2D('',#10164,#10165);
#10164 = CARTESIAN_POINT('',(0.,0.));
#10165 = DIRECTION('',(1.,0.));
#10166 = ( GEOMETRIC_REPRESENTATION_CONTEXT(2) 
PARAMETRIC_REPRESENTATION_CONTEXT() REPRESENTATION_CONTEXT('2D SPACE',''
  ) );
#10167 = PCURVE('',#10168,#10173);
#10168 = CYLINDRICAL_SURFACE('',#10169,6.4);
#10169 = AXIS2_PLACEMENT_3D('',#10170,#10171,#10172);
#10170 = CARTESIAN_POINT('',(20.,-52.7,29.));
#10171 = DIRECTION('',(-0.,1.,-1.110223024625E-16));
#10172 = DIRECTION('',(1.,0.,0.));
#10173 = DEFINITIONAL_REPRESENTATION('',(#10174),#10178);
#10174 = LINE('',#10175,#10176);
#10175 = CARTESIAN_POINT('',(-0.,0.));
#10176 = VECTOR('',#10177,1.);
#10177 = DIRECTION('',(-1.,0.));
#10178 = ( GEOMETRIC_REPRESENTATION_CONTEXT(2) 
PARAMETRIC_REPRESENTATION_CONTEXT() REPRESENTATION_CONTEXT('2D SPACE',''
  ) );
#10179 = ADVANCED_FACE('',(#10180,#10183),#9792,.T.);
#10180 = FACE_BOUND('',#10181,.T.);
#10181 = EDGE_LOOP('',(#10182));
#10182 = ORIENTED_EDGE('',*,*,#9775,.T.);
#10183 = FACE_BOUND('',#10184,.T.);
#10184 = EDGE_LOOP('',(#10185));
#10185 = ORIENTED_EDGE('',*,*,#10186,.F.);
#10186 = EDGE_CURVE('',#10187,#10187,#10189,.T.);
#10187 = VERTEX_POINT('',#10188);
#10188 = CARTESIAN_POINT('',(-13.6,52.7,29.));
#10189 = SURFACE_CURVE('',#10190,(#10195,#10202),.PCURVE_S1.);
#10190 = CIRCLE('',#10191,6.4);
#10191 = AXIS2_PLACEMENT_3D('',#10192,#10193,#10194);
#10192 = CARTESIAN_POINT('',(-20.,52.7,29.));
#10193 = DIRECTION('',(-0.,1.,1.110223024625E-16));
#10194 = DIRECTION('',(1.,0.,0.));
#10195 = PCURVE('',#9792,#10196);
#10196 = DEFINITIONAL_REPRESENTATION('',(#10197),#10201);
#10197 = CIRCLE('',#10198,6.4);
#10198 = AXIS2_PLACEMENT_2D('',#10199,#10200);
#10199 = CARTESIAN_POINT('',(0.,0.));
#10200 = DIRECTION('',(1.,0.));
#10201 = ( GEOMETRIC_REPRESENTATION_CONTEXT(2) 
PARAMETRIC_REPRESENTATION_CONTEXT() REPRESENTATION_CONTEXT('2D SPACE',''
  ) );
#10202 = PCURVE('',#10203,#10208);
#10203 = CYLINDRICAL_SURFACE('',#10204,6.4);
#10204 = AXIS2_PLACEMENT_3D('',#10205,#10206,#10207);
#10205 = CARTESIAN_POINT('',(-20.,52.7,29.));
#10206 = DIRECTION('',(-0.,-1.,-1.110223024625E-16));
#10207 = DIRECTION('',(1.,0.,0.));
#10208 = DEFINITIONAL_REPRESENTATION('',(#10209),#10213);
#10209 = LINE('',#10210,#10211);
#10210 = CARTESIAN_POINT('',(-0.,0.));
#10211 = VECTOR('',#10212,1.);
#10212 = DIRECTION('',(-1.,0.));
#10213 = ( GEOMETRIC_REPRESENTATION_CONTEXT(2) 
PARAMETRIC_REPRESENTATION_CONTEXT() REPRESENTATION_CONTEXT('2D SPACE',''
  ) );
#10214 = ADVANCED_FACE('',(#10215,#10218),#9847,.T.);
#10215 = FACE_BOUND('',#10216,.T.);
#10216 = EDGE_LOOP('',(#10217));
#10217 = ORIENTED_EDGE('',*,*,#9830,.T.);
#10218 = FACE_BOUND('',#10219,.T.);
#10219 = EDGE_LOOP('',(#10220));
#10220 = ORIENTED_EDGE('',*,*,#10221,.F.);
#10221 = EDGE_CURVE('',#10222,#10222,#10224,.T.);
#10222 = VERTEX_POINT('',#10223);
#10223 = CARTESIAN_POINT('',(26.4,52.7,29.));
#10224 = SURFACE_CURVE('',#10225,(#10230,#10237),.PCURVE_S1.);
#10225 = CIRCLE('',#10226,6.4);
#10226 = AXIS2_PLACEMENT_3D('',#10227,#10228,#10229);
#10227 = CARTESIAN_POINT('',(20.,52.7,29.));
#10228 = DIRECTION('',(-0.,1.,1.110223024625E-16));
#10229 = DIRECTION('',(1.,0.,0.));
#10230 = PCURVE('',#9847,#10231);
#10231 = DEFINITIONAL_REPRESENTATION('',(#10232),#10236);
#10232 = CIRCLE('',#10233,6.4);
#10233 = AXIS2_PLACEMENT_2D('',#10234,#10235);
#10234 = CARTESIAN_POINT('',(0.,0.));
#10235 = DIRECTION('',(1.,0.));
#10236 = ( GEOMETRIC_REPRESENTATION_CONTEXT(2) 
PARAMETRIC_REPRESENTATION_CONTEXT() REPRESENTATION_CONTEXT('2D SPACE',''
  ) );
#10237 = PCURVE('',#10238,#10243);
#10238 = CYLINDRICAL_SURFACE('',#10239,6.4);
#10239 = AXIS2_PLACEMENT_3D('',#10240,#10241,#10242);
#10240 = CARTESIAN_POINT('',(20.,52.7,29.));
#10241 = DIRECTION('',(-0.,-1.,-1.110223024625E-16));
#10242 = DIRECTION('',(1.,0.,0.));
#10243 = DEFINITIONAL_REPRESENTATION('',(#10244),#10248);
#10244 = LINE('',#10245,#10246);
#10245 = CARTESIAN_POINT('',(-0.,0.));
#10246 = VECTOR('',#10247,1.);
#10247 = DIRECTION('',(-1.,0.));
#10248 = ( GEOMETRIC_REPRESENTATION_CONTEXT(2) 
PARAMETRIC_REPRESENTATION_CONTEXT() REPRESENTATION_CONTEXT('2D SPACE',''
  ) );
#10249 = ADVANCED_FACE('',(#10250,#10253),#9902,.T.);
#10250 = FACE_BOUND('',#10251,.T.);
#10251 = EDGE_LOOP('',(#10252));
#10252 = ORIENTED_EDGE('',*,*,#9885,.T.);
#10253 = FACE_BOUND('',#10254,.T.);
#10254 = EDGE_LOOP('',(#10255));
#10255 = ORIENTED_EDGE('',*,*,#10256,.F.);
#10256 = EDGE_CURVE('',#10257,#10257,#10259,.T.);
#10257 = VERTEX_POINT('',#10258);
#10258 = CARTESIAN_POINT('',(52.7,20.,22.6));
#10259 = SURFACE_CURVE('',#10260,(#10265,#10272),.PCURVE_S1.);
#10260 = CIRCLE('',#10261,6.4);
#10261 = AXIS2_PLACEMENT_3D('',#10262,#10263,#10264);
#10262 = CARTESIAN_POINT('',(52.7,20.,29.));
#10263 = DIRECTION('',(1.,-0.,1.110223024625E-16));
#10264 = DIRECTION('',(1.110223024625E-16,0.,-1.));
#10265 = PCURVE('',#9902,#10266);
#10266 = DEFINITIONAL_REPRESENTATION('',(#10267),#10271);
#10267 = CIRCLE('',#10268,6.4);
#10268 = AXIS2_PLACEMENT_2D('',#10269,#10270);
#10269 = CARTESIAN_POINT('',(0.,0.));
#10270 = DIRECTION('',(1.,0.));
#10271 = ( GEOMETRIC_REPRESENTATION_CONTEXT(2) 
PARAMETRIC_REPRESENTATION_CONTEXT() REPRESENTATION_CONTEXT('2D SPACE',''
  ) );
#10272 = PCURVE('',#10273,#10278);
#10273 = CYLINDRICAL_SURFACE('',#10274,6.4);
#10274 = AXIS2_PLACEMENT_3D('',#10275,#10276,#10277);
#10275 = CARTESIAN_POINT('',(52.7,20.,29.));
#10276 = DIRECTION('',(-1.,-0.,-1.110223024625E-16));
#10277 = DIRECTION('',(1.110223024625E-16,0.,-1.));
#10278 = DEFINITIONAL_REPRESENTATION('',(#10279),#10283);
#10279 = LINE('',#10280,#10281);
#10280 = CARTESIAN_POINT('',(-0.,0.));
#10281 = VECTOR('',#10282,1.);
#10282 = DIRECTION('',(-1.,0.));
#10283 = ( GEOMETRIC_REPRESENTATION_CONTEXT(2) 
PARAMETRIC_REPRESENTATION_CONTEXT() REPRESENTATION_CONTEXT('2D SPACE',''
  ) );
#10284 = ADVANCED_FACE('',(#10285,#10288),#9957,.T.);
#10285 = FACE_BOUND('',#10286,.T.);
#10286 = EDGE_LOOP('',(#10287));
#10287 = ORIENTED_EDGE('',*,*,#9940,.T.);
#10288 = FACE_BOUND('',#10289,.T.);
#10289 = EDGE_LOOP('',(#10290));
#10290 = ORIENTED_EDGE('',*,*,#10291,.F.);
#10291 = EDGE_CURVE('',#10292,#10292,#10294,.T.);
#10292 = VERTEX_POINT('',#10293);
#10293 = CARTESIAN_POINT('',(52.7,-20.,22.6));
#10294 = SURFACE_CURVE('',#10295,(#10300,#10307),.PCURVE_S1.);
#10295 = CIRCLE('',#10296,6.4);
#10296 = AXIS2_PLACEMENT_3D('',#10297,#10298,#10299);
#10297 = CARTESIAN_POINT('',(52.7,-20.,29.));
#10298 = DIRECTION('',(1.,-0.,1.110223024625E-16));
#10299 = DIRECTION('',(1.110223024625E-16,0.,-1.));
#10300 = PCURVE('',#9957,#10301);
#10301 = DEFINITIONAL_REPRESENTATION('',(#10302),#10306);
#10302 = CIRCLE('',#10303,6.4);
#10303 = AXIS2_PLACEMENT_2D('',#10304,#10305);
#10304 = CARTESIAN_POINT('',(0.,0.));
#10305 = DIRECTION('',(1.,0.));
#10306 = ( GEOMETRIC_REPRESENTATION_CONTEXT(2) 
PARAMETRIC_REPRESENTATION_CONTEXT() REPRESENTATION_CONTEXT('2D SPACE',''
  ) );
#10307 = PCURVE('',#10308,#10313);
#10308 = CYLINDRICAL_SURFACE('',#10309,6.4);
#10309 = AXIS2_PLACEMENT_3D('',#10310,#10311,#10312);
#10310 = CARTESIAN_POINT('',(52.7,-20.,29.));
#10311 = DIRECTION('',(-1.,-0.,-1.110223024625E-16));
#10312 = DIRECTION('',(1.110223024625E-16,0.,-1.));
#10313 = DEFINITIONAL_REPRESENTATION('',(#10314),#10318);
#10314 = LINE('',#10315,#10316);
#10315 = CARTESIAN_POINT('',(-0.,0.));
#10316 = VECTOR('',#10317,1.);
#10317 = DIRECTION('',(-1.,0.));
#10318 = ( GEOMETRIC_REPRESENTATION_CONTEXT(2) 
PARAMETRIC_REPRESENTATION_CONTEXT() REPRESENTATION_CONTEXT('2D SPACE',''
  ) );
#10319 = ADVANCED_FACE('',(#10320,#10323),#10035,.T.);
#10320 = FACE_BOUND('',#10321,.T.);
#10321 = EDGE_LOOP('',(#10322));
#10322 = ORIENTED_EDGE('',*,*,#10020,.F.);
#10323 = FACE_BOUND('',#10324,.T.);
#10324 = EDGE_LOOP('',(#10325));
#10325 = ORIENTED_EDGE('',*,*,#10326,.T.);
#10326 = EDGE_CURVE('',#10327,#10327,#10329,.T.);
#10327 = VERTEX_POINT('',#10328);
#10328 = CARTESIAN_POINT('',(-53.5,20.,33.1));
#10329 = SURFACE_CURVE('',#10330,(#10335,#10346),.PCURVE_S1.);
#10330 = CIRCLE('',#10331,4.1);
#10331 = AXIS2_PLACEMENT_3D('',#10332,#10333,#10334);
#10332 = CARTESIAN_POINT('',(-53.5,20.,29.));
#10333 = DIRECTION('',(1.,0.,-1.110223024625E-16));
#10334 = DIRECTION('',(1.110223024625E-16,0.,1.));
#10335 = PCURVE('',#10035,#10336);
#10336 = DEFINITIONAL_REPRESENTATION('',(#10337),#10345);
#10337 = ( BOUNDED_CURVE() B_SPLINE_CURVE(2,(#10338,#10339,#10340,#10341
    ,#10342,#10343,#10344),.UNSPECIFIED.,.T.,.F.) 
B_SPLINE_CURVE_WITH_KNOTS((1,2,2,2,2,1),(-2.094395102393,0.,
    2.094395102393,4.188790204786,6.28318530718,8.377580409573),
.UNSPECIFIED.) CURVE() GEOMETRIC_REPRESENTATION_ITEM() 
RATIONAL_B_SPLINE_CURVE((1.,0.5,1.,0.5,1.,0.5,1.)) REPRESENTATION_ITEM(
  '') );
#10338 = CARTESIAN_POINT('',(4.1,0.));
#10339 = CARTESIAN_POINT('',(4.1,-7.101408311032));
#10340 = CARTESIAN_POINT('',(-2.05,-3.550704155516));
#10341 = CARTESIAN_POINT('',(-8.2,-1.004210375301E-15));
#10342 = CARTESIAN_POINT('',(-2.05,3.550704155516));
#10343 = CARTESIAN_POINT('',(4.1,7.101408311032));
#10344 = CARTESIAN_POINT('',(4.1,0.));
#10345 = ( GEOMETRIC_REPRESENTATION_CONTEXT(2) 
PARAMETRIC_REPRESENTATION_CONTEXT() REPRESENTATION_CONTEXT('2D SPACE',''
  ) );
#10346 = PCURVE('',#10347,#10352);
#10347 = CYLINDRICAL_SURFACE('',#10348,4.1);
#10348 = AXIS2_PLACEMENT_3D('',#10349,#10350,#10351);
#10349 = CARTESIAN_POINT('',(-52.7,20.,29.));
#10350 = DIRECTION('',(1.,-0.,-1.110223024625E-16));
#10351 = DIRECTION('',(1.110223024625E-16,0.,1.));
#10352 = DEFINITIONAL_REPRESENTATION('',(#10353),#10357);
#10353 = LINE('',#10354,#10355);
#10354 = CARTESIAN_POINT('',(-6.28318530718,-0.8));
#10355 = VECTOR('',#10356,1.);
#10356 = DIRECTION('',(1.,-0.));
#10357 = ( GEOMETRIC_REPRESENTATION_CONTEXT(2) 
PARAMETRIC_REPRESENTATION_CONTEXT() REPRESENTATION_CONTEXT('2D SPACE',''
  ) );
#10358 = ADVANCED_FACE('',(#10359,#10362),#10094,.T.);
#10359 = FACE_BOUND('',#10360,.T.);
#10360 = EDGE_LOOP('',(#10361));
#10361 = ORIENTED_EDGE('',*,*,#10079,.F.);
#10362 = FACE_BOUND('',#10363,.T.);
#10363 = EDGE_LOOP('',(#10364));
#10364 = ORIENTED_EDGE('',*,*,#10365,.T.);
#10365 = EDGE_CURVE('',#10366,#10366,#10368,.T.);
#10366 = VERTEX_POINT('',#10367);
#10367 = CARTESIAN_POINT('',(-53.5,-20.,33.1));
#10368 = SURFACE_CURVE('',#10369,(#10374,#10385),.PCURVE_S1.);
#10369 = CIRCLE('',#10370,4.1);
#10370 = AXIS2_PLACEMENT_3D('',#10371,#10372,#10373);
#10371 = CARTESIAN_POINT('',(-53.5,-20.,29.));
#10372 = DIRECTION('',(1.,0.,-1.110223024625E-16));
#10373 = DIRECTION('',(1.110223024625E-16,0.,1.));
#10374 = PCURVE('',#10094,#10375);
#10375 = DEFINITIONAL_REPRESENTATION('',(#10376),#10384);
#10376 = ( BOUNDED_CURVE() B_SPLINE_CURVE(2,(#10377,#10378,#10379,#10380
    ,#10381,#10382,#10383),.UNSPECIFIED.,.T.,.F.) 
B_SPLINE_CURVE_WITH_KNOTS((1,2,2,2,2,1),(-2.094395102393,0.,
    2.094395102393,4.188790204786,6.28318530718,8.377580409573),
.UNSPECIFIED.) CURVE() GEOMETRIC_REPRESENTATION_ITEM() 
RATIONAL_B_SPLINE_CURVE((1.,0.5,1.,0.5,1.,0.5,1.)) REPRESENTATION_ITEM(
  '') );
#10377 = CARTESIAN_POINT('',(4.1,0.));
#10378 = CARTESIAN_POINT('',(4.1,-7.101408311032));
#10379 = CARTESIAN_POINT('',(-2.05,-3.550704155516));
#10380 = CARTESIAN_POINT('',(-8.2,-1.004210375301E-15));
#10381 = CARTESIAN_POINT('',(-2.05,3.550704155516));
#10382 = CARTESIAN_POINT('',(4.1,7.101408311032));
#10383 = CARTESIAN_POINT('',(4.1,0.));
#10384 = ( GEOMETRIC_REPRESENTATION_CONTEXT(2) 
PARAMETRIC_REPRESENTATION_CONTEXT() REPRESENTATION_CONTEXT('2D SPACE',''
  ) );
#10385 = PCURVE('',#10386,#10391);
#10386 = CYLINDRICAL_SURFACE('',#10387,4.1);
#10387 = AXIS2_PLACEMENT_3D('',#10388,#10389,#10390);
#10388 = CARTESIAN_POINT('',(-52.7,-20.,29.));
#10389 = DIRECTION('',(1.,-0.,-1.110223024625E-16));
#10390 = DIRECTION('',(1.110223024625E-16,0.,1.));
#10391 = DEFINITIONAL_REPRESENTATION('',(#10392),#10396);
#10392 = LINE('',#10393,#10394);
#10393 = CARTESIAN_POINT('',(-6.28318530718,-0.8));
#10394 = VECTOR('',#10395,1.);
#10395 = DIRECTION('',(1.,-0.));
#10396 = ( GEOMETRIC_REPRESENTATION_CONTEXT(2) 
PARAMETRIC_REPRESENTATION_CONTEXT() REPRESENTATION_CONTEXT('2D SPACE',''
  ) );
#10397 = ADVANCED_FACE('',(#10398),#10133,.T.);
#10398 = FACE_BOUND('',#10399,.F.);
#10399 = EDGE_LOOP('',(#10400,#10423,#10424,#10425));
#10400 = ORIENTED_EDGE('',*,*,#10401,.F.);
#10401 = EDGE_CURVE('',#10117,#10402,#10404,.T.);
#10402 = VERTEX_POINT('',#10403);
#10403 = CARTESIAN_POINT('',(-13.6,-53.5,29.));
#10404 = SEAM_CURVE('',#10405,(#10409,#10416),.PCURVE_S1.);
#10405 = LINE('',#10406,#10407);
#10406 = CARTESIAN_POINT('',(-13.6,-52.7,29.));
#10407 = VECTOR('',#10408,1.);
#10408 = DIRECTION('',(0.,-1.,1.110223024625E-16));
#10409 = PCURVE('',#10133,#10410);
#10410 = DEFINITIONAL_REPRESENTATION('',(#10411),#10415);
#10411 = LINE('',#10412,#10413);
#10412 = CARTESIAN_POINT('',(-6.28318530718,0.));
#10413 = VECTOR('',#10414,1.);
#10414 = DIRECTION('',(-0.,-1.));
#10415 = ( GEOMETRIC_REPRESENTATION_CONTEXT(2) 
PARAMETRIC_REPRESENTATION_CONTEXT() REPRESENTATION_CONTEXT('2D SPACE',''
  ) );
#10416 = PCURVE('',#10133,#10417);
#10417 = DEFINITIONAL_REPRESENTATION('',(#10418),#10422);
#10418 = LINE('',#10419,#10420);
#10419 = CARTESIAN_POINT('',(-0.,0.));
#10420 = VECTOR('',#10421,1.);
#10421 = DIRECTION('',(-0.,-1.));
#10422 = ( GEOMETRIC_REPRESENTATION_CONTEXT(2) 
PARAMETRIC_REPRESENTATION_CONTEXT() REPRESENTATION_CONTEXT('2D SPACE',''
  ) );
#10423 = ORIENTED_EDGE('',*,*,#10116,.F.);
#10424 = ORIENTED_EDGE('',*,*,#10401,.T.);
#10425 = ORIENTED_EDGE('',*,*,#10426,.F.);
#10426 = EDGE_CURVE('',#10402,#10402,#10427,.T.);
#10427 = SURFACE_CURVE('',#10428,(#10433,#10440),.PCURVE_S1.);
#10428 = CIRCLE('',#10429,6.4);
#10429 = AXIS2_PLACEMENT_3D('',#10430,#10431,#10432);
#10430 = CARTESIAN_POINT('',(-20.,-53.5,29.));
#10431 = DIRECTION('',(0.,1.,-1.110223024625E-16));
#10432 = DIRECTION('',(1.,0.,0.));
#10433 = PCURVE('',#10133,#10434);
#10434 = DEFINITIONAL_REPRESENTATION('',(#10435),#10439);
#10435 = LINE('',#10436,#10437);
#10436 = CARTESIAN_POINT('',(-6.28318530718,-0.8));
#10437 = VECTOR('',#10438,1.);
#10438 = DIRECTION('',(1.,-0.));
#10439 = ( GEOMETRIC_REPRESENTATION_CONTEXT(2) 
PARAMETRIC_REPRESENTATION_CONTEXT() REPRESENTATION_CONTEXT('2D SPACE',''
  ) );
#10440 = PCURVE('',#10441,#10446);
#10441 = PLANE('',#10442);
#10442 = AXIS2_PLACEMENT_3D('',#10443,#10444,#10445);
#10443 = CARTESIAN_POINT('',(-20.,-53.5,29.));
#10444 = DIRECTION('',(0.,-1.,1.110223024625E-16));
#10445 = DIRECTION('',(1.,0.,0.));
#10446 = DEFINITIONAL_REPRESENTATION('',(#10447),#10455);
#10447 = ( BOUNDED_CURVE() B_SPLINE_CURVE(2,(#10448,#10449,#10450,#10451
    ,#10452,#10453,#10454),.UNSPECIFIED.,.T.,.F.) 
B_SPLINE_CURVE_WITH_KNOTS((1,2,2,2,2,1),(-2.094395102393,0.,
    2.094395102393,4.188790204786,6.28318530718,8.377580409573),
.UNSPECIFIED.) CURVE() GEOMETRIC_REPRESENTATION_ITEM() 
RATIONAL_B_SPLINE_CURVE((1.,0.5,1.,0.5,1.,0.5,1.)) REPRESENTATION_ITEM(
  '') );
#10448 = CARTESIAN_POINT('',(6.4,0.));
#10449 = CARTESIAN_POINT('',(6.4,-11.08512516844));
#10450 = CARTESIAN_POINT('',(-3.2,-5.54256258422));
#10451 = CARTESIAN_POINT('',(-12.8,-1.567547902909E-15));
#10452 = CARTESIAN_POINT('',(-3.2,5.54256258422));
#10453 = CARTESIAN_POINT('',(6.4,11.085125168441));
#10454 = CARTESIAN_POINT('',(6.4,0.));
#10455 = ( GEOMETRIC_REPRESENTATION_CONTEXT(2) 
PARAMETRIC_REPRESENTATION_CONTEXT() REPRESENTATION_CONTEXT('2D SPACE',''
  ) );
#10456 = ADVANCED_FACE('',(#10457),#10168,.T.);
#10457 = FACE_BOUND('',#10458,.F.);
#10458 = EDGE_LOOP('',(#10459,#10482,#10483,#10484));
#10459 = ORIENTED_EDGE('',*,*,#10460,.F.);
#10460 = EDGE_CURVE('',#10152,#10461,#10463,.T.);
#10461 = VERTEX_POINT('',#10462);
#10462 = CARTESIAN_POINT('',(26.4,-53.5,29.));
#10463 = SEAM_CURVE('',#10464,(#10468,#10475),.PCURVE_S1.);
#10464 = LINE('',#10465,#10466);
#10465 = CARTESIAN_POINT('',(26.4,-52.7,29.));
#10466 = VECTOR('',#10467,1.);
#10467 = DIRECTION('',(0.,-1.,1.110223024625E-16));
#10468 = PCURVE('',#10168,#10469);
#10469 = DEFINITIONAL_REPRESENTATION('',(#10470),#10474);
#10470 = LINE('',#10471,#10472);
#10471 = CARTESIAN_POINT('',(-6.28318530718,0.));
#10472 = VECTOR('',#10473,1.);
#10473 = DIRECTION('',(-0.,-1.));
#10474 = ( GEOMETRIC_REPRESENTATION_CONTEXT(2) 
PARAMETRIC_REPRESENTATION_CONTEXT() REPRESENTATION_CONTEXT('2D SPACE',''
  ) );
#10475 = PCURVE('',#10168,#10476);
#10476 = DEFINITIONAL_REPRESENTATION('',(#10477),#10481);
#10477 = LINE('',#10478,#10479);
#10478 = CARTESIAN_POINT('',(-0.,0.));
#10479 = VECTOR('',#10480,1.);
#10480 = DIRECTION('',(-0.,-1.));
#10481 = ( GEOMETRIC_REPRESENTATION_CONTEXT(2) 
PARAMETRIC_REPRESENTATION_CONTEXT() REPRESENTATION_CONTEXT('2D SPACE',''
  ) );
#10482 = ORIENTED_EDGE('',*,*,#10151,.F.);
#10483 = ORIENTED_EDGE('',*,*,#10460,.T.);
#10484 = ORIENTED_EDGE('',*,*,#10485,.F.);
#10485 = EDGE_CURVE('',#10461,#10461,#10486,.T.);
#10486 = SURFACE_CURVE('',#10487,(#10492,#10499),.PCURVE_S1.);
#10487 = CIRCLE('',#10488,6.4);
#10488 = AXIS2_PLACEMENT_3D('',#10489,#10490,#10491);
#10489 = CARTESIAN_POINT('',(20.,-53.5,29.));
#10490 = DIRECTION('',(0.,1.,-1.110223024625E-16));
#10491 = DIRECTION('',(1.,0.,0.));
#10492 = PCURVE('',#10168,#10493);
#10493 = DEFINITIONAL_REPRESENTATION('',(#10494),#10498);
#10494 = LINE('',#10495,#10496);
#10495 = CARTESIAN_POINT('',(-6.28318530718,-0.8));
#10496 = VECTOR('',#10497,1.);
#10497 = DIRECTION('',(1.,-0.));
#10498 = ( GEOMETRIC_REPRESENTATION_CONTEXT(2) 
PARAMETRIC_REPRESENTATION_CONTEXT() REPRESENTATION_CONTEXT('2D SPACE',''
  ) );
#10499 = PCURVE('',#10500,#10505);
#10500 = PLANE('',#10501);
#10501 = AXIS2_PLACEMENT_3D('',#10502,#10503,#10504);
#10502 = CARTESIAN_POINT('',(20.,-53.5,29.));
#10503 = DIRECTION('',(0.,-1.,1.110223024625E-16));
#10504 = DIRECTION('',(1.,0.,0.));
#10505 = DEFINITIONAL_REPRESENTATION('',(#10506),#10514);
#10506 = ( BOUNDED_CURVE() B_SPLINE_CURVE(2,(#10507,#10508,#10509,#10510
    ,#10511,#10512,#10513),.UNSPECIFIED.,.T.,.F.) 
B_SPLINE_CURVE_WITH_KNOTS((1,2,2,2,2,1),(-2.094395102393,0.,
    2.094395102393,4.188790204786,6.28318530718,8.377580409573),
.UNSPECIFIED.) CURVE() GEOMETRIC_REPRESENTATION_ITEM() 
RATIONAL_B_SPLINE_CURVE((1.,0.5,1.,0.5,1.,0.5,1.)) REPRESENTATION_ITEM(
  '') );
#10507 = CARTESIAN_POINT('',(6.4,0.));
#10508 = CARTESIAN_POINT('',(6.4,-11.08512516844));
#10509 = CARTESIAN_POINT('',(-3.2,-5.54256258422));
#10510 = CARTESIAN_POINT('',(-12.8,-1.567547902909E-15));
#10511 = CARTESIAN_POINT('',(-3.2,5.54256258422));
#10512 = CARTESIAN_POINT('',(6.4,11.085125168441));
#10513 = CARTESIAN_POINT('',(6.4,0.));
#10514 = ( GEOMETRIC_REPRESENTATION_CONTEXT(2) 
PARAMETRIC_REPRESENTATION_CONTEXT() REPRESENTATION_CONTEXT('2D SPACE',''
  ) );
#10515 = ADVANCED_FACE('',(#10516),#10203,.T.);
#10516 = FACE_BOUND('',#10517,.F.);
#10517 = EDGE_LOOP('',(#10518,#10541,#10542,#10543));
#10518 = ORIENTED_EDGE('',*,*,#10519,.F.);
#10519 = EDGE_CURVE('',#10187,#10520,#10522,.T.);
#10520 = VERTEX_POINT('',#10521);
#10521 = CARTESIAN_POINT('',(-13.6,53.5,29.));
#10522 = SEAM_CURVE('',#10523,(#10527,#10534),.PCURVE_S1.);
#10523 = LINE('',#10524,#10525);
#10524 = CARTESIAN_POINT('',(-13.6,52.7,29.));
#10525 = VECTOR('',#10526,1.);
#10526 = DIRECTION('',(0.,1.,1.110223024625E-16));
#10527 = PCURVE('',#10203,#10528);
#10528 = DEFINITIONAL_REPRESENTATION('',(#10529),#10533);
#10529 = LINE('',#10530,#10531);
#10530 = CARTESIAN_POINT('',(-6.28318530718,0.));
#10531 = VECTOR('',#10532,1.);
#10532 = DIRECTION('',(-0.,-1.));
#10533 = ( GEOMETRIC_REPRESENTATION_CONTEXT(2) 
PARAMETRIC_REPRESENTATION_CONTEXT() REPRESENTATION_CONTEXT('2D SPACE',''
  ) );
#10534 = PCURVE('',#10203,#10535);
#10535 = DEFINITIONAL_REPRESENTATION('',(#10536),#10540);
#10536 = LINE('',#10537,#10538);
#10537 = CARTESIAN_POINT('',(-0.,0.));
#10538 = VECTOR('',#10539,1.);
#10539 = DIRECTION('',(-0.,-1.));
#10540 = ( GEOMETRIC_REPRESENTATION_CONTEXT(2) 
PARAMETRIC_REPRESENTATION_CONTEXT() REPRESENTATION_CONTEXT('2D SPACE',''
  ) );
#10541 = ORIENTED_EDGE('',*,*,#10186,.F.);
#10542 = ORIENTED_EDGE('',*,*,#10519,.T.);
#10543 = ORIENTED_EDGE('',*,*,#10544,.F.);
#10544 = EDGE_CURVE('',#10520,#10520,#10545,.T.);
#10545 = SURFACE_CURVE('',#10546,(#10551,#10558),.PCURVE_S1.);
#10546 = CIRCLE('',#10547,6.4);
#10547 = AXIS2_PLACEMENT_3D('',#10548,#10549,#10550);
#10548 = CARTESIAN_POINT('',(-20.,53.5,29.));
#10549 = DIRECTION('',(0.,-1.,-1.110223024625E-16));
#10550 = DIRECTION('',(1.,0.,0.));
#10551 = PCURVE('',#10203,#10552);
#10552 = DEFINITIONAL_REPRESENTATION('',(#10553),#10557);
#10553 = LINE('',#10554,#10555);
#10554 = CARTESIAN_POINT('',(-6.28318530718,-0.8));
#10555 = VECTOR('',#10556,1.);
#10556 = DIRECTION('',(1.,-0.));
#10557 = ( GEOMETRIC_REPRESENTATION_CONTEXT(2) 
PARAMETRIC_REPRESENTATION_CONTEXT() REPRESENTATION_CONTEXT('2D SPACE',''
  ) );
#10558 = PCURVE('',#10559,#10564);
#10559 = PLANE('',#10560);
#10560 = AXIS2_PLACEMENT_3D('',#10561,#10562,#10563);
#10561 = CARTESIAN_POINT('',(-20.,53.5,29.));
#10562 = DIRECTION('',(0.,1.,1.110223024625E-16));
#10563 = DIRECTION('',(1.,0.,0.));
#10564 = DEFINITIONAL_REPRESENTATION('',(#10565),#10573);
#10565 = ( BOUNDED_CURVE() B_SPLINE_CURVE(2,(#10566,#10567,#10568,#10569
    ,#10570,#10571,#10572),.UNSPECIFIED.,.T.,.F.) 
B_SPLINE_CURVE_WITH_KNOTS((1,2,2,2,2,1),(-2.094395102393,0.,
    2.094395102393,4.188790204786,6.28318530718,8.377580409573),
.UNSPECIFIED.) CURVE() GEOMETRIC_REPRESENTATION_ITEM() 
RATIONAL_B_SPLINE_CURVE((1.,0.5,1.,0.5,1.,0.5,1.)) REPRESENTATION_ITEM(
  '') );
#10566 = CARTESIAN_POINT('',(6.4,0.));
#10567 = CARTESIAN_POINT('',(6.4,-11.08512516844));
#10568 = CARTESIAN_POINT('',(-3.2,-5.54256258422));
#10569 = CARTESIAN_POINT('',(-12.8,-1.567547902909E-15));
#10570 = CARTESIAN_POINT('',(-3.2,5.54256258422));
#10571 = CARTESIAN_POINT('',(6.4,11.085125168441));
#10572 = CARTESIAN_POINT('',(6.4,0.));
#10573 = ( GEOMETRIC_REPRESENTATION_CONTEXT(2) 
PARAMETRIC_REPRESENTATION_CONTEXT() REPRESENTATION_CONTEXT('2D SPACE',''
  ) );
#10574 = ADVANCED_FACE('',(#10575),#10238,.T.);
#10575 = FACE_BOUND('',#10576,.F.);
#10576 = EDGE_LOOP('',(#10577,#10600,#10601,#10602));
#10577 = ORIENTED_EDGE('',*,*,#10578,.F.);
#10578 = EDGE_CURVE('',#10222,#10579,#10581,.T.);
#10579 = VERTEX_POINT('',#10580);
#10580 = CARTESIAN_POINT('',(26.4,53.5,29.));
#10581 = SEAM_CURVE('',#10582,(#10586,#10593),.PCURVE_S1.);
#10582 = LINE('',#10583,#10584);
#10583 = CARTESIAN_POINT('',(26.4,52.7,29.));
#10584 = VECTOR('',#10585,1.);
#10585 = DIRECTION('',(0.,1.,1.110223024625E-16));
#10586 = PCURVE('',#10238,#10587);
#10587 = DEFINITIONAL_REPRESENTATION('',(#10588),#10592);
#10588 = LINE('',#10589,#10590);
#10589 = CARTESIAN_POINT('',(-6.28318530718,0.));
#10590 = VECTOR('',#10591,1.);
#10591 = DIRECTION('',(-0.,-1.));
#10592 = ( GEOMETRIC_REPRESENTATION_CONTEXT(2) 
PARAMETRIC_REPRESENTATION_CONTEXT() REPRESENTATION_CONTEXT('2D SPACE',''
  ) );
#10593 = PCURVE('',#10238,#10594);
#10594 = DEFINITIONAL_REPRESENTATION('',(#10595),#10599);
#10595 = LINE('',#10596,#10597);
#10596 = CARTESIAN_POINT('',(-0.,0.));
#10597 = VECTOR('',#10598,1.);
#10598 = DIRECTION('',(-0.,-1.));
#10599 = ( GEOMETRIC_REPRESENTATION_CONTEXT(2) 
PARAMETRIC_REPRESENTATION_CONTEXT() REPRESENTATION_CONTEXT('2D SPACE',''
  ) );
#10600 = ORIENTED_EDGE('',*,*,#10221,.F.);
#10601 = ORIENTED_EDGE('',*,*,#10578,.T.);
#10602 = ORIENTED_EDGE('',*,*,#10603,.F.);
#10603 = EDGE_CURVE('',#10579,#10579,#10604,.T.);
#10604 = SURFACE_CURVE('',#10605,(#10610,#10617),.PCURVE_S1.);
#10605 = CIRCLE('',#10606,6.4);
#10606 = AXIS2_PLACEMENT_3D('',#10607,#10608,#10609);
#10607 = CARTESIAN_POINT('',(20.,53.5,29.));
#10608 = DIRECTION('',(0.,-1.,-1.110223024625E-16));
#10609 = DIRECTION('',(1.,0.,0.));
#10610 = PCURVE('',#10238,#10611);
#10611 = DEFINITIONAL_REPRESENTATION('',(#10612),#10616);
#10612 = LINE('',#10613,#10614);
#10613 = CARTESIAN_POINT('',(-6.28318530718,-0.8));
#10614 = VECTOR('',#10615,1.);
#10615 = DIRECTION('',(1.,-0.));
#10616 = ( GEOMETRIC_REPRESENTATION_CONTEXT(2) 
PARAMETRIC_REPRESENTATION_CONTEXT() REPRESENTATION_CONTEXT('2D SPACE',''
  ) );
#10617 = PCURVE('',#10618,#10623);
#10618 = PLANE('',#10619);
#10619 = AXIS2_PLACEMENT_3D('',#10620,#10621,#10622);
#10620 = CARTESIAN_POINT('',(20.,53.5,29.));
#10621 = DIRECTION('',(0.,1.,1.110223024625E-16));
#10622 = DIRECTION('',(1.,0.,0.));
#10623 = DEFINITIONAL_REPRESENTATION('',(#10624),#10632);
#10624 = ( BOUNDED_CURVE() B_SPLINE_CURVE(2,(#10625,#10626,#10627,#10628
    ,#10629,#10630,#10631),.UNSPECIFIED.,.T.,.F.) 
B_SPLINE_CURVE_WITH_KNOTS((1,2,2,2,2,1),(-2.094395102393,0.,
    2.094395102393,4.188790204786,6.28318530718,8.377580409573),
.UNSPECIFIED.) CURVE() GEOMETRIC_REPRESENTATION_ITEM() 
RATIONAL_B_SPLINE_CURVE((1.,0.5,1.,0.5,1.,0.5,1.)) REPRESENTATION_ITEM(
  '') );
#10625 = CARTESIAN_POINT('',(6.4,0.));
#10626 = CARTESIAN_POINT('',(6.4,-11.08512516844));
#10627 = CARTESIAN_POINT('',(-3.2,-5.54256258422));
#10628 = CARTESIAN_POINT('',(-12.8,-1.567547902909E-15));
#10629 = CARTESIAN_POINT('',(-3.2,5.54256258422));
#10630 = CARTESIAN_POINT('',(6.4,11.085125168441));
#10631 = CARTESIAN_POINT('',(6.4,0.));
#10632 = ( GEOMETRIC_REPRESENTATION_CONTEXT(2) 
PARAMETRIC_REPRESENTATION_CONTEXT() REPRESENTATION_CONTEXT('2D SPACE',''
  ) );
#10633 = ADVANCED_FACE('',(#10634),#10273,.T.);
#10634 = FACE_BOUND('',#10635,.F.);
#10635 = EDGE_LOOP('',(#10636,#10659,#10660,#10661));
#10636 = ORIENTED_EDGE('',*,*,#10637,.F.);
#10637 = EDGE_CURVE('',#10257,#10638,#10640,.T.);
#10638 = VERTEX_POINT('',#10639);
#10639 = CARTESIAN_POINT('',(53.5,20.,22.6));
#10640 = SEAM_CURVE('',#10641,(#10645,#10652),.PCURVE_S1.);
#10641 = LINE('',#10642,#10643);
#10642 = CARTESIAN_POINT('',(52.7,20.,22.6));
#10643 = VECTOR('',#10644,1.);
#10644 = DIRECTION('',(1.,0.,1.110223024625E-16));
#10645 = PCURVE('',#10273,#10646);
#10646 = DEFINITIONAL_REPRESENTATION('',(#10647),#10651);
#10647 = LINE('',#10648,#10649);
#10648 = CARTESIAN_POINT('',(-6.28318530718,0.));
#10649 = VECTOR('',#10650,1.);
#10650 = DIRECTION('',(-0.,-1.));
#10651 = ( GEOMETRIC_REPRESENTATION_CONTEXT(2) 
PARAMETRIC_REPRESENTATION_CONTEXT() REPRESENTATION_CONTEXT('2D SPACE',''
  ) );
#10652 = PCURVE('',#10273,#10653);
#10653 = DEFINITIONAL_REPRESENTATION('',(#10654),#10658);
#10654 = LINE('',#10655,#10656);
#10655 = CARTESIAN_POINT('',(-0.,0.));
#10656 = VECTOR('',#10657,1.);
#10657 = DIRECTION('',(-0.,-1.));
#10658 = ( GEOMETRIC_REPRESENTATION_CONTEXT(2) 
PARAMETRIC_REPRESENTATION_CONTEXT() REPRESENTATION_CONTEXT('2D SPACE',''
  ) );
#10659 = ORIENTED_EDGE('',*,*,#10256,.F.);
#10660 = ORIENTED_EDGE('',*,*,#10637,.T.);
#10661 = ORIENTED_EDGE('',*,*,#10662,.F.);
#10662 = EDGE_CURVE('',#10638,#10638,#10663,.T.);
#10663 = SURFACE_CURVE('',#10664,(#10669,#10676),.PCURVE_S1.);
#10664 = CIRCLE('',#10665,6.4);
#10665 = AXIS2_PLACEMENT_3D('',#10666,#10667,#10668);
#10666 = CARTESIAN_POINT('',(53.5,20.,29.));
#10667 = DIRECTION('',(-1.,-0.,-1.110223024625E-16));
#10668 = DIRECTION('',(1.110223024625E-16,0.,-1.));
#10669 = PCURVE('',#10273,#10670);
#10670 = DEFINITIONAL_REPRESENTATION('',(#10671),#10675);
#10671 = LINE('',#10672,#10673);
#10672 = CARTESIAN_POINT('',(-6.28318530718,-0.8));
#10673 = VECTOR('',#10674,1.);
#10674 = DIRECTION('',(1.,-0.));
#10675 = ( GEOMETRIC_REPRESENTATION_CONTEXT(2) 
PARAMETRIC_REPRESENTATION_CONTEXT() REPRESENTATION_CONTEXT('2D SPACE',''
  ) );
#10676 = PCURVE('',#10677,#10682);
#10677 = PLANE('',#10678);
#10678 = AXIS2_PLACEMENT_3D('',#10679,#10680,#10681);
#10679 = CARTESIAN_POINT('',(53.5,20.,29.));
#10680 = DIRECTION('',(1.,0.,1.110223024625E-16));
#10681 = DIRECTION('',(1.110223024625E-16,0.,-1.));
#10682 = DEFINITIONAL_REPRESENTATION('',(#10683),#10691);
#10683 = ( BOUNDED_CURVE() B_SPLINE_CURVE(2,(#10684,#10685,#10686,#10687
    ,#10688,#10689,#10690),.UNSPECIFIED.,.T.,.F.) 
B_SPLINE_CURVE_WITH_KNOTS((1,2,2,2,2,1),(-2.094395102393,0.,
    2.094395102393,4.188790204786,6.28318530718,8.377580409573),
.UNSPECIFIED.) CURVE() GEOMETRIC_REPRESENTATION_ITEM() 
RATIONAL_B_SPLINE_CURVE((1.,0.5,1.,0.5,1.,0.5,1.)) REPRESENTATION_ITEM(
  '') );
#10684 = CARTESIAN_POINT('',(6.4,0.));
#10685 = CARTESIAN_POINT('',(6.4,-11.08512516844));
#10686 = CARTESIAN_POINT('',(-3.2,-5.54256258422));
#10687 = CARTESIAN_POINT('',(-12.8,-1.567547902909E-15));
#10688 = CARTESIAN_POINT('',(-3.2,5.54256258422));
#10689 = CARTESIAN_POINT('',(6.4,11.085125168441));
#10690 = CARTESIAN_POINT('',(6.4,0.));
#10691 = ( GEOMETRIC_REPRESENTATION_CONTEXT(2) 
PARAMETRIC_REPRESENTATION_CONTEXT() REPRESENTATION_CONTEXT('2D SPACE',''
  ) );
#10692 = ADVANCED_FACE('',(#10693),#10308,.T.);
#10693 = FACE_BOUND('',#10694,.F.);
#10694 = EDGE_LOOP('',(#10695,#10718,#10719,#10720));
#10695 = ORIENTED_EDGE('',*,*,#10696,.F.);
#10696 = EDGE_CURVE('',#10292,#10697,#10699,.T.);
#10697 = VERTEX_POINT('',#10698);
#10698 = CARTESIAN_POINT('',(53.5,-20.,22.6));
#10699 = SEAM_CURVE('',#10700,(#10704,#10711),.PCURVE_S1.);
#10700 = LINE('',#10701,#10702);
#10701 = CARTESIAN_POINT('',(52.7,-20.,22.6));
#10702 = VECTOR('',#10703,1.);
#10703 = DIRECTION('',(1.,0.,1.110223024625E-16));
#10704 = PCURVE('',#10308,#10705);
#10705 = DEFINITIONAL_REPRESENTATION('',(#10706),#10710);
#10706 = LINE('',#10707,#10708);
#10707 = CARTESIAN_POINT('',(-6.28318530718,0.));
#10708 = VECTOR('',#10709,1.);
#10709 = DIRECTION('',(-0.,-1.));
#10710 = ( GEOMETRIC_REPRESENTATION_CONTEXT(2) 
PARAMETRIC_REPRESENTATION_CONTEXT() REPRESENTATION_CONTEXT('2D SPACE',''
  ) );
#10711 = PCURVE('',#10308,#10712);
#10712 = DEFINITIONAL_REPRESENTATION('',(#10713),#10717);
#10713 = LINE('',#10714,#10715);
#10714 = CARTESIAN_POINT('',(-0.,0.));
#10715 = VECTOR('',#10716,1.);
#10716 = DIRECTION('',(-0.,-1.));
#10717 = ( GEOMETRIC_REPRESENTATION_CONTEXT(2) 
PARAMETRIC_REPRESENTATION_CONTEXT() REPRESENTATION_CONTEXT('2D SPACE',''
  ) );
#10718 = ORIENTED_EDGE('',*,*,#10291,.F.);
#10719 = ORIENTED_EDGE('',*,*,#10696,.T.);
#10720 = ORIENTED_EDGE('',*,*,#10721,.F.);
#10721 = EDGE_CURVE('',#10697,#10697,#10722,.T.);
#10722 = SURFACE_CURVE('',#10723,(#10728,#10735),.PCURVE_S1.);
#10723 = CIRCLE('',#10724,6.4);
#10724 = AXIS2_PLACEMENT_3D('',#10725,#10726,#10727);
#10725 = CARTESIAN_POINT('',(53.5,-20.,29.));
#10726 = DIRECTION('',(-1.,-0.,-1.110223024625E-16));
#10727 = DIRECTION('',(1.110223024625E-16,0.,-1.));
#10728 = PCURVE('',#10308,#10729);
#10729 = DEFINITIONAL_REPRESENTATION('',(#10730),#10734);
#10730 = LINE('',#10731,#10732);
#10731 = CARTESIAN_POINT('',(-6.28318530718,-0.8));
#10732 = VECTOR('',#10733,1.);
#10733 = DIRECTION('',(1.,-0.));
#10734 = ( GEOMETRIC_REPRESENTATION_CONTEXT(2) 
PARAMETRIC_REPRESENTATION_CONTEXT() REPRESENTATION_CONTEXT('2D SPACE',''
  ) );
#10735 = PCURVE('',#10736,#10741);
#10736 = PLANE('',#10737);
#10737 = AXIS2_PLACEMENT_3D('',#10738,#10739,#10740);
#10738 = CARTESIAN_POINT('',(53.5,-20.,29.));
#10739 = DIRECTION('',(1.,0.,1.110223024625E-16));
#10740 = DIRECTION('',(1.110223024625E-16,0.,-1.));
#10741 = DEFINITIONAL_REPRESENTATION('',(#10742),#10750);
#10742 = ( BOUNDED_CURVE() B_SPLINE_CURVE(2,(#10743,#10744,#10745,#10746
    ,#10747,#10748,#10749),.UNSPECIFIED.,.T.,.F.) 
B_SPLINE_CURVE_WITH_KNOTS((1,2,2,2,2,1),(-2.094395102393,0.,
    2.094395102393,4.188790204786,6.28318530718,8.377580409573),
.UNSPECIFIED.) CURVE() GEOMETRIC_REPRESENTATION_ITEM() 
RATIONAL_B_SPLINE_CURVE((1.,0.5,1.,0.5,1.,0.5,1.)) REPRESENTATION_ITEM(
  '') );
#10743 = CARTESIAN_POINT('',(6.4,0.));
#10744 = CARTESIAN_POINT('',(6.4,-11.08512516844));
#10745 = CARTESIAN_POINT('',(-3.2,-5.54256258422));
#10746 = CARTESIAN_POINT('',(-12.8,-1.567547902909E-15));
#10747 = CARTESIAN_POINT('',(-3.2,5.54256258422));
#10748 = CARTESIAN_POINT('',(6.4,11.085125168441));
#10749 = CARTESIAN_POINT('',(6.4,0.));
#10750 = ( GEOMETRIC_REPRESENTATION_CONTEXT(2) 
PARAMETRIC_REPRESENTATION_CONTEXT() REPRESENTATION_CONTEXT('2D SPACE',''
  ) );
#10751 = ADVANCED_FACE('',(#10752),#10347,.F.);
#10752 = FACE_BOUND('',#10753,.T.);
#10753 = EDGE_LOOP('',(#10754,#10783,#10804,#10805));
#10754 = ORIENTED_EDGE('',*,*,#10755,.F.);
#10755 = EDGE_CURVE('',#10756,#10756,#10758,.T.);
#10756 = VERTEX_POINT('',#10757);
#10757 = CARTESIAN_POINT('',(-52.7,20.,33.1));
#10758 = SURFACE_CURVE('',#10759,(#10764,#10771),.PCURVE_S1.);
#10759 = CIRCLE('',#10760,4.1);
#10760 = AXIS2_PLACEMENT_3D('',#10761,#10762,#10763);
#10761 = CARTESIAN_POINT('',(-52.7,20.,29.));
#10762 = DIRECTION('',(-1.,0.,1.110223024625E-16));
#10763 = DIRECTION('',(1.110223024625E-16,0.,1.));
#10764 = PCURVE('',#10347,#10765);
#10765 = DEFINITIONAL_REPRESENTATION('',(#10766),#10770);
#10766 = LINE('',#10767,#10768);
#10767 = CARTESIAN_POINT('',(-0.,0.));
#10768 = VECTOR('',#10769,1.);
#10769 = DIRECTION('',(-1.,0.));
#10770 = ( GEOMETRIC_REPRESENTATION_CONTEXT(2) 
PARAMETRIC_REPRESENTATION_CONTEXT() REPRESENTATION_CONTEXT('2D SPACE',''
  ) );
#10771 = PCURVE('',#10772,#10777);
#10772 = PLANE('',#10773);
#10773 = AXIS2_PLACEMENT_3D('',#10774,#10775,#10776);
#10774 = CARTESIAN_POINT('',(-52.7,20.,29.));
#10775 = DIRECTION('',(-1.,0.,1.110223024625E-16));
#10776 = DIRECTION('',(1.110223024625E-16,0.,1.));
#10777 = DEFINITIONAL_REPRESENTATION('',(#10778),#10782);
#10778 = CIRCLE('',#10779,4.1);
#10779 = AXIS2_PLACEMENT_2D('',#10780,#10781);
#10780 = CARTESIAN_POINT('',(0.,0.));
#10781 = DIRECTION('',(1.,0.));
#10782 = ( GEOMETRIC_REPRESENTATION_CONTEXT(2) 
PARAMETRIC_REPRESENTATION_CONTEXT() REPRESENTATION_CONTEXT('2D SPACE',''
  ) );
#10783 = ORIENTED_EDGE('',*,*,#10784,.T.);
#10784 = EDGE_CURVE('',#10756,#10327,#10785,.T.);
#10785 = SEAM_CURVE('',#10786,(#10790,#10797),.PCURVE_S1.);
#10786 = LINE('',#10787,#10788);
#10787 = CARTESIAN_POINT('',(-52.7,20.,33.1));
#10788 = VECTOR('',#10789,1.);
#10789 = DIRECTION('',(-1.,0.,1.110223024625E-16));
#10790 = PCURVE('',#10347,#10791);
#10791 = DEFINITIONAL_REPRESENTATION('',(#10792),#10796);
#10792 = LINE('',#10793,#10794);
#10793 = CARTESIAN_POINT('',(-6.28318530718,0.));
#10794 = VECTOR('',#10795,1.);
#10795 = DIRECTION('',(-0.,-1.));
#10796 = ( GEOMETRIC_REPRESENTATION_CONTEXT(2) 
PARAMETRIC_REPRESENTATION_CONTEXT() REPRESENTATION_CONTEXT('2D SPACE',''
  ) );
#10797 = PCURVE('',#10347,#10798);
#10798 = DEFINITIONAL_REPRESENTATION('',(#10799),#10803);
#10799 = LINE('',#10800,#10801);
#10800 = CARTESIAN_POINT('',(-0.,0.));
#10801 = VECTOR('',#10802,1.);
#10802 = DIRECTION('',(-0.,-1.));
#10803 = ( GEOMETRIC_REPRESENTATION_CONTEXT(2) 
PARAMETRIC_REPRESENTATION_CONTEXT() REPRESENTATION_CONTEXT('2D SPACE',''
  ) );
#10804 = ORIENTED_EDGE('',*,*,#10326,.F.);
#10805 = ORIENTED_EDGE('',*,*,#10784,.F.);
#10806 = ADVANCED_FACE('',(#10807),#10386,.F.);
#10807 = FACE_BOUND('',#10808,.T.);
#10808 = EDGE_LOOP('',(#10809,#10838,#10859,#10860));
#10809 = ORIENTED_EDGE('',*,*,#10810,.F.);
#10810 = EDGE_CURVE('',#10811,#10811,#10813,.T.);
#10811 = VERTEX_POINT('',#10812);
#10812 = CARTESIAN_POINT('',(-52.7,-20.,33.1));
#10813 = SURFACE_CURVE('',#10814,(#10819,#10826),.PCURVE_S1.);
#10814 = CIRCLE('',#10815,4.1);
#10815 = AXIS2_PLACEMENT_3D('',#10816,#10817,#10818);
#10816 = CARTESIAN_POINT('',(-52.7,-20.,29.));
#10817 = DIRECTION('',(-1.,0.,1.110223024625E-16));
#10818 = DIRECTION('',(1.110223024625E-16,0.,1.));
#10819 = PCURVE('',#10386,#10820);
#10820 = DEFINITIONAL_REPRESENTATION('',(#10821),#10825);
#10821 = LINE('',#10822,#10823);
#10822 = CARTESIAN_POINT('',(-0.,0.));
#10823 = VECTOR('',#10824,1.);
#10824 = DIRECTION('',(-1.,0.));
#10825 = ( GEOMETRIC_REPRESENTATION_CONTEXT(2) 
PARAMETRIC_REPRESENTATION_CONTEXT() REPRESENTATION_CONTEXT('2D SPACE',''
  ) );
#10826 = PCURVE('',#10827,#10832);
#10827 = PLANE('',#10828);
#10828 = AXIS2_PLACEMENT_3D('',#10829,#10830,#10831);
#10829 = CARTESIAN_POINT('',(-52.7,-20.,29.));
#10830 = DIRECTION('',(-1.,0.,1.110223024625E-16));
#10831 = DIRECTION('',(1.110223024625E-16,0.,1.));
#10832 = DEFINITIONAL_REPRESENTATION('',(#10833),#10837);
#10833 = CIRCLE('',#10834,4.1);
#10834 = AXIS2_PLACEMENT_2D('',#10835,#10836);
#10835 = CARTESIAN_POINT('',(0.,0.));
#10836 = DIRECTION('',(1.,0.));
#10837 = ( GEOMETRIC_REPRESENTATION_CONTEXT(2) 
PARAMETRIC_REPRESENTATION_CONTEXT() REPRESENTATION_CONTEXT('2D SPACE',''
  ) );
#10838 = ORIENTED_EDGE('',*,*,#10839,.T.);
#10839 = EDGE_CURVE('',#10811,#10366,#10840,.T.);
#10840 = SEAM_CURVE('',#10841,(#10845,#10852),.PCURVE_S1.);
#10841 = LINE('',#10842,#10843);
#10842 = CARTESIAN_POINT('',(-52.7,-20.,33.1));
#10843 = VECTOR('',#10844,1.);
#10844 = DIRECTION('',(-1.,0.,1.110223024625E-16));
#10845 = PCURVE('',#10386,#10846);
#10846 = DEFINITIONAL_REPRESENTATION('',(#10847),#10851);
#10847 = LINE('',#10848,#10849);
#10848 = CARTESIAN_POINT('',(-6.28318530718,0.));
#10849 = VECTOR('',#10850,1.);
#10850 = DIRECTION('',(-0.,-1.));
#10851 = ( GEOMETRIC_REPRESENTATION_CONTEXT(2) 
PARAMETRIC_REPRESENTATION_CONTEXT() REPRESENTATION_CONTEXT('2D SPACE',''
  ) );
#10852 = PCURVE('',#10386,#10853);
#10853 = DEFINITIONAL_REPRESENTATION('',(#10854),#10858);
#10854 = LINE('',#10855,#10856);
#10855 = CARTESIAN_POINT('',(-0.,0.));
#10856 = VECTOR('',#10857,1.);
#10857 = DIRECTION('',(-0.,-1.));
#10858 = ( GEOMETRIC_REPRESENTATION_CONTEXT(2) 
PARAMETRIC_REPRESENTATION_CONTEXT() REPRESENTATION_CONTEXT('2D SPACE',''
  ) );
#10859 = ORIENTED_EDGE('',*,*,#10365,.F.);
#10860 = ORIENTED_EDGE('',*,*,#10839,.F.);
#10861 = ADVANCED_FACE('',(#10862,#10865),#10441,.T.);
#10862 = FACE_BOUND('',#10863,.T.);
#10863 = EDGE_LOOP('',(#10864));
#10864 = ORIENTED_EDGE('',*,*,#10426,.F.);
#10865 = FACE_BOUND('',#10866,.T.);
#10866 = EDGE_LOOP('',(#10867));
#10867 = ORIENTED_EDGE('',*,*,#10868,.T.);
#10868 = EDGE_CURVE('',#10869,#10869,#10871,.T.);
#10869 = VERTEX_POINT('',#10870);
#10870 = CARTESIAN_POINT('',(-15.9,-53.5,29.));
#10871 = SURFACE_CURVE('',#10872,(#10877,#10888),.PCURVE_S1.);
#10872 = CIRCLE('',#10873,4.1);
#10873 = AXIS2_PLACEMENT_3D('',#10874,#10875,#10876);
#10874 = CARTESIAN_POINT('',(-20.,-53.5,29.));
#10875 = DIRECTION('',(0.,1.,-1.110223024625E-16));
#10876 = DIRECTION('',(1.,0.,0.));
#10877 = PCURVE('',#10441,#10878);
#10878 = DEFINITIONAL_REPRESENTATION('',(#10879),#10887);
#10879 = ( BOUNDED_CURVE() B_SPLINE_CURVE(2,(#10880,#10881,#10882,#10883
    ,#10884,#10885,#10886),.UNSPECIFIED.,.T.,.F.) 
B_SPLINE_CURVE_WITH_KNOTS((1,2,2,2,2,1),(-2.094395102393,0.,
    2.094395102393,4.188790204786,6.28318530718,8.377580409573),
.UNSPECIFIED.) CURVE() GEOMETRIC_REPRESENTATION_ITEM() 
RATIONAL_B_SPLINE_CURVE((1.,0.5,1.,0.5,1.,0.5,1.)) REPRESENTATION_ITEM(
  '') );
#10880 = CARTESIAN_POINT('',(4.1,0.));
#10881 = CARTESIAN_POINT('',(4.1,-7.101408311032));
#10882 = CARTESIAN_POINT('',(-2.05,-3.550704155516));
#10883 = CARTESIAN_POINT('',(-8.2,-1.004210375301E-15));
#10884 = CARTESIAN_POINT('',(-2.05,3.550704155516));
#10885 = CARTESIAN_POINT('',(4.1,7.101408311032));
#10886 = CARTESIAN_POINT('',(4.1,0.));
#10887 = ( GEOMETRIC_REPRESENTATION_CONTEXT(2) 
PARAMETRIC_REPRESENTATION_CONTEXT() REPRESENTATION_CONTEXT('2D SPACE',''
  ) );
#10888 = PCURVE('',#10889,#10894);
#10889 = CYLINDRICAL_SURFACE('',#10890,4.1);
#10890 = AXIS2_PLACEMENT_3D('',#10891,#10892,#10893);
#10891 = CARTESIAN_POINT('',(-20.,-52.7,29.));
#10892 = DIRECTION('',(-0.,1.,-1.110223024625E-16));
#10893 = DIRECTION('',(1.,0.,0.));
#10894 = DEFINITIONAL_REPRESENTATION('',(#10895),#10899);
#10895 = LINE('',#10896,#10897);
#10896 = CARTESIAN_POINT('',(-6.28318530718,-0.8));
#10897 = VECTOR('',#10898,1.);
#10898 = DIRECTION('',(1.,-0.));
#10899 = ( GEOMETRIC_REPRESENTATION_CONTEXT(2) 
PARAMETRIC_REPRESENTATION_CONTEXT() REPRESENTATION_CONTEXT('2D SPACE',''
  ) );
#10900 = ADVANCED_FACE('',(#10901,#10904),#10500,.T.);
#10901 = FACE_BOUND('',#10902,.T.);
#10902 = EDGE_LOOP('',(#10903));
#10903 = ORIENTED_EDGE('',*,*,#10485,.F.);
#10904 = FACE_BOUND('',#10905,.T.);
#10905 = EDGE_LOOP('',(#10906));
#10906 = ORIENTED_EDGE('',*,*,#10907,.T.);
#10907 = EDGE_CURVE('',#10908,#10908,#10910,.T.);
#10908 = VERTEX_POINT('',#10909);
#10909 = CARTESIAN_POINT('',(24.1,-53.5,29.));
#10910 = SURFACE_CURVE('',#10911,(#10916,#10927),.PCURVE_S1.);
#10911 = CIRCLE('',#10912,4.1);
#10912 = AXIS2_PLACEMENT_3D('',#10913,#10914,#10915);
#10913 = CARTESIAN_POINT('',(20.,-53.5,29.));
#10914 = DIRECTION('',(0.,1.,-1.110223024625E-16));
#10915 = DIRECTION('',(1.,0.,0.));
#10916 = PCURVE('',#10500,#10917);
#10917 = DEFINITIONAL_REPRESENTATION('',(#10918),#10926);
#10918 = ( BOUNDED_CURVE() B_SPLINE_CURVE(2,(#10919,#10920,#10921,#10922
    ,#10923,#10924,#10925),.UNSPECIFIED.,.T.,.F.) 
B_SPLINE_CURVE_WITH_KNOTS((1,2,2,2,2,1),(-2.094395102393,0.,
    2.094395102393,4.188790204786,6.28318530718,8.377580409573),
.UNSPECIFIED.) CURVE() GEOMETRIC_REPRESENTATION_ITEM() 
RATIONAL_B_SPLINE_CURVE((1.,0.5,1.,0.5,1.,0.5,1.)) REPRESENTATION_ITEM(
  '') );
#10919 = CARTESIAN_POINT('',(4.1,0.));
#10920 = CARTESIAN_POINT('',(4.1,-7.101408311032));
#10921 = CARTESIAN_POINT('',(-2.05,-3.550704155516));
#10922 = CARTESIAN_POINT('',(-8.2,-1.004210375301E-15));
#10923 = CARTESIAN_POINT('',(-2.05,3.550704155516));
#10924 = CARTESIAN_POINT('',(4.1,7.101408311032));
#10925 = CARTESIAN_POINT('',(4.1,0.));
#10926 = ( GEOMETRIC_REPRESENTATION_CONTEXT(2) 
PARAMETRIC_REPRESENTATION_CONTEXT() REPRESENTATION_CONTEXT('2D SPACE',''
  ) );
#10927 = PCURVE('',#10928,#10933);
#10928 = CYLINDRICAL_SURFACE('',#10929,4.1);
#10929 = AXIS2_PLACEMENT_3D('',#10930,#10931,#10932);
#10930 = CARTESIAN_POINT('',(20.,-52.7,29.));
#10931 = DIRECTION('',(-0.,1.,-1.110223024625E-16));
#10932 = DIRECTION('',(1.,0.,0.));
#10933 = DEFINITIONAL_REPRESENTATION('',(#10934),#10938);
#10934 = LINE('',#10935,#10936);
#10935 = CARTESIAN_POINT('',(-6.28318530718,-0.8));
#10936 = VECTOR('',#10937,1.);
#10937 = DIRECTION('',(1.,-0.));
#10938 = ( GEOMETRIC_REPRESENTATION_CONTEXT(2) 
PARAMETRIC_REPRESENTATION_CONTEXT() REPRESENTATION_CONTEXT('2D SPACE',''
  ) );
#10939 = ADVANCED_FACE('',(#10940,#10943),#10559,.T.);
#10940 = FACE_BOUND('',#10941,.T.);
#10941 = EDGE_LOOP('',(#10942));
#10942 = ORIENTED_EDGE('',*,*,#10544,.F.);
#10943 = FACE_BOUND('',#10944,.T.);
#10944 = EDGE_LOOP('',(#10945));
#10945 = ORIENTED_EDGE('',*,*,#10946,.T.);
#10946 = EDGE_CURVE('',#10947,#10947,#10949,.T.);
#10947 = VERTEX_POINT('',#10948);
#10948 = CARTESIAN_POINT('',(-15.9,53.5,29.));
#10949 = SURFACE_CURVE('',#10950,(#10955,#10966),.PCURVE_S1.);
#10950 = CIRCLE('',#10951,4.1);
#10951 = AXIS2_PLACEMENT_3D('',#10952,#10953,#10954);
#10952 = CARTESIAN_POINT('',(-20.,53.5,29.));
#10953 = DIRECTION('',(0.,-1.,-1.110223024625E-16));
#10954 = DIRECTION('',(1.,0.,0.));
#10955 = PCURVE('',#10559,#10956);
#10956 = DEFINITIONAL_REPRESENTATION('',(#10957),#10965);
#10957 = ( BOUNDED_CURVE() B_SPLINE_CURVE(2,(#10958,#10959,#10960,#10961
    ,#10962,#10963,#10964),.UNSPECIFIED.,.T.,.F.) 
B_SPLINE_CURVE_WITH_KNOTS((1,2,2,2,2,1),(-2.094395102393,0.,
    2.094395102393,4.188790204786,6.28318530718,8.377580409573),
.UNSPECIFIED.) CURVE() GEOMETRIC_REPRESENTATION_ITEM() 
RATIONAL_B_SPLINE_CURVE((1.,0.5,1.,0.5,1.,0.5,1.)) REPRESENTATION_ITEM(
  '') );
#10958 = CARTESIAN_POINT('',(4.1,0.));
#10959 = CARTESIAN_POINT('',(4.1,-7.101408311032));
#10960 = CARTESIAN_POINT('',(-2.05,-3.550704155516));
#10961 = CARTESIAN_POINT('',(-8.2,-1.004210375301E-15));
#10962 = CARTESIAN_POINT('',(-2.05,3.550704155516));
#10963 = CARTESIAN_POINT('',(4.1,7.101408311032));
#10964 = CARTESIAN_POINT('',(4.1,0.));
#10965 = ( GEOMETRIC_REPRESENTATION_CONTEXT(2) 
PARAMETRIC_REPRESENTATION_CONTEXT() REPRESENTATION_CONTEXT('2D SPACE',''
  ) );
#10966 = PCURVE('',#10967,#10972);
#10967 = CYLINDRICAL_SURFACE('',#10968,4.1);
#10968 = AXIS2_PLACEMENT_3D('',#10969,#10970,#10971);
#10969 = CARTESIAN_POINT('',(-20.,52.7,29.));
#10970 = DIRECTION('',(-0.,-1.,-1.110223024625E-16));
#10971 = DIRECTION('',(1.,0.,0.));
#10972 = DEFINITIONAL_REPRESENTATION('',(#10973),#10977);
#10973 = LINE('',#10974,#10975);
#10974 = CARTESIAN_POINT('',(-6.28318530718,-0.8));
#10975 = VECTOR('',#10976,1.);
#10976 = DIRECTION('',(1.,-0.));
#10977 = ( GEOMETRIC_REPRESENTATION_CONTEXT(2) 
PARAMETRIC_REPRESENTATION_CONTEXT() REPRESENTATION_CONTEXT('2D SPACE',''
  ) );
#10978 = ADVANCED_FACE('',(#10979,#10982),#10618,.T.);
#10979 = FACE_BOUND('',#10980,.T.);
#10980 = EDGE_LOOP('',(#10981));
#10981 = ORIENTED_EDGE('',*,*,#10603,.F.);
#10982 = FACE_BOUND('',#10983,.T.);
#10983 = EDGE_LOOP('',(#10984));
#10984 = ORIENTED_EDGE('',*,*,#10985,.T.);
#10985 = EDGE_CURVE('',#10986,#10986,#10988,.T.);
#10986 = VERTEX_POINT('',#10987);
#10987 = CARTESIAN_POINT('',(24.1,53.5,29.));
#10988 = SURFACE_CURVE('',#10989,(#10994,#11005),.PCURVE_S1.);
#10989 = CIRCLE('',#10990,4.1);
#10990 = AXIS2_PLACEMENT_3D('',#10991,#10992,#10993);
#10991 = CARTESIAN_POINT('',(20.,53.5,29.));
#10992 = DIRECTION('',(0.,-1.,-1.110223024625E-16));
#10993 = DIRECTION('',(1.,0.,0.));
#10994 = PCURVE('',#10618,#10995);
#10995 = DEFINITIONAL_REPRESENTATION('',(#10996),#11004);
#10996 = ( BOUNDED_CURVE() B_SPLINE_CURVE(2,(#10997,#10998,#10999,#11000
    ,#11001,#11002,#11003),.UNSPECIFIED.,.T.,.F.) 
B_SPLINE_CURVE_WITH_KNOTS((1,2,2,2,2,1),(-2.094395102393,0.,
    2.094395102393,4.188790204786,6.28318530718,8.377580409573),
.UNSPECIFIED.) CURVE() GEOMETRIC_REPRESENTATION_ITEM() 
RATIONAL_B_SPLINE_CURVE((1.,0.5,1.,0.5,1.,0.5,1.)) REPRESENTATION_ITEM(
  '') );
#10997 = CARTESIAN_POINT('',(4.1,0.));
#10998 = CARTESIAN_POINT('',(4.1,-7.101408311032));
#10999 = CARTESIAN_POINT('',(-2.05,-3.550704155516));
#11000 = CARTESIAN_POINT('',(-8.2,-1.004210375301E-15));
#11001 = CARTESIAN_POINT('',(-2.05,3.550704155516));
#11002 = CARTESIAN_POINT('',(4.1,7.101408311032));
#11003 = CARTESIAN_POINT('',(4.1,0.));
#11004 = ( GEOMETRIC_REPRESENTATION_CONTEXT(2) 
PARAMETRIC_REPRESENTATION_CONTEXT() REPRESENTATION_CONTEXT('2D SPACE',''
  ) );
#11005 = PCURVE('',#11006,#11011);
#11006 = CYLINDRICAL_SURFACE('',#11007,4.1);
#11007 = AXIS2_PLACEMENT_3D('',#11008,#11009,#11010);
#11008 = CARTESIAN_POINT('',(20.,52.7,29.));
#11009 = DIRECTION('',(-0.,-1.,-1.110223024625E-16));
#11010 = DIRECTION('',(1.,0.,0.));
#11011 = DEFINITIONAL_REPRESENTATION('',(#11012),#11016);
#11012 = LINE('',#11013,#11014);
#11013 = CARTESIAN_POINT('',(-6.28318530718,-0.8));
#11014 = VECTOR('',#11015,1.);
#11015 = DIRECTION('',(1.,-0.));
#11016 = ( GEOMETRIC_REPRESENTATION_CONTEXT(2) 
PARAMETRIC_REPRESENTATION_CONTEXT() REPRESENTATION_CONTEXT('2D SPACE',''
  ) );
#11017 = ADVANCED_FACE('',(#11018,#11021),#10677,.T.);
#11018 = FACE_BOUND('',#11019,.T.);
#11019 = EDGE_LOOP('',(#11020));
#11020 = ORIENTED_EDGE('',*,*,#10662,.F.);
#11021 = FACE_BOUND('',#11022,.T.);
#11022 = EDGE_LOOP('',(#11023));
#11023 = ORIENTED_EDGE('',*,*,#11024,.T.);
#11024 = EDGE_CURVE('',#11025,#11025,#11027,.T.);
#11025 = VERTEX_POINT('',#11026);
#11026 = CARTESIAN_POINT('',(53.5,20.,24.9));
#11027 = SURFACE_CURVE('',#11028,(#11033,#11044),.PCURVE_S1.);
#11028 = CIRCLE('',#11029,4.1);
#11029 = AXIS2_PLACEMENT_3D('',#11030,#11031,#11032);
#11030 = CARTESIAN_POINT('',(53.5,20.,29.));
#11031 = DIRECTION('',(-1.,-0.,-1.110223024625E-16));
#11032 = DIRECTION('',(1.110223024625E-16,0.,-1.));
#11033 = PCURVE('',#10677,#11034);
#11034 = DEFINITIONAL_REPRESENTATION('',(#11035),#11043);
#11035 = ( BOUNDED_CURVE() B_SPLINE_CURVE(2,(#11036,#11037,#11038,#11039
    ,#11040,#11041,#11042),.UNSPECIFIED.,.T.,.F.) 
B_SPLINE_CURVE_WITH_KNOTS((1,2,2,2,2,1),(-2.094395102393,0.,
    2.094395102393,4.188790204786,6.28318530718,8.377580409573),
.UNSPECIFIED.) CURVE() GEOMETRIC_REPRESENTATION_ITEM() 
RATIONAL_B_SPLINE_CURVE((1.,0.5,1.,0.5,1.,0.5,1.)) REPRESENTATION_ITEM(
  '') );
#11036 = CARTESIAN_POINT('',(4.1,0.));
#11037 = CARTESIAN_POINT('',(4.1,-7.101408311032));
#11038 = CARTESIAN_POINT('',(-2.05,-3.550704155516));
#11039 = CARTESIAN_POINT('',(-8.2,-1.004210375301E-15));
#11040 = CARTESIAN_POINT('',(-2.05,3.550704155516));
#11041 = CARTESIAN_POINT('',(4.1,7.101408311032));
#11042 = CARTESIAN_POINT('',(4.1,0.));
#11043 = ( GEOMETRIC_REPRESENTATION_CONTEXT(2) 
PARAMETRIC_REPRESENTATION_CONTEXT() REPRESENTATION_CONTEXT('2D SPACE',''
  ) );
#11044 = PCURVE('',#11045,#11050);
#11045 = CYLINDRICAL_SURFACE('',#11046,4.1);
#11046 = AXIS2_PLACEMENT_3D('',#11047,#11048,#11049);
#11047 = CARTESIAN_POINT('',(52.7,20.,29.));
#11048 = DIRECTION('',(-1.,-0.,-1.110223024625E-16));
#11049 = DIRECTION('',(1.110223024625E-16,0.,-1.));
#11050 = DEFINITIONAL_REPRESENTATION('',(#11051),#11055);
#11051 = LINE('',#11052,#11053);
#11052 = CARTESIAN_POINT('',(-6.28318530718,-0.8));
#11053 = VECTOR('',#11054,1.);
#11054 = DIRECTION('',(1.,-0.));
#11055 = ( GEOMETRIC_REPRESENTATION_CONTEXT(2) 
PARAMETRIC_REPRESENTATION_CONTEXT() REPRESENTATION_CONTEXT('2D SPACE',''
  ) );
#11056 = ADVANCED_FACE('',(#11057,#11060),#10736,.T.);
#11057 = FACE_BOUND('',#11058,.T.);
#11058 = EDGE_LOOP('',(#11059));
#11059 = ORIENTED_EDGE('',*,*,#10721,.F.);
#11060 = FACE_BOUND('',#11061,.T.);
#11061 = EDGE_LOOP('',(#11062));
#11062 = ORIENTED_EDGE('',*,*,#11063,.T.);
#11063 = EDGE_CURVE('',#11064,#11064,#11066,.T.);
#11064 = VERTEX_POINT('',#11065);
#11065 = CARTESIAN_POINT('',(53.5,-20.,24.9));
#11066 = SURFACE_CURVE('',#11067,(#11072,#11083),.PCURVE_S1.);
#11067 = CIRCLE('',#11068,4.1);
#11068 = AXIS2_PLACEMENT_3D('',#11069,#11070,#11071);
#11069 = CARTESIAN_POINT('',(53.5,-20.,29.));
#11070 = DIRECTION('',(-1.,-0.,-1.110223024625E-16));
#11071 = DIRECTION('',(1.110223024625E-16,0.,-1.));
#11072 = PCURVE('',#10736,#11073);
#11073 = DEFINITIONAL_REPRESENTATION('',(#11074),#11082);
#11074 = ( BOUNDED_CURVE() B_SPLINE_CURVE(2,(#11075,#11076,#11077,#11078
    ,#11079,#11080,#11081),.UNSPECIFIED.,.T.,.F.) 
B_SPLINE_CURVE_WITH_KNOTS((1,2,2,2,2,1),(-2.094395102393,0.,
    2.094395102393,4.188790204786,6.28318530718,8.377580409573),
.UNSPECIFIED.) CURVE() GEOMETRIC_REPRESENTATION_ITEM() 
RATIONAL_B_SPLINE_CURVE((1.,0.5,1.,0.5,1.,0.5,1.)) REPRESENTATION_ITEM(
  '') );
#11075 = CARTESIAN_POINT('',(4.1,0.));
#11076 = CARTESIAN_POINT('',(4.1,-7.101408311032));
#11077 = CARTESIAN_POINT('',(-2.05,-3.550704155516));
#11078 = CARTESIAN_POINT('',(-8.2,-1.004210375301E-15));
#11079 = CARTESIAN_POINT('',(-2.05,3.550704155516));
#11080 = CARTESIAN_POINT('',(4.1,7.101408311032));
#11081 = CARTESIAN_POINT('',(4.1,0.));
#11082 = ( GEOMETRIC_REPRESENTATION_CONTEXT(2) 
PARAMETRIC_REPRESENTATION_CONTEXT() REPRESENTATION_CONTEXT('2D SPACE',''
  ) );
#11083 = PCURVE('',#11084,#11089);
#11084 = CYLINDRICAL_SURFACE('',#11085,4.1);
#11085 = AXIS2_PLACEMENT_3D('',#11086,#11087,#11088);
#11086 = CARTESIAN_POINT('',(52.7,-20.,29.));
#11087 = DIRECTION('',(-1.,-0.,-1.110223024625E-16));
#11088 = DIRECTION('',(1.110223024625E-16,0.,-1.));
#11089 = DEFINITIONAL_REPRESENTATION('',(#11090),#11094);
#11090 = LINE('',#11091,#11092);
#11091 = CARTESIAN_POINT('',(-6.28318530718,-0.8));
#11092 = VECTOR('',#11093,1.);
#11093 = DIRECTION('',(1.,-0.));
#11094 = ( GEOMETRIC_REPRESENTATION_CONTEXT(2) 
PARAMETRIC_REPRESENTATION_CONTEXT() REPRESENTATION_CONTEXT('2D SPACE',''
  ) );
#11095 = ADVANCED_FACE('',(#11096,#11099),#10772,.T.);
#11096 = FACE_BOUND('',#11097,.T.);
#11097 = EDGE_LOOP('',(#11098));
#11098 = ORIENTED_EDGE('',*,*,#10755,.T.);
#11099 = FACE_BOUND('',#11100,.T.);
#11100 = EDGE_LOOP('',(#11101));
#11101 = ORIENTED_EDGE('',*,*,#11102,.F.);
#11102 = EDGE_CURVE('',#11103,#11103,#11105,.T.);
#11103 = VERTEX_POINT('',#11104);
#11104 = CARTESIAN_POINT('',(-52.7,20.,31.9));
#11105 = SURFACE_CURVE('',#11106,(#11111,#11118),.PCURVE_S1.);
#11106 = CIRCLE('',#11107,2.9);
#11107 = AXIS2_PLACEMENT_3D('',#11108,#11109,#11110);
#11108 = CARTESIAN_POINT('',(-52.7,20.,29.));
#11109 = DIRECTION('',(-1.,0.,1.110223024625E-16));
#11110 = DIRECTION('',(1.110223024625E-16,0.,1.));
#11111 = PCURVE('',#10772,#11112);
#11112 = DEFINITIONAL_REPRESENTATION('',(#11113),#11117);
#11113 = CIRCLE('',#11114,2.9);
#11114 = AXIS2_PLACEMENT_2D('',#11115,#11116);
#11115 = CARTESIAN_POINT('',(0.,0.));
#11116 = DIRECTION('',(1.,0.));
#11117 = ( GEOMETRIC_REPRESENTATION_CONTEXT(2) 
PARAMETRIC_REPRESENTATION_CONTEXT() REPRESENTATION_CONTEXT('2D SPACE',''
  ) );
#11118 = PCURVE('',#11119,#11124);
#11119 = CYLINDRICAL_SURFACE('',#11120,2.9);
#11120 = AXIS2_PLACEMENT_3D('',#11121,#11122,#11123);
#11121 = CARTESIAN_POINT('',(-52.7,20.,29.));
#11122 = DIRECTION('',(1.,-0.,-1.110223024625E-16));
#11123 = DIRECTION('',(1.110223024625E-16,0.,1.));
#11124 = DEFINITIONAL_REPRESENTATION('',(#11125),#11129);
#11125 = LINE('',#11126,#11127);
#11126 = CARTESIAN_POINT('',(-0.,0.));
#11127 = VECTOR('',#11128,1.);
#11128 = DIRECTION('',(-1.,0.));
#11129 = ( GEOMETRIC_REPRESENTATION_CONTEXT(2) 
PARAMETRIC_REPRESENTATION_CONTEXT() REPRESENTATION_CONTEXT('2D SPACE',''
  ) );
#11130 = ADVANCED_FACE('',(#11131,#11134),#10827,.T.);
#11131 = FACE_BOUND('',#11132,.T.);
#11132 = EDGE_LOOP('',(#11133));
#11133 = ORIENTED_EDGE('',*,*,#10810,.T.);
#11134 = FACE_BOUND('',#11135,.T.);
#11135 = EDGE_LOOP('',(#11136));
#11136 = ORIENTED_EDGE('',*,*,#11137,.F.);
#11137 = EDGE_CURVE('',#11138,#11138,#11140,.T.);
#11138 = VERTEX_POINT('',#11139);
#11139 = CARTESIAN_POINT('',(-52.7,-20.,31.9));
#11140 = SURFACE_CURVE('',#11141,(#11146,#11153),.PCURVE_S1.);
#11141 = CIRCLE('',#11142,2.9);
#11142 = AXIS2_PLACEMENT_3D('',#11143,#11144,#11145);
#11143 = CARTESIAN_POINT('',(-52.7,-20.,29.));
#11144 = DIRECTION('',(-1.,0.,1.110223024625E-16));
#11145 = DIRECTION('',(1.110223024625E-16,0.,1.));
#11146 = PCURVE('',#10827,#11147);
#11147 = DEFINITIONAL_REPRESENTATION('',(#11148),#11152);
#11148 = CIRCLE('',#11149,2.9);
#11149 = AXIS2_PLACEMENT_2D('',#11150,#11151);
#11150 = CARTESIAN_POINT('',(0.,0.));
#11151 = DIRECTION('',(1.,0.));
#11152 = ( GEOMETRIC_REPRESENTATION_CONTEXT(2) 
PARAMETRIC_REPRESENTATION_CONTEXT() REPRESENTATION_CONTEXT('2D SPACE',''
  ) );
#11153 = PCURVE('',#11154,#11159);
#11154 = CYLINDRICAL_SURFACE('',#11155,2.9);
#11155 = AXIS2_PLACEMENT_3D('',#11156,#11157,#11158);
#11156 = CARTESIAN_POINT('',(-52.7,-20.,29.));
#11157 = DIRECTION('',(1.,-0.,-1.110223024625E-16));
#11158 = DIRECTION('',(1.110223024625E-16,0.,1.));
#11159 = DEFINITIONAL_REPRESENTATION('',(#11160),#11164);
#11160 = LINE('',#11161,#11162);
#11161 = CARTESIAN_POINT('',(-0.,0.));
#11162 = VECTOR('',#11163,1.);
#11163 = DIRECTION('',(-1.,0.));
#11164 = ( GEOMETRIC_REPRESENTATION_CONTEXT(2) 
PARAMETRIC_REPRESENTATION_CONTEXT() REPRESENTATION_CONTEXT('2D SPACE',''
  ) );
#11165 = ADVANCED_FACE('',(#11166),#10889,.F.);
#11166 = FACE_BOUND('',#11167,.T.);
#11167 = EDGE_LOOP('',(#11168,#11197,#11218,#11219));
#11168 = ORIENTED_EDGE('',*,*,#11169,.F.);
#11169 = EDGE_CURVE('',#11170,#11170,#11172,.T.);
#11170 = VERTEX_POINT('',#11171);
#11171 = CARTESIAN_POINT('',(-15.9,-52.7,29.));
#11172 = SURFACE_CURVE('',#11173,(#11178,#11185),.PCURVE_S1.);
#11173 = CIRCLE('',#11174,4.1);
#11174 = AXIS2_PLACEMENT_3D('',#11175,#11176,#11177);
#11175 = CARTESIAN_POINT('',(-20.,-52.7,29.));
#11176 = DIRECTION('',(0.,-1.,1.110223024625E-16));
#11177 = DIRECTION('',(1.,0.,0.));
#11178 = PCURVE('',#10889,#11179);
#11179 = DEFINITIONAL_REPRESENTATION('',(#11180),#11184);
#11180 = LINE('',#11181,#11182);
#11181 = CARTESIAN_POINT('',(-0.,0.));
#11182 = VECTOR('',#11183,1.);
#11183 = DIRECTION('',(-1.,0.));
#11184 = ( GEOMETRIC_REPRESENTATION_CONTEXT(2) 
PARAMETRIC_REPRESENTATION_CONTEXT() REPRESENTATION_CONTEXT('2D SPACE',''
  ) );
#11185 = PCURVE('',#11186,#11191);
#11186 = PLANE('',#11187);
#11187 = AXIS2_PLACEMENT_3D('',#11188,#11189,#11190);
#11188 = CARTESIAN_POINT('',(-20.,-52.7,29.));
#11189 = DIRECTION('',(0.,-1.,1.110223024625E-16));
#11190 = DIRECTION('',(1.,0.,0.));
#11191 = DEFINITIONAL_REPRESENTATION('',(#11192),#11196);
#11192 = CIRCLE('',#11193,4.1);
#11193 = AXIS2_PLACEMENT_2D('',#11194,#11195);
#11194 = CARTESIAN_POINT('',(0.,0.));
#11195 = DIRECTION('',(1.,0.));
#11196 = ( GEOMETRIC_REPRESENTATION_CONTEXT(2) 
PARAMETRIC_REPRESENTATION_CONTEXT() REPRESENTATION_CONTEXT('2D SPACE',''
  ) );
#11197 = ORIENTED_EDGE('',*,*,#11198,.T.);
#11198 = EDGE_CURVE('',#11170,#10869,#11199,.T.);
#11199 = SEAM_CURVE('',#11200,(#11204,#11211),.PCURVE_S1.);
#11200 = LINE('',#11201,#11202);
#11201 = CARTESIAN_POINT('',(-15.9,-52.7,29.));
#11202 = VECTOR('',#11203,1.);
#11203 = DIRECTION('',(0.,-1.,1.110223024625E-16));
#11204 = PCURVE('',#10889,#11205);
#11205 = DEFINITIONAL_REPRESENTATION('',(#11206),#11210);
#11206 = LINE('',#11207,#11208);
#11207 = CARTESIAN_POINT('',(-6.28318530718,0.));
#11208 = VECTOR('',#11209,1.);
#11209 = DIRECTION('',(-0.,-1.));
#11210 = ( GEOMETRIC_REPRESENTATION_CONTEXT(2) 
PARAMETRIC_REPRESENTATION_CONTEXT() REPRESENTATION_CONTEXT('2D SPACE',''
  ) );
#11211 = PCURVE('',#10889,#11212);
#11212 = DEFINITIONAL_REPRESENTATION('',(#11213),#11217);
#11213 = LINE('',#11214,#11215);
#11214 = CARTESIAN_POINT('',(-0.,0.));
#11215 = VECTOR('',#11216,1.);
#11216 = DIRECTION('',(-0.,-1.));
#11217 = ( GEOMETRIC_REPRESENTATION_CONTEXT(2) 
PARAMETRIC_REPRESENTATION_CONTEXT() REPRESENTATION_CONTEXT('2D SPACE',''
  ) );
#11218 = ORIENTED_EDGE('',*,*,#10868,.F.);
#11219 = ORIENTED_EDGE('',*,*,#11198,.F.);
#11220 = ADVANCED_FACE('',(#11221),#10928,.F.);
#11221 = FACE_BOUND('',#11222,.T.);
#11222 = EDGE_LOOP('',(#11223,#11252,#11273,#11274));
#11223 = ORIENTED_EDGE('',*,*,#11224,.F.);
#11224 = EDGE_CURVE('',#11225,#11225,#11227,.T.);
#11225 = VERTEX_POINT('',#11226);
#11226 = CARTESIAN_POINT('',(24.1,-52.7,29.));
#11227 = SURFACE_CURVE('',#11228,(#11233,#11240),.PCURVE_S1.);
#11228 = CIRCLE('',#11229,4.1);
#11229 = AXIS2_PLACEMENT_3D('',#11230,#11231,#11232);
#11230 = CARTESIAN_POINT('',(20.,-52.7,29.));
#11231 = DIRECTION('',(0.,-1.,1.110223024625E-16));
#11232 = DIRECTION('',(1.,0.,0.));
#11233 = PCURVE('',#10928,#11234);
#11234 = DEFINITIONAL_REPRESENTATION('',(#11235),#11239);
#11235 = LINE('',#11236,#11237);
#11236 = CARTESIAN_POINT('',(-0.,0.));
#11237 = VECTOR('',#11238,1.);
#11238 = DIRECTION('',(-1.,0.));
#11239 = ( GEOMETRIC_REPRESENTATION_CONTEXT(2) 
PARAMETRIC_REPRESENTATION_CONTEXT() REPRESENTATION_CONTEXT('2D SPACE',''
  ) );
#11240 = PCURVE('',#11241,#11246);
#11241 = PLANE('',#11242);
#11242 = AXIS2_PLACEMENT_3D('',#11243,#11244,#11245);
#11243 = CARTESIAN_POINT('',(20.,-52.7,29.));
#11244 = DIRECTION('',(0.,-1.,1.110223024625E-16));
#11245 = DIRECTION('',(1.,0.,0.));
#11246 = DEFINITIONAL_REPRESENTATION('',(#11247),#11251);
#11247 = CIRCLE('',#11248,4.1);
#11248 = AXIS2_PLACEMENT_2D('',#11249,#11250);
#11249 = CARTESIAN_POINT('',(0.,0.));
#11250 = DIRECTION('',(1.,0.));
#11251 = ( GEOMETRIC_REPRESENTATION_CONTEXT(2) 
PARAMETRIC_REPRESENTATION_CONTEXT() REPRESENTATION_CONTEXT('2D SPACE',''
  ) );
#11252 = ORIENTED_EDGE('',*,*,#11253,.T.);
#11253 = EDGE_CURVE('',#11225,#10908,#11254,.T.);
#11254 = SEAM_CURVE('',#11255,(#11259,#11266),.PCURVE_S1.);
#11255 = LINE('',#11256,#11257);
#11256 = CARTESIAN_POINT('',(24.1,-52.7,29.));
#11257 = VECTOR('',#11258,1.);
#11258 = DIRECTION('',(0.,-1.,1.110223024625E-16));
#11259 = PCURVE('',#10928,#11260);
#11260 = DEFINITIONAL_REPRESENTATION('',(#11261),#11265);
#11261 = LINE('',#11262,#11263);
#11262 = CARTESIAN_POINT('',(-6.28318530718,0.));
#11263 = VECTOR('',#11264,1.);
#11264 = DIRECTION('',(-0.,-1.));
#11265 = ( GEOMETRIC_REPRESENTATION_CONTEXT(2) 
PARAMETRIC_REPRESENTATION_CONTEXT() REPRESENTATION_CONTEXT('2D SPACE',''
  ) );
#11266 = PCURVE('',#10928,#11267);
#11267 = DEFINITIONAL_REPRESENTATION('',(#11268),#11272);
#11268 = LINE('',#11269,#11270);
#11269 = CARTESIAN_POINT('',(-0.,0.));
#11270 = VECTOR('',#11271,1.);
#11271 = DIRECTION('',(-0.,-1.));
#11272 = ( GEOMETRIC_REPRESENTATION_CONTEXT(2) 
PARAMETRIC_REPRESENTATION_CONTEXT() REPRESENTATION_CONTEXT('2D SPACE',''
  ) );
#11273 = ORIENTED_EDGE('',*,*,#10907,.F.);
#11274 = ORIENTED_EDGE('',*,*,#11253,.F.);
#11275 = ADVANCED_FACE('',(#11276),#10967,.F.);
#11276 = FACE_BOUND('',#11277,.T.);
#11277 = EDGE_LOOP('',(#11278,#11307,#11328,#11329));
#11278 = ORIENTED_EDGE('',*,*,#11279,.F.);
#11279 = EDGE_CURVE('',#11280,#11280,#11282,.T.);
#11280 = VERTEX_POINT('',#11281);
#11281 = CARTESIAN_POINT('',(-15.9,52.7,29.));
#11282 = SURFACE_CURVE('',#11283,(#11288,#11295),.PCURVE_S1.);
#11283 = CIRCLE('',#11284,4.1);
#11284 = AXIS2_PLACEMENT_3D('',#11285,#11286,#11287);
#11285 = CARTESIAN_POINT('',(-20.,52.7,29.));
#11286 = DIRECTION('',(-0.,1.,1.110223024625E-16));
#11287 = DIRECTION('',(1.,0.,0.));
#11288 = PCURVE('',#10967,#11289);
#11289 = DEFINITIONAL_REPRESENTATION('',(#11290),#11294);
#11290 = LINE('',#11291,#11292);
#11291 = CARTESIAN_POINT('',(-0.,0.));
#11292 = VECTOR('',#11293,1.);
#11293 = DIRECTION('',(-1.,0.));
#11294 = ( GEOMETRIC_REPRESENTATION_CONTEXT(2) 
PARAMETRIC_REPRESENTATION_CONTEXT() REPRESENTATION_CONTEXT('2D SPACE',''
  ) );
#11295 = PCURVE('',#11296,#11301);
#11296 = PLANE('',#11297);
#11297 = AXIS2_PLACEMENT_3D('',#11298,#11299,#11300);
#11298 = CARTESIAN_POINT('',(-20.,52.7,29.));
#11299 = DIRECTION('',(0.,1.,1.110223024625E-16));
#11300 = DIRECTION('',(1.,0.,0.));
#11301 = DEFINITIONAL_REPRESENTATION('',(#11302),#11306);
#11302 = CIRCLE('',#11303,4.1);
#11303 = AXIS2_PLACEMENT_2D('',#11304,#11305);
#11304 = CARTESIAN_POINT('',(0.,0.));
#11305 = DIRECTION('',(1.,0.));
#11306 = ( GEOMETRIC_REPRESENTATION_CONTEXT(2) 
PARAMETRIC_REPRESENTATION_CONTEXT() REPRESENTATION_CONTEXT('2D SPACE',''
  ) );
#11307 = ORIENTED_EDGE('',*,*,#11308,.T.);
#11308 = EDGE_CURVE('',#11280,#10947,#11309,.T.);
#11309 = SEAM_CURVE('',#11310,(#11314,#11321),.PCURVE_S1.);
#11310 = LINE('',#11311,#11312);
#11311 = CARTESIAN_POINT('',(-15.9,52.7,29.));
#11312 = VECTOR('',#11313,1.);
#11313 = DIRECTION('',(0.,1.,1.110223024625E-16));
#11314 = PCURVE('',#10967,#11315);
#11315 = DEFINITIONAL_REPRESENTATION('',(#11316),#11320);
#11316 = LINE('',#11317,#11318);
#11317 = CARTESIAN_POINT('',(-6.28318530718,0.));
#11318 = VECTOR('',#11319,1.);
#11319 = DIRECTION('',(-0.,-1.));
#11320 = ( GEOMETRIC_REPRESENTATION_CONTEXT(2) 
PARAMETRIC_REPRESENTATION_CONTEXT() REPRESENTATION_CONTEXT('2D SPACE',''
  ) );
#11321 = PCURVE('',#10967,#11322);
#11322 = DEFINITIONAL_REPRESENTATION('',(#11323),#11327);
#11323 = LINE('',#11324,#11325);
#11324 = CARTESIAN_POINT('',(-0.,0.));
#11325 = VECTOR('',#11326,1.);
#11326 = DIRECTION('',(-0.,-1.));
#11327 = ( GEOMETRIC_REPRESENTATION_CONTEXT(2) 
PARAMETRIC_REPRESENTATION_CONTEXT() REPRESENTATION_CONTEXT('2D SPACE',''
  ) );
#11328 = ORIENTED_EDGE('',*,*,#10946,.F.);
#11329 = ORIENTED_EDGE('',*,*,#11308,.F.);
#11330 = ADVANCED_FACE('',(#11331),#11006,.F.);
#11331 = FACE_BOUND('',#11332,.T.);
#11332 = EDGE_LOOP('',(#11333,#11362,#11383,#11384));
#11333 = ORIENTED_EDGE('',*,*,#11334,.F.);
#11334 = EDGE_CURVE('',#11335,#11335,#11337,.T.);
#11335 = VERTEX_POINT('',#11336);
#11336 = CARTESIAN_POINT('',(24.1,52.7,29.));
#11337 = SURFACE_CURVE('',#11338,(#11343,#11350),.PCURVE_S1.);
#11338 = CIRCLE('',#11339,4.1);
#11339 = AXIS2_PLACEMENT_3D('',#11340,#11341,#11342);
#11340 = CARTESIAN_POINT('',(20.,52.7,29.));
#11341 = DIRECTION('',(-0.,1.,1.110223024625E-16));
#11342 = DIRECTION('',(1.,0.,0.));
#11343 = PCURVE('',#11006,#11344);
#11344 = DEFINITIONAL_REPRESENTATION('',(#11345),#11349);
#11345 = LINE('',#11346,#11347);
#11346 = CARTESIAN_POINT('',(-0.,0.));
#11347 = VECTOR('',#11348,1.);
#11348 = DIRECTION('',(-1.,0.));
#11349 = ( GEOMETRIC_REPRESENTATION_CONTEXT(2) 
PARAMETRIC_REPRESENTATION_CONTEXT() REPRESENTATION_CONTEXT('2D SPACE',''
  ) );
#11350 = PCURVE('',#11351,#11356);
#11351 = PLANE('',#11352);
#11352 = AXIS2_PLACEMENT_3D('',#11353,#11354,#11355);
#11353 = CARTESIAN_POINT('',(20.,52.7,29.));
#11354 = DIRECTION('',(0.,1.,1.110223024625E-16));
#11355 = DIRECTION('',(1.,0.,0.));
#11356 = DEFINITIONAL_REPRESENTATION('',(#11357),#11361);
#11357 = CIRCLE('',#11358,4.1);
#11358 = AXIS2_PLACEMENT_2D('',#11359,#11360);
#11359 = CARTESIAN_POINT('',(0.,0.));
#11360 = DIRECTION('',(1.,0.));
#11361 = ( GEOMETRIC_REPRESENTATION_CONTEXT(2) 
PARAMETRIC_REPRESENTATION_CONTEXT() REPRESENTATION_CONTEXT('2D SPACE',''
  ) );
#11362 = ORIENTED_EDGE('',*,*,#11363,.T.);
#11363 = EDGE_CURVE('',#11335,#10986,#11364,.T.);
#11364 = SEAM_CURVE('',#11365,(#11369,#11376),.PCURVE_S1.);
#11365 = LINE('',#11366,#11367);
#11366 = CARTESIAN_POINT('',(24.1,52.7,29.));
#11367 = VECTOR('',#11368,1.);
#11368 = DIRECTION('',(0.,1.,1.110223024625E-16));
#11369 = PCURVE('',#11006,#11370);
#11370 = DEFINITIONAL_REPRESENTATION('',(#11371),#11375);
#11371 = LINE('',#11372,#11373);
#11372 = CARTESIAN_POINT('',(-6.28318530718,0.));
#11373 = VECTOR('',#11374,1.);
#11374 = DIRECTION('',(-0.,-1.));
#11375 = ( GEOMETRIC_REPRESENTATION_CONTEXT(2) 
PARAMETRIC_REPRESENTATION_CONTEXT() REPRESENTATION_CONTEXT('2D SPACE',''
  ) );
#11376 = PCURVE('',#11006,#11377);
#11377 = DEFINITIONAL_REPRESENTATION('',(#11378),#11382);
#11378 = LINE('',#11379,#11380);
#11379 = CARTESIAN_POINT('',(-0.,0.));
#11380 = VECTOR('',#11381,1.);
#11381 = DIRECTION('',(-0.,-1.));
#11382 = ( GEOMETRIC_REPRESENTATION_CONTEXT(2) 
PARAMETRIC_REPRESENTATION_CONTEXT() REPRESENTATION_CONTEXT('2D SPACE',''
  ) );
#11383 = ORIENTED_EDGE('',*,*,#10985,.F.);
#11384 = ORIENTED_EDGE('',*,*,#11363,.F.);
#11385 = ADVANCED_FACE('',(#11386),#11045,.F.);
#11386 = FACE_BOUND('',#11387,.T.);
#11387 = EDGE_LOOP('',(#11388,#11417,#11438,#11439));
#11388 = ORIENTED_EDGE('',*,*,#11389,.F.);
#11389 = EDGE_CURVE('',#11390,#11390,#11392,.T.);
#11390 = VERTEX_POINT('',#11391);
#11391 = CARTESIAN_POINT('',(52.7,20.,24.9));
#11392 = SURFACE_CURVE('',#11393,(#11398,#11405),.PCURVE_S1.);
#11393 = CIRCLE('',#11394,4.1);
#11394 = AXIS2_PLACEMENT_3D('',#11395,#11396,#11397);
#11395 = CARTESIAN_POINT('',(52.7,20.,29.));
#11396 = DIRECTION('',(1.,-0.,1.110223024625E-16));
#11397 = DIRECTION('',(1.110223024625E-16,0.,-1.));
#11398 = PCURVE('',#11045,#11399);
#11399 = DEFINITIONAL_REPRESENTATION('',(#11400),#11404);
#11400 = LINE('',#11401,#11402);
#11401 = CARTESIAN_POINT('',(-0.,0.));
#11402 = VECTOR('',#11403,1.);
#11403 = DIRECTION('',(-1.,0.));
#11404 = ( GEOMETRIC_REPRESENTATION_CONTEXT(2) 
PARAMETRIC_REPRESENTATION_CONTEXT() REPRESENTATION_CONTEXT('2D SPACE',''
  ) );
#11405 = PCURVE('',#11406,#11411);
#11406 = PLANE('',#11407);
#11407 = AXIS2_PLACEMENT_3D('',#11408,#11409,#11410);
#11408 = CARTESIAN_POINT('',(52.7,20.,29.));
#11409 = DIRECTION('',(1.,0.,1.110223024625E-16));
#11410 = DIRECTION('',(1.110223024625E-16,0.,-1.));
#11411 = DEFINITIONAL_REPRESENTATION('',(#11412),#11416);
#11412 = CIRCLE('',#11413,4.1);
#11413 = AXIS2_PLACEMENT_2D('',#11414,#11415);
#11414 = CARTESIAN_POINT('',(0.,0.));
#11415 = DIRECTION('',(1.,0.));
#11416 = ( GEOMETRIC_REPRESENTATION_CONTEXT(2) 
PARAMETRIC_REPRESENTATION_CONTEXT() REPRESENTATION_CONTEXT('2D SPACE',''
  ) );
#11417 = ORIENTED_EDGE('',*,*,#11418,.T.);
#11418 = EDGE_CURVE('',#11390,#11025,#11419,.T.);
#11419 = SEAM_CURVE('',#11420,(#11424,#11431),.PCURVE_S1.);
#11420 = LINE('',#11421,#11422);
#11421 = CARTESIAN_POINT('',(52.7,20.,24.9));
#11422 = VECTOR('',#11423,1.);
#11423 = DIRECTION('',(1.,0.,1.110223024625E-16));
#11424 = PCURVE('',#11045,#11425);
#11425 = DEFINITIONAL_REPRESENTATION('',(#11426),#11430);
#11426 = LINE('',#11427,#11428);
#11427 = CARTESIAN_POINT('',(-6.28318530718,0.));
#11428 = VECTOR('',#11429,1.);
#11429 = DIRECTION('',(-0.,-1.));
#11430 = ( GEOMETRIC_REPRESENTATION_CONTEXT(2) 
PARAMETRIC_REPRESENTATION_CONTEXT() REPRESENTATION_CONTEXT('2D SPACE',''
  ) );
#11431 = PCURVE('',#11045,#11432);
#11432 = DEFINITIONAL_REPRESENTATION('',(#11433),#11437);
#11433 = LINE('',#11434,#11435);
#11434 = CARTESIAN_POINT('',(-0.,0.));
#11435 = VECTOR('',#11436,1.);
#11436 = DIRECTION('',(-0.,-1.));
#11437 = ( GEOMETRIC_REPRESENTATION_CONTEXT(2) 
PARAMETRIC_REPRESENTATION_CONTEXT() REPRESENTATION_CONTEXT('2D SPACE',''
  ) );
#11438 = ORIENTED_EDGE('',*,*,#11024,.F.);
#11439 = ORIENTED_EDGE('',*,*,#11418,.F.);
#11440 = ADVANCED_FACE('',(#11441),#11084,.F.);
#11441 = FACE_BOUND('',#11442,.T.);
#11442 = EDGE_LOOP('',(#11443,#11472,#11493,#11494));
#11443 = ORIENTED_EDGE('',*,*,#11444,.F.);
#11444 = EDGE_CURVE('',#11445,#11445,#11447,.T.);
#11445 = VERTEX_POINT('',#11446);
#11446 = CARTESIAN_POINT('',(52.7,-20.,24.9));
#11447 = SURFACE_CURVE('',#11448,(#11453,#11460),.PCURVE_S1.);
#11448 = CIRCLE('',#11449,4.1);
#11449 = AXIS2_PLACEMENT_3D('',#11450,#11451,#11452);
#11450 = CARTESIAN_POINT('',(52.7,-20.,29.));
#11451 = DIRECTION('',(1.,-0.,1.110223024625E-16));
#11452 = DIRECTION('',(1.110223024625E-16,0.,-1.));
#11453 = PCURVE('',#11084,#11454);
#11454 = DEFINITIONAL_REPRESENTATION('',(#11455),#11459);
#11455 = LINE('',#11456,#11457);
#11456 = CARTESIAN_POINT('',(-0.,0.));
#11457 = VECTOR('',#11458,1.);
#11458 = DIRECTION('',(-1.,0.));
#11459 = ( GEOMETRIC_REPRESENTATION_CONTEXT(2) 
PARAMETRIC_REPRESENTATION_CONTEXT() REPRESENTATION_CONTEXT('2D SPACE',''
  ) );
#11460 = PCURVE('',#11461,#11466);
#11461 = PLANE('',#11462);
#11462 = AXIS2_PLACEMENT_3D('',#11463,#11464,#11465);
#11463 = CARTESIAN_POINT('',(52.7,-20.,29.));
#11464 = DIRECTION('',(1.,0.,1.110223024625E-16));
#11465 = DIRECTION('',(1.110223024625E-16,0.,-1.));
#11466 = DEFINITIONAL_REPRESENTATION('',(#11467),#11471);
#11467 = CIRCLE('',#11468,4.1);
#11468 = AXIS2_PLACEMENT_2D('',#11469,#11470);
#11469 = CARTESIAN_POINT('',(0.,0.));
#11470 = DIRECTION('',(1.,0.));
#11471 = ( GEOMETRIC_REPRESENTATION_CONTEXT(2) 
PARAMETRIC_REPRESENTATION_CONTEXT() REPRESENTATION_CONTEXT('2D SPACE',''
  ) );
#11472 = ORIENTED_EDGE('',*,*,#11473,.T.);
#11473 = EDGE_CURVE('',#11445,#11064,#11474,.T.);
#11474 = SEAM_CURVE('',#11475,(#11479,#11486),.PCURVE_S1.);
#11475 = LINE('',#11476,#11477);
#11476 = CARTESIAN_POINT('',(52.7,-20.,24.9));
#11477 = VECTOR('',#11478,1.);
#11478 = DIRECTION('',(1.,0.,1.110223024625E-16));
#11479 = PCURVE('',#11084,#11480);
#11480 = DEFINITIONAL_REPRESENTATION('',(#11481),#11485);
#11481 = LINE('',#11482,#11483);
#11482 = CARTESIAN_POINT('',(-6.28318530718,0.));
#11483 = VECTOR('',#11484,1.);
#11484 = DIRECTION('',(-0.,-1.));
#11485 = ( GEOMETRIC_REPRESENTATION_CONTEXT(2) 
PARAMETRIC_REPRESENTATION_CONTEXT() REPRESENTATION_CONTEXT('2D SPACE',''
  ) );
#11486 = PCURVE('',#11084,#11487);
#11487 = DEFINITIONAL_REPRESENTATION('',(#11488),#11492);
#11488 = LINE('',#11489,#11490);
#11489 = CARTESIAN_POINT('',(-0.,0.));
#11490 = VECTOR('',#11491,1.);
#11491 = DIRECTION('',(-0.,-1.));
#11492 = ( GEOMETRIC_REPRESENTATION_CONTEXT(2) 
PARAMETRIC_REPRESENTATION_CONTEXT() REPRESENTATION_CONTEXT('2D SPACE',''
  ) );
#11493 = ORIENTED_EDGE('',*,*,#11063,.F.);
#11494 = ORIENTED_EDGE('',*,*,#11473,.F.);
#11495 = ADVANCED_FACE('',(#11496),#11119,.T.);
#11496 = FACE_BOUND('',#11497,.F.);
#11497 = EDGE_LOOP('',(#11498,#11521,#11522,#11523));
#11498 = ORIENTED_EDGE('',*,*,#11499,.F.);
#11499 = EDGE_CURVE('',#11103,#11500,#11502,.T.);
#11500 = VERTEX_POINT('',#11501);
#11501 = CARTESIAN_POINT('',(-53.5,20.,31.9));
#11502 = SEAM_CURVE('',#11503,(#11507,#11514),.PCURVE_S1.);
#11503 = LINE('',#11504,#11505);
#11504 = CARTESIAN_POINT('',(-52.7,20.,31.9));
#11505 = VECTOR('',#11506,1.);
#11506 = DIRECTION('',(-1.,0.,1.110223024625E-16));
#11507 = PCURVE('',#11119,#11508);
#11508 = DEFINITIONAL_REPRESENTATION('',(#11509),#11513);
#11509 = LINE('',#11510,#11511);
#11510 = CARTESIAN_POINT('',(-6.28318530718,0.));
#11511 = VECTOR('',#11512,1.);
#11512 = DIRECTION('',(-0.,-1.));
#11513 = ( GEOMETRIC_REPRESENTATION_CONTEXT(2) 
PARAMETRIC_REPRESENTATION_CONTEXT() REPRESENTATION_CONTEXT('2D SPACE',''
  ) );
#11514 = PCURVE('',#11119,#11515);
#11515 = DEFINITIONAL_REPRESENTATION('',(#11516),#11520);
#11516 = LINE('',#11517,#11518);
#11517 = CARTESIAN_POINT('',(-0.,0.));
#11518 = VECTOR('',#11519,1.);
#11519 = DIRECTION('',(-0.,-1.));
#11520 = ( GEOMETRIC_REPRESENTATION_CONTEXT(2) 
PARAMETRIC_REPRESENTATION_CONTEXT() REPRESENTATION_CONTEXT('2D SPACE',''
  ) );
#11521 = ORIENTED_EDGE('',*,*,#11102,.F.);
#11522 = ORIENTED_EDGE('',*,*,#11499,.T.);
#11523 = ORIENTED_EDGE('',*,*,#11524,.F.);
#11524 = EDGE_CURVE('',#11500,#11500,#11525,.T.);
#11525 = SURFACE_CURVE('',#11526,(#11531,#11538),.PCURVE_S1.);
#11526 = CIRCLE('',#11527,2.9);
#11527 = AXIS2_PLACEMENT_3D('',#11528,#11529,#11530);
#11528 = CARTESIAN_POINT('',(-53.5,20.,29.));
#11529 = DIRECTION('',(1.,0.,-1.110223024625E-16));
#11530 = DIRECTION('',(1.110223024625E-16,0.,1.));
#11531 = PCURVE('',#11119,#11532);
#11532 = DEFINITIONAL_REPRESENTATION('',(#11533),#11537);
#11533 = LINE('',#11534,#11535);
#11534 = CARTESIAN_POINT('',(-6.28318530718,-0.8));
#11535 = VECTOR('',#11536,1.);
#11536 = DIRECTION('',(1.,-0.));
#11537 = ( GEOMETRIC_REPRESENTATION_CONTEXT(2) 
PARAMETRIC_REPRESENTATION_CONTEXT() REPRESENTATION_CONTEXT('2D SPACE',''
  ) );
#11538 = PCURVE('',#11539,#11544);
#11539 = PLANE('',#11540);
#11540 = AXIS2_PLACEMENT_3D('',#11541,#11542,#11543);
#11541 = CARTESIAN_POINT('',(-53.5,20.,29.));
#11542 = DIRECTION('',(-1.,0.,1.110223024625E-16));
#11543 = DIRECTION('',(1.110223024625E-16,0.,1.));
#11544 = DEFINITIONAL_REPRESENTATION('',(#11545),#11553);
#11545 = ( BOUNDED_CURVE() B_SPLINE_CURVE(2,(#11546,#11547,#11548,#11549
    ,#11550,#11551,#11552),.UNSPECIFIED.,.T.,.F.) 
B_SPLINE_CURVE_WITH_KNOTS((1,2,2,2,2,1),(-2.094395102393,0.,
    2.094395102393,4.188790204786,6.28318530718,8.377580409573),
.UNSPECIFIED.) CURVE() GEOMETRIC_REPRESENTATION_ITEM() 
RATIONAL_B_SPLINE_CURVE((1.,0.5,1.,0.5,1.,0.5,1.)) REPRESENTATION_ITEM(
  '') );
#11546 = CARTESIAN_POINT('',(2.9,0.));
#11547 = CARTESIAN_POINT('',(2.9,-5.02294734195));
#11548 = CARTESIAN_POINT('',(-1.45,-2.511473670975));
#11549 = CARTESIAN_POINT('',(-5.8,-7.102951435055E-16));
#11550 = CARTESIAN_POINT('',(-1.45,2.511473670975));
#11551 = CARTESIAN_POINT('',(2.9,5.02294734195));
#11552 = CARTESIAN_POINT('',(2.9,0.));
#11553 = ( GEOMETRIC_REPRESENTATION_CONTEXT(2) 
PARAMETRIC_REPRESENTATION_CONTEXT() REPRESENTATION_CONTEXT('2D SPACE',''
  ) );
#11554 = ADVANCED_FACE('',(#11555),#11154,.T.);
#11555 = FACE_BOUND('',#11556,.F.);
#11556 = EDGE_LOOP('',(#11557,#11580,#11581,#11582));
#11557 = ORIENTED_EDGE('',*,*,#11558,.F.);
#11558 = EDGE_CURVE('',#11138,#11559,#11561,.T.);
#11559 = VERTEX_POINT('',#11560);
#11560 = CARTESIAN_POINT('',(-53.5,-20.,31.9));
#11561 = SEAM_CURVE('',#11562,(#11566,#11573),.PCURVE_S1.);
#11562 = LINE('',#11563,#11564);
#11563 = CARTESIAN_POINT('',(-52.7,-20.,31.9));
#11564 = VECTOR('',#11565,1.);
#11565 = DIRECTION('',(-1.,0.,1.110223024625E-16));
#11566 = PCURVE('',#11154,#11567);
#11567 = DEFINITIONAL_REPRESENTATION('',(#11568),#11572);
#11568 = LINE('',#11569,#11570);
#11569 = CARTESIAN_POINT('',(-6.28318530718,0.));
#11570 = VECTOR('',#11571,1.);
#11571 = DIRECTION('',(-0.,-1.));
#11572 = ( GEOMETRIC_REPRESENTATION_CONTEXT(2) 
PARAMETRIC_REPRESENTATION_CONTEXT() REPRESENTATION_CONTEXT('2D SPACE',''
  ) );
#11573 = PCURVE('',#11154,#11574);
#11574 = DEFINITIONAL_REPRESENTATION('',(#11575),#11579);
#11575 = LINE('',#11576,#11577);
#11576 = CARTESIAN_POINT('',(-0.,0.));
#11577 = VECTOR('',#11578,1.);
#11578 = DIRECTION('',(-0.,-1.));
#11579 = ( GEOMETRIC_REPRESENTATION_CONTEXT(2) 
PARAMETRIC_REPRESENTATION_CONTEXT() REPRESENTATION_CONTEXT('2D SPACE',''
  ) );
#11580 = ORIENTED_EDGE('',*,*,#11137,.F.);
#11581 = ORIENTED_EDGE('',*,*,#11558,.T.);
#11582 = ORIENTED_EDGE('',*,*,#11583,.F.);
#11583 = EDGE_CURVE('',#11559,#11559,#11584,.T.);
#11584 = SURFACE_CURVE('',#11585,(#11590,#11597),.PCURVE_S1.);
#11585 = CIRCLE('',#11586,2.9);
#11586 = AXIS2_PLACEMENT_3D('',#11587,#11588,#11589);
#11587 = CARTESIAN_POINT('',(-53.5,-20.,29.));
#11588 = DIRECTION('',(1.,0.,-1.110223024625E-16));
#11589 = DIRECTION('',(1.110223024625E-16,0.,1.));
#11590 = PCURVE('',#11154,#11591);
#11591 = DEFINITIONAL_REPRESENTATION('',(#11592),#11596);
#11592 = LINE('',#11593,#11594);
#11593 = CARTESIAN_POINT('',(-6.28318530718,-0.8));
#11594 = VECTOR('',#11595,1.);
#11595 = DIRECTION('',(1.,-0.));
#11596 = ( GEOMETRIC_REPRESENTATION_CONTEXT(2) 
PARAMETRIC_REPRESENTATION_CONTEXT() REPRESENTATION_CONTEXT('2D SPACE',''
  ) );
#11597 = PCURVE('',#11598,#11603);
#11598 = PLANE('',#11599);
#11599 = AXIS2_PLACEMENT_3D('',#11600,#11601,#11602);
#11600 = CARTESIAN_POINT('',(-53.5,-20.,29.));
#11601 = DIRECTION('',(-1.,0.,1.110223024625E-16));
#11602 = DIRECTION('',(1.110223024625E-16,0.,1.));
#11603 = DEFINITIONAL_REPRESENTATION('',(#11604),#11612);
#11604 = ( BOUNDED_CURVE() B_SPLINE_CURVE(2,(#11605,#11606,#11607,#11608
    ,#11609,#11610,#11611),.UNSPECIFIED.,.T.,.F.) 
B_SPLINE_CURVE_WITH_KNOTS((1,2,2,2,2,1),(-2.094395102393,0.,
    2.094395102393,4.188790204786,6.28318530718,8.377580409573),
.UNSPECIFIED.) CURVE() GEOMETRIC_REPRESENTATION_ITEM() 
RATIONAL_B_SPLINE_CURVE((1.,0.5,1.,0.5,1.,0.5,1.)) REPRESENTATION_ITEM(
  '') );
#11605 = CARTESIAN_POINT('',(2.9,0.));
#11606 = CARTESIAN_POINT('',(2.9,-5.02294734195));
#11607 = CARTESIAN_POINT('',(-1.45,-2.511473670975));
#11608 = CARTESIAN_POINT('',(-5.8,-7.102951435055E-16));
#11609 = CARTESIAN_POINT('',(-1.45,2.511473670975));
#11610 = CARTESIAN_POINT('',(2.9,5.02294734195));
#11611 = CARTESIAN_POINT('',(2.9,0.));
#11612 = ( GEOMETRIC_REPRESENTATION_CONTEXT(2) 
PARAMETRIC_REPRESENTATION_CONTEXT() REPRESENTATION_CONTEXT('2D SPACE',''
  ) );
#11613 = ADVANCED_FACE('',(#11614,#11617),#11186,.T.);
#11614 = FACE_BOUND('',#11615,.T.);
#11615 = EDGE_LOOP('',(#11616));
#11616 = ORIENTED_EDGE('',*,*,#11169,.T.);
#11617 = FACE_BOUND('',#11618,.T.);
#11618 = EDGE_LOOP('',(#11619));
#11619 = ORIENTED_EDGE('',*,*,#11620,.F.);
#11620 = EDGE_CURVE('',#11621,#11621,#11623,.T.);
#11621 = VERTEX_POINT('',#11622);
#11622 = CARTESIAN_POINT('',(-17.1,-52.7,29.));
#11623 = SURFACE_CURVE('',#11624,(#11629,#11636),.PCURVE_S1.);
#11624 = CIRCLE('',#11625,2.9);
#11625 = AXIS2_PLACEMENT_3D('',#11626,#11627,#11628);
#11626 = CARTESIAN_POINT('',(-20.,-52.7,29.));
#11627 = DIRECTION('',(0.,-1.,1.110223024625E-16));
#11628 = DIRECTION('',(1.,0.,0.));
#11629 = PCURVE('',#11186,#11630);
#11630 = DEFINITIONAL_REPRESENTATION('',(#11631),#11635);
#11631 = CIRCLE('',#11632,2.9);
#11632 = AXIS2_PLACEMENT_2D('',#11633,#11634);
#11633 = CARTESIAN_POINT('',(0.,0.));
#11634 = DIRECTION('',(1.,0.));
#11635 = ( GEOMETRIC_REPRESENTATION_CONTEXT(2) 
PARAMETRIC_REPRESENTATION_CONTEXT() REPRESENTATION_CONTEXT('2D SPACE',''
  ) );
#11636 = PCURVE('',#11637,#11642);
#11637 = CYLINDRICAL_SURFACE('',#11638,2.9);
#11638 = AXIS2_PLACEMENT_3D('',#11639,#11640,#11641);
#11639 = CARTESIAN_POINT('',(-20.,-52.7,29.));
#11640 = DIRECTION('',(-0.,1.,-1.110223024625E-16));
#11641 = DIRECTION('',(1.,0.,0.));
#11642 = DEFINITIONAL_REPRESENTATION('',(#11643),#11647);
#11643 = LINE('',#11644,#11645);
#11644 = CARTESIAN_POINT('',(-0.,0.));
#11645 = VECTOR('',#11646,1.);
#11646 = DIRECTION('',(-1.,0.));
#11647 = ( GEOMETRIC_REPRESENTATION_CONTEXT(2) 
PARAMETRIC_REPRESENTATION_CONTEXT() REPRESENTATION_CONTEXT('2D SPACE',''
  ) );
#11648 = ADVANCED_FACE('',(#11649,#11652),#11241,.T.);
#11649 = FACE_BOUND('',#11650,.T.);
#11650 = EDGE_LOOP('',(#11651));
#11651 = ORIENTED_EDGE('',*,*,#11224,.T.);
#11652 = FACE_BOUND('',#11653,.T.);
#11653 = EDGE_LOOP('',(#11654));
#11654 = ORIENTED_EDGE('',*,*,#11655,.F.);
#11655 = EDGE_CURVE('',#11656,#11656,#11658,.T.);
#11656 = VERTEX_POINT('',#11657);
#11657 = CARTESIAN_POINT('',(22.9,-52.7,29.));
#11658 = SURFACE_CURVE('',#11659,(#11664,#11671),.PCURVE_S1.);
#11659 = CIRCLE('',#11660,2.9);
#11660 = AXIS2_PLACEMENT_3D('',#11661,#11662,#11663);
#11661 = CARTESIAN_POINT('',(20.,-52.7,29.));
#11662 = DIRECTION('',(0.,-1.,1.110223024625E-16));
#11663 = DIRECTION('',(1.,0.,0.));
#11664 = PCURVE('',#11241,#11665);
#11665 = DEFINITIONAL_REPRESENTATION('',(#11666),#11670);
#11666 = CIRCLE('',#11667,2.9);
#11667 = AXIS2_PLACEMENT_2D('',#11668,#11669);
#11668 = CARTESIAN_POINT('',(0.,0.));
#11669 = DIRECTION('',(1.,0.));
#11670 = ( GEOMETRIC_REPRESENTATION_CONTEXT(2) 
PARAMETRIC_REPRESENTATION_CONTEXT() REPRESENTATION_CONTEXT('2D SPACE',''
  ) );
#11671 = PCURVE('',#11672,#11677);
#11672 = CYLINDRICAL_SURFACE('',#11673,2.9);
#11673 = AXIS2_PLACEMENT_3D('',#11674,#11675,#11676);
#11674 = CARTESIAN_POINT('',(20.,-52.7,29.));
#11675 = DIRECTION('',(-0.,1.,-1.110223024625E-16));
#11676 = DIRECTION('',(1.,0.,0.));
#11677 = DEFINITIONAL_REPRESENTATION('',(#11678),#11682);
#11678 = LINE('',#11679,#11680);
#11679 = CARTESIAN_POINT('',(-0.,0.));
#11680 = VECTOR('',#11681,1.);
#11681 = DIRECTION('',(-1.,0.));
#11682 = ( GEOMETRIC_REPRESENTATION_CONTEXT(2) 
PARAMETRIC_REPRESENTATION_CONTEXT() REPRESENTATION_CONTEXT('2D SPACE',''
  ) );
#11683 = ADVANCED_FACE('',(#11684,#11687),#11296,.T.);
#11684 = FACE_BOUND('',#11685,.T.);
#11685 = EDGE_LOOP('',(#11686));
#11686 = ORIENTED_EDGE('',*,*,#11279,.T.);
#11687 = FACE_BOUND('',#11688,.T.);
#11688 = EDGE_LOOP('',(#11689));
#11689 = ORIENTED_EDGE('',*,*,#11690,.F.);
#11690 = EDGE_CURVE('',#11691,#11691,#11693,.T.);
#11691 = VERTEX_POINT('',#11692);
#11692 = CARTESIAN_POINT('',(-17.1,52.7,29.));
#11693 = SURFACE_CURVE('',#11694,(#11699,#11706),.PCURVE_S1.);
#11694 = CIRCLE('',#11695,2.9);
#11695 = AXIS2_PLACEMENT_3D('',#11696,#11697,#11698);
#11696 = CARTESIAN_POINT('',(-20.,52.7,29.));
#11697 = DIRECTION('',(-0.,1.,1.110223024625E-16));
#11698 = DIRECTION('',(1.,0.,0.));
#11699 = PCURVE('',#11296,#11700);
#11700 = DEFINITIONAL_REPRESENTATION('',(#11701),#11705);
#11701 = CIRCLE('',#11702,2.9);
#11702 = AXIS2_PLACEMENT_2D('',#11703,#11704);
#11703 = CARTESIAN_POINT('',(0.,0.));
#11704 = DIRECTION('',(1.,0.));
#11705 = ( GEOMETRIC_REPRESENTATION_CONTEXT(2) 
PARAMETRIC_REPRESENTATION_CONTEXT() REPRESENTATION_CONTEXT('2D SPACE',''
  ) );
#11706 = PCURVE('',#11707,#11712);
#11707 = CYLINDRICAL_SURFACE('',#11708,2.9);
#11708 = AXIS2_PLACEMENT_3D('',#11709,#11710,#11711);
#11709 = CARTESIAN_POINT('',(-20.,52.7,29.));
#11710 = DIRECTION('',(-0.,-1.,-1.110223024625E-16));
#11711 = DIRECTION('',(1.,0.,0.));
#11712 = DEFINITIONAL_REPRESENTATION('',(#11713),#11717);
#11713 = LINE('',#11714,#11715);
#11714 = CARTESIAN_POINT('',(-0.,0.));
#11715 = VECTOR('',#11716,1.);
#11716 = DIRECTION('',(-1.,0.));
#11717 = ( GEOMETRIC_REPRESENTATION_CONTEXT(2) 
PARAMETRIC_REPRESENTATION_CONTEXT() REPRESENTATION_CONTEXT('2D SPACE',''
  ) );
#11718 = ADVANCED_FACE('',(#11719,#11722),#11351,.T.);
#11719 = FACE_BOUND('',#11720,.T.);
#11720 = EDGE_LOOP('',(#11721));
#11721 = ORIENTED_EDGE('',*,*,#11334,.T.);
#11722 = FACE_BOUND('',#11723,.T.);
#11723 = EDGE_LOOP('',(#11724));
#11724 = ORIENTED_EDGE('',*,*,#11725,.F.);
#11725 = EDGE_CURVE('',#11726,#11726,#11728,.T.);
#11726 = VERTEX_POINT('',#11727);
#11727 = CARTESIAN_POINT('',(22.9,52.7,29.));
#11728 = SURFACE_CURVE('',#11729,(#11734,#11741),.PCURVE_S1.);
#11729 = CIRCLE('',#11730,2.9);
#11730 = AXIS2_PLACEMENT_3D('',#11731,#11732,#11733);
#11731 = CARTESIAN_POINT('',(20.,52.7,29.));
#11732 = DIRECTION('',(-0.,1.,1.110223024625E-16));
#11733 = DIRECTION('',(1.,0.,0.));
#11734 = PCURVE('',#11351,#11735);
#11735 = DEFINITIONAL_REPRESENTATION('',(#11736),#11740);
#11736 = CIRCLE('',#11737,2.9);
#11737 = AXIS2_PLACEMENT_2D('',#11738,#11739);
#11738 = CARTESIAN_POINT('',(0.,0.));
#11739 = DIRECTION('',(1.,0.));
#11740 = ( GEOMETRIC_REPRESENTATION_CONTEXT(2) 
PARAMETRIC_REPRESENTATION_CONTEXT() REPRESENTATION_CONTEXT('2D SPACE',''
  ) );
#11741 = PCURVE('',#11742,#11747);
#11742 = CYLINDRICAL_SURFACE('',#11743,2.9);
#11743 = AXIS2_PLACEMENT_3D('',#11744,#11745,#11746);
#11744 = CARTESIAN_POINT('',(20.,52.7,29.));
#11745 = DIRECTION('',(-0.,-1.,-1.110223024625E-16));
#11746 = DIRECTION('',(1.,0.,0.));
#11747 = DEFINITIONAL_REPRESENTATION('',(#11748),#11752);
#11748 = LINE('',#11749,#11750);
#11749 = CARTESIAN_POINT('',(-0.,0.));
#11750 = VECTOR('',#11751,1.);
#11751 = DIRECTION('',(-1.,0.));
#11752 = ( GEOMETRIC_REPRESENTATION_CONTEXT(2) 
PARAMETRIC_REPRESENTATION_CONTEXT() REPRESENTATION_CONTEXT('2D SPACE',''
  ) );
#11753 = ADVANCED_FACE('',(#11754,#11757),#11406,.T.);
#11754 = FACE_BOUND('',#11755,.T.);
#11755 = EDGE_LOOP('',(#11756));
#11756 = ORIENTED_EDGE('',*,*,#11389,.T.);
#11757 = FACE_BOUND('',#11758,.T.);
#11758 = EDGE_LOOP('',(#11759));
#11759 = ORIENTED_EDGE('',*,*,#11760,.F.);
#11760 = EDGE_CURVE('',#11761,#11761,#11763,.T.);
#11761 = VERTEX_POINT('',#11762);
#11762 = CARTESIAN_POINT('',(52.7,20.,26.1));
#11763 = SURFACE_CURVE('',#11764,(#11769,#11776),.PCURVE_S1.);
#11764 = CIRCLE('',#11765,2.9);
#11765 = AXIS2_PLACEMENT_3D('',#11766,#11767,#11768);
#11766 = CARTESIAN_POINT('',(52.7,20.,29.));
#11767 = DIRECTION('',(1.,-0.,1.110223024625E-16));
#11768 = DIRECTION('',(1.110223024625E-16,0.,-1.));
#11769 = PCURVE('',#11406,#11770);
#11770 = DEFINITIONAL_REPRESENTATION('',(#11771),#11775);
#11771 = CIRCLE('',#11772,2.9);
#11772 = AXIS2_PLACEMENT_2D('',#11773,#11774);
#11773 = CARTESIAN_POINT('',(0.,0.));
#11774 = DIRECTION('',(1.,0.));
#11775 = ( GEOMETRIC_REPRESENTATION_CONTEXT(2) 
PARAMETRIC_REPRESENTATION_CONTEXT() REPRESENTATION_CONTEXT('2D SPACE',''
  ) );
#11776 = PCURVE('',#11777,#11782);
#11777 = CYLINDRICAL_SURFACE('',#11778,2.9);
#11778 = AXIS2_PLACEMENT_3D('',#11779,#11780,#11781);
#11779 = CARTESIAN_POINT('',(52.7,20.,29.));
#11780 = DIRECTION('',(-1.,-0.,-1.110223024625E-16));
#11781 = DIRECTION('',(1.110223024625E-16,0.,-1.));
#11782 = DEFINITIONAL_REPRESENTATION('',(#11783),#11787);
#11783 = LINE('',#11784,#11785);
#11784 = CARTESIAN_POINT('',(-0.,0.));
#11785 = VECTOR('',#11786,1.);
#11786 = DIRECTION('',(-1.,0.));
#11787 = ( GEOMETRIC_REPRESENTATION_CONTEXT(2) 
PARAMETRIC_REPRESENTATION_CONTEXT() REPRESENTATION_CONTEXT('2D SPACE',''
  ) );
#11788 = ADVANCED_FACE('',(#11789,#11792),#11461,.T.);
#11789 = FACE_BOUND('',#11790,.T.);
#11790 = EDGE_LOOP('',(#11791));
#11791 = ORIENTED_EDGE('',*,*,#11444,.T.);
#11792 = FACE_BOUND('',#11793,.T.);
#11793 = EDGE_LOOP('',(#11794));
#11794 = ORIENTED_EDGE('',*,*,#11795,.F.);
#11795 = EDGE_CURVE('',#11796,#11796,#11798,.T.);
#11796 = VERTEX_POINT('',#11797);
#11797 = CARTESIAN_POINT('',(52.7,-20.,26.1));
#11798 = SURFACE_CURVE('',#11799,(#11804,#11811),.PCURVE_S1.);
#11799 = CIRCLE('',#11800,2.9);
#11800 = AXIS2_PLACEMENT_3D('',#11801,#11802,#11803);
#11801 = CARTESIAN_POINT('',(52.7,-20.,29.));
#11802 = DIRECTION('',(1.,-0.,1.110223024625E-16));
#11803 = DIRECTION('',(1.110223024625E-16,0.,-1.));
#11804 = PCURVE('',#11461,#11805);
#11805 = DEFINITIONAL_REPRESENTATION('',(#11806),#11810);
#11806 = CIRCLE('',#11807,2.9);
#11807 = AXIS2_PLACEMENT_2D('',#11808,#11809);
#11808 = CARTESIAN_POINT('',(0.,0.));
#11809 = DIRECTION('',(1.,0.));
#11810 = ( GEOMETRIC_REPRESENTATION_CONTEXT(2) 
PARAMETRIC_REPRESENTATION_CONTEXT() REPRESENTATION_CONTEXT('2D SPACE',''
  ) );
#11811 = PCURVE('',#11812,#11817);
#11812 = CYLINDRICAL_SURFACE('',#11813,2.9);
#11813 = AXIS2_PLACEMENT_3D('',#11814,#11815,#11816);
#11814 = CARTESIAN_POINT('',(52.7,-20.,29.));
#11815 = DIRECTION('',(-1.,-0.,-1.110223024625E-16));
#11816 = DIRECTION('',(1.110223024625E-16,0.,-1.));
#11817 = DEFINITIONAL_REPRESENTATION('',(#11818),#11822);
#11818 = LINE('',#11819,#11820);
#11819 = CARTESIAN_POINT('',(-0.,0.));
#11820 = VECTOR('',#11821,1.);
#11821 = DIRECTION('',(-1.,0.));
#11822 = ( GEOMETRIC_REPRESENTATION_CONTEXT(2) 
PARAMETRIC_REPRESENTATION_CONTEXT() REPRESENTATION_CONTEXT('2D SPACE',''
  ) );
#11823 = ADVANCED_FACE('',(#11824),#11539,.T.);
#11824 = FACE_BOUND('',#11825,.T.);
#11825 = EDGE_LOOP('',(#11826));
#11826 = ORIENTED_EDGE('',*,*,#11524,.F.);
#11827 = ADVANCED_FACE('',(#11828),#11598,.T.);
#11828 = FACE_BOUND('',#11829,.T.);
#11829 = EDGE_LOOP('',(#11830));
#11830 = ORIENTED_EDGE('',*,*,#11583,.F.);
#11831 = ADVANCED_FACE('',(#11832),#11637,.T.);
#11832 = FACE_BOUND('',#11833,.F.);
#11833 = EDGE_LOOP('',(#11834,#11857,#11858,#11859));
#11834 = ORIENTED_EDGE('',*,*,#11835,.F.);
#11835 = EDGE_CURVE('',#11621,#11836,#11838,.T.);
#11836 = VERTEX_POINT('',#11837);
#11837 = CARTESIAN_POINT('',(-17.1,-53.5,29.));
#11838 = SEAM_CURVE('',#11839,(#11843,#11850),.PCURVE_S1.);
#11839 = LINE('',#11840,#11841);
#11840 = CARTESIAN_POINT('',(-17.1,-52.7,29.));
#11841 = VECTOR('',#11842,1.);
#11842 = DIRECTION('',(0.,-1.,1.110223024625E-16));
#11843 = PCURVE('',#11637,#11844);
#11844 = DEFINITIONAL_REPRESENTATION('',(#11845),#11849);
#11845 = LINE('',#11846,#11847);
#11846 = CARTESIAN_POINT('',(-6.28318530718,0.));
#11847 = VECTOR('',#11848,1.);
#11848 = DIRECTION('',(-0.,-1.));
#11849 = ( GEOMETRIC_REPRESENTATION_CONTEXT(2) 
PARAMETRIC_REPRESENTATION_CONTEXT() REPRESENTATION_CONTEXT('2D SPACE',''
  ) );
#11850 = PCURVE('',#11637,#11851);
#11851 = DEFINITIONAL_REPRESENTATION('',(#11852),#11856);
#11852 = LINE('',#11853,#11854);
#11853 = CARTESIAN_POINT('',(-0.,0.));
#11854 = VECTOR('',#11855,1.);
#11855 = DIRECTION('',(-0.,-1.));
#11856 = ( GEOMETRIC_REPRESENTATION_CONTEXT(2) 
PARAMETRIC_REPRESENTATION_CONTEXT() REPRESENTATION_CONTEXT('2D SPACE',''
  ) );
#11857 = ORIENTED_EDGE('',*,*,#11620,.F.);
#11858 = ORIENTED_EDGE('',*,*,#11835,.T.);
#11859 = ORIENTED_EDGE('',*,*,#11860,.F.);
#11860 = EDGE_CURVE('',#11836,#11836,#11861,.T.);
#11861 = SURFACE_CURVE('',#11862,(#11867,#11874),.PCURVE_S1.);
#11862 = CIRCLE('',#11863,2.9);
#11863 = AXIS2_PLACEMENT_3D('',#11864,#11865,#11866);
#11864 = CARTESIAN_POINT('',(-20.,-53.5,29.));
#11865 = DIRECTION('',(0.,1.,-1.110223024625E-16));
#11866 = DIRECTION('',(1.,0.,0.));
#11867 = PCURVE('',#11637,#11868);
#11868 = DEFINITIONAL_REPRESENTATION('',(#11869),#11873);
#11869 = LINE('',#11870,#11871);
#11870 = CARTESIAN_POINT('',(-6.28318530718,-0.8));
#11871 = VECTOR('',#11872,1.);
#11872 = DIRECTION('',(1.,-0.));
#11873 = ( GEOMETRIC_REPRESENTATION_CONTEXT(2) 
PARAMETRIC_REPRESENTATION_CONTEXT() REPRESENTATION_CONTEXT('2D SPACE',''
  ) );
#11874 = PCURVE('',#11875,#11880);
#11875 = PLANE('',#11876);
#11876 = AXIS2_PLACEMENT_3D('',#11877,#11878,#11879);
#11877 = CARTESIAN_POINT('',(-20.,-53.5,29.));
#11878 = DIRECTION('',(0.,-1.,1.110223024625E-16));
#11879 = DIRECTION('',(1.,0.,0.));
#11880 = DEFINITIONAL_REPRESENTATION('',(#11881),#11889);
#11881 = ( BOUNDED_CURVE() B_SPLINE_CURVE(2,(#11882,#11883,#11884,#11885
    ,#11886,#11887,#11888),.UNSPECIFIED.,.T.,.F.) 
B_SPLINE_CURVE_WITH_KNOTS((1,2,2,2,2,1),(-2.094395102393,0.,
    2.094395102393,4.188790204786,6.28318530718,8.377580409573),
.UNSPECIFIED.) CURVE() GEOMETRIC_REPRESENTATION_ITEM() 
RATIONAL_B_SPLINE_CURVE((1.,0.5,1.,0.5,1.,0.5,1.)) REPRESENTATION_ITEM(
  '') );
#11882 = CARTESIAN_POINT('',(2.9,0.));
#11883 = CARTESIAN_POINT('',(2.9,-5.02294734195));
#11884 = CARTESIAN_POINT('',(-1.45,-2.511473670975));
#11885 = CARTESIAN_POINT('',(-5.8,-7.102951435055E-16));
#11886 = CARTESIAN_POINT('',(-1.45,2.511473670975));
#11887 = CARTESIAN_POINT('',(2.9,5.02294734195));
#11888 = CARTESIAN_POINT('',(2.9,0.));
#11889 = ( GEOMETRIC_REPRESENTATION_CONTEXT(2) 
PARAMETRIC_REPRESENTATION_CONTEXT() REPRESENTATION_CONTEXT('2D SPACE',''
  ) );
#11890 = ADVANCED_FACE('',(#11891),#11672,.T.);
#11891 = FACE_BOUND('',#11892,.F.);
#11892 = EDGE_LOOP('',(#11893,#11916,#11917,#11918));
#11893 = ORIENTED_EDGE('',*,*,#11894,.F.);
#11894 = EDGE_CURVE('',#11656,#11895,#11897,.T.);
#11895 = VERTEX_POINT('',#11896);
#11896 = CARTESIAN_POINT('',(22.9,-53.5,29.));
#11897 = SEAM_CURVE('',#11898,(#11902,#11909),.PCURVE_S1.);
#11898 = LINE('',#11899,#11900);
#11899 = CARTESIAN_POINT('',(22.9,-52.7,29.));
#11900 = VECTOR('',#11901,1.);
#11901 = DIRECTION('',(0.,-1.,1.110223024625E-16));
#11902 = PCURVE('',#11672,#11903);
#11903 = DEFINITIONAL_REPRESENTATION('',(#11904),#11908);
#11904 = LINE('',#11905,#11906);
#11905 = CARTESIAN_POINT('',(-6.28318530718,0.));
#11906 = VECTOR('',#11907,1.);
#11907 = DIRECTION('',(-0.,-1.));
#11908 = ( GEOMETRIC_REPRESENTATION_CONTEXT(2) 
PARAMETRIC_REPRESENTATION_CONTEXT() REPRESENTATION_CONTEXT('2D SPACE',''
  ) );
#11909 = PCURVE('',#11672,#11910);
#11910 = DEFINITIONAL_REPRESENTATION('',(#11911),#11915);
#11911 = LINE('',#11912,#11913);
#11912 = CARTESIAN_POINT('',(-0.,0.));
#11913 = VECTOR('',#11914,1.);
#11914 = DIRECTION('',(-0.,-1.));
#11915 = ( GEOMETRIC_REPRESENTATION_CONTEXT(2) 
PARAMETRIC_REPRESENTATION_CONTEXT() REPRESENTATION_CONTEXT('2D SPACE',''
  ) );
#11916 = ORIENTED_EDGE('',*,*,#11655,.F.);
#11917 = ORIENTED_EDGE('',*,*,#11894,.T.);
#11918 = ORIENTED_EDGE('',*,*,#11919,.F.);
#11919 = EDGE_CURVE('',#11895,#11895,#11920,.T.);
#11920 = SURFACE_CURVE('',#11921,(#11926,#11933),.PCURVE_S1.);
#11921 = CIRCLE('',#11922,2.9);
#11922 = AXIS2_PLACEMENT_3D('',#11923,#11924,#11925);
#11923 = CARTESIAN_POINT('',(20.,-53.5,29.));
#11924 = DIRECTION('',(0.,1.,-1.110223024625E-16));
#11925 = DIRECTION('',(1.,0.,0.));
#11926 = PCURVE('',#11672,#11927);
#11927 = DEFINITIONAL_REPRESENTATION('',(#11928),#11932);
#11928 = LINE('',#11929,#11930);
#11929 = CARTESIAN_POINT('',(-6.28318530718,-0.8));
#11930 = VECTOR('',#11931,1.);
#11931 = DIRECTION('',(1.,-0.));
#11932 = ( GEOMETRIC_REPRESENTATION_CONTEXT(2) 
PARAMETRIC_REPRESENTATION_CONTEXT() REPRESENTATION_CONTEXT('2D SPACE',''
  ) );
#11933 = PCURVE('',#11934,#11939);
#11934 = PLANE('',#11935);
#11935 = AXIS2_PLACEMENT_3D('',#11936,#11937,#11938);
#11936 = CARTESIAN_POINT('',(20.,-53.5,29.));
#11937 = DIRECTION('',(0.,-1.,1.110223024625E-16));
#11938 = DIRECTION('',(1.,0.,0.));
#11939 = DEFINITIONAL_REPRESENTATION('',(#11940),#11948);
#11940 = ( BOUNDED_CURVE() B_SPLINE_CURVE(2,(#11941,#11942,#11943,#11944
    ,#11945,#11946,#11947),.UNSPECIFIED.,.T.,.F.) 
B_SPLINE_CURVE_WITH_KNOTS((1,2,2,2,2,1),(-2.094395102393,0.,
    2.094395102393,4.188790204786,6.28318530718,8.377580409573),
.UNSPECIFIED.) CURVE() GEOMETRIC_REPRESENTATION_ITEM() 
RATIONAL_B_SPLINE_CURVE((1.,0.5,1.,0.5,1.,0.5,1.)) REPRESENTATION_ITEM(
  '') );
#11941 = CARTESIAN_POINT('',(2.9,0.));
#11942 = CARTESIAN_POINT('',(2.9,-5.02294734195));
#11943 = CARTESIAN_POINT('',(-1.45,-2.511473670975));
#11944 = CARTESIAN_POINT('',(-5.8,-7.102951435055E-16));
#11945 = CARTESIAN_POINT('',(-1.45,2.511473670975));
#11946 = CARTESIAN_POINT('',(2.9,5.02294734195));
#11947 = CARTESIAN_POINT('',(2.9,0.));
#11948 = ( GEOMETRIC_REPRESENTATION_CONTEXT(2) 
PARAMETRIC_REPRESENTATION_CONTEXT() REPRESENTATION_CONTEXT('2D SPACE',''
  ) );
#11949 = ADVANCED_FACE('',(#11950),#11707,.T.);
#11950 = FACE_BOUND('',#11951,.F.);
#11951 = EDGE_LOOP('',(#11952,#11975,#11976,#11977));
#11952 = ORIENTED_EDGE('',*,*,#11953,.F.);
#11953 = EDGE_CURVE('',#11691,#11954,#11956,.T.);
#11954 = VERTEX_POINT('',#11955);
#11955 = CARTESIAN_POINT('',(-17.1,53.5,29.));
#11956 = SEAM_CURVE('',#11957,(#11961,#11968),.PCURVE_S1.);
#11957 = LINE('',#11958,#11959);
#11958 = CARTESIAN_POINT('',(-17.1,52.7,29.));
#11959 = VECTOR('',#11960,1.);
#11960 = DIRECTION('',(0.,1.,1.110223024625E-16));
#11961 = PCURVE('',#11707,#11962);
#11962 = DEFINITIONAL_REPRESENTATION('',(#11963),#11967);
#11963 = LINE('',#11964,#11965);
#11964 = CARTESIAN_POINT('',(-6.28318530718,0.));
#11965 = VECTOR('',#11966,1.);
#11966 = DIRECTION('',(-0.,-1.));
#11967 = ( GEOMETRIC_REPRESENTATION_CONTEXT(2) 
PARAMETRIC_REPRESENTATION_CONTEXT() REPRESENTATION_CONTEXT('2D SPACE',''
  ) );
#11968 = PCURVE('',#11707,#11969);
#11969 = DEFINITIONAL_REPRESENTATION('',(#11970),#11974);
#11970 = LINE('',#11971,#11972);
#11971 = CARTESIAN_POINT('',(-0.,0.));
#11972 = VECTOR('',#11973,1.);
#11973 = DIRECTION('',(-0.,-1.));
#11974 = ( GEOMETRIC_REPRESENTATION_CONTEXT(2) 
PARAMETRIC_REPRESENTATION_CONTEXT() REPRESENTATION_CONTEXT('2D SPACE',''
  ) );
#11975 = ORIENTED_EDGE('',*,*,#11690,.F.);
#11976 = ORIENTED_EDGE('',*,*,#11953,.T.);
#11977 = ORIENTED_EDGE('',*,*,#11978,.F.);
#11978 = EDGE_CURVE('',#11954,#11954,#11979,.T.);
#11979 = SURFACE_CURVE('',#11980,(#11985,#11992),.PCURVE_S1.);
#11980 = CIRCLE('',#11981,2.9);
#11981 = AXIS2_PLACEMENT_3D('',#11982,#11983,#11984);
#11982 = CARTESIAN_POINT('',(-20.,53.5,29.));
#11983 = DIRECTION('',(0.,-1.,-1.110223024625E-16));
#11984 = DIRECTION('',(1.,0.,0.));
#11985 = PCURVE('',#11707,#11986);
#11986 = DEFINITIONAL_REPRESENTATION('',(#11987),#11991);
#11987 = LINE('',#11988,#11989);
#11988 = CARTESIAN_POINT('',(-6.28318530718,-0.8));
#11989 = VECTOR('',#11990,1.);
#11990 = DIRECTION('',(1.,-0.));
#11991 = ( GEOMETRIC_REPRESENTATION_CONTEXT(2) 
PARAMETRIC_REPRESENTATION_CONTEXT() REPRESENTATION_CONTEXT('2D SPACE',''
  ) );
#11992 = PCURVE('',#11993,#11998);
#11993 = PLANE('',#11994);
#11994 = AXIS2_PLACEMENT_3D('',#11995,#11996,#11997);
#11995 = CARTESIAN_POINT('',(-20.,53.5,29.));
#11996 = DIRECTION('',(0.,1.,1.110223024625E-16));
#11997 = DIRECTION('',(1.,0.,0.));
#11998 = DEFINITIONAL_REPRESENTATION('',(#11999),#12007);
#11999 = ( BOUNDED_CURVE() B_SPLINE_CURVE(2,(#12000,#12001,#12002,#12003
    ,#12004,#12005,#12006),.UNSPECIFIED.,.T.,.F.) 
B_SPLINE_CURVE_WITH_KNOTS((1,2,2,2,2,1),(-2.094395102393,0.,
    2.094395102393,4.188790204786,6.28318530718,8.377580409573),
.UNSPECIFIED.) CURVE() GEOMETRIC_REPRESENTATION_ITEM() 
RATIONAL_B_SPLINE_CURVE((1.,0.5,1.,0.5,1.,0.5,1.)) REPRESENTATION_ITEM(
  '') );
#12000 = CARTESIAN_POINT('',(2.9,0.));
#12001 = CARTESIAN_POINT('',(2.9,-5.02294734195));
#12002 = CARTESIAN_POINT('',(-1.45,-2.511473670975));
#12003 = CARTESIAN_POINT('',(-5.8,-7.102951435055E-16));
#12004 = CARTESIAN_POINT('',(-1.45,2.511473670975));
#12005 = CARTESIAN_POINT('',(2.9,5.02294734195));
#12006 = CARTESIAN_POINT('',(2.9,0.));
#12007 = ( GEOMETRIC_REPRESENTATION_CONTEXT(2) 
PARAMETRIC_REPRESENTATION_CONTEXT() REPRESENTATION_CONTEXT('2D SPACE',''
  ) );
#12008 = ADVANCED_FACE('',(#12009),#11742,.T.);
#12009 = FACE_BOUND('',#12010,.F.);
#12010 = EDGE_LOOP('',(#12011,#12034,#12035,#12036));
#12011 = ORIENTED_EDGE('',*,*,#12012,.F.);
#12012 = EDGE_CURVE('',#11726,#12013,#12015,.T.);
#12013 = VERTEX_POINT('',#12014);
#12014 = CARTESIAN_POINT('',(22.9,53.5,29.));
#12015 = SEAM_CURVE('',#12016,(#12020,#12027),.PCURVE_S1.);
#12016 = LINE('',#12017,#12018);
#12017 = CARTESIAN_POINT('',(22.9,52.7,29.));
#12018 = VECTOR('',#12019,1.);
#12019 = DIRECTION('',(0.,1.,1.110223024625E-16));
#12020 = PCURVE('',#11742,#12021);
#12021 = DEFINITIONAL_REPRESENTATION('',(#12022),#12026);
#12022 = LINE('',#12023,#12024);
#12023 = CARTESIAN_POINT('',(-6.28318530718,0.));
#12024 = VECTOR('',#12025,1.);
#12025 = DIRECTION('',(-0.,-1.));
#12026 = ( GEOMETRIC_REPRESENTATION_CONTEXT(2) 
PARAMETRIC_REPRESENTATION_CONTEXT() REPRESENTATION_CONTEXT('2D SPACE',''
  ) );
#12027 = PCURVE('',#11742,#12028);
#12028 = DEFINITIONAL_REPRESENTATION('',(#12029),#12033);
#12029 = LINE('',#12030,#12031);
#12030 = CARTESIAN_POINT('',(-0.,0.));
#12031 = VECTOR('',#12032,1.);
#12032 = DIRECTION('',(-0.,-1.));
#12033 = ( GEOMETRIC_REPRESENTATION_CONTEXT(2) 
PARAMETRIC_REPRESENTATION_CONTEXT() REPRESENTATION_CONTEXT('2D SPACE',''
  ) );
#12034 = ORIENTED_EDGE('',*,*,#11725,.F.);
#12035 = ORIENTED_EDGE('',*,*,#12012,.T.);
#12036 = ORIENTED_EDGE('',*,*,#12037,.F.);
#12037 = EDGE_CURVE('',#12013,#12013,#12038,.T.);
#12038 = SURFACE_CURVE('',#12039,(#12044,#12051),.PCURVE_S1.);
#12039 = CIRCLE('',#12040,2.9);
#12040 = AXIS2_PLACEMENT_3D('',#12041,#12042,#12043);
#12041 = CARTESIAN_POINT('',(20.,53.5,29.));
#12042 = DIRECTION('',(0.,-1.,-1.110223024625E-16));
#12043 = DIRECTION('',(1.,0.,0.));
#12044 = PCURVE('',#11742,#12045);
#12045 = DEFINITIONAL_REPRESENTATION('',(#12046),#12050);
#12046 = LINE('',#12047,#12048);
#12047 = CARTESIAN_POINT('',(-6.28318530718,-0.8));
#12048 = VECTOR('',#12049,1.);
#12049 = DIRECTION('',(1.,-0.));
#12050 = ( GEOMETRIC_REPRESENTATION_CONTEXT(2) 
PARAMETRIC_REPRESENTATION_CONTEXT() REPRESENTATION_CONTEXT('2D SPACE',''
  ) );
#12051 = PCURVE('',#12052,#12057);
#12052 = PLANE('',#12053);
#12053 = AXIS2_PLACEMENT_3D('',#12054,#12055,#12056);
#12054 = CARTESIAN_POINT('',(20.,53.5,29.));
#12055 = DIRECTION('',(0.,1.,1.110223024625E-16));
#12056 = DIRECTION('',(1.,0.,0.));
#12057 = DEFINITIONAL_REPRESENTATION('',(#12058),#12066);
#12058 = ( BOUNDED_CURVE() B_SPLINE_CURVE(2,(#12059,#12060,#12061,#12062
    ,#12063,#12064,#12065),.UNSPECIFIED.,.T.,.F.) 
B_SPLINE_CURVE_WITH_KNOTS((1,2,2,2,2,1),(-2.094395102393,0.,
    2.094395102393,4.188790204786,6.28318530718,8.377580409573),
.UNSPECIFIED.) CURVE() GEOMETRIC_REPRESENTATION_ITEM() 
RATIONAL_B_SPLINE_CURVE((1.,0.5,1.,0.5,1.,0.5,1.)) REPRESENTATION_ITEM(
  '') );
#12059 = CARTESIAN_POINT('',(2.9,0.));
#12060 = CARTESIAN_POINT('',(2.9,-5.02294734195));
#12061 = CARTESIAN_POINT('',(-1.45,-2.511473670975));
#12062 = CARTESIAN_POINT('',(-5.8,-7.102951435055E-16));
#12063 = CARTESIAN_POINT('',(-1.45,2.511473670975));
#12064 = CARTESIAN_POINT('',(2.9,5.02294734195));
#12065 = CARTESIAN_POINT('',(2.9,0.));
#12066 = ( GEOMETRIC_REPRESENTATION_CONTEXT(2) 
PARAMETRIC_REPRESENTATION_CONTEXT() REPRESENTATION_CONTEXT('2D SPACE',''
  ) );
#12067 = ADVANCED_FACE('',(#12068),#11777,.T.);
#12068 = FACE_BOUND('',#12069,.F.);
#12069 = EDGE_LOOP('',(#12070,#12093,#12094,#12095));
#12070 = ORIENTED_EDGE('',*,*,#12071,.F.);
#12071 = EDGE_CURVE('',#11761,#12072,#12074,.T.);
#12072 = VERTEX_POINT('',#12073);
#12073 = CARTESIAN_POINT('',(53.5,20.,26.1));
#12074 = SEAM_CURVE('',#12075,(#12079,#12086),.PCURVE_S1.);
#12075 = LINE('',#12076,#12077);
#12076 = CARTESIAN_POINT('',(52.7,20.,26.1));
#12077 = VECTOR('',#12078,1.);
#12078 = DIRECTION('',(1.,0.,1.110223024625E-16));
#12079 = PCURVE('',#11777,#12080);
#12080 = DEFINITIONAL_REPRESENTATION('',(#12081),#12085);
#12081 = LINE('',#12082,#12083);
#12082 = CARTESIAN_POINT('',(-6.28318530718,0.));
#12083 = VECTOR('',#12084,1.);
#12084 = DIRECTION('',(-0.,-1.));
#12085 = ( GEOMETRIC_REPRESENTATION_CONTEXT(2) 
PARAMETRIC_REPRESENTATION_CONTEXT() REPRESENTATION_CONTEXT('2D SPACE',''
  ) );
#12086 = PCURVE('',#11777,#12087);
#12087 = DEFINITIONAL_REPRESENTATION('',(#12088),#12092);
#12088 = LINE('',#12089,#12090);
#12089 = CARTESIAN_POINT('',(-0.,0.));
#12090 = VECTOR('',#12091,1.);
#12091 = DIRECTION('',(-0.,-1.));
#12092 = ( GEOMETRIC_REPRESENTATION_CONTEXT(2) 
PARAMETRIC_REPRESENTATION_CONTEXT() REPRESENTATION_CONTEXT('2D SPACE',''
  ) );
#12093 = ORIENTED_EDGE('',*,*,#11760,.F.);
#12094 = ORIENTED_EDGE('',*,*,#12071,.T.);
#12095 = ORIENTED_EDGE('',*,*,#12096,.F.);
#12096 = EDGE_CURVE('',#12072,#12072,#12097,.T.);
#12097 = SURFACE_CURVE('',#12098,(#12103,#12110),.PCURVE_S1.);
#12098 = CIRCLE('',#12099,2.9);
#12099 = AXIS2_PLACEMENT_3D('',#12100,#12101,#12102);
#12100 = CARTESIAN_POINT('',(53.5,20.,29.));
#12101 = DIRECTION('',(-1.,-0.,-1.110223024625E-16));
#12102 = DIRECTION('',(1.110223024625E-16,0.,-1.));
#12103 = PCURVE('',#11777,#12104);
#12104 = DEFINITIONAL_REPRESENTATION('',(#12105),#12109);
#12105 = LINE('',#12106,#12107);
#12106 = CARTESIAN_POINT('',(-6.28318530718,-0.8));
#12107 = VECTOR('',#12108,1.);
#12108 = DIRECTION('',(1.,-0.));
#12109 = ( GEOMETRIC_REPRESENTATION_CONTEXT(2) 
PARAMETRIC_REPRESENTATION_CONTEXT() REPRESENTATION_CONTEXT('2D SPACE',''
  ) );
#12110 = PCURVE('',#12111,#12116);
#12111 = PLANE('',#12112);
#12112 = AXIS2_PLACEMENT_3D('',#12113,#12114,#12115);
#12113 = CARTESIAN_POINT('',(53.5,20.,29.));
#12114 = DIRECTION('',(1.,0.,1.110223024625E-16));
#12115 = DIRECTION('',(1.110223024625E-16,0.,-1.));
#12116 = DEFINITIONAL_REPRESENTATION('',(#12117),#12125);
#12117 = ( BOUNDED_CURVE() B_SPLINE_CURVE(2,(#12118,#12119,#12120,#12121
    ,#12122,#12123,#12124),.UNSPECIFIED.,.T.,.F.) 
B_SPLINE_CURVE_WITH_KNOTS((1,2,2,2,2,1),(-2.094395102393,0.,
    2.094395102393,4.188790204786,6.28318530718,8.377580409573),
.UNSPECIFIED.) CURVE() GEOMETRIC_REPRESENTATION_ITEM() 
RATIONAL_B_SPLINE_CURVE((1.,0.5,1.,0.5,1.,0.5,1.)) REPRESENTATION_ITEM(
  '') );
#12118 = CARTESIAN_POINT('',(2.9,0.));
#12119 = CARTESIAN_POINT('',(2.9,-5.02294734195));
#12120 = CARTESIAN_POINT('',(-1.45,-2.511473670975));
#12121 = CARTESIAN_POINT('',(-5.8,-7.102951435055E-16));
#12122 = CARTESIAN_POINT('',(-1.45,2.511473670975));
#12123 = CARTESIAN_POINT('',(2.9,5.02294734195));
#12124 = CARTESIAN_POINT('',(2.9,0.));
#12125 = ( GEOMETRIC_REPRESENTATION_CONTEXT(2) 
PARAMETRIC_REPRESENTATION_CONTEXT() REPRESENTATION_CONTEXT('2D SPACE',''
  ) );
#12126 = ADVANCED_FACE('',(#12127),#11812,.T.);
#12127 = FACE_BOUND('',#12128,.F.);
#12128 = EDGE_LOOP('',(#12129,#12152,#12153,#12154));
#12129 = ORIENTED_EDGE('',*,*,#12130,.F.);
#12130 = EDGE_CURVE('',#11796,#12131,#12133,.T.);
#12131 = VERTEX_POINT('',#12132);
#12132 = CARTESIAN_POINT('',(53.5,-20.,26.1));
#12133 = SEAM_CURVE('',#12134,(#12138,#12145),.PCURVE_S1.);
#12134 = LINE('',#12135,#12136);
#12135 = CARTESIAN_POINT('',(52.7,-20.,26.1));
#12136 = VECTOR('',#12137,1.);
#12137 = DIRECTION('',(1.,0.,1.110223024625E-16));
#12138 = PCURVE('',#11812,#12139);
#12139 = DEFINITIONAL_REPRESENTATION('',(#12140),#12144);
#12140 = LINE('',#12141,#12142);
#12141 = CARTESIAN_POINT('',(-6.28318530718,0.));
#12142 = VECTOR('',#12143,1.);
#12143 = DIRECTION('',(-0.,-1.));
#12144 = ( GEOMETRIC_REPRESENTATION_CONTEXT(2) 
PARAMETRIC_REPRESENTATION_CONTEXT() REPRESENTATION_CONTEXT('2D SPACE',''
  ) );
#12145 = PCURVE('',#11812,#12146);
#12146 = DEFINITIONAL_REPRESENTATION('',(#12147),#12151);
#12147 = LINE('',#12148,#12149);
#12148 = CARTESIAN_POINT('',(-0.,0.));
#12149 = VECTOR('',#12150,1.);
#12150 = DIRECTION('',(-0.,-1.));
#12151 = ( GEOMETRIC_REPRESENTATION_CONTEXT(2) 
PARAMETRIC_REPRESENTATION_CONTEXT() REPRESENTATION_CONTEXT('2D SPACE',''
  ) );
#12152 = ORIENTED_EDGE('',*,*,#11795,.F.);
#12153 = ORIENTED_EDGE('',*,*,#12130,.T.);
#12154 = ORIENTED_EDGE('',*,*,#12155,.F.);
#12155 = EDGE_CURVE('',#12131,#12131,#12156,.T.);
#12156 = SURFACE_CURVE('',#12157,(#12162,#12169),.PCURVE_S1.);
#12157 = CIRCLE('',#12158,2.9);
#12158 = AXIS2_PLACEMENT_3D('',#12159,#12160,#12161);
#12159 = CARTESIAN_POINT('',(53.5,-20.,29.));
#12160 = DIRECTION('',(-1.,-0.,-1.110223024625E-16));
#12161 = DIRECTION('',(1.110223024625E-16,0.,-1.));
#12162 = PCURVE('',#11812,#12163);
#12163 = DEFINITIONAL_REPRESENTATION('',(#12164),#12168);
#12164 = LINE('',#12165,#12166);
#12165 = CARTESIAN_POINT('',(-6.28318530718,-0.8));
#12166 = VECTOR('',#12167,1.);
#12167 = DIRECTION('',(1.,-0.));
#12168 = ( GEOMETRIC_REPRESENTATION_CONTEXT(2) 
PARAMETRIC_REPRESENTATION_CONTEXT() REPRESENTATION_CONTEXT('2D SPACE',''
  ) );
#12169 = PCURVE('',#12170,#12175);
#12170 = PLANE('',#12171);
#12171 = AXIS2_PLACEMENT_3D('',#12172,#12173,#12174);
#12172 = CARTESIAN_POINT('',(53.5,-20.,29.));
#12173 = DIRECTION('',(1.,0.,1.110223024625E-16));
#12174 = DIRECTION('',(1.110223024625E-16,0.,-1.));
#12175 = DEFINITIONAL_REPRESENTATION('',(#12176),#12184);
#12176 = ( BOUNDED_CURVE() B_SPLINE_CURVE(2,(#12177,#12178,#12179,#12180
    ,#12181,#12182,#12183),.UNSPECIFIED.,.T.,.F.) 
B_SPLINE_CURVE_WITH_KNOTS((1,2,2,2,2,1),(-2.094395102393,0.,
    2.094395102393,4.188790204786,6.28318530718,8.377580409573),
.UNSPECIFIED.) CURVE() GEOMETRIC_REPRESENTATION_ITEM() 
RATIONAL_B_SPLINE_CURVE((1.,0.5,1.,0.5,1.,0.5,1.)) REPRESENTATION_ITEM(
  '') );
#12177 = CARTESIAN_POINT('',(2.9,0.));
#12178 = CARTESIAN_POINT('',(2.9,-5.02294734195));
#12179 = CARTESIAN_POINT('',(-1.45,-2.511473670975));
#12180 = CARTESIAN_POINT('',(-5.8,-7.102951435055E-16));
#12181 = CARTESIAN_POINT('',(-1.45,2.511473670975));
#12182 = CARTESIAN_POINT('',(2.9,5.02294734195));
#12183 = CARTESIAN_POINT('',(2.9,0.));
#12184 = ( GEOMETRIC_REPRESENTATION_CONTEXT(2) 
PARAMETRIC_REPRESENTATION_CONTEXT() REPRESENTATION_CONTEXT('2D SPACE',''
  ) );
#12185 = ADVANCED_FACE('',(#12186),#11875,.T.);
#12186 = FACE_BOUND('',#12187,.T.);
#12187 = EDGE_LOOP('',(#12188));
#12188 = ORIENTED_EDGE('',*,*,#11860,.F.);
#12189 = ADVANCED_FACE('',(#12190),#11934,.T.);
#12190 = FACE_BOUND('',#12191,.T.);
#12191 = EDGE_LOOP('',(#12192));
#12192 = ORIENTED_EDGE('',*,*,#11919,.F.);
#12193 = ADVANCED_FACE('',(#12194),#11993,.T.);
#12194 = FACE_BOUND('',#12195,.T.);
#12195 = EDGE_LOOP('',(#12196));
#12196 = ORIENTED_EDGE('',*,*,#11978,.F.);
#12197 = ADVANCED_FACE('',(#12198),#12052,.T.);
#12198 = FACE_BOUND('',#12199,.T.);
#12199 = EDGE_LOOP('',(#12200));
#12200 = ORIENTED_EDGE('',*,*,#12037,.F.);
#12201 = ADVANCED_FACE('',(#12202),#12111,.T.);
#12202 = FACE_BOUND('',#12203,.T.);
#12203 = EDGE_LOOP('',(#12204));
#12204 = ORIENTED_EDGE('',*,*,#12096,.F.);
#12205 = ADVANCED_FACE('',(#12206),#12170,.T.);
#12206 = FACE_BOUND('',#12207,.T.);
#12207 = EDGE_LOOP('',(#12208));
#12208 = ORIENTED_EDGE('',*,*,#12155,.F.);
#12209 = ( GEOMETRIC_REPRESENTATION_CONTEXT(3) 
GLOBAL_UNCERTAINTY_ASSIGNED_CONTEXT((#12213)) 
GLOBAL_UNIT_ASSIGNED_CONTEXT((#12210,#12211,#12212)) 
REPRESENTATION_CONTEXT('Context #1',
  '3D Context with UNIT and UNCERTAINTY') );
#12210 = ( LENGTH_UNIT() NAMED_UNIT(*) SI_UNIT(.MILLI.,.METRE.) );
#12211 = ( NAMED_UNIT(*) PLANE_ANGLE_UNIT() SI_UNIT($,.RADIAN.) );
#12212 = ( NAMED_UNIT(*) SI_UNIT($,.STERADIAN.) SOLID_ANGLE_UNIT() );
#12213 = UNCERTAINTY_MEASURE_WITH_UNIT(LENGTH_MEASURE(1.E-07),#12210,
  'distance_accuracy_value','confusion accuracy');
#12214 = CONTEXT_DEPENDENT_SHAPE_REPRESENTATION(#12215,#12217);
#12215 = ( REPRESENTATION_RELATIONSHIP('','',#36,#10) 
REPRESENTATION_RELATIONSHIP_WITH_TRANSFORMATION(#12216) 
SHAPE_REPRESENTATION_RELATIONSHIP() );
#12216 = ITEM_DEFINED_TRANSFORMATION('','',#11,#15);
#12217 = PRODUCT_DEFINITION_SHAPE('Placement','Placement of an item',
  #12218);
#12218 = NEXT_ASSEMBLY_USAGE_OCCURRENCE('1','body','',#5,#31,$);
#12219 = PRODUCT_RELATED_PRODUCT_CATEGORY('part',$,(#33));
#12220 = SHAPE_DEFINITION_REPRESENTATION(#12221,#12227);
#12221 = PRODUCT_DEFINITION_SHAPE('','',#12222);
#12222 = PRODUCT_DEFINITION('design','',#12223,#12226);
#12223 = PRODUCT_DEFINITION_FORMATION('','',#12224);
#12224 = PRODUCT('lid','lid','',(#12225));
#12225 = PRODUCT_CONTEXT('',#2,'mechanical');
#12226 = PRODUCT_DEFINITION_CONTEXT('part definition',#2,'design');
#12227 = ADVANCED_BREP_SHAPE_REPRESENTATION('',(#11,#12228),#13682);
#12228 = MANIFOLD_SOLID_BREP('',#12229);
#12229 = CLOSED_SHELL('',(#12230,#12350,#12433,#12512,#12824,#12874,
    #12928,#12977,#13031,#13287,#13336,#13386,#13436,#13463,#13490,
    #13517,#13544,#13571,#13597,#13623,#13649,#13675));
#12230 = ADVANCED_FACE('',(#12231),#12245,.F.);
#12231 = FACE_BOUND('',#12232,.F.);
#12232 = EDGE_LOOP('',(#12233,#12268,#12296,#12324));
#12233 = ORIENTED_EDGE('',*,*,#12234,.F.);
#12234 = EDGE_CURVE('',#12235,#12237,#12239,.T.);
#12235 = VERTEX_POINT('',#12236);
#12236 = CARTESIAN_POINT('',(-56.,-46.,0.));
#12237 = VERTEX_POINT('',#12238);
#12238 = CARTESIAN_POINT('',(-56.,-46.,4.));
#12239 = SURFACE_CURVE('',#12240,(#12244,#12256),.PCURVE_S1.);
#12240 = LINE('',#12241,#12242);
#12241 = CARTESIAN_POINT('',(-56.,-46.,0.));
#12242 = VECTOR('',#12243,1.);
#12243 = DIRECTION('',(0.,0.,1.));
#12244 = PCURVE('',#12245,#12250);
#12245 = PLANE('',#12246);
#12246 = AXIS2_PLACEMENT_3D('',#12247,#12248,#12249);
#12247 = CARTESIAN_POINT('',(-56.,-56.,0.));
#12248 = DIRECTION('',(1.,0.,0.));
#12249 = DIRECTION('',(0.,0.,1.));
#12250 = DEFINITIONAL_REPRESENTATION('',(#12251),#12255);
#12251 = LINE('',#12252,#12253);
#12252 = CARTESIAN_POINT('',(0.,-10.));
#12253 = VECTOR('',#12254,1.);
#12254 = DIRECTION('',(1.,0.));
#12255 = ( GEOMETRIC_REPRESENTATION_CONTEXT(2) 
PARAMETRIC_REPRESENTATION_CONTEXT() REPRESENTATION_CONTEXT('2D SPACE',''
  ) );
#12256 = PCURVE('',#12257,#12262);
#12257 = CYLINDRICAL_SURFACE('',#12258,10.);
#12258 = AXIS2_PLACEMENT_3D('',#12259,#12260,#12261);
#12259 = CARTESIAN_POINT('',(-46.,-46.,0.));
#12260 = DIRECTION('',(0.,0.,1.));
#12261 = DIRECTION('',(-1.,-0.,0.));
#12262 = DEFINITIONAL_REPRESENTATION('',(#12263),#12267);
#12263 = LINE('',#12264,#12265);
#12264 = CARTESIAN_POINT('',(0.,0.));
#12265 = VECTOR('',#12266,1.);
#12266 = DIRECTION('',(0.,1.));
#12267 = ( GEOMETRIC_REPRESENTATION_CONTEXT(2) 
PARAMETRIC_REPRESENTATION_CONTEXT() REPRESENTATION_CONTEXT('2D SPACE',''
  ) );
#12268 = ORIENTED_EDGE('',*,*,#12269,.T.);
#12269 = EDGE_CURVE('',#12235,#12270,#12272,.T.);
#12270 = VERTEX_POINT('',#12271);
#12271 = CARTESIAN_POINT('',(-56.,46.,0.));
#12272 = SURFACE_CURVE('',#12273,(#12277,#12284),.PCURVE_S1.);
#12273 = LINE('',#12274,#12275);
#12274 = CARTESIAN_POINT('',(-56.,-56.,0.));
#12275 = VECTOR('',#12276,1.);
#12276 = DIRECTION('',(0.,1.,0.));
#12277 = PCURVE('',#12245,#12278);
#12278 = DEFINITIONAL_REPRESENTATION('',(#12279),#12283);
#12279 = LINE('',#12280,#12281);
#12280 = CARTESIAN_POINT('',(0.,0.));
#12281 = VECTOR('',#12282,1.);
#12282 = DIRECTION('',(0.,-1.));
#12283 = ( GEOMETRIC_REPRESENTATION_CONTEXT(2) 
PARAMETRIC_REPRESENTATION_CONTEXT() REPRESENTATION_CONTEXT('2D SPACE',''
  ) );
#12284 = PCURVE('',#12285,#12290);
#12285 = PLANE('',#12286);
#12286 = AXIS2_PLACEMENT_3D('',#12287,#12288,#12289);
#12287 = CARTESIAN_POINT('',(-56.,-56.,0.));
#12288 = DIRECTION('',(0.,0.,1.));
#12289 = DIRECTION('',(1.,0.,0.));
#12290 = DEFINITIONAL_REPRESENTATION('',(#12291),#12295);
#12291 = LINE('',#12292,#12293);
#12292 = CARTESIAN_POINT('',(0.,0.));
#12293 = VECTOR('',#12294,1.);
#12294 = DIRECTION('',(0.,1.));
#12295 = ( GEOMETRIC_REPRESENTATION_CONTEXT(2) 
PARAMETRIC_REPRESENTATION_CONTEXT() REPRESENTATION_CONTEXT('2D SPACE',''
  ) );
#12296 = ORIENTED_EDGE('',*,*,#12297,.T.);
#12297 = EDGE_CURVE('',#12270,#12298,#12300,.T.);
#12298 = VERTEX_POINT('',#12299);
#12299 = CARTESIAN_POINT('',(-56.,46.,4.));
#12300 = SURFACE_CURVE('',#12301,(#12305,#12312),.PCURVE_S1.);
#12301 = LINE('',#12302,#12303);
#12302 = CARTESIAN_POINT('',(-56.,46.,0.));
#12303 = VECTOR('',#12304,1.);
#12304 = DIRECTION('',(0.,0.,1.));
#12305 = PCURVE('',#12245,#12306);
#12306 = DEFINITIONAL_REPRESENTATION('',(#12307),#12311);
#12307 = LINE('',#12308,#12309);
#12308 = CARTESIAN_POINT('',(0.,-102.));
#12309 = VECTOR('',#12310,1.);
#12310 = DIRECTION('',(1.,0.));
#12311 = ( GEOMETRIC_REPRESENTATION_CONTEXT(2) 
PARAMETRIC_REPRESENTATION_CONTEXT() REPRESENTATION_CONTEXT('2D SPACE',''
  ) );
#12312 = PCURVE('',#12313,#12318);
#12313 = CYLINDRICAL_SURFACE('',#12314,10.);
#12314 = AXIS2_PLACEMENT_3D('',#12315,#12316,#12317);
#12315 = CARTESIAN_POINT('',(-46.,46.,0.));
#12316 = DIRECTION('',(0.,0.,1.));
#12317 = DIRECTION('',(-1.,-0.,0.));
#12318 = DEFINITIONAL_REPRESENTATION('',(#12319),#12323);
#12319 = LINE('',#12320,#12321);
#12320 = CARTESIAN_POINT('',(-0.,0.));
#12321 = VECTOR('',#12322,1.);
#12322 = DIRECTION('',(-0.,1.));
#12323 = ( GEOMETRIC_REPRESENTATION_CONTEXT(2) 
PARAMETRIC_REPRESENTATION_CONTEXT() REPRESENTATION_CONTEXT('2D SPACE',''
  ) );
#12324 = ORIENTED_EDGE('',*,*,#12325,.T.);
#12325 = EDGE_CURVE('',#12298,#12237,#12326,.T.);
#12326 = SURFACE_CURVE('',#12327,(#12331,#12338),.PCURVE_S1.);
#12327 = LINE('',#12328,#12329);
#12328 = CARTESIAN_POINT('',(-56.,46.,4.));
#12329 = VECTOR('',#12330,1.);
#12330 = DIRECTION('',(-0.,-1.,-0.));
#12331 = PCURVE('',#12245,#12332);
#12332 = DEFINITIONAL_REPRESENTATION('',(#12333),#12337);
#12333 = LINE('',#12334,#12335);
#12334 = CARTESIAN_POINT('',(4.,-102.));
#12335 = VECTOR('',#12336,1.);
#12336 = DIRECTION('',(-0.,1.));
#12337 = ( GEOMETRIC_REPRESENTATION_CONTEXT(2) 
PARAMETRIC_REPRESENTATION_CONTEXT() REPRESENTATION_CONTEXT('2D SPACE',''
  ) );
#12338 = PCURVE('',#12339,#12344);
#12339 = CYLINDRICAL_SURFACE('',#12340,2.);
#12340 = AXIS2_PLACEMENT_3D('',#12341,#12342,#12343);
#12341 = CARTESIAN_POINT('',(-54.,46.,4.));
#12342 = DIRECTION('',(-0.,-1.,-0.));
#12343 = DIRECTION('',(0.,0.,1.));
#12344 = DEFINITIONAL_REPRESENTATION('',(#12345),#12349);
#12345 = LINE('',#12346,#12347);
#12346 = CARTESIAN_POINT('',(1.570796326795,0.));
#12347 = VECTOR('',#12348,1.);
#12348 = DIRECTION('',(0.,1.));
#12349 = ( GEOMETRIC_REPRESENTATION_CONTEXT(2) 
PARAMETRIC_REPRESENTATION_CONTEXT() REPRESENTATION_CONTEXT('2D SPACE',''
  ) );
#12350 = ADVANCED_FACE('',(#12351),#12257,.T.);
#12351 = FACE_BOUND('',#12352,.T.);
#12352 = EDGE_LOOP('',(#12353,#12354,#12378,#12406));
#12353 = ORIENTED_EDGE('',*,*,#12234,.F.);
#12354 = ORIENTED_EDGE('',*,*,#12355,.T.);
#12355 = EDGE_CURVE('',#12235,#12356,#12358,.T.);
#12356 = VERTEX_POINT('',#12357);
#12357 = CARTESIAN_POINT('',(-46.,-56.,0.));
#12358 = SURFACE_CURVE('',#12359,(#12364,#12371),.PCURVE_S1.);
#12359 = CIRCLE('',#12360,10.);
#12360 = AXIS2_PLACEMENT_3D('',#12361,#12362,#12363);
#12361 = CARTESIAN_POINT('',(-46.,-46.,0.));
#12362 = DIRECTION('',(0.,0.,1.));
#12363 = DIRECTION('',(0.,-1.,0.));
#12364 = PCURVE('',#12257,#12365);
#12365 = DEFINITIONAL_REPRESENTATION('',(#12366),#12370);
#12366 = LINE('',#12367,#12368);
#12367 = CARTESIAN_POINT('',(-4.712388980385,0.));
#12368 = VECTOR('',#12369,1.);
#12369 = DIRECTION('',(1.,0.));
#12370 = ( GEOMETRIC_REPRESENTATION_CONTEXT(2) 
PARAMETRIC_REPRESENTATION_CONTEXT() REPRESENTATION_CONTEXT('2D SPACE',''
  ) );
#12371 = PCURVE('',#12285,#12372);
#12372 = DEFINITIONAL_REPRESENTATION('',(#12373),#12377);
#12373 = CIRCLE('',#12374,10.);
#12374 = AXIS2_PLACEMENT_2D('',#12375,#12376);
#12375 = CARTESIAN_POINT('',(10.,10.));
#12376 = DIRECTION('',(0.,-1.));
#12377 = ( GEOMETRIC_REPRESENTATION_CONTEXT(2) 
PARAMETRIC_REPRESENTATION_CONTEXT() REPRESENTATION_CONTEXT('2D SPACE',''
  ) );
#12378 = ORIENTED_EDGE('',*,*,#12379,.T.);
#12379 = EDGE_CURVE('',#12356,#12380,#12382,.T.);
#12380 = VERTEX_POINT('',#12381);
#12381 = CARTESIAN_POINT('',(-46.,-56.,4.));
#12382 = SURFACE_CURVE('',#12383,(#12387,#12394),.PCURVE_S1.);
#12383 = LINE('',#12384,#12385);
#12384 = CARTESIAN_POINT('',(-46.,-56.,0.));
#12385 = VECTOR('',#12386,1.);
#12386 = DIRECTION('',(0.,0.,1.));
#12387 = PCURVE('',#12257,#12388);
#12388 = DEFINITIONAL_REPRESENTATION('',(#12389),#12393);
#12389 = LINE('',#12390,#12391);
#12390 = CARTESIAN_POINT('',(1.570796326795,0.));
#12391 = VECTOR('',#12392,1.);
#12392 = DIRECTION('',(0.,1.));
#12393 = ( GEOMETRIC_REPRESENTATION_CONTEXT(2) 
PARAMETRIC_REPRESENTATION_CONTEXT() REPRESENTATION_CONTEXT('2D SPACE',''
  ) );
#12394 = PCURVE('',#12395,#12400);
#12395 = PLANE('',#12396);
#12396 = AXIS2_PLACEMENT_3D('',#12397,#12398,#12399);
#12397 = CARTESIAN_POINT('',(-56.,-56.,0.));
#12398 = DIRECTION('',(0.,1.,0.));
#12399 = DIRECTION('',(0.,0.,1.));
#12400 = DEFINITIONAL_REPRESENTATION('',(#12401),#12405);
#12401 = LINE('',#12402,#12403);
#12402 = CARTESIAN_POINT('',(0.,10.));
#12403 = VECTOR('',#12404,1.);
#12404 = DIRECTION('',(1.,0.));
#12405 = ( GEOMETRIC_REPRESENTATION_CONTEXT(2) 
PARAMETRIC_REPRESENTATION_CONTEXT() REPRESENTATION_CONTEXT('2D SPACE',''
  ) );
#12406 = ORIENTED_EDGE('',*,*,#12407,.F.);
#12407 = EDGE_CURVE('',#12237,#12380,#12408,.T.);
#12408 = SURFACE_CURVE('',#12409,(#12414,#12421),.PCURVE_S1.);
#12409 = CIRCLE('',#12410,10.);
#12410 = AXIS2_PLACEMENT_3D('',#12411,#12412,#12413);
#12411 = CARTESIAN_POINT('',(-46.,-46.,4.));
#12412 = DIRECTION('',(0.,0.,1.));
#12413 = DIRECTION('',(-1.,0.,0.));
#12414 = PCURVE('',#12257,#12415);
#12415 = DEFINITIONAL_REPRESENTATION('',(#12416),#12420);
#12416 = LINE('',#12417,#12418);
#12417 = CARTESIAN_POINT('',(0.,4.));
#12418 = VECTOR('',#12419,1.);
#12419 = DIRECTION('',(1.,0.));
#12420 = ( GEOMETRIC_REPRESENTATION_CONTEXT(2) 
PARAMETRIC_REPRESENTATION_CONTEXT() REPRESENTATION_CONTEXT('2D SPACE',''
  ) );
#12421 = PCURVE('',#12422,#12427);
#12422 = TOROIDAL_SURFACE('',#12423,8.,2.);
#12423 = AXIS2_PLACEMENT_3D('',#12424,#12425,#12426);
#12424 = CARTESIAN_POINT('',(-46.,-46.,4.));
#12425 = DIRECTION('',(-0.,-0.,-1.));
#12426 = DIRECTION('',(-1.,0.,0.));
#12427 = DEFINITIONAL_REPRESENTATION('',(#12428),#12432);
#12428 = LINE('',#12429,#12430);
#12429 = CARTESIAN_POINT('',(-0.,6.28318530718));
#12430 = VECTOR('',#12431,1.);
#12431 = DIRECTION('',(-1.,0.));
#12432 = ( GEOMETRIC_REPRESENTATION_CONTEXT(2) 
PARAMETRIC_REPRESENTATION_CONTEXT() REPRESENTATION_CONTEXT('2D SPACE',''
  ) );
#12433 = ADVANCED_FACE('',(#12434),#12339,.T.);
#12434 = FACE_BOUND('',#12435,.T.);
#12435 = EDGE_LOOP('',(#12436,#12463,#12464,#12486));
#12436 = ORIENTED_EDGE('',*,*,#12437,.T.);
#12437 = EDGE_CURVE('',#12438,#12298,#12440,.T.);
#12438 = VERTEX_POINT('',#12439);
#12439 = CARTESIAN_POINT('',(-54.,46.,6.));
#12440 = SURFACE_CURVE('',#12441,(#12446,#12452),.PCURVE_S1.);
#12441 = CIRCLE('',#12442,2.);
#12442 = AXIS2_PLACEMENT_3D('',#12443,#12444,#12445);
#12443 = CARTESIAN_POINT('',(-54.,46.,4.));
#12444 = DIRECTION('',(-6.123233995737E-17,-1.,0.));
#12445 = DIRECTION('',(-1.,6.123233995737E-17,0.));
#12446 = PCURVE('',#12339,#12447);
#12447 = DEFINITIONAL_REPRESENTATION('',(#12448),#12451);
#12448 = B_SPLINE_CURVE_WITH_KNOTS('',1,(#12449,#12450),.UNSPECIFIED.,
  .F.,.F.,(2,2),(4.712388980385,6.28318530718),
  .PIECEWISE_BEZIER_KNOTS.);
#12449 = CARTESIAN_POINT('',(0.,0.));
#12450 = CARTESIAN_POINT('',(1.570796326795,0.));
#12451 = ( GEOMETRIC_REPRESENTATION_CONTEXT(2) 
PARAMETRIC_REPRESENTATION_CONTEXT() REPRESENTATION_CONTEXT('2D SPACE',''
  ) );
#12452 = PCURVE('',#12453,#12458);
#12453 = TOROIDAL_SURFACE('',#12454,8.,2.);
#12454 = AXIS2_PLACEMENT_3D('',#12455,#12456,#12457);
#12455 = CARTESIAN_POINT('',(-46.,46.,4.));
#12456 = DIRECTION('',(-0.,-0.,-1.));
#12457 = DIRECTION('',(0.,1.,-0.));
#12458 = DEFINITIONAL_REPRESENTATION('',(#12459),#12462);
#12459 = B_SPLINE_CURVE_WITH_KNOTS('',1,(#12460,#12461),.UNSPECIFIED.,
  .F.,.F.,(2,2),(4.712388980385,6.28318530718),
  .PIECEWISE_BEZIER_KNOTS.);
#12460 = CARTESIAN_POINT('',(-1.570796326795,4.712388980385));
#12461 = CARTESIAN_POINT('',(-1.570796326795,6.28318530718));
#12462 = ( GEOMETRIC_REPRESENTATION_CONTEXT(2) 
PARAMETRIC_REPRESENTATION_CONTEXT() REPRESENTATION_CONTEXT('2D SPACE',''
  ) );
#12463 = ORIENTED_EDGE('',*,*,#12325,.T.);
#12464 = ORIENTED_EDGE('',*,*,#12465,.F.);
#12465 = EDGE_CURVE('',#12466,#12237,#12468,.T.);
#12466 = VERTEX_POINT('',#12467);
#12467 = CARTESIAN_POINT('',(-54.,-46.,6.));
#12468 = SURFACE_CURVE('',#12469,(#12474,#12480),.PCURVE_S1.);
#12469 = CIRCLE('',#12470,2.);
#12470 = AXIS2_PLACEMENT_3D('',#12471,#12472,#12473);
#12471 = CARTESIAN_POINT('',(-54.,-46.,4.));
#12472 = DIRECTION('',(0.,-1.,0.));
#12473 = DIRECTION('',(-1.,0.,0.));
#12474 = PCURVE('',#12339,#12475);
#12475 = DEFINITIONAL_REPRESENTATION('',(#12476),#12479);
#12476 = B_SPLINE_CURVE_WITH_KNOTS('',1,(#12477,#12478),.UNSPECIFIED.,
  .F.,.F.,(2,2),(4.712388980385,6.28318530718),
  .PIECEWISE_BEZIER_KNOTS.);
#12477 = CARTESIAN_POINT('',(0.,92.));
#12478 = CARTESIAN_POINT('',(1.570796326795,92.));
#12479 = ( GEOMETRIC_REPRESENTATION_CONTEXT(2) 
PARAMETRIC_REPRESENTATION_CONTEXT() REPRESENTATION_CONTEXT('2D SPACE',''
  ) );
#12480 = PCURVE('',#12422,#12481);
#12481 = DEFINITIONAL_REPRESENTATION('',(#12482),#12485);
#12482 = B_SPLINE_CURVE_WITH_KNOTS('',1,(#12483,#12484),.UNSPECIFIED.,
  .F.,.F.,(2,2),(4.712388980385,6.28318530718),
  .PIECEWISE_BEZIER_KNOTS.);
#12483 = CARTESIAN_POINT('',(0.,4.712388980385));
#12484 = CARTESIAN_POINT('',(0.,6.28318530718));
#12485 = ( GEOMETRIC_REPRESENTATION_CONTEXT(2) 
PARAMETRIC_REPRESENTATION_CONTEXT() REPRESENTATION_CONTEXT('2D SPACE',''
  ) );
#12486 = ORIENTED_EDGE('',*,*,#12487,.F.);
#12487 = EDGE_CURVE('',#12438,#12466,#12488,.T.);
#12488 = SURFACE_CURVE('',#12489,(#12493,#12500),.PCURVE_S1.);
#12489 = LINE('',#12490,#12491);
#12490 = CARTESIAN_POINT('',(-54.,46.,6.));
#12491 = VECTOR('',#12492,1.);
#12492 = DIRECTION('',(-0.,-1.,-0.));
#12493 = PCURVE('',#12339,#12494);
#12494 = DEFINITIONAL_REPRESENTATION('',(#12495),#12499);
#12495 = LINE('',#12496,#12497);
#12496 = CARTESIAN_POINT('',(0.,0.));
#12497 = VECTOR('',#12498,1.);
#12498 = DIRECTION('',(0.,1.));
#12499 = ( GEOMETRIC_REPRESENTATION_CONTEXT(2) 
PARAMETRIC_REPRESENTATION_CONTEXT() REPRESENTATION_CONTEXT('2D SPACE',''
  ) );
#12500 = PCURVE('',#12501,#12506);
#12501 = PLANE('',#12502);
#12502 = AXIS2_PLACEMENT_3D('',#12503,#12504,#12505);
#12503 = CARTESIAN_POINT('',(-56.,-56.,6.));
#12504 = DIRECTION('',(0.,0.,1.));
#12505 = DIRECTION('',(1.,0.,0.));
#12506 = DEFINITIONAL_REPRESENTATION('',(#12507),#12511);
#12507 = LINE('',#12508,#12509);
#12508 = CARTESIAN_POINT('',(2.,102.));
#12509 = VECTOR('',#12510,1.);
#12510 = DIRECTION('',(-0.,-1.));
#12511 = ( GEOMETRIC_REPRESENTATION_CONTEXT(2) 
PARAMETRIC_REPRESENTATION_CONTEXT() REPRESENTATION_CONTEXT('2D SPACE',''
  ) );
#12512 = ADVANCED_FACE('',(#12513,#12684,#12719,#12754,#12789),#12285,
  .F.);
#12513 = FACE_BOUND('',#12514,.F.);
#12514 = EDGE_LOOP('',(#12515,#12516,#12517,#12540,#12573,#12601,#12630,
    #12658));
#12515 = ORIENTED_EDGE('',*,*,#12269,.F.);
#12516 = ORIENTED_EDGE('',*,*,#12355,.T.);
#12517 = ORIENTED_EDGE('',*,*,#12518,.T.);
#12518 = EDGE_CURVE('',#12356,#12519,#12521,.T.);
#12519 = VERTEX_POINT('',#12520);
#12520 = CARTESIAN_POINT('',(46.,-56.,0.));
#12521 = SURFACE_CURVE('',#12522,(#12526,#12533),.PCURVE_S1.);
#12522 = LINE('',#12523,#12524);
#12523 = CARTESIAN_POINT('',(-56.,-56.,0.));
#12524 = VECTOR('',#12525,1.);
#12525 = DIRECTION('',(1.,0.,0.));
#12526 = PCURVE('',#12285,#12527);
#12527 = DEFINITIONAL_REPRESENTATION('',(#12528),#12532);
#12528 = LINE('',#12529,#12530);
#12529 = CARTESIAN_POINT('',(0.,0.));
#12530 = VECTOR('',#12531,1.);
#12531 = DIRECTION('',(1.,0.));
#12532 = ( GEOMETRIC_REPRESENTATION_CONTEXT(2) 
PARAMETRIC_REPRESENTATION_CONTEXT() REPRESENTATION_CONTEXT('2D SPACE',''
  ) );
#12533 = PCURVE('',#12395,#12534);
#12534 = DEFINITIONAL_REPRESENTATION('',(#12535),#12539);
#12535 = LINE('',#12536,#12537);
#12536 = CARTESIAN_POINT('',(0.,0.));
#12537 = VECTOR('',#12538,1.);
#12538 = DIRECTION('',(0.,1.));
#12539 = ( GEOMETRIC_REPRESENTATION_CONTEXT(2) 
PARAMETRIC_REPRESENTATION_CONTEXT() REPRESENTATION_CONTEXT('2D SPACE',''
  ) );
#12540 = ORIENTED_EDGE('',*,*,#12541,.F.);
#12541 = EDGE_CURVE('',#12542,#12519,#12544,.T.);
#12542 = VERTEX_POINT('',#12543);
#12543 = CARTESIAN_POINT('',(56.,-46.,0.));
#12544 = SURFACE_CURVE('',#12545,(#12550,#12561),.PCURVE_S1.);
#12545 = CIRCLE('',#12546,10.);
#12546 = AXIS2_PLACEMENT_3D('',#12547,#12548,#12549);
#12547 = CARTESIAN_POINT('',(46.,-46.,0.));
#12548 = DIRECTION('',(-0.,-0.,-1.));
#12549 = DIRECTION('',(0.,-1.,0.));
#12550 = PCURVE('',#12285,#12551);
#12551 = DEFINITIONAL_REPRESENTATION('',(#12552),#12560);
#12552 = ( BOUNDED_CURVE() B_SPLINE_CURVE(2,(#12553,#12554,#12555,#12556
    ,#12557,#12558,#12559),.UNSPECIFIED.,.T.,.F.) 
B_SPLINE_CURVE_WITH_KNOTS((1,2,2,2,2,1),(-2.094395102393,0.,
    2.094395102393,4.188790204786,6.28318530718,8.377580409573),
.UNSPECIFIED.) CURVE() GEOMETRIC_REPRESENTATION_ITEM() 
RATIONAL_B_SPLINE_CURVE((1.,0.5,1.,0.5,1.,0.5,1.)) REPRESENTATION_ITEM(
  '') );
#12553 = CARTESIAN_POINT('',(102.,0.));
#12554 = CARTESIAN_POINT('',(84.679491924311,0.));
#12555 = CARTESIAN_POINT('',(93.339745962156,15.));
#12556 = CARTESIAN_POINT('',(102.,30.));
#12557 = CARTESIAN_POINT('',(110.66025403784,15.));
#12558 = CARTESIAN_POINT('',(119.32050807568,1.59872115546E-14));
#12559 = CARTESIAN_POINT('',(102.,0.));
#12560 = ( GEOMETRIC_REPRESENTATION_CONTEXT(2) 
PARAMETRIC_REPRESENTATION_CONTEXT() REPRESENTATION_CONTEXT('2D SPACE',''
  ) );
#12561 = PCURVE('',#12562,#12567);
#12562 = CYLINDRICAL_SURFACE('',#12563,10.);
#12563 = AXIS2_PLACEMENT_3D('',#12564,#12565,#12566);
#12564 = CARTESIAN_POINT('',(46.,-46.,0.));
#12565 = DIRECTION('',(0.,0.,1.));
#12566 = DIRECTION('',(1.,0.,-0.));
#12567 = DEFINITIONAL_REPRESENTATION('',(#12568),#12572);
#12568 = LINE('',#12569,#12570);
#12569 = CARTESIAN_POINT('',(4.712388980385,-0.));
#12570 = VECTOR('',#12571,1.);
#12571 = DIRECTION('',(-1.,0.));
#12572 = ( GEOMETRIC_REPRESENTATION_CONTEXT(2) 
PARAMETRIC_REPRESENTATION_CONTEXT() REPRESENTATION_CONTEXT('2D SPACE',''
  ) );
#12573 = ORIENTED_EDGE('',*,*,#12574,.T.);
#12574 = EDGE_CURVE('',#12542,#12575,#12577,.T.);
#12575 = VERTEX_POINT('',#12576);
#12576 = CARTESIAN_POINT('',(56.,46.,0.));
#12577 = SURFACE_CURVE('',#12578,(#12582,#12589),.PCURVE_S1.);
#12578 = LINE('',#12579,#12580);
#12579 = CARTESIAN_POINT('',(56.,-56.,0.));
#12580 = VECTOR('',#12581,1.);
#12581 = DIRECTION('',(0.,1.,0.));
#12582 = PCURVE('',#12285,#12583);
#12583 = DEFINITIONAL_REPRESENTATION('',(#12584),#12588);
#12584 = LINE('',#12585,#12586);
#12585 = CARTESIAN_POINT('',(112.,0.));
#12586 = VECTOR('',#12587,1.);
#12587 = DIRECTION('',(0.,1.));
#12588 = ( GEOMETRIC_REPRESENTATION_CONTEXT(2) 
PARAMETRIC_REPRESENTATION_CONTEXT() REPRESENTATION_CONTEXT('2D SPACE',''
  ) );
#12589 = PCURVE('',#12590,#12595);
#12590 = PLANE('',#12591);
#12591 = AXIS2_PLACEMENT_3D('',#12592,#12593,#12594);
#12592 = CARTESIAN_POINT('',(56.,-56.,0.));
#12593 = DIRECTION('',(1.,0.,0.));
#12594 = DIRECTION('',(0.,0.,1.));
#12595 = DEFINITIONAL_REPRESENTATION('',(#12596),#12600);
#12596 = LINE('',#12597,#12598);
#12597 = CARTESIAN_POINT('',(0.,0.));
#12598 = VECTOR('',#12599,1.);
#12599 = DIRECTION('',(0.,-1.));
#12600 = ( GEOMETRIC_REPRESENTATION_CONTEXT(2) 
PARAMETRIC_REPRESENTATION_CONTEXT() REPRESENTATION_CONTEXT('2D SPACE',''
  ) );
#12601 = ORIENTED_EDGE('',*,*,#12602,.T.);
#12602 = EDGE_CURVE('',#12575,#12603,#12605,.T.);
#12603 = VERTEX_POINT('',#12604);
#12604 = CARTESIAN_POINT('',(46.,56.,0.));
#12605 = SURFACE_CURVE('',#12606,(#12611,#12618),.PCURVE_S1.);
#12606 = CIRCLE('',#12607,10.);
#12607 = AXIS2_PLACEMENT_3D('',#12608,#12609,#12610);
#12608 = CARTESIAN_POINT('',(46.,46.,0.));
#12609 = DIRECTION('',(0.,0.,1.));
#12610 = DIRECTION('',(0.,-1.,0.));
#12611 = PCURVE('',#12285,#12612);
#12612 = DEFINITIONAL_REPRESENTATION('',(#12613),#12617);
#12613 = CIRCLE('',#12614,10.);
#12614 = AXIS2_PLACEMENT_2D('',#12615,#12616);
#12615 = CARTESIAN_POINT('',(102.,102.));
#12616 = DIRECTION('',(0.,-1.));
#12617 = ( GEOMETRIC_REPRESENTATION_CONTEXT(2) 
PARAMETRIC_REPRESENTATION_CONTEXT() REPRESENTATION_CONTEXT('2D SPACE',''
  ) );
#12618 = PCURVE('',#12619,#12624);
#12619 = CYLINDRICAL_SURFACE('',#12620,10.);
#12620 = AXIS2_PLACEMENT_3D('',#12621,#12622,#12623);
#12621 = CARTESIAN_POINT('',(46.,46.,0.));
#12622 = DIRECTION('',(0.,0.,1.));
#12623 = DIRECTION('',(1.,0.,-0.));
#12624 = DEFINITIONAL_REPRESENTATION('',(#12625),#12629);
#12625 = LINE('',#12626,#12627);
#12626 = CARTESIAN_POINT('',(-1.570796326795,0.));
#12627 = VECTOR('',#12628,1.);
#12628 = DIRECTION('',(1.,0.));
#12629 = ( GEOMETRIC_REPRESENTATION_CONTEXT(2) 
PARAMETRIC_REPRESENTATION_CONTEXT() REPRESENTATION_CONTEXT('2D SPACE',''
  ) );
#12630 = ORIENTED_EDGE('',*,*,#12631,.F.);
#12631 = EDGE_CURVE('',#12632,#12603,#12634,.T.);
#12632 = VERTEX_POINT('',#12633);
#12633 = CARTESIAN_POINT('',(-46.,56.,0.));
#12634 = SURFACE_CURVE('',#12635,(#12639,#12646),.PCURVE_S1.);
#12635 = LINE('',#12636,#12637);
#12636 = CARTESIAN_POINT('',(-56.,56.,0.));
#12637 = VECTOR('',#12638,1.);
#12638 = DIRECTION('',(1.,0.,0.));
#12639 = PCURVE('',#12285,#12640);
#12640 = DEFINITIONAL_REPRESENTATION('',(#12641),#12645);
#12641 = LINE('',#12642,#12643);
#12642 = CARTESIAN_POINT('',(0.,112.));
#12643 = VECTOR('',#12644,1.);
#12644 = DIRECTION('',(1.,0.));
#12645 = ( GEOMETRIC_REPRESENTATION_CONTEXT(2) 
PARAMETRIC_REPRESENTATION_CONTEXT() REPRESENTATION_CONTEXT('2D SPACE',''
  ) );
#12646 = PCURVE('',#12647,#12652);
#12647 = PLANE('',#12648);
#12648 = AXIS2_PLACEMENT_3D('',#12649,#12650,#12651);
#12649 = CARTESIAN_POINT('',(-56.,56.,0.));
#12650 = DIRECTION('',(0.,1.,0.));
#12651 = DIRECTION('',(0.,0.,1.));
#12652 = DEFINITIONAL_REPRESENTATION('',(#12653),#12657);
#12653 = LINE('',#12654,#12655);
#12654 = CARTESIAN_POINT('',(0.,0.));
#12655 = VECTOR('',#12656,1.);
#12656 = DIRECTION('',(0.,1.));
#12657 = ( GEOMETRIC_REPRESENTATION_CONTEXT(2) 
PARAMETRIC_REPRESENTATION_CONTEXT() REPRESENTATION_CONTEXT('2D SPACE',''
  ) );
#12658 = ORIENTED_EDGE('',*,*,#12659,.F.);
#12659 = EDGE_CURVE('',#12270,#12632,#12660,.T.);
#12660 = SURFACE_CURVE('',#12661,(#12666,#12677),.PCURVE_S1.);
#12661 = CIRCLE('',#12662,10.);
#12662 = AXIS2_PLACEMENT_3D('',#12663,#12664,#12665);
#12663 = CARTESIAN_POINT('',(-46.,46.,0.));
#12664 = DIRECTION('',(-0.,-0.,-1.));
#12665 = DIRECTION('',(0.,-1.,0.));
#12666 = PCURVE('',#12285,#12667);
#12667 = DEFINITIONAL_REPRESENTATION('',(#12668),#12676);
#12668 = ( BOUNDED_CURVE() B_SPLINE_CURVE(2,(#12669,#12670,#12671,#12672
    ,#12673,#12674,#12675),.UNSPECIFIED.,.T.,.F.) 
B_SPLINE_CURVE_WITH_KNOTS((1,2,2,2,2,1),(-2.094395102393,0.,
    2.094395102393,4.188790204786,6.28318530718,8.377580409573),
.UNSPECIFIED.) CURVE() GEOMETRIC_REPRESENTATION_ITEM() 
RATIONAL_B_SPLINE_CURVE((1.,0.5,1.,0.5,1.,0.5,1.)) REPRESENTATION_ITEM(
  '') );
#12669 = CARTESIAN_POINT('',(10.,92.));
#12670 = CARTESIAN_POINT('',(-7.320508075689,92.));
#12671 = CARTESIAN_POINT('',(1.339745962156,107.));
#12672 = CARTESIAN_POINT('',(10.,122.));
#12673 = CARTESIAN_POINT('',(18.660254037844,107.));
#12674 = CARTESIAN_POINT('',(27.320508075689,92.));
#12675 = CARTESIAN_POINT('',(10.,92.));
#12676 = ( GEOMETRIC_REPRESENTATION_CONTEXT(2) 
PARAMETRIC_REPRESENTATION_CONTEXT() REPRESENTATION_CONTEXT('2D SPACE',''
  ) );
#12677 = PCURVE('',#12313,#12678);
#12678 = DEFINITIONAL_REPRESENTATION('',(#12679),#12683);
#12679 = LINE('',#12680,#12681);
#12680 = CARTESIAN_POINT('',(1.570796326795,-0.));
#12681 = VECTOR('',#12682,1.);
#12682 = DIRECTION('',(-1.,0.));
#12683 = ( GEOMETRIC_REPRESENTATION_CONTEXT(2) 
PARAMETRIC_REPRESENTATION_CONTEXT() REPRESENTATION_CONTEXT('2D SPACE',''
  ) );
#12684 = FACE_BOUND('',#12685,.F.);
#12685 = EDGE_LOOP('',(#12686));
#12686 = ORIENTED_EDGE('',*,*,#12687,.T.);
#12687 = EDGE_CURVE('',#12688,#12688,#12690,.T.);
#12688 = VERTEX_POINT('',#12689);
#12689 = CARTESIAN_POINT('',(-30.9,-32.5,0.));
#12690 = SURFACE_CURVE('',#12691,(#12696,#12707),.PCURVE_S1.);
#12691 = CIRCLE('',#12692,1.6);
#12692 = AXIS2_PLACEMENT_3D('',#12693,#12694,#12695);
#12693 = CARTESIAN_POINT('',(-32.5,-32.5,0.));
#12694 = DIRECTION('',(0.,0.,-1.));
#12695 = DIRECTION('',(1.,0.,0.));
#12696 = PCURVE('',#12285,#12697);
#12697 = DEFINITIONAL_REPRESENTATION('',(#12698),#12706);
#12698 = ( BOUNDED_CURVE() B_SPLINE_CURVE(2,(#12699,#12700,#12701,#12702
    ,#12703,#12704,#12705),.UNSPECIFIED.,.T.,.F.) 
B_SPLINE_CURVE_WITH_KNOTS((1,2,2,2,2,1),(-2.094395102393,0.,
    2.094395102393,4.188790204786,6.28318530718,8.377580409573),
.UNSPECIFIED.) CURVE() GEOMETRIC_REPRESENTATION_ITEM() 
RATIONAL_B_SPLINE_CURVE((1.,0.5,1.,0.5,1.,0.5,1.)) REPRESENTATION_ITEM(
  '') );
#12699 = CARTESIAN_POINT('',(25.1,23.5));
#12700 = CARTESIAN_POINT('',(25.1,20.72871870789));
#12701 = CARTESIAN_POINT('',(22.7,22.114359353945));
#12702 = CARTESIAN_POINT('',(20.3,23.5));
#12703 = CARTESIAN_POINT('',(22.7,24.885640646055));
#12704 = CARTESIAN_POINT('',(25.1,26.27128129211));
#12705 = CARTESIAN_POINT('',(25.1,23.5));
#12706 = ( GEOMETRIC_REPRESENTATION_CONTEXT(2) 
PARAMETRIC_REPRESENTATION_CONTEXT() REPRESENTATION_CONTEXT('2D SPACE',''
  ) );
#12707 = PCURVE('',#12708,#12713);
#12708 = CYLINDRICAL_SURFACE('',#12709,1.6);
#12709 = AXIS2_PLACEMENT_3D('',#12710,#12711,#12712);
#12710 = CARTESIAN_POINT('',(-32.5,-32.5,-1.));
#12711 = DIRECTION('',(-0.,-0.,-1.));
#12712 = DIRECTION('',(1.,0.,0.));
#12713 = DEFINITIONAL_REPRESENTATION('',(#12714),#12718);
#12714 = LINE('',#12715,#12716);
#12715 = CARTESIAN_POINT('',(-6.28318530718,-1.));
#12716 = VECTOR('',#12717,1.);
#12717 = DIRECTION('',(1.,-0.));
#12718 = ( GEOMETRIC_REPRESENTATION_CONTEXT(2) 
PARAMETRIC_REPRESENTATION_CONTEXT() REPRESENTATION_CONTEXT('2D SPACE',''
  ) );
#12719 = FACE_BOUND('',#12720,.F.);
#12720 = EDGE_LOOP('',(#12721));
#12721 = ORIENTED_EDGE('',*,*,#12722,.T.);
#12722 = EDGE_CURVE('',#12723,#12723,#12725,.T.);
#12723 = VERTEX_POINT('',#12724);
#12724 = CARTESIAN_POINT('',(34.1,-32.5,0.));
#12725 = SURFACE_CURVE('',#12726,(#12731,#12742),.PCURVE_S1.);
#12726 = CIRCLE('',#12727,1.6);
#12727 = AXIS2_PLACEMENT_3D('',#12728,#12729,#12730);
#12728 = CARTESIAN_POINT('',(32.5,-32.5,0.));
#12729 = DIRECTION('',(0.,0.,-1.));
#12730 = DIRECTION('',(1.,0.,0.));
#12731 = PCURVE('',#12285,#12732);
#12732 = DEFINITIONAL_REPRESENTATION('',(#12733),#12741);
#12733 = ( BOUNDED_CURVE() B_SPLINE_CURVE(2,(#12734,#12735,#12736,#12737
    ,#12738,#12739,#12740),.UNSPECIFIED.,.T.,.F.) 
B_SPLINE_CURVE_WITH_KNOTS((1,2,2,2,2,1),(-2.094395102393,0.,
    2.094395102393,4.188790204786,6.28318530718,8.377580409573),
.UNSPECIFIED.) CURVE() GEOMETRIC_REPRESENTATION_ITEM() 
RATIONAL_B_SPLINE_CURVE((1.,0.5,1.,0.5,1.,0.5,1.)) REPRESENTATION_ITEM(
  '') );
#12734 = CARTESIAN_POINT('',(90.1,23.5));
#12735 = CARTESIAN_POINT('',(90.1,20.72871870789));
#12736 = CARTESIAN_POINT('',(87.7,22.114359353945));
#12737 = CARTESIAN_POINT('',(85.3,23.5));
#12738 = CARTESIAN_POINT('',(87.7,24.885640646055));
#12739 = CARTESIAN_POINT('',(90.1,26.27128129211));
#12740 = CARTESIAN_POINT('',(90.1,23.5));
#12741 = ( GEOMETRIC_REPRESENTATION_CONTEXT(2) 
PARAMETRIC_REPRESENTATION_CONTEXT() REPRESENTATION_CONTEXT('2D SPACE',''
  ) );
#12742 = PCURVE('',#12743,#12748);
#12743 = CYLINDRICAL_SURFACE('',#12744,1.6);
#12744 = AXIS2_PLACEMENT_3D('',#12745,#12746,#12747);
#12745 = CARTESIAN_POINT('',(32.5,-32.5,-1.));
#12746 = DIRECTION('',(-0.,-0.,-1.));
#12747 = DIRECTION('',(1.,0.,0.));
#12748 = DEFINITIONAL_REPRESENTATION('',(#12749),#12753);
#12749 = LINE('',#12750,#12751);
#12750 = CARTESIAN_POINT('',(-6.28318530718,-1.));
#12751 = VECTOR('',#12752,1.);
#12752 = DIRECTION('',(1.,-0.));
#12753 = ( GEOMETRIC_REPRESENTATION_CONTEXT(2) 
PARAMETRIC_REPRESENTATION_CONTEXT() REPRESENTATION_CONTEXT('2D SPACE',''
  ) );
#12754 = FACE_BOUND('',#12755,.F.);
#12755 = EDGE_LOOP('',(#12756));
#12756 = ORIENTED_EDGE('',*,*,#12757,.T.);
#12757 = EDGE_CURVE('',#12758,#12758,#12760,.T.);
#12758 = VERTEX_POINT('',#12759);
#12759 = CARTESIAN_POINT('',(-30.9,32.5,0.));
#12760 = SURFACE_CURVE('',#12761,(#12766,#12777),.PCURVE_S1.);
#12761 = CIRCLE('',#12762,1.6);
#12762 = AXIS2_PLACEMENT_3D('',#12763,#12764,#12765);
#12763 = CARTESIAN_POINT('',(-32.5,32.5,0.));
#12764 = DIRECTION('',(0.,0.,-1.));
#12765 = DIRECTION('',(1.,0.,0.));
#12766 = PCURVE('',#12285,#12767);
#12767 = DEFINITIONAL_REPRESENTATION('',(#12768),#12776);
#12768 = ( BOUNDED_CURVE() B_SPLINE_CURVE(2,(#12769,#12770,#12771,#12772
    ,#12773,#12774,#12775),.UNSPECIFIED.,.T.,.F.) 
B_SPLINE_CURVE_WITH_KNOTS((1,2,2,2,2,1),(-2.094395102393,0.,
    2.094395102393,4.188790204786,6.28318530718,8.377580409573),
.UNSPECIFIED.) CURVE() GEOMETRIC_REPRESENTATION_ITEM() 
RATIONAL_B_SPLINE_CURVE((1.,0.5,1.,0.5,1.,0.5,1.)) REPRESENTATION_ITEM(
  '') );
#12769 = CARTESIAN_POINT('',(25.1,88.5));
#12770 = CARTESIAN_POINT('',(25.1,85.72871870789));
#12771 = CARTESIAN_POINT('',(22.7,87.114359353945));
#12772 = CARTESIAN_POINT('',(20.3,88.5));
#12773 = CARTESIAN_POINT('',(22.7,89.885640646055));
#12774 = CARTESIAN_POINT('',(25.1,91.27128129211));
#12775 = CARTESIAN_POINT('',(25.1,88.5));
#12776 = ( GEOMETRIC_REPRESENTATION_CONTEXT(2) 
PARAMETRIC_REPRESENTATION_CONTEXT() REPRESENTATION_CONTEXT('2D SPACE',''
  ) );
#12777 = PCURVE('',#12778,#12783);
#12778 = CYLINDRICAL_SURFACE('',#12779,1.6);
#12779 = AXIS2_PLACEMENT_3D('',#12780,#12781,#12782);
#12780 = CARTESIAN_POINT('',(-32.5,32.5,-1.));
#12781 = DIRECTION('',(-0.,-0.,-1.));
#12782 = DIRECTION('',(1.,0.,0.));
#12783 = DEFINITIONAL_REPRESENTATION('',(#12784),#12788);
#12784 = LINE('',#12785,#12786);
#12785 = CARTESIAN_POINT('',(-6.28318530718,-1.));
#12786 = VECTOR('',#12787,1.);
#12787 = DIRECTION('',(1.,-0.));
#12788 = ( GEOMETRIC_REPRESENTATION_CONTEXT(2) 
PARAMETRIC_REPRESENTATION_CONTEXT() REPRESENTATION_CONTEXT('2D SPACE',''
  ) );
#12789 = FACE_BOUND('',#12790,.F.);
#12790 = EDGE_LOOP('',(#12791));
#12791 = ORIENTED_EDGE('',*,*,#12792,.T.);
#12792 = EDGE_CURVE('',#12793,#12793,#12795,.T.);
#12793 = VERTEX_POINT('',#12794);
#12794 = CARTESIAN_POINT('',(34.1,32.5,0.));
#12795 = SURFACE_CURVE('',#12796,(#12801,#12812),.PCURVE_S1.);
#12796 = CIRCLE('',#12797,1.6);
#12797 = AXIS2_PLACEMENT_3D('',#12798,#12799,#12800);
#12798 = CARTESIAN_POINT('',(32.5,32.5,0.));
#12799 = DIRECTION('',(0.,0.,-1.));
#12800 = DIRECTION('',(1.,0.,0.));
#12801 = PCURVE('',#12285,#12802);
#12802 = DEFINITIONAL_REPRESENTATION('',(#12803),#12811);
#12803 = ( BOUNDED_CURVE() B_SPLINE_CURVE(2,(#12804,#12805,#12806,#12807
    ,#12808,#12809,#12810),.UNSPECIFIED.,.T.,.F.) 
B_SPLINE_CURVE_WITH_KNOTS((1,2,2,2,2,1),(-2.094395102393,0.,
    2.094395102393,4.188790204786,6.28318530718,8.377580409573),
.UNSPECIFIED.) CURVE() GEOMETRIC_REPRESENTATION_ITEM() 
RATIONAL_B_SPLINE_CURVE((1.,0.5,1.,0.5,1.,0.5,1.)) REPRESENTATION_ITEM(
  '') );
#12804 = CARTESIAN_POINT('',(90.1,88.5));
#12805 = CARTESIAN_POINT('',(90.1,85.72871870789));
#12806 = CARTESIAN_POINT('',(87.7,87.114359353945));
#12807 = CARTESIAN_POINT('',(85.3,88.5));
#12808 = CARTESIAN_POINT('',(87.7,89.885640646055));
#12809 = CARTESIAN_POINT('',(90.1,91.27128129211));
#12810 = CARTESIAN_POINT('',(90.1,88.5));
#12811 = ( GEOMETRIC_REPRESENTATION_CONTEXT(2) 
PARAMETRIC_REPRESENTATION_CONTEXT() REPRESENTATION_CONTEXT('2D SPACE',''
  ) );
#12812 = PCURVE('',#12813,#12818);
#12813 = CYLINDRICAL_SURFACE('',#12814,1.6);
#12814 = AXIS2_PLACEMENT_3D('',#12815,#12816,#12817);
#12815 = CARTESIAN_POINT('',(32.5,32.5,-1.));
#12816 = DIRECTION('',(-0.,-0.,-1.));
#12817 = DIRECTION('',(1.,0.,0.));
#12818 = DEFINITIONAL_REPRESENTATION('',(#12819),#12823);
#12819 = LINE('',#12820,#12821);
#12820 = CARTESIAN_POINT('',(-6.28318530718,-1.));
#12821 = VECTOR('',#12822,1.);
#12822 = DIRECTION('',(1.,-0.));
#12823 = ( GEOMETRIC_REPRESENTATION_CONTEXT(2) 
PARAMETRIC_REPRESENTATION_CONTEXT() REPRESENTATION_CONTEXT('2D SPACE',''
  ) );
#12824 = ADVANCED_FACE('',(#12825),#12313,.T.);
#12825 = FACE_BOUND('',#12826,.F.);
#12826 = EDGE_LOOP('',(#12827,#12828,#12829,#12852));
#12827 = ORIENTED_EDGE('',*,*,#12297,.F.);
#12828 = ORIENTED_EDGE('',*,*,#12659,.T.);
#12829 = ORIENTED_EDGE('',*,*,#12830,.T.);
#12830 = EDGE_CURVE('',#12632,#12831,#12833,.T.);
#12831 = VERTEX_POINT('',#12832);
#12832 = CARTESIAN_POINT('',(-46.,56.,4.));
#12833 = SURFACE_CURVE('',#12834,(#12838,#12845),.PCURVE_S1.);
#12834 = LINE('',#12835,#12836);
#12835 = CARTESIAN_POINT('',(-46.,56.,0.));
#12836 = VECTOR('',#12837,1.);
#12837 = DIRECTION('',(0.,0.,1.));
#12838 = PCURVE('',#12313,#12839);
#12839 = DEFINITIONAL_REPRESENTATION('',(#12840),#12844);
#12840 = LINE('',#12841,#12842);
#12841 = CARTESIAN_POINT('',(-1.570796326795,0.));
#12842 = VECTOR('',#12843,1.);
#12843 = DIRECTION('',(-0.,1.));
#12844 = ( GEOMETRIC_REPRESENTATION_CONTEXT(2) 
PARAMETRIC_REPRESENTATION_CONTEXT() REPRESENTATION_CONTEXT('2D SPACE',''
  ) );
#12845 = PCURVE('',#12647,#12846);
#12846 = DEFINITIONAL_REPRESENTATION('',(#12847),#12851);
#12847 = LINE('',#12848,#12849);
#12848 = CARTESIAN_POINT('',(0.,10.));
#12849 = VECTOR('',#12850,1.);
#12850 = DIRECTION('',(1.,0.));
#12851 = ( GEOMETRIC_REPRESENTATION_CONTEXT(2) 
PARAMETRIC_REPRESENTATION_CONTEXT() REPRESENTATION_CONTEXT('2D SPACE',''
  ) );
#12852 = ORIENTED_EDGE('',*,*,#12853,.T.);
#12853 = EDGE_CURVE('',#12831,#12298,#12854,.T.);
#12854 = SURFACE_CURVE('',#12855,(#12860,#12867),.PCURVE_S1.);
#12855 = CIRCLE('',#12856,10.);
#12856 = AXIS2_PLACEMENT_3D('',#12857,#12858,#12859);
#12857 = CARTESIAN_POINT('',(-46.,46.,4.));
#12858 = DIRECTION('',(0.,0.,1.));
#12859 = DIRECTION('',(0.,1.,-0.));
#12860 = PCURVE('',#12313,#12861);
#12861 = DEFINITIONAL_REPRESENTATION('',(#12862),#12866);
#12862 = LINE('',#12863,#12864);
#12863 = CARTESIAN_POINT('',(-1.570796326795,4.));
#12864 = VECTOR('',#12865,1.);
#12865 = DIRECTION('',(1.,-0.));
#12866 = ( GEOMETRIC_REPRESENTATION_CONTEXT(2) 
PARAMETRIC_REPRESENTATION_CONTEXT() REPRESENTATION_CONTEXT('2D SPACE',''
  ) );
#12867 = PCURVE('',#12453,#12868);
#12868 = DEFINITIONAL_REPRESENTATION('',(#12869),#12873);
#12869 = LINE('',#12870,#12871);
#12870 = CARTESIAN_POINT('',(-0.,6.28318530718));
#12871 = VECTOR('',#12872,1.);
#12872 = DIRECTION('',(-1.,0.));
#12873 = ( GEOMETRIC_REPRESENTATION_CONTEXT(2) 
PARAMETRIC_REPRESENTATION_CONTEXT() REPRESENTATION_CONTEXT('2D SPACE',''
  ) );
#12874 = ADVANCED_FACE('',(#12875),#12422,.T.);
#12875 = FACE_BOUND('',#12876,.F.);
#12876 = EDGE_LOOP('',(#12877,#12878,#12902,#12927));
#12877 = ORIENTED_EDGE('',*,*,#12465,.F.);
#12878 = ORIENTED_EDGE('',*,*,#12879,.T.);
#12879 = EDGE_CURVE('',#12466,#12880,#12882,.T.);
#12880 = VERTEX_POINT('',#12881);
#12881 = CARTESIAN_POINT('',(-46.,-54.,6.));
#12882 = SURFACE_CURVE('',#12883,(#12888,#12895),.PCURVE_S1.);
#12883 = CIRCLE('',#12884,8.);
#12884 = AXIS2_PLACEMENT_3D('',#12885,#12886,#12887);
#12885 = CARTESIAN_POINT('',(-46.,-46.,6.));
#12886 = DIRECTION('',(0.,0.,1.));
#12887 = DIRECTION('',(-1.,0.,0.));
#12888 = PCURVE('',#12422,#12889);
#12889 = DEFINITIONAL_REPRESENTATION('',(#12890),#12894);
#12890 = LINE('',#12891,#12892);
#12891 = CARTESIAN_POINT('',(-0.,4.712388980385));
#12892 = VECTOR('',#12893,1.);
#12893 = DIRECTION('',(-1.,0.));
#12894 = ( GEOMETRIC_REPRESENTATION_CONTEXT(2) 
PARAMETRIC_REPRESENTATION_CONTEXT() REPRESENTATION_CONTEXT('2D SPACE',''
  ) );
#12895 = PCURVE('',#12501,#12896);
#12896 = DEFINITIONAL_REPRESENTATION('',(#12897),#12901);
#12897 = CIRCLE('',#12898,8.);
#12898 = AXIS2_PLACEMENT_2D('',#12899,#12900);
#12899 = CARTESIAN_POINT('',(10.,10.));
#12900 = DIRECTION('',(-1.,0.));
#12901 = ( GEOMETRIC_REPRESENTATION_CONTEXT(2) 
PARAMETRIC_REPRESENTATION_CONTEXT() REPRESENTATION_CONTEXT('2D SPACE',''
  ) );
#12902 = ORIENTED_EDGE('',*,*,#12903,.T.);
#12903 = EDGE_CURVE('',#12880,#12380,#12904,.T.);
#12904 = SURFACE_CURVE('',#12905,(#12910,#12916),.PCURVE_S1.);
#12905 = CIRCLE('',#12906,2.);
#12906 = AXIS2_PLACEMENT_3D('',#12907,#12908,#12909);
#12907 = CARTESIAN_POINT('',(-46.,-54.,4.));
#12908 = DIRECTION('',(1.,-6.123233995737E-17,0.));
#12909 = DIRECTION('',(-6.123233995737E-17,-1.,0.));
#12910 = PCURVE('',#12422,#12911);
#12911 = DEFINITIONAL_REPRESENTATION('',(#12912),#12915);
#12912 = B_SPLINE_CURVE_WITH_KNOTS('',1,(#12913,#12914),.UNSPECIFIED.,
  .F.,.F.,(2,2),(4.712388980385,6.28318530718),
  .PIECEWISE_BEZIER_KNOTS.);
#12913 = CARTESIAN_POINT('',(-1.570796326795,4.712388980385));
#12914 = CARTESIAN_POINT('',(-1.570796326795,6.28318530718));
#12915 = ( GEOMETRIC_REPRESENTATION_CONTEXT(2) 
PARAMETRIC_REPRESENTATION_CONTEXT() REPRESENTATION_CONTEXT('2D SPACE',''
  ) );
#12916 = PCURVE('',#12917,#12922);
#12917 = CYLINDRICAL_SURFACE('',#12918,2.);
#12918 = AXIS2_PLACEMENT_3D('',#12919,#12920,#12921);
#12919 = CARTESIAN_POINT('',(-46.,-54.,4.));
#12920 = DIRECTION('',(1.,0.,0.));
#12921 = DIRECTION('',(0.,0.,1.));
#12922 = DEFINITIONAL_REPRESENTATION('',(#12923),#12926);
#12923 = B_SPLINE_CURVE_WITH_KNOTS('',1,(#12924,#12925),.UNSPECIFIED.,
  .F.,.F.,(2,2),(4.712388980385,6.28318530718),
  .PIECEWISE_BEZIER_KNOTS.);
#12924 = CARTESIAN_POINT('',(0.,0.));
#12925 = CARTESIAN_POINT('',(1.570796326795,0.));
#12926 = ( GEOMETRIC_REPRESENTATION_CONTEXT(2) 
PARAMETRIC_REPRESENTATION_CONTEXT() REPRESENTATION_CONTEXT('2D SPACE',''
  ) );
#12927 = ORIENTED_EDGE('',*,*,#12407,.F.);
#12928 = ADVANCED_FACE('',(#12929),#12395,.F.);
#12929 = FACE_BOUND('',#12930,.F.);
#12930 = EDGE_LOOP('',(#12931,#12932,#12955,#12976));
#12931 = ORIENTED_EDGE('',*,*,#12379,.T.);
#12932 = ORIENTED_EDGE('',*,*,#12933,.T.);
#12933 = EDGE_CURVE('',#12380,#12934,#12936,.T.);
#12934 = VERTEX_POINT('',#12935);
#12935 = CARTESIAN_POINT('',(46.,-56.,4.));
#12936 = SURFACE_CURVE('',#12937,(#12941,#12948),.PCURVE_S1.);
#12937 = LINE('',#12938,#12939);
#12938 = CARTESIAN_POINT('',(-46.,-56.,4.));
#12939 = VECTOR('',#12940,1.);
#12940 = DIRECTION('',(1.,0.,0.));
#12941 = PCURVE('',#12395,#12942);
#12942 = DEFINITIONAL_REPRESENTATION('',(#12943),#12947);
#12943 = LINE('',#12944,#12945);
#12944 = CARTESIAN_POINT('',(4.,10.));
#12945 = VECTOR('',#12946,1.);
#12946 = DIRECTION('',(0.,1.));
#12947 = ( GEOMETRIC_REPRESENTATION_CONTEXT(2) 
PARAMETRIC_REPRESENTATION_CONTEXT() REPRESENTATION_CONTEXT('2D SPACE',''
  ) );
#12948 = PCURVE('',#12917,#12949);
#12949 = DEFINITIONAL_REPRESENTATION('',(#12950),#12954);
#12950 = LINE('',#12951,#12952);
#12951 = CARTESIAN_POINT('',(1.570796326795,0.));
#12952 = VECTOR('',#12953,1.);
#12953 = DIRECTION('',(0.,1.));
#12954 = ( GEOMETRIC_REPRESENTATION_CONTEXT(2) 
PARAMETRIC_REPRESENTATION_CONTEXT() REPRESENTATION_CONTEXT('2D SPACE',''
  ) );
#12955 = ORIENTED_EDGE('',*,*,#12956,.F.);
#12956 = EDGE_CURVE('',#12519,#12934,#12957,.T.);
#12957 = SURFACE_CURVE('',#12958,(#12962,#12969),.PCURVE_S1.);
#12958 = LINE('',#12959,#12960);
#12959 = CARTESIAN_POINT('',(46.,-56.,0.));
#12960 = VECTOR('',#12961,1.);
#12961 = DIRECTION('',(0.,0.,1.));
#12962 = PCURVE('',#12395,#12963);
#12963 = DEFINITIONAL_REPRESENTATION('',(#12964),#12968);
#12964 = LINE('',#12965,#12966);
#12965 = CARTESIAN_POINT('',(0.,102.));
#12966 = VECTOR('',#12967,1.);
#12967 = DIRECTION('',(1.,0.));
#12968 = ( GEOMETRIC_REPRESENTATION_CONTEXT(2) 
PARAMETRIC_REPRESENTATION_CONTEXT() REPRESENTATION_CONTEXT('2D SPACE',''
  ) );
#12969 = PCURVE('',#12562,#12970);
#12970 = DEFINITIONAL_REPRESENTATION('',(#12971),#12975);
#12971 = LINE('',#12972,#12973);
#12972 = CARTESIAN_POINT('',(-1.570796326795,0.));
#12973 = VECTOR('',#12974,1.);
#12974 = DIRECTION('',(-0.,1.));
#12975 = ( GEOMETRIC_REPRESENTATION_CONTEXT(2) 
PARAMETRIC_REPRESENTATION_CONTEXT() REPRESENTATION_CONTEXT('2D SPACE',''
  ) );
#12976 = ORIENTED_EDGE('',*,*,#12518,.F.);
#12977 = ADVANCED_FACE('',(#12978),#12453,.T.);
#12978 = FACE_BOUND('',#12979,.F.);
#12979 = EDGE_LOOP('',(#12980,#13007,#13029,#13030));
#12980 = ORIENTED_EDGE('',*,*,#12981,.F.);
#12981 = EDGE_CURVE('',#12982,#12831,#12984,.T.);
#12982 = VERTEX_POINT('',#12983);
#12983 = CARTESIAN_POINT('',(-46.,54.,6.));
#12984 = SURFACE_CURVE('',#12985,(#12990,#12996),.PCURVE_S1.);
#12985 = CIRCLE('',#12986,2.);
#12986 = AXIS2_PLACEMENT_3D('',#12987,#12988,#12989);
#12987 = CARTESIAN_POINT('',(-46.,54.,4.));
#12988 = DIRECTION('',(-1.,0.,-0.));
#12989 = DIRECTION('',(-0.,0.,1.));
#12990 = PCURVE('',#12453,#12991);
#12991 = DEFINITIONAL_REPRESENTATION('',(#12992),#12995);
#12992 = B_SPLINE_CURVE_WITH_KNOTS('',1,(#12993,#12994),.UNSPECIFIED.,
  .F.,.F.,(2,2),(0.,1.570796326795),.PIECEWISE_BEZIER_KNOTS.);
#12993 = CARTESIAN_POINT('',(0.,4.712388980385));
#12994 = CARTESIAN_POINT('',(0.,6.28318530718));
#12995 = ( GEOMETRIC_REPRESENTATION_CONTEXT(2) 
PARAMETRIC_REPRESENTATION_CONTEXT() REPRESENTATION_CONTEXT('2D SPACE',''
  ) );
#12996 = PCURVE('',#12997,#13002);
#12997 = CYLINDRICAL_SURFACE('',#12998,2.);
#12998 = AXIS2_PLACEMENT_3D('',#12999,#13000,#13001);
#12999 = CARTESIAN_POINT('',(46.,54.,4.));
#13000 = DIRECTION('',(-1.,-0.,-0.));
#13001 = DIRECTION('',(-0.,0.,1.));
#13002 = DEFINITIONAL_REPRESENTATION('',(#13003),#13006);
#13003 = B_SPLINE_CURVE_WITH_KNOTS('',1,(#13004,#13005),.UNSPECIFIED.,
  .F.,.F.,(2,2),(0.,1.570796326795),.PIECEWISE_BEZIER_KNOTS.);
#13004 = CARTESIAN_POINT('',(0.,92.));
#13005 = CARTESIAN_POINT('',(1.570796326795,92.));
#13006 = ( GEOMETRIC_REPRESENTATION_CONTEXT(2) 
PARAMETRIC_REPRESENTATION_CONTEXT() REPRESENTATION_CONTEXT('2D SPACE',''
  ) );
#13007 = ORIENTED_EDGE('',*,*,#13008,.T.);
#13008 = EDGE_CURVE('',#12982,#12438,#13009,.T.);
#13009 = SURFACE_CURVE('',#13010,(#13015,#13022),.PCURVE_S1.);
#13010 = CIRCLE('',#13011,8.);
#13011 = AXIS2_PLACEMENT_3D('',#13012,#13013,#13014);
#13012 = CARTESIAN_POINT('',(-46.,46.,6.));
#13013 = DIRECTION('',(0.,0.,1.));
#13014 = DIRECTION('',(0.,1.,-0.));
#13015 = PCURVE('',#12453,#13016);
#13016 = DEFINITIONAL_REPRESENTATION('',(#13017),#13021);
#13017 = LINE('',#13018,#13019);
#13018 = CARTESIAN_POINT('',(-0.,4.712388980385));
#13019 = VECTOR('',#13020,1.);
#13020 = DIRECTION('',(-1.,0.));
#13021 = ( GEOMETRIC_REPRESENTATION_CONTEXT(2) 
PARAMETRIC_REPRESENTATION_CONTEXT() REPRESENTATION_CONTEXT('2D SPACE',''
  ) );
#13022 = PCURVE('',#12501,#13023);
#13023 = DEFINITIONAL_REPRESENTATION('',(#13024),#13028);
#13024 = CIRCLE('',#13025,8.);
#13025 = AXIS2_PLACEMENT_2D('',#13026,#13027);
#13026 = CARTESIAN_POINT('',(10.,102.));
#13027 = DIRECTION('',(0.,1.));
#13028 = ( GEOMETRIC_REPRESENTATION_CONTEXT(2) 
PARAMETRIC_REPRESENTATION_CONTEXT() REPRESENTATION_CONTEXT('2D SPACE',''
  ) );
#13029 = ORIENTED_EDGE('',*,*,#12437,.T.);
#13030 = ORIENTED_EDGE('',*,*,#12853,.F.);
#13031 = ADVANCED_FACE('',(#13032,#13167,#13197,#13227,#13257),#12501,
  .T.);
#13032 = FACE_BOUND('',#13033,.T.);
#13033 = EDGE_LOOP('',(#13034,#13035,#13058,#13087,#13115,#13144,#13165,
    #13166));
#13034 = ORIENTED_EDGE('',*,*,#12879,.T.);
#13035 = ORIENTED_EDGE('',*,*,#13036,.T.);
#13036 = EDGE_CURVE('',#12880,#13037,#13039,.T.);
#13037 = VERTEX_POINT('',#13038);
#13038 = CARTESIAN_POINT('',(46.,-54.,6.));
#13039 = SURFACE_CURVE('',#13040,(#13044,#13051),.PCURVE_S1.);
#13040 = LINE('',#13041,#13042);
#13041 = CARTESIAN_POINT('',(-46.,-54.,6.));
#13042 = VECTOR('',#13043,1.);
#13043 = DIRECTION('',(1.,0.,0.));
#13044 = PCURVE('',#12501,#13045);
#13045 = DEFINITIONAL_REPRESENTATION('',(#13046),#13050);
#13046 = LINE('',#13047,#13048);
#13047 = CARTESIAN_POINT('',(10.,2.));
#13048 = VECTOR('',#13049,1.);
#13049 = DIRECTION('',(1.,0.));
#13050 = ( GEOMETRIC_REPRESENTATION_CONTEXT(2) 
PARAMETRIC_REPRESENTATION_CONTEXT() REPRESENTATION_CONTEXT('2D SPACE',''
  ) );
#13051 = PCURVE('',#12917,#13052);
#13052 = DEFINITIONAL_REPRESENTATION('',(#13053),#13057);
#13053 = LINE('',#13054,#13055);
#13054 = CARTESIAN_POINT('',(0.,0.));
#13055 = VECTOR('',#13056,1.);
#13056 = DIRECTION('',(0.,1.));
#13057 = ( GEOMETRIC_REPRESENTATION_CONTEXT(2) 
PARAMETRIC_REPRESENTATION_CONTEXT() REPRESENTATION_CONTEXT('2D SPACE',''
  ) );
#13058 = ORIENTED_EDGE('',*,*,#13059,.T.);
#13059 = EDGE_CURVE('',#13037,#13060,#13062,.T.);
#13060 = VERTEX_POINT('',#13061);
#13061 = CARTESIAN_POINT('',(54.,-46.,6.));
#13062 = SURFACE_CURVE('',#13063,(#13068,#13075),.PCURVE_S1.);
#13063 = CIRCLE('',#13064,8.);
#13064 = AXIS2_PLACEMENT_3D('',#13065,#13066,#13067);
#13065 = CARTESIAN_POINT('',(46.,-46.,6.));
#13066 = DIRECTION('',(0.,0.,1.));
#13067 = DIRECTION('',(0.,-1.,0.));
#13068 = PCURVE('',#12501,#13069);
#13069 = DEFINITIONAL_REPRESENTATION('',(#13070),#13074);
#13070 = CIRCLE('',#13071,8.);
#13071 = AXIS2_PLACEMENT_2D('',#13072,#13073);
#13072 = CARTESIAN_POINT('',(102.,10.));
#13073 = DIRECTION('',(0.,-1.));
#13074 = ( GEOMETRIC_REPRESENTATION_CONTEXT(2) 
PARAMETRIC_REPRESENTATION_CONTEXT() REPRESENTATION_CONTEXT('2D SPACE',''
  ) );
#13075 = PCURVE('',#13076,#13081);
#13076 = TOROIDAL_SURFACE('',#13077,8.,2.);
#13077 = AXIS2_PLACEMENT_3D('',#13078,#13079,#13080);
#13078 = CARTESIAN_POINT('',(46.,-46.,4.));
#13079 = DIRECTION('',(-0.,-0.,-1.));
#13080 = DIRECTION('',(0.,-1.,0.));
#13081 = DEFINITIONAL_REPRESENTATION('',(#13082),#13086);
#13082 = LINE('',#13083,#13084);
#13083 = CARTESIAN_POINT('',(-0.,4.712388980385));
#13084 = VECTOR('',#13085,1.);
#13085 = DIRECTION('',(-1.,0.));
#13086 = ( GEOMETRIC_REPRESENTATION_CONTEXT(2) 
PARAMETRIC_REPRESENTATION_CONTEXT() REPRESENTATION_CONTEXT('2D SPACE',''
  ) );
#13087 = ORIENTED_EDGE('',*,*,#13088,.T.);
#13088 = EDGE_CURVE('',#13060,#13089,#13091,.T.);
#13089 = VERTEX_POINT('',#13090);
#13090 = CARTESIAN_POINT('',(54.,46.,6.));
#13091 = SURFACE_CURVE('',#13092,(#13096,#13103),.PCURVE_S1.);
#13092 = LINE('',#13093,#13094);
#13093 = CARTESIAN_POINT('',(54.,-46.,6.));
#13094 = VECTOR('',#13095,1.);
#13095 = DIRECTION('',(0.,1.,0.));
#13096 = PCURVE('',#12501,#13097);
#13097 = DEFINITIONAL_REPRESENTATION('',(#13098),#13102);
#13098 = LINE('',#13099,#13100);
#13099 = CARTESIAN_POINT('',(110.,10.));
#13100 = VECTOR('',#13101,1.);
#13101 = DIRECTION('',(0.,1.));
#13102 = ( GEOMETRIC_REPRESENTATION_CONTEXT(2) 
PARAMETRIC_REPRESENTATION_CONTEXT() REPRESENTATION_CONTEXT('2D SPACE',''
  ) );
#13103 = PCURVE('',#13104,#13109);
#13104 = CYLINDRICAL_SURFACE('',#13105,2.);
#13105 = AXIS2_PLACEMENT_3D('',#13106,#13107,#13108);
#13106 = CARTESIAN_POINT('',(54.,-46.,4.));
#13107 = DIRECTION('',(0.,1.,0.));
#13108 = DIRECTION('',(0.,-0.,1.));
#13109 = DEFINITIONAL_REPRESENTATION('',(#13110),#13114);
#13110 = LINE('',#13111,#13112);
#13111 = CARTESIAN_POINT('',(0.,0.));
#13112 = VECTOR('',#13113,1.);
#13113 = DIRECTION('',(0.,1.));
#13114 = ( GEOMETRIC_REPRESENTATION_CONTEXT(2) 
PARAMETRIC_REPRESENTATION_CONTEXT() REPRESENTATION_CONTEXT('2D SPACE',''
  ) );
#13115 = ORIENTED_EDGE('',*,*,#13116,.T.);
#13116 = EDGE_CURVE('',#13089,#13117,#13119,.T.);
#13117 = VERTEX_POINT('',#13118);
#13118 = CARTESIAN_POINT('',(46.,54.,6.));
#13119 = SURFACE_CURVE('',#13120,(#13125,#13132),.PCURVE_S1.);
#13120 = CIRCLE('',#13121,8.);
#13121 = AXIS2_PLACEMENT_3D('',#13122,#13123,#13124);
#13122 = CARTESIAN_POINT('',(46.,46.,6.));
#13123 = DIRECTION('',(0.,0.,1.));
#13124 = DIRECTION('',(1.,0.,-0.));
#13125 = PCURVE('',#12501,#13126);
#13126 = DEFINITIONAL_REPRESENTATION('',(#13127),#13131);
#13127 = CIRCLE('',#13128,8.);
#13128 = AXIS2_PLACEMENT_2D('',#13129,#13130);
#13129 = CARTESIAN_POINT('',(102.,102.));
#13130 = DIRECTION('',(1.,0.));
#13131 = ( GEOMETRIC_REPRESENTATION_CONTEXT(2) 
PARAMETRIC_REPRESENTATION_CONTEXT() REPRESENTATION_CONTEXT('2D SPACE',''
  ) );
#13132 = PCURVE('',#13133,#13138);
#13133 = TOROIDAL_SURFACE('',#13134,8.,2.);
#13134 = AXIS2_PLACEMENT_3D('',#13135,#13136,#13137);
#13135 = CARTESIAN_POINT('',(46.,46.,4.));
#13136 = DIRECTION('',(-0.,-0.,-1.));
#13137 = DIRECTION('',(1.,0.,0.));
#13138 = DEFINITIONAL_REPRESENTATION('',(#13139),#13143);
#13139 = LINE('',#13140,#13141);
#13140 = CARTESIAN_POINT('',(-0.,4.712388980385));
#13141 = VECTOR('',#13142,1.);
#13142 = DIRECTION('',(-1.,0.));
#13143 = ( GEOMETRIC_REPRESENTATION_CONTEXT(2) 
PARAMETRIC_REPRESENTATION_CONTEXT() REPRESENTATION_CONTEXT('2D SPACE',''
  ) );
#13144 = ORIENTED_EDGE('',*,*,#13145,.T.);
#13145 = EDGE_CURVE('',#13117,#12982,#13146,.T.);
#13146 = SURFACE_CURVE('',#13147,(#13151,#13158),.PCURVE_S1.);
#13147 = LINE('',#13148,#13149);
#13148 = CARTESIAN_POINT('',(46.,54.,6.));
#13149 = VECTOR('',#13150,1.);
#13150 = DIRECTION('',(-1.,-0.,-0.));
#13151 = PCURVE('',#12501,#13152);
#13152 = DEFINITIONAL_REPRESENTATION('',(#13153),#13157);
#13153 = LINE('',#13154,#13155);
#13154 = CARTESIAN_POINT('',(102.,110.));
#13155 = VECTOR('',#13156,1.);
#13156 = DIRECTION('',(-1.,-0.));
#13157 = ( GEOMETRIC_REPRESENTATION_CONTEXT(2) 
PARAMETRIC_REPRESENTATION_CONTEXT() REPRESENTATION_CONTEXT('2D SPACE',''
  ) );
#13158 = PCURVE('',#12997,#13159);
#13159 = DEFINITIONAL_REPRESENTATION('',(#13160),#13164);
#13160 = LINE('',#13161,#13162);
#13161 = CARTESIAN_POINT('',(0.,0.));
#13162 = VECTOR('',#13163,1.);
#13163 = DIRECTION('',(0.,1.));
#13164 = ( GEOMETRIC_REPRESENTATION_CONTEXT(2) 
PARAMETRIC_REPRESENTATION_CONTEXT() REPRESENTATION_CONTEXT('2D SPACE',''
  ) );
#13165 = ORIENTED_EDGE('',*,*,#13008,.T.);
#13166 = ORIENTED_EDGE('',*,*,#12487,.T.);
#13167 = FACE_BOUND('',#13168,.T.);
#13168 = EDGE_LOOP('',(#13169));
#13169 = ORIENTED_EDGE('',*,*,#13170,.T.);
#13170 = EDGE_CURVE('',#13171,#13171,#13173,.T.);
#13171 = VERTEX_POINT('',#13172);
#13172 = CARTESIAN_POINT('',(-30.9,-32.5,6.));
#13173 = SURFACE_CURVE('',#13174,(#13179,#13190),.PCURVE_S1.);
#13174 = CIRCLE('',#13175,1.6);
#13175 = AXIS2_PLACEMENT_3D('',#13176,#13177,#13178);
#13176 = CARTESIAN_POINT('',(-32.5,-32.5,6.));
#13177 = DIRECTION('',(0.,0.,-1.));
#13178 = DIRECTION('',(1.,0.,0.));
#13179 = PCURVE('',#12501,#13180);
#13180 = DEFINITIONAL_REPRESENTATION('',(#13181),#13189);
#13181 = ( BOUNDED_CURVE() B_SPLINE_CURVE(2,(#13182,#13183,#13184,#13185
    ,#13186,#13187,#13188),.UNSPECIFIED.,.T.,.F.) 
B_SPLINE_CURVE_WITH_KNOTS((1,2,2,2,2,1),(-2.094395102393,0.,
    2.094395102393,4.188790204786,6.28318530718,8.377580409573),
.UNSPECIFIED.) CURVE() GEOMETRIC_REPRESENTATION_ITEM() 
RATIONAL_B_SPLINE_CURVE((1.,0.5,1.,0.5,1.,0.5,1.)) REPRESENTATION_ITEM(
  '') );
#13182 = CARTESIAN_POINT('',(25.1,23.5));
#13183 = CARTESIAN_POINT('',(25.1,20.72871870789));
#13184 = CARTESIAN_POINT('',(22.7,22.114359353945));
#13185 = CARTESIAN_POINT('',(20.3,23.5));
#13186 = CARTESIAN_POINT('',(22.7,24.885640646055));
#13187 = CARTESIAN_POINT('',(25.1,26.27128129211));
#13188 = CARTESIAN_POINT('',(25.1,23.5));
#13189 = ( GEOMETRIC_REPRESENTATION_CONTEXT(2) 
PARAMETRIC_REPRESENTATION_CONTEXT() REPRESENTATION_CONTEXT('2D SPACE',''
  ) );
#13190 = PCURVE('',#12708,#13191);
#13191 = DEFINITIONAL_REPRESENTATION('',(#13192),#13196);
#13192 = LINE('',#13193,#13194);
#13193 = CARTESIAN_POINT('',(-6.28318530718,-7.));
#13194 = VECTOR('',#13195,1.);
#13195 = DIRECTION('',(1.,-0.));
#13196 = ( GEOMETRIC_REPRESENTATION_CONTEXT(2) 
PARAMETRIC_REPRESENTATION_CONTEXT() REPRESENTATION_CONTEXT('2D SPACE',''
  ) );
#13197 = FACE_BOUND('',#13198,.T.);
#13198 = EDGE_LOOP('',(#13199));
#13199 = ORIENTED_EDGE('',*,*,#13200,.T.);
#13200 = EDGE_CURVE('',#13201,#13201,#13203,.T.);
#13201 = VERTEX_POINT('',#13202);
#13202 = CARTESIAN_POINT('',(34.1,-32.5,6.));
#13203 = SURFACE_CURVE('',#13204,(#13209,#13220),.PCURVE_S1.);
#13204 = CIRCLE('',#13205,1.6);
#13205 = AXIS2_PLACEMENT_3D('',#13206,#13207,#13208);
#13206 = CARTESIAN_POINT('',(32.5,-32.5,6.));
#13207 = DIRECTION('',(0.,0.,-1.));
#13208 = DIRECTION('',(1.,0.,0.));
#13209 = PCURVE('',#12501,#13210);
#13210 = DEFINITIONAL_REPRESENTATION('',(#13211),#13219);
#13211 = ( BOUNDED_CURVE() B_SPLINE_CURVE(2,(#13212,#13213,#13214,#13215
    ,#13216,#13217,#13218),.UNSPECIFIED.,.T.,.F.) 
B_SPLINE_CURVE_WITH_KNOTS((1,2,2,2,2,1),(-2.094395102393,0.,
    2.094395102393,4.188790204786,6.28318530718,8.377580409573),
.UNSPECIFIED.) CURVE() GEOMETRIC_REPRESENTATION_ITEM() 
RATIONAL_B_SPLINE_CURVE((1.,0.5,1.,0.5,1.,0.5,1.)) REPRESENTATION_ITEM(
  '') );
#13212 = CARTESIAN_POINT('',(90.1,23.5));
#13213 = CARTESIAN_POINT('',(90.1,20.72871870789));
#13214 = CARTESIAN_POINT('',(87.7,22.114359353945));
#13215 = CARTESIAN_POINT('',(85.3,23.5));
#13216 = CARTESIAN_POINT('',(87.7,24.885640646055));
#13217 = CARTESIAN_POINT('',(90.1,26.27128129211));
#13218 = CARTESIAN_POINT('',(90.1,23.5));
#13219 = ( GEOMETRIC_REPRESENTATION_CONTEXT(2) 
PARAMETRIC_REPRESENTATION_CONTEXT() REPRESENTATION_CONTEXT('2D SPACE',''
  ) );
#13220 = PCURVE('',#12743,#13221);
#13221 = DEFINITIONAL_REPRESENTATION('',(#13222),#13226);
#13222 = LINE('',#13223,#13224);
#13223 = CARTESIAN_POINT('',(-6.28318530718,-7.));
#13224 = VECTOR('',#13225,1.);
#13225 = DIRECTION('',(1.,-0.));
#13226 = ( GEOMETRIC_REPRESENTATION_CONTEXT(2) 
PARAMETRIC_REPRESENTATION_CONTEXT() REPRESENTATION_CONTEXT('2D SPACE',''
  ) );
#13227 = FACE_BOUND('',#13228,.T.);
#13228 = EDGE_LOOP('',(#13229));
#13229 = ORIENTED_EDGE('',*,*,#13230,.T.);
#13230 = EDGE_CURVE('',#13231,#13231,#13233,.T.);
#13231 = VERTEX_POINT('',#13232);
#13232 = CARTESIAN_POINT('',(-30.9,32.5,6.));
#13233 = SURFACE_CURVE('',#13234,(#13239,#13250),.PCURVE_S1.);
#13234 = CIRCLE('',#13235,1.6);
#13235 = AXIS2_PLACEMENT_3D('',#13236,#13237,#13238);
#13236 = CARTESIAN_POINT('',(-32.5,32.5,6.));
#13237 = DIRECTION('',(0.,0.,-1.));
#13238 = DIRECTION('',(1.,0.,0.));
#13239 = PCURVE('',#12501,#13240);
#13240 = DEFINITIONAL_REPRESENTATION('',(#13241),#13249);
#13241 = ( BOUNDED_CURVE() B_SPLINE_CURVE(2,(#13242,#13243,#13244,#13245
    ,#13246,#13247,#13248),.UNSPECIFIED.,.T.,.F.) 
B_SPLINE_CURVE_WITH_KNOTS((1,2,2,2,2,1),(-2.094395102393,0.,
    2.094395102393,4.188790204786,6.28318530718,8.377580409573),
.UNSPECIFIED.) CURVE() GEOMETRIC_REPRESENTATION_ITEM() 
RATIONAL_B_SPLINE_CURVE((1.,0.5,1.,0.5,1.,0.5,1.)) REPRESENTATION_ITEM(
  '') );
#13242 = CARTESIAN_POINT('',(25.1,88.5));
#13243 = CARTESIAN_POINT('',(25.1,85.72871870789));
#13244 = CARTESIAN_POINT('',(22.7,87.114359353945));
#13245 = CARTESIAN_POINT('',(20.3,88.5));
#13246 = CARTESIAN_POINT('',(22.7,89.885640646055));
#13247 = CARTESIAN_POINT('',(25.1,91.27128129211));
#13248 = CARTESIAN_POINT('',(25.1,88.5));
#13249 = ( GEOMETRIC_REPRESENTATION_CONTEXT(2) 
PARAMETRIC_REPRESENTATION_CONTEXT() REPRESENTATION_CONTEXT('2D SPACE',''
  ) );
#13250 = PCURVE('',#12778,#13251);
#13251 = DEFINITIONAL_REPRESENTATION('',(#13252),#13256);
#13252 = LINE('',#13253,#13254);
#13253 = CARTESIAN_POINT('',(-6.28318530718,-7.));
#13254 = VECTOR('',#13255,1.);
#13255 = DIRECTION('',(1.,-0.));
#13256 = ( GEOMETRIC_REPRESENTATION_CONTEXT(2) 
PARAMETRIC_REPRESENTATION_CONTEXT() REPRESENTATION_CONTEXT('2D SPACE',''
  ) );
#13257 = FACE_BOUND('',#13258,.T.);
#13258 = EDGE_LOOP('',(#13259));
#13259 = ORIENTED_EDGE('',*,*,#13260,.T.);
#13260 = EDGE_CURVE('',#13261,#13261,#13263,.T.);
#13261 = VERTEX_POINT('',#13262);
#13262 = CARTESIAN_POINT('',(34.1,32.5,6.));
#13263 = SURFACE_CURVE('',#13264,(#13269,#13280),.PCURVE_S1.);
#13264 = CIRCLE('',#13265,1.6);
#13265 = AXIS2_PLACEMENT_3D('',#13266,#13267,#13268);
#13266 = CARTESIAN_POINT('',(32.5,32.5,6.));
#13267 = DIRECTION('',(0.,0.,-1.));
#13268 = DIRECTION('',(1.,0.,0.));
#13269 = PCURVE('',#12501,#13270);
#13270 = DEFINITIONAL_REPRESENTATION('',(#13271),#13279);
#13271 = ( BOUNDED_CURVE() B_SPLINE_CURVE(2,(#13272,#13273,#13274,#13275
    ,#13276,#13277,#13278),.UNSPECIFIED.,.T.,.F.) 
B_SPLINE_CURVE_WITH_KNOTS((1,2,2,2,2,1),(-2.094395102393,0.,
    2.094395102393,4.188790204786,6.28318530718,8.377580409573),
.UNSPECIFIED.) CURVE() GEOMETRIC_REPRESENTATION_ITEM() 
RATIONAL_B_SPLINE_CURVE((1.,0.5,1.,0.5,1.,0.5,1.)) REPRESENTATION_ITEM(
  '') );
#13272 = CARTESIAN_POINT('',(90.1,88.5));
#13273 = CARTESIAN_POINT('',(90.1,85.72871870789));
#13274 = CARTESIAN_POINT('',(87.7,87.114359353945));
#13275 = CARTESIAN_POINT('',(85.3,88.5));
#13276 = CARTESIAN_POINT('',(87.7,89.885640646055));
#13277 = CARTESIAN_POINT('',(90.1,91.27128129211));
#13278 = CARTESIAN_POINT('',(90.1,88.5));
#13279 = ( GEOMETRIC_REPRESENTATION_CONTEXT(2) 
PARAMETRIC_REPRESENTATION_CONTEXT() REPRESENTATION_CONTEXT('2D SPACE',''
  ) );
#13280 = PCURVE('',#12813,#13281);
#13281 = DEFINITIONAL_REPRESENTATION('',(#13282),#13286);
#13282 = LINE('',#13283,#13284);
#13283 = CARTESIAN_POINT('',(-6.28318530718,-7.));
#13284 = VECTOR('',#13285,1.);
#13285 = DIRECTION('',(1.,-0.));
#13286 = ( GEOMETRIC_REPRESENTATION_CONTEXT(2) 
PARAMETRIC_REPRESENTATION_CONTEXT() REPRESENTATION_CONTEXT('2D SPACE',''
  ) );
#13287 = ADVANCED_FACE('',(#13288),#12647,.T.);
#13288 = FACE_BOUND('',#13289,.T.);
#13289 = EDGE_LOOP('',(#13290,#13291,#13314,#13335));
#13290 = ORIENTED_EDGE('',*,*,#12830,.T.);
#13291 = ORIENTED_EDGE('',*,*,#13292,.F.);
#13292 = EDGE_CURVE('',#13293,#12831,#13295,.T.);
#13293 = VERTEX_POINT('',#13294);
#13294 = CARTESIAN_POINT('',(46.,56.,4.));
#13295 = SURFACE_CURVE('',#13296,(#13300,#13307),.PCURVE_S1.);
#13296 = LINE('',#13297,#13298);
#13297 = CARTESIAN_POINT('',(46.,56.,4.));
#13298 = VECTOR('',#13299,1.);
#13299 = DIRECTION('',(-1.,-0.,-0.));
#13300 = PCURVE('',#12647,#13301);
#13301 = DEFINITIONAL_REPRESENTATION('',(#13302),#13306);
#13302 = LINE('',#13303,#13304);
#13303 = CARTESIAN_POINT('',(4.,102.));
#13304 = VECTOR('',#13305,1.);
#13305 = DIRECTION('',(-0.,-1.));
#13306 = ( GEOMETRIC_REPRESENTATION_CONTEXT(2) 
PARAMETRIC_REPRESENTATION_CONTEXT() REPRESENTATION_CONTEXT('2D SPACE',''
  ) );
#13307 = PCURVE('',#12997,#13308);
#13308 = DEFINITIONAL_REPRESENTATION('',(#13309),#13313);
#13309 = LINE('',#13310,#13311);
#13310 = CARTESIAN_POINT('',(1.570796326795,0.));
#13311 = VECTOR('',#13312,1.);
#13312 = DIRECTION('',(0.,1.));
#13313 = ( GEOMETRIC_REPRESENTATION_CONTEXT(2) 
PARAMETRIC_REPRESENTATION_CONTEXT() REPRESENTATION_CONTEXT('2D SPACE',''
  ) );
#13314 = ORIENTED_EDGE('',*,*,#13315,.F.);
#13315 = EDGE_CURVE('',#12603,#13293,#13316,.T.);
#13316 = SURFACE_CURVE('',#13317,(#13321,#13328),.PCURVE_S1.);
#13317 = LINE('',#13318,#13319);
#13318 = CARTESIAN_POINT('',(46.,56.,0.));
#13319 = VECTOR('',#13320,1.);
#13320 = DIRECTION('',(0.,0.,1.));
#13321 = PCURVE('',#12647,#13322);
#13322 = DEFINITIONAL_REPRESENTATION('',(#13323),#13327);
#13323 = LINE('',#13324,#13325);
#13324 = CARTESIAN_POINT('',(0.,102.));
#13325 = VECTOR('',#13326,1.);
#13326 = DIRECTION('',(1.,0.));
#13327 = ( GEOMETRIC_REPRESENTATION_CONTEXT(2) 
PARAMETRIC_REPRESENTATION_CONTEXT() REPRESENTATION_CONTEXT('2D SPACE',''
  ) );
#13328 = PCURVE('',#12619,#13329);
#13329 = DEFINITIONAL_REPRESENTATION('',(#13330),#13334);
#13330 = LINE('',#13331,#13332);
#13331 = CARTESIAN_POINT('',(1.570796326795,0.));
#13332 = VECTOR('',#13333,1.);
#13333 = DIRECTION('',(0.,1.));
#13334 = ( GEOMETRIC_REPRESENTATION_CONTEXT(2) 
PARAMETRIC_REPRESENTATION_CONTEXT() REPRESENTATION_CONTEXT('2D SPACE',''
  ) );
#13335 = ORIENTED_EDGE('',*,*,#12631,.F.);
#13336 = ADVANCED_FACE('',(#13337),#12562,.T.);
#13337 = FACE_BOUND('',#13338,.F.);
#13338 = EDGE_LOOP('',(#13339,#13362,#13363,#13364));
#13339 = ORIENTED_EDGE('',*,*,#13340,.F.);
#13340 = EDGE_CURVE('',#12542,#13341,#13343,.T.);
#13341 = VERTEX_POINT('',#13342);
#13342 = CARTESIAN_POINT('',(56.,-46.,4.));
#13343 = SURFACE_CURVE('',#13344,(#13348,#13355),.PCURVE_S1.);
#13344 = LINE('',#13345,#13346);
#13345 = CARTESIAN_POINT('',(56.,-46.,0.));
#13346 = VECTOR('',#13347,1.);
#13347 = DIRECTION('',(0.,0.,1.));
#13348 = PCURVE('',#12562,#13349);
#13349 = DEFINITIONAL_REPRESENTATION('',(#13350),#13354);
#13350 = LINE('',#13351,#13352);
#13351 = CARTESIAN_POINT('',(-0.,0.));
#13352 = VECTOR('',#13353,1.);
#13353 = DIRECTION('',(-0.,1.));
#13354 = ( GEOMETRIC_REPRESENTATION_CONTEXT(2) 
PARAMETRIC_REPRESENTATION_CONTEXT() REPRESENTATION_CONTEXT('2D SPACE',''
  ) );
#13355 = PCURVE('',#12590,#13356);
#13356 = DEFINITIONAL_REPRESENTATION('',(#13357),#13361);
#13357 = LINE('',#13358,#13359);
#13358 = CARTESIAN_POINT('',(0.,-10.));
#13359 = VECTOR('',#13360,1.);
#13360 = DIRECTION('',(1.,0.));
#13361 = ( GEOMETRIC_REPRESENTATION_CONTEXT(2) 
PARAMETRIC_REPRESENTATION_CONTEXT() REPRESENTATION_CONTEXT('2D SPACE',''
  ) );
#13362 = ORIENTED_EDGE('',*,*,#12541,.T.);
#13363 = ORIENTED_EDGE('',*,*,#12956,.T.);
#13364 = ORIENTED_EDGE('',*,*,#13365,.T.);
#13365 = EDGE_CURVE('',#12934,#13341,#13366,.T.);
#13366 = SURFACE_CURVE('',#13367,(#13372,#13379),.PCURVE_S1.);
#13367 = CIRCLE('',#13368,10.);
#13368 = AXIS2_PLACEMENT_3D('',#13369,#13370,#13371);
#13369 = CARTESIAN_POINT('',(46.,-46.,4.));
#13370 = DIRECTION('',(0.,0.,1.));
#13371 = DIRECTION('',(0.,-1.,0.));
#13372 = PCURVE('',#12562,#13373);
#13373 = DEFINITIONAL_REPRESENTATION('',(#13374),#13378);
#13374 = LINE('',#13375,#13376);
#13375 = CARTESIAN_POINT('',(-1.570796326795,4.));
#13376 = VECTOR('',#13377,1.);
#13377 = DIRECTION('',(1.,-0.));
#13378 = ( GEOMETRIC_REPRESENTATION_CONTEXT(2) 
PARAMETRIC_REPRESENTATION_CONTEXT() REPRESENTATION_CONTEXT('2D SPACE',''
  ) );
#13379 = PCURVE('',#13076,#13380);
#13380 = DEFINITIONAL_REPRESENTATION('',(#13381),#13385);
#13381 = LINE('',#13382,#13383);
#13382 = CARTESIAN_POINT('',(-0.,6.28318530718));
#13383 = VECTOR('',#13384,1.);
#13384 = DIRECTION('',(-1.,0.));
#13385 = ( GEOMETRIC_REPRESENTATION_CONTEXT(2) 
PARAMETRIC_REPRESENTATION_CONTEXT() REPRESENTATION_CONTEXT('2D SPACE',''
  ) );
#13386 = ADVANCED_FACE('',(#13387),#12619,.T.);
#13387 = FACE_BOUND('',#13388,.T.);
#13388 = EDGE_LOOP('',(#13389,#13412,#13413,#13414));
#13389 = ORIENTED_EDGE('',*,*,#13390,.F.);
#13390 = EDGE_CURVE('',#12575,#13391,#13393,.T.);
#13391 = VERTEX_POINT('',#13392);
#13392 = CARTESIAN_POINT('',(56.,46.,4.));
#13393 = SURFACE_CURVE('',#13394,(#13398,#13405),.PCURVE_S1.);
#13394 = LINE('',#13395,#13396);
#13395 = CARTESIAN_POINT('',(56.,46.,0.));
#13396 = VECTOR('',#13397,1.);
#13397 = DIRECTION('',(0.,0.,1.));
#13398 = PCURVE('',#12619,#13399);
#13399 = DEFINITIONAL_REPRESENTATION('',(#13400),#13404);
#13400 = LINE('',#13401,#13402);
#13401 = CARTESIAN_POINT('',(0.,0.));
#13402 = VECTOR('',#13403,1.);
#13403 = DIRECTION('',(0.,1.));
#13404 = ( GEOMETRIC_REPRESENTATION_CONTEXT(2) 
PARAMETRIC_REPRESENTATION_CONTEXT() REPRESENTATION_CONTEXT('2D SPACE',''
  ) );
#13405 = PCURVE('',#12590,#13406);
#13406 = DEFINITIONAL_REPRESENTATION('',(#13407),#13411);
#13407 = LINE('',#13408,#13409);
#13408 = CARTESIAN_POINT('',(0.,-102.));
#13409 = VECTOR('',#13410,1.);
#13410 = DIRECTION('',(1.,0.));
#13411 = ( GEOMETRIC_REPRESENTATION_CONTEXT(2) 
PARAMETRIC_REPRESENTATION_CONTEXT() REPRESENTATION_CONTEXT('2D SPACE',''
  ) );
#13412 = ORIENTED_EDGE('',*,*,#12602,.T.);
#13413 = ORIENTED_EDGE('',*,*,#13315,.T.);
#13414 = ORIENTED_EDGE('',*,*,#13415,.F.);
#13415 = EDGE_CURVE('',#13391,#13293,#13416,.T.);
#13416 = SURFACE_CURVE('',#13417,(#13422,#13429),.PCURVE_S1.);
#13417 = CIRCLE('',#13418,10.);
#13418 = AXIS2_PLACEMENT_3D('',#13419,#13420,#13421);
#13419 = CARTESIAN_POINT('',(46.,46.,4.));
#13420 = DIRECTION('',(0.,0.,1.));
#13421 = DIRECTION('',(1.,0.,-0.));
#13422 = PCURVE('',#12619,#13423);
#13423 = DEFINITIONAL_REPRESENTATION('',(#13424),#13428);
#13424 = LINE('',#13425,#13426);
#13425 = CARTESIAN_POINT('',(0.,4.));
#13426 = VECTOR('',#13427,1.);
#13427 = DIRECTION('',(1.,0.));
#13428 = ( GEOMETRIC_REPRESENTATION_CONTEXT(2) 
PARAMETRIC_REPRESENTATION_CONTEXT() REPRESENTATION_CONTEXT('2D SPACE',''
  ) );
#13429 = PCURVE('',#13133,#13430);
#13430 = DEFINITIONAL_REPRESENTATION('',(#13431),#13435);
#13431 = LINE('',#13432,#13433);
#13432 = CARTESIAN_POINT('',(-0.,6.28318530718));
#13433 = VECTOR('',#13434,1.);
#13434 = DIRECTION('',(-1.,0.));
#13435 = ( GEOMETRIC_REPRESENTATION_CONTEXT(2) 
PARAMETRIC_REPRESENTATION_CONTEXT() REPRESENTATION_CONTEXT('2D SPACE',''
  ) );
#13436 = ADVANCED_FACE('',(#13437),#12590,.T.);
#13437 = FACE_BOUND('',#13438,.T.);
#13438 = EDGE_LOOP('',(#13439,#13440,#13441,#13442));
#13439 = ORIENTED_EDGE('',*,*,#13340,.F.);
#13440 = ORIENTED_EDGE('',*,*,#12574,.T.);
#13441 = ORIENTED_EDGE('',*,*,#13390,.T.);
#13442 = ORIENTED_EDGE('',*,*,#13443,.F.);
#13443 = EDGE_CURVE('',#13341,#13391,#13444,.T.);
#13444 = SURFACE_CURVE('',#13445,(#13449,#13456),.PCURVE_S1.);
#13445 = LINE('',#13446,#13447);
#13446 = CARTESIAN_POINT('',(56.,-46.,4.));
#13447 = VECTOR('',#13448,1.);
#13448 = DIRECTION('',(0.,1.,0.));
#13449 = PCURVE('',#12590,#13450);
#13450 = DEFINITIONAL_REPRESENTATION('',(#13451),#13455);
#13451 = LINE('',#13452,#13453);
#13452 = CARTESIAN_POINT('',(4.,-10.));
#13453 = VECTOR('',#13454,1.);
#13454 = DIRECTION('',(0.,-1.));
#13455 = ( GEOMETRIC_REPRESENTATION_CONTEXT(2) 
PARAMETRIC_REPRESENTATION_CONTEXT() REPRESENTATION_CONTEXT('2D SPACE',''
  ) );
#13456 = PCURVE('',#13104,#13457);
#13457 = DEFINITIONAL_REPRESENTATION('',(#13458),#13462);
#13458 = LINE('',#13459,#13460);
#13459 = CARTESIAN_POINT('',(1.570796326795,0.));
#13460 = VECTOR('',#13461,1.);
#13461 = DIRECTION('',(0.,1.));
#13462 = ( GEOMETRIC_REPRESENTATION_CONTEXT(2) 
PARAMETRIC_REPRESENTATION_CONTEXT() REPRESENTATION_CONTEXT('2D SPACE',''
  ) );
#13463 = ADVANCED_FACE('',(#13464),#12708,.F.);
#13464 = FACE_BOUND('',#13465,.T.);
#13465 = EDGE_LOOP('',(#13466,#13467,#13488,#13489));
#13466 = ORIENTED_EDGE('',*,*,#12687,.T.);
#13467 = ORIENTED_EDGE('',*,*,#13468,.T.);
#13468 = EDGE_CURVE('',#12688,#13171,#13469,.T.);
#13469 = SEAM_CURVE('',#13470,(#13474,#13481),.PCURVE_S1.);
#13470 = LINE('',#13471,#13472);
#13471 = CARTESIAN_POINT('',(-30.9,-32.5,-1.));
#13472 = VECTOR('',#13473,1.);
#13473 = DIRECTION('',(0.,0.,1.));
#13474 = PCURVE('',#12708,#13475);
#13475 = DEFINITIONAL_REPRESENTATION('',(#13476),#13480);
#13476 = LINE('',#13477,#13478);
#13477 = CARTESIAN_POINT('',(-6.28318530718,0.));
#13478 = VECTOR('',#13479,1.);
#13479 = DIRECTION('',(-0.,-1.));
#13480 = ( GEOMETRIC_REPRESENTATION_CONTEXT(2) 
PARAMETRIC_REPRESENTATION_CONTEXT() REPRESENTATION_CONTEXT('2D SPACE',''
  ) );
#13481 = PCURVE('',#12708,#13482);
#13482 = DEFINITIONAL_REPRESENTATION('',(#13483),#13487);
#13483 = LINE('',#13484,#13485);
#13484 = CARTESIAN_POINT('',(-0.,0.));
#13485 = VECTOR('',#13486,1.);
#13486 = DIRECTION('',(-0.,-1.));
#13487 = ( GEOMETRIC_REPRESENTATION_CONTEXT(2) 
PARAMETRIC_REPRESENTATION_CONTEXT() REPRESENTATION_CONTEXT('2D SPACE',''
  ) );
#13488 = ORIENTED_EDGE('',*,*,#13170,.F.);
#13489 = ORIENTED_EDGE('',*,*,#13468,.F.);
#13490 = ADVANCED_FACE('',(#13491),#12743,.F.);
#13491 = FACE_BOUND('',#13492,.T.);
#13492 = EDGE_LOOP('',(#13493,#13494,#13515,#13516));
#13493 = ORIENTED_EDGE('',*,*,#12722,.T.);
#13494 = ORIENTED_EDGE('',*,*,#13495,.T.);
#13495 = EDGE_CURVE('',#12723,#13201,#13496,.T.);
#13496 = SEAM_CURVE('',#13497,(#13501,#13508),.PCURVE_S1.);
#13497 = LINE('',#13498,#13499);
#13498 = CARTESIAN_POINT('',(34.1,-32.5,-1.));
#13499 = VECTOR('',#13500,1.);
#13500 = DIRECTION('',(0.,0.,1.));
#13501 = PCURVE('',#12743,#13502);
#13502 = DEFINITIONAL_REPRESENTATION('',(#13503),#13507);
#13503 = LINE('',#13504,#13505);
#13504 = CARTESIAN_POINT('',(-6.28318530718,0.));
#13505 = VECTOR('',#13506,1.);
#13506 = DIRECTION('',(-0.,-1.));
#13507 = ( GEOMETRIC_REPRESENTATION_CONTEXT(2) 
PARAMETRIC_REPRESENTATION_CONTEXT() REPRESENTATION_CONTEXT('2D SPACE',''
  ) );
#13508 = PCURVE('',#12743,#13509);
#13509 = DEFINITIONAL_REPRESENTATION('',(#13510),#13514);
#13510 = LINE('',#13511,#13512);
#13511 = CARTESIAN_POINT('',(-0.,0.));
#13512 = VECTOR('',#13513,1.);
#13513 = DIRECTION('',(-0.,-1.));
#13514 = ( GEOMETRIC_REPRESENTATION_CONTEXT(2) 
PARAMETRIC_REPRESENTATION_CONTEXT() REPRESENTATION_CONTEXT('2D SPACE',''
  ) );
#13515 = ORIENTED_EDGE('',*,*,#13200,.F.);
#13516 = ORIENTED_EDGE('',*,*,#13495,.F.);
#13517 = ADVANCED_FACE('',(#13518),#12778,.F.);
#13518 = FACE_BOUND('',#13519,.T.);
#13519 = EDGE_LOOP('',(#13520,#13521,#13542,#13543));
#13520 = ORIENTED_EDGE('',*,*,#12757,.T.);
#13521 = ORIENTED_EDGE('',*,*,#13522,.T.);
#13522 = EDGE_CURVE('',#12758,#13231,#13523,.T.);
#13523 = SEAM_CURVE('',#13524,(#13528,#13535),.PCURVE_S1.);
#13524 = LINE('',#13525,#13526);
#13525 = CARTESIAN_POINT('',(-30.9,32.5,-1.));
#13526 = VECTOR('',#13527,1.);
#13527 = DIRECTION('',(0.,0.,1.));
#13528 = PCURVE('',#12778,#13529);
#13529 = DEFINITIONAL_REPRESENTATION('',(#13530),#13534);
#13530 = LINE('',#13531,#13532);
#13531 = CARTESIAN_POINT('',(-6.28318530718,0.));
#13532 = VECTOR('',#13533,1.);
#13533 = DIRECTION('',(-0.,-1.));
#13534 = ( GEOMETRIC_REPRESENTATION_CONTEXT(2) 
PARAMETRIC_REPRESENTATION_CONTEXT() REPRESENTATION_CONTEXT('2D SPACE',''
  ) );
#13535 = PCURVE('',#12778,#13536);
#13536 = DEFINITIONAL_REPRESENTATION('',(#13537),#13541);
#13537 = LINE('',#13538,#13539);
#13538 = CARTESIAN_POINT('',(-0.,0.));
#13539 = VECTOR('',#13540,1.);
#13540 = DIRECTION('',(-0.,-1.));
#13541 = ( GEOMETRIC_REPRESENTATION_CONTEXT(2) 
PARAMETRIC_REPRESENTATION_CONTEXT() REPRESENTATION_CONTEXT('2D SPACE',''
  ) );
#13542 = ORIENTED_EDGE('',*,*,#13230,.F.);
#13543 = ORIENTED_EDGE('',*,*,#13522,.F.);
#13544 = ADVANCED_FACE('',(#13545),#12813,.F.);
#13545 = FACE_BOUND('',#13546,.T.);
#13546 = EDGE_LOOP('',(#13547,#13548,#13569,#13570));
#13547 = ORIENTED_EDGE('',*,*,#12792,.T.);
#13548 = ORIENTED_EDGE('',*,*,#13549,.T.);
#13549 = EDGE_CURVE('',#12793,#13261,#13550,.T.);
#13550 = SEAM_CURVE('',#13551,(#13555,#13562),.PCURVE_S1.);
#13551 = LINE('',#13552,#13553);
#13552 = CARTESIAN_POINT('',(34.1,32.5,-1.));
#13553 = VECTOR('',#13554,1.);
#13554 = DIRECTION('',(0.,0.,1.));
#13555 = PCURVE('',#12813,#13556);
#13556 = DEFINITIONAL_REPRESENTATION('',(#13557),#13561);
#13557 = LINE('',#13558,#13559);
#13558 = CARTESIAN_POINT('',(-6.28318530718,0.));
#13559 = VECTOR('',#13560,1.);
#13560 = DIRECTION('',(-0.,-1.));
#13561 = ( GEOMETRIC_REPRESENTATION_CONTEXT(2) 
PARAMETRIC_REPRESENTATION_CONTEXT() REPRESENTATION_CONTEXT('2D SPACE',''
  ) );
#13562 = PCURVE('',#12813,#13563);
#13563 = DEFINITIONAL_REPRESENTATION('',(#13564),#13568);
#13564 = LINE('',#13565,#13566);
#13565 = CARTESIAN_POINT('',(-0.,0.));
#13566 = VECTOR('',#13567,1.);
#13567 = DIRECTION('',(-0.,-1.));
#13568 = ( GEOMETRIC_REPRESENTATION_CONTEXT(2) 
PARAMETRIC_REPRESENTATION_CONTEXT() REPRESENTATION_CONTEXT('2D SPACE',''
  ) );
#13569 = ORIENTED_EDGE('',*,*,#13260,.F.);
#13570 = ORIENTED_EDGE('',*,*,#13549,.F.);
#13571 = ADVANCED_FACE('',(#13572),#12917,.T.);
#13572 = FACE_BOUND('',#13573,.T.);
#13573 = EDGE_LOOP('',(#13574,#13575,#13576,#13596));
#13574 = ORIENTED_EDGE('',*,*,#12903,.T.);
#13575 = ORIENTED_EDGE('',*,*,#12933,.T.);
#13576 = ORIENTED_EDGE('',*,*,#13577,.F.);
#13577 = EDGE_CURVE('',#13037,#12934,#13578,.T.);
#13578 = SURFACE_CURVE('',#13579,(#13584,#13590),.PCURVE_S1.);
#13579 = CIRCLE('',#13580,2.);
#13580 = AXIS2_PLACEMENT_3D('',#13581,#13582,#13583);
#13581 = CARTESIAN_POINT('',(46.,-54.,4.));
#13582 = DIRECTION('',(1.,0.,-0.));
#13583 = DIRECTION('',(0.,0.,1.));
#13584 = PCURVE('',#12917,#13585);
#13585 = DEFINITIONAL_REPRESENTATION('',(#13586),#13589);
#13586 = B_SPLINE_CURVE_WITH_KNOTS('',1,(#13587,#13588),.UNSPECIFIED.,
  .F.,.F.,(2,2),(0.,1.570796326795),.PIECEWISE_BEZIER_KNOTS.);
#13587 = CARTESIAN_POINT('',(0.,92.));
#13588 = CARTESIAN_POINT('',(1.570796326795,92.));
#13589 = ( GEOMETRIC_REPRESENTATION_CONTEXT(2) 
PARAMETRIC_REPRESENTATION_CONTEXT() REPRESENTATION_CONTEXT('2D SPACE',''
  ) );
#13590 = PCURVE('',#13076,#13591);
#13591 = DEFINITIONAL_REPRESENTATION('',(#13592),#13595);
#13592 = B_SPLINE_CURVE_WITH_KNOTS('',1,(#13593,#13594),.UNSPECIFIED.,
  .F.,.F.,(2,2),(0.,1.570796326795),.PIECEWISE_BEZIER_KNOTS.);
#13593 = CARTESIAN_POINT('',(0.,4.712388980385));
#13594 = CARTESIAN_POINT('',(0.,6.28318530718));
#13595 = ( GEOMETRIC_REPRESENTATION_CONTEXT(2) 
PARAMETRIC_REPRESENTATION_CONTEXT() REPRESENTATION_CONTEXT('2D SPACE',''
  ) );
#13596 = ORIENTED_EDGE('',*,*,#13036,.F.);
#13597 = ADVANCED_FACE('',(#13598),#12997,.T.);
#13598 = FACE_BOUND('',#13599,.T.);
#13599 = EDGE_LOOP('',(#13600,#13620,#13621,#13622));
#13600 = ORIENTED_EDGE('',*,*,#13601,.T.);
#13601 = EDGE_CURVE('',#13117,#13293,#13602,.T.);
#13602 = SURFACE_CURVE('',#13603,(#13608,#13614),.PCURVE_S1.);
#13603 = CIRCLE('',#13604,2.);
#13604 = AXIS2_PLACEMENT_3D('',#13605,#13606,#13607);
#13605 = CARTESIAN_POINT('',(46.,54.,4.));
#13606 = DIRECTION('',(-1.,6.123233995737E-17,0.));
#13607 = DIRECTION('',(6.123233995737E-17,1.,0.));
#13608 = PCURVE('',#12997,#13609);
#13609 = DEFINITIONAL_REPRESENTATION('',(#13610),#13613);
#13610 = B_SPLINE_CURVE_WITH_KNOTS('',1,(#13611,#13612),.UNSPECIFIED.,
  .F.,.F.,(2,2),(4.712388980385,6.28318530718),
  .PIECEWISE_BEZIER_KNOTS.);
#13611 = CARTESIAN_POINT('',(0.,0.));
#13612 = CARTESIAN_POINT('',(1.570796326795,0.));
#13613 = ( GEOMETRIC_REPRESENTATION_CONTEXT(2) 
PARAMETRIC_REPRESENTATION_CONTEXT() REPRESENTATION_CONTEXT('2D SPACE',''
  ) );
#13614 = PCURVE('',#13133,#13615);
#13615 = DEFINITIONAL_REPRESENTATION('',(#13616),#13619);
#13616 = B_SPLINE_CURVE_WITH_KNOTS('',1,(#13617,#13618),.UNSPECIFIED.,
  .F.,.F.,(2,2),(4.712388980385,6.28318530718),
  .PIECEWISE_BEZIER_KNOTS.);
#13617 = CARTESIAN_POINT('',(-1.570796326795,4.712388980385));
#13618 = CARTESIAN_POINT('',(-1.570796326795,6.28318530718));
#13619 = ( GEOMETRIC_REPRESENTATION_CONTEXT(2) 
PARAMETRIC_REPRESENTATION_CONTEXT() REPRESENTATION_CONTEXT('2D SPACE',''
  ) );
#13620 = ORIENTED_EDGE('',*,*,#13292,.T.);
#13621 = ORIENTED_EDGE('',*,*,#12981,.F.);
#13622 = ORIENTED_EDGE('',*,*,#13145,.F.);
#13623 = ADVANCED_FACE('',(#13624),#13076,.T.);
#13624 = FACE_BOUND('',#13625,.F.);
#13625 = EDGE_LOOP('',(#13626,#13627,#13628,#13648));
#13626 = ORIENTED_EDGE('',*,*,#13577,.F.);
#13627 = ORIENTED_EDGE('',*,*,#13059,.T.);
#13628 = ORIENTED_EDGE('',*,*,#13629,.T.);
#13629 = EDGE_CURVE('',#13060,#13341,#13630,.T.);
#13630 = SURFACE_CURVE('',#13631,(#13636,#13642),.PCURVE_S1.);
#13631 = CIRCLE('',#13632,2.);
#13632 = AXIS2_PLACEMENT_3D('',#13633,#13634,#13635);
#13633 = CARTESIAN_POINT('',(54.,-46.,4.));
#13634 = DIRECTION('',(6.123233995737E-17,1.,0.));
#13635 = DIRECTION('',(1.,-6.123233995737E-17,0.));
#13636 = PCURVE('',#13076,#13637);
#13637 = DEFINITIONAL_REPRESENTATION('',(#13638),#13641);
#13638 = B_SPLINE_CURVE_WITH_KNOTS('',1,(#13639,#13640),.UNSPECIFIED.,
  .F.,.F.,(2,2),(4.712388980385,6.28318530718),
  .PIECEWISE_BEZIER_KNOTS.);
#13639 = CARTESIAN_POINT('',(-1.570796326795,4.712388980385));
#13640 = CARTESIAN_POINT('',(-1.570796326795,6.28318530718));
#13641 = ( GEOMETRIC_REPRESENTATION_CONTEXT(2) 
PARAMETRIC_REPRESENTATION_CONTEXT() REPRESENTATION_CONTEXT('2D SPACE',''
  ) );
#13642 = PCURVE('',#13104,#13643);
#13643 = DEFINITIONAL_REPRESENTATION('',(#13644),#13647);
#13644 = B_SPLINE_CURVE_WITH_KNOTS('',1,(#13645,#13646),.UNSPECIFIED.,
  .F.,.F.,(2,2),(4.712388980385,6.28318530718),
  .PIECEWISE_BEZIER_KNOTS.);
#13645 = CARTESIAN_POINT('',(0.,0.));
#13646 = CARTESIAN_POINT('',(1.570796326795,0.));
#13647 = ( GEOMETRIC_REPRESENTATION_CONTEXT(2) 
PARAMETRIC_REPRESENTATION_CONTEXT() REPRESENTATION_CONTEXT('2D SPACE',''
  ) );
#13648 = ORIENTED_EDGE('',*,*,#13365,.F.);
#13649 = ADVANCED_FACE('',(#13650),#13104,.T.);
#13650 = FACE_BOUND('',#13651,.T.);
#13651 = EDGE_LOOP('',(#13652,#13653,#13654,#13674));
#13652 = ORIENTED_EDGE('',*,*,#13629,.T.);
#13653 = ORIENTED_EDGE('',*,*,#13443,.T.);
#13654 = ORIENTED_EDGE('',*,*,#13655,.F.);
#13655 = EDGE_CURVE('',#13089,#13391,#13656,.T.);
#13656 = SURFACE_CURVE('',#13657,(#13662,#13668),.PCURVE_S1.);
#13657 = CIRCLE('',#13658,2.);
#13658 = AXIS2_PLACEMENT_3D('',#13659,#13660,#13661);
#13659 = CARTESIAN_POINT('',(54.,46.,4.));
#13660 = DIRECTION('',(0.,1.,0.));
#13661 = DIRECTION('',(0.,-0.,1.));
#13662 = PCURVE('',#13104,#13663);
#13663 = DEFINITIONAL_REPRESENTATION('',(#13664),#13667);
#13664 = B_SPLINE_CURVE_WITH_KNOTS('',1,(#13665,#13666),.UNSPECIFIED.,
  .F.,.F.,(2,2),(0.,1.570796326795),.PIECEWISE_BEZIER_KNOTS.);
#13665 = CARTESIAN_POINT('',(0.,92.));
#13666 = CARTESIAN_POINT('',(1.570796326795,92.));
#13667 = ( GEOMETRIC_REPRESENTATION_CONTEXT(2) 
PARAMETRIC_REPRESENTATION_CONTEXT() REPRESENTATION_CONTEXT('2D SPACE',''
  ) );
#13668 = PCURVE('',#13133,#13669);
#13669 = DEFINITIONAL_REPRESENTATION('',(#13670),#13673);
#13670 = B_SPLINE_CURVE_WITH_KNOTS('',1,(#13671,#13672),.UNSPECIFIED.,
  .F.,.F.,(2,2),(0.,1.570796326795),.PIECEWISE_BEZIER_KNOTS.);
#13671 = CARTESIAN_POINT('',(0.,4.712388980385));
#13672 = CARTESIAN_POINT('',(0.,6.28318530718));
#13673 = ( GEOMETRIC_REPRESENTATION_CONTEXT(2) 
PARAMETRIC_REPRESENTATION_CONTEXT() REPRESENTATION_CONTEXT('2D SPACE',''
  ) );
#13674 = ORIENTED_EDGE('',*,*,#13088,.F.);
#13675 = ADVANCED_FACE('',(#13676),#13133,.T.);
#13676 = FACE_BOUND('',#13677,.F.);
#13677 = EDGE_LOOP('',(#13678,#13679,#13680,#13681));
#13678 = ORIENTED_EDGE('',*,*,#13655,.F.);
#13679 = ORIENTED_EDGE('',*,*,#13116,.T.);
#13680 = ORIENTED_EDGE('',*,*,#13601,.T.);
#13681 = ORIENTED_EDGE('',*,*,#13415,.F.);
#13682 = ( GEOMETRIC_REPRESENTATION_CONTEXT(3) 
GLOBAL_UNCERTAINTY_ASSIGNED_CONTEXT((#13686)) 
GLOBAL_UNIT_ASSIGNED_CONTEXT((#13683,#13684,#13685)) 
REPRESENTATION_CONTEXT('Context #1',
  '3D Context with UNIT and UNCERTAINTY') );
#13683 = ( LENGTH_UNIT() NAMED_UNIT(*) SI_UNIT(.MILLI.,.METRE.) );
#13684 = ( NAMED_UNIT(*) PLANE_ANGLE_UNIT() SI_UNIT($,.RADIAN.) );
#13685 = ( NAMED_UNIT(*) SI_UNIT($,.STERADIAN.) SOLID_ANGLE_UNIT() );
#13686 = UNCERTAINTY_MEASURE_WITH_UNIT(LENGTH_MEASURE(1.E-07),#13683,
  'distance_accuracy_value','confusion accuracy');
#13687 = CONTEXT_DEPENDENT_SHAPE_REPRESENTATION(#13688,#13690);
#13688 = ( REPRESENTATION_RELATIONSHIP('','',#12227,#10) 
REPRESENTATION_RELATIONSHIP_WITH_TRANSFORMATION(#13689) 
SHAPE_REPRESENTATION_RELATIONSHIP() );
#13689 = ITEM_DEFINED_TRANSFORMATION('','',#11,#19);
#13690 = PRODUCT_DEFINITION_SHAPE('Placement','Placement of an item',
  #13691);
#13691 = NEXT_ASSEMBLY_USAGE_OCCURRENCE('2','lid','',#5,#12222,$);
#13692 = PRODUCT_RELATED_PRODUCT_CATEGORY('part',$,(#12224));
#13693 = MECHANICAL_DESIGN_GEOMETRIC_PRESENTATION_REPRESENTATION('',(
    #13694),#13682);
#13694 = STYLED_ITEM('color',(#13695),#12228);
#13695 = PRESENTATION_STYLE_ASSIGNMENT((#13696));
#13696 = SURFACE_STYLE_USAGE(.BOTH.,#13697);
#13697 = SURFACE_SIDE_STYLE('',(#13698));
#13698 = SURFACE_STYLE_FILL_AREA(#13699);
#13699 = FILL_AREA_STYLE('',(#13700));
#13700 = FILL_AREA_STYLE_COLOUR('',#13701);
#13701 = COLOUR_RGB('',0.862744829005,0.862744829005,0.862744829005);
#13702 = MECHANICAL_DESIGN_GEOMETRIC_PRESENTATION_REPRESENTATION('',(
    #13703),#12209);
#13703 = STYLED_ITEM('color',(#13704),#37);
#13704 = PRESENTATION_STYLE_ASSIGNMENT((#13705));
#13705 = SURFACE_STYLE_USAGE(.BOTH.,#13706);
#13706 = SURFACE_SIDE_STYLE('',(#13707));
#13707 = SURFACE_STYLE_FILL_AREA(#13708);
#13708 = FILL_AREA_STYLE('',(#13709));
#13709 = FILL_AREA_STYLE_COLOUR('',#13710);
#13710 = COLOUR_RGB('',0.827451179477,0.827451179477,0.827451179477);
ENDSEC;
END-ISO-10303-21;
