ISO-10303-21;
HEADER;
/* Generated by software containing ST-Developer
 * from STEP Tools, Inc. (www.steptools.com) 
 */

FILE_DESCRIPTION(
/* description */ (''),
/* implementation_level */ '2;1');

FILE_NAME(
/* name */ 'TFT_240x320_2.8_ST7789.step',
/* time_stamp */ '2025-12-28T21:35:25+02:00',
/* author */ (''),
/* organization */ (''),
/* preprocessor_version */ 'ST-DEVELOPER v20.1',
/* originating_system */ 'Autodesk Translation Framework v14.21.0.0',
/* authorisation */ '');

FILE_SCHEMA (('AUTOMOTIVE_DESIGN { 1 0 10303 214 3 1 1 }'));
ENDSEC;

DATA;
#10=MECHANICAL_DESIGN_GEOMETRIC_PRESENTATION_REPRESENTATION('',(#64,#65,
#66,#67,#68,#69,#70,#71,#72,#73,#74,#75,#76),#2487);
#11=ITEM_DEFINED_TRANSFORMATION($,$,#1551,#1659);
#12=ITEM_DEFINED_TRANSFORMATION($,$,#1616,#1660);
#13=ITEM_DEFINED_TRANSFORMATION($,$,#1628,#1661);
#14=(
REPRESENTATION_RELATIONSHIP($,$,#2504,#2503)
REPRESENTATION_RELATIONSHIP_WITH_TRANSFORMATION(#11)
SHAPE_REPRESENTATION_RELATIONSHIP()
);
#15=(
REPRESENTATION_RELATIONSHIP($,$,#2505,#2503)
REPRESENTATION_RELATIONSHIP_WITH_TRANSFORMATION(#12)
SHAPE_REPRESENTATION_RELATIONSHIP()
);
#16=(
REPRESENTATION_RELATIONSHIP($,$,#2506,#2503)
REPRESENTATION_RELATIONSHIP_WITH_TRANSFORMATION(#13)
SHAPE_REPRESENTATION_RELATIONSHIP()
);
#17=CONTEXT_DEPENDENT_SHAPE_REPRESENTATION(#14,#2500);
#18=CONTEXT_DEPENDENT_SHAPE_REPRESENTATION(#15,#2501);
#19=CONTEXT_DEPENDENT_SHAPE_REPRESENTATION(#16,#2502);
#20=NEXT_ASSEMBLY_USAGE_OCCURRENCE('Pin Header:1','Pin Header:1',
'Pin Header:1',#2508,#2509,'Pin Header:1');
#21=NEXT_ASSEMBLY_USAGE_OCCURRENCE('Matrix Cover:1','Matrix Cover:1',
'Matrix Cover:1',#2508,#2510,'Matrix Cover:1');
#22=NEXT_ASSEMBLY_USAGE_OCCURRENCE('PCB:1','PCB:1','PCB:1',#2508,#2511,
'PCB:1');
#23=CIRCLE('',#1630,0.5);
#24=CIRCLE('',#1631,0.5);
#25=CIRCLE('',#1634,0.5);
#26=CIRCLE('',#1635,0.5);
#27=CIRCLE('',#1636,0.5);
#28=CIRCLE('',#1637,1.5);
#29=CIRCLE('',#1638,1.5);
#30=CIRCLE('',#1639,1.5);
#31=CIRCLE('',#1640,1.5);
#32=CIRCLE('',#1642,0.5);
#33=CIRCLE('',#1645,0.5);
#34=CIRCLE('',#1648,0.5);
#35=CIRCLE('',#1650,1.5);
#36=CIRCLE('',#1652,1.5);
#37=CIRCLE('',#1654,1.5);
#38=CIRCLE('',#1656,1.5);
#39=CYLINDRICAL_SURFACE('',#1629,0.5);
#40=CYLINDRICAL_SURFACE('',#1641,0.5);
#41=CYLINDRICAL_SURFACE('',#1644,0.5);
#42=CYLINDRICAL_SURFACE('',#1647,0.5);
#43=CYLINDRICAL_SURFACE('',#1649,1.5);
#44=CYLINDRICAL_SURFACE('',#1651,1.5);
#45=CYLINDRICAL_SURFACE('',#1653,1.5);
#46=CYLINDRICAL_SURFACE('',#1655,1.5);
#47=SHAPE_REPRESENTATION_RELATIONSHIP('SRR','None',#2504,#50);
#48=SHAPE_REPRESENTATION_RELATIONSHIP('SRR','None',#2505,#51);
#49=SHAPE_REPRESENTATION_RELATIONSHIP('SRR','None',#2506,#52);
#50=ADVANCED_BREP_SHAPE_REPRESENTATION('',(#77,#78,#79,#80,#81,#82,#83,
#84,#85,#86),#2484);
#51=ADVANCED_BREP_SHAPE_REPRESENTATION('',(#87),#2485);
#52=ADVANCED_BREP_SHAPE_REPRESENTATION('',(#88),#2486);
#53=FACE_BOUND('',#193,.T.);
#54=FACE_BOUND('',#195,.T.);
#55=FACE_BOUND('',#254,.T.);
#56=FACE_BOUND('',#259,.T.);
#57=FACE_BOUND('',#260,.T.);
#58=FACE_BOUND('',#261,.T.);
#59=FACE_BOUND('',#262,.T.);
#60=FACE_BOUND('',#274,.T.);
#61=FACE_BOUND('',#275,.T.);
#62=FACE_BOUND('',#276,.T.);
#63=FACE_BOUND('',#277,.T.);
#64=STYLED_ITEM('',(#2528),#77);
#65=STYLED_ITEM('',(#2529),#78);
#66=STYLED_ITEM('',(#2528),#79);
#67=STYLED_ITEM('',(#2528),#80);
#68=STYLED_ITEM('',(#2528),#81);
#69=STYLED_ITEM('',(#2528),#82);
#70=STYLED_ITEM('',(#2528),#83);
#71=STYLED_ITEM('',(#2528),#84);
#72=STYLED_ITEM('',(#2528),#85);
#73=STYLED_ITEM('',(#2528),#86);
#74=STYLED_ITEM('',(#2531),#1483);
#75=STYLED_ITEM('',(#2530),#87);
#76=STYLED_ITEM('',(#2532),#88);
#77=MANIFOLD_SOLID_BREP('Pin 1',#1504);
#78=MANIFOLD_SOLID_BREP('Base',#1505);
#79=MANIFOLD_SOLID_BREP('Pin 2',#1506);
#80=MANIFOLD_SOLID_BREP('Pin 3',#1507);
#81=MANIFOLD_SOLID_BREP('Pin 4',#1508);
#82=MANIFOLD_SOLID_BREP('Pin 5',#1509);
#83=MANIFOLD_SOLID_BREP('Pin 6',#1510);
#84=MANIFOLD_SOLID_BREP('Pin 7',#1511);
#85=MANIFOLD_SOLID_BREP('Pin 8',#1512);
#86=MANIFOLD_SOLID_BREP('Pin 9',#1513);
#87=MANIFOLD_SOLID_BREP('Body1',#1514);
#88=MANIFOLD_SOLID_BREP('Body1',#1515);
#89=FACE_OUTER_BOUND('',#178,.T.);
#90=FACE_OUTER_BOUND('',#179,.T.);
#91=FACE_OUTER_BOUND('',#180,.T.);
#92=FACE_OUTER_BOUND('',#181,.T.);
#93=FACE_OUTER_BOUND('',#182,.T.);
#94=FACE_OUTER_BOUND('',#183,.T.);
#95=FACE_OUTER_BOUND('',#184,.T.);
#96=FACE_OUTER_BOUND('',#185,.T.);
#97=FACE_OUTER_BOUND('',#186,.T.);
#98=FACE_OUTER_BOUND('',#187,.T.);
#99=FACE_OUTER_BOUND('',#188,.T.);
#100=FACE_OUTER_BOUND('',#189,.T.);
#101=FACE_OUTER_BOUND('',#190,.T.);
#102=FACE_OUTER_BOUND('',#191,.T.);
#103=FACE_OUTER_BOUND('',#192,.T.);
#104=FACE_OUTER_BOUND('',#194,.T.);
#105=FACE_OUTER_BOUND('',#196,.T.);
#106=FACE_OUTER_BOUND('',#197,.T.);
#107=FACE_OUTER_BOUND('',#198,.T.);
#108=FACE_OUTER_BOUND('',#199,.T.);
#109=FACE_OUTER_BOUND('',#200,.T.);
#110=FACE_OUTER_BOUND('',#201,.T.);
#111=FACE_OUTER_BOUND('',#202,.T.);
#112=FACE_OUTER_BOUND('',#203,.T.);
#113=FACE_OUTER_BOUND('',#204,.T.);
#114=FACE_OUTER_BOUND('',#205,.T.);
#115=FACE_OUTER_BOUND('',#206,.T.);
#116=FACE_OUTER_BOUND('',#207,.T.);
#117=FACE_OUTER_BOUND('',#208,.T.);
#118=FACE_OUTER_BOUND('',#209,.T.);
#119=FACE_OUTER_BOUND('',#210,.T.);
#120=FACE_OUTER_BOUND('',#211,.T.);
#121=FACE_OUTER_BOUND('',#212,.T.);
#122=FACE_OUTER_BOUND('',#213,.T.);
#123=FACE_OUTER_BOUND('',#214,.T.);
#124=FACE_OUTER_BOUND('',#215,.T.);
#125=FACE_OUTER_BOUND('',#216,.T.);
#126=FACE_OUTER_BOUND('',#217,.T.);
#127=FACE_OUTER_BOUND('',#218,.T.);
#128=FACE_OUTER_BOUND('',#219,.T.);
#129=FACE_OUTER_BOUND('',#220,.T.);
#130=FACE_OUTER_BOUND('',#221,.T.);
#131=FACE_OUTER_BOUND('',#222,.T.);
#132=FACE_OUTER_BOUND('',#223,.T.);
#133=FACE_OUTER_BOUND('',#224,.T.);
#134=FACE_OUTER_BOUND('',#225,.T.);
#135=FACE_OUTER_BOUND('',#226,.T.);
#136=FACE_OUTER_BOUND('',#227,.T.);
#137=FACE_OUTER_BOUND('',#228,.T.);
#138=FACE_OUTER_BOUND('',#229,.T.);
#139=FACE_OUTER_BOUND('',#230,.T.);
#140=FACE_OUTER_BOUND('',#231,.T.);
#141=FACE_OUTER_BOUND('',#232,.T.);
#142=FACE_OUTER_BOUND('',#233,.T.);
#143=FACE_OUTER_BOUND('',#234,.T.);
#144=FACE_OUTER_BOUND('',#235,.T.);
#145=FACE_OUTER_BOUND('',#236,.T.);
#146=FACE_OUTER_BOUND('',#237,.T.);
#147=FACE_OUTER_BOUND('',#238,.T.);
#148=FACE_OUTER_BOUND('',#239,.T.);
#149=FACE_OUTER_BOUND('',#240,.T.);
#150=FACE_OUTER_BOUND('',#241,.T.);
#151=FACE_OUTER_BOUND('',#242,.T.);
#152=FACE_OUTER_BOUND('',#243,.T.);
#153=FACE_OUTER_BOUND('',#244,.T.);
#154=FACE_OUTER_BOUND('',#245,.T.);
#155=FACE_OUTER_BOUND('',#246,.T.);
#156=FACE_OUTER_BOUND('',#247,.T.);
#157=FACE_OUTER_BOUND('',#248,.T.);
#158=FACE_OUTER_BOUND('',#249,.T.);
#159=FACE_OUTER_BOUND('',#250,.T.);
#160=FACE_OUTER_BOUND('',#251,.T.);
#161=FACE_OUTER_BOUND('',#252,.T.);
#162=FACE_OUTER_BOUND('',#253,.T.);
#163=FACE_OUTER_BOUND('',#255,.T.);
#164=FACE_OUTER_BOUND('',#256,.T.);
#165=FACE_OUTER_BOUND('',#257,.T.);
#166=FACE_OUTER_BOUND('',#258,.T.);
#167=FACE_OUTER_BOUND('',#263,.T.);
#168=FACE_OUTER_BOUND('',#264,.T.);
#169=FACE_OUTER_BOUND('',#265,.T.);
#170=FACE_OUTER_BOUND('',#266,.T.);
#171=FACE_OUTER_BOUND('',#267,.T.);
#172=FACE_OUTER_BOUND('',#268,.T.);
#173=FACE_OUTER_BOUND('',#269,.T.);
#174=FACE_OUTER_BOUND('',#270,.T.);
#175=FACE_OUTER_BOUND('',#271,.T.);
#176=FACE_OUTER_BOUND('',#272,.T.);
#177=FACE_OUTER_BOUND('',#273,.T.);
#178=EDGE_LOOP('',(#950,#951,#952,#953));
#179=EDGE_LOOP('',(#954,#955,#956,#957));
#180=EDGE_LOOP('',(#958,#959,#960,#961));
#181=EDGE_LOOP('',(#962,#963,#964,#965));
#182=EDGE_LOOP('',(#966,#967,#968,#969));
#183=EDGE_LOOP('',(#970,#971,#972,#973));
#184=EDGE_LOOP('',(#974,#975,#976,#977));
#185=EDGE_LOOP('',(#978,#979,#980,#981));
#186=EDGE_LOOP('',(#982,#983,#984,#985));
#187=EDGE_LOOP('',(#986,#987,#988,#989));
#188=EDGE_LOOP('',(#990,#991,#992,#993));
#189=EDGE_LOOP('',(#994,#995,#996,#997));
#190=EDGE_LOOP('',(#998,#999,#1000,#1001));
#191=EDGE_LOOP('',(#1002,#1003,#1004,#1005));
#192=EDGE_LOOP('',(#1006,#1007,#1008,#1009));
#193=EDGE_LOOP('',(#1010,#1011,#1012,#1013));
#194=EDGE_LOOP('',(#1014,#1015,#1016,#1017));
#195=EDGE_LOOP('',(#1018,#1019,#1020,#1021));
#196=EDGE_LOOP('',(#1022,#1023,#1024,#1025));
#197=EDGE_LOOP('',(#1026,#1027,#1028,#1029));
#198=EDGE_LOOP('',(#1030,#1031,#1032,#1033));
#199=EDGE_LOOP('',(#1034,#1035,#1036,#1037));
#200=EDGE_LOOP('',(#1038,#1039,#1040,#1041));
#201=EDGE_LOOP('',(#1042,#1043,#1044,#1045));
#202=EDGE_LOOP('',(#1046,#1047,#1048,#1049));
#203=EDGE_LOOP('',(#1050,#1051,#1052,#1053));
#204=EDGE_LOOP('',(#1054,#1055,#1056,#1057));
#205=EDGE_LOOP('',(#1058,#1059,#1060,#1061));
#206=EDGE_LOOP('',(#1062,#1063,#1064,#1065));
#207=EDGE_LOOP('',(#1066,#1067,#1068,#1069));
#208=EDGE_LOOP('',(#1070,#1071,#1072,#1073));
#209=EDGE_LOOP('',(#1074,#1075,#1076,#1077));
#210=EDGE_LOOP('',(#1078,#1079,#1080,#1081));
#211=EDGE_LOOP('',(#1082,#1083,#1084,#1085));
#212=EDGE_LOOP('',(#1086,#1087,#1088,#1089));
#213=EDGE_LOOP('',(#1090,#1091,#1092,#1093));
#214=EDGE_LOOP('',(#1094,#1095,#1096,#1097));
#215=EDGE_LOOP('',(#1098,#1099,#1100,#1101));
#216=EDGE_LOOP('',(#1102,#1103,#1104,#1105));
#217=EDGE_LOOP('',(#1106,#1107,#1108,#1109));
#218=EDGE_LOOP('',(#1110,#1111,#1112,#1113));
#219=EDGE_LOOP('',(#1114,#1115,#1116,#1117));
#220=EDGE_LOOP('',(#1118,#1119,#1120,#1121));
#221=EDGE_LOOP('',(#1122,#1123,#1124,#1125));
#222=EDGE_LOOP('',(#1126,#1127,#1128,#1129));
#223=EDGE_LOOP('',(#1130,#1131,#1132,#1133));
#224=EDGE_LOOP('',(#1134,#1135,#1136,#1137));
#225=EDGE_LOOP('',(#1138,#1139,#1140,#1141));
#226=EDGE_LOOP('',(#1142,#1143,#1144,#1145));
#227=EDGE_LOOP('',(#1146,#1147,#1148,#1149));
#228=EDGE_LOOP('',(#1150,#1151,#1152,#1153));
#229=EDGE_LOOP('',(#1154,#1155,#1156,#1157));
#230=EDGE_LOOP('',(#1158,#1159,#1160,#1161));
#231=EDGE_LOOP('',(#1162,#1163,#1164,#1165));
#232=EDGE_LOOP('',(#1166,#1167,#1168,#1169));
#233=EDGE_LOOP('',(#1170,#1171,#1172,#1173));
#234=EDGE_LOOP('',(#1174,#1175,#1176,#1177));
#235=EDGE_LOOP('',(#1178,#1179,#1180,#1181));
#236=EDGE_LOOP('',(#1182,#1183,#1184,#1185));
#237=EDGE_LOOP('',(#1186,#1187,#1188,#1189));
#238=EDGE_LOOP('',(#1190,#1191,#1192,#1193));
#239=EDGE_LOOP('',(#1194,#1195,#1196,#1197));
#240=EDGE_LOOP('',(#1198,#1199,#1200,#1201));
#241=EDGE_LOOP('',(#1202,#1203,#1204,#1205));
#242=EDGE_LOOP('',(#1206,#1207,#1208,#1209));
#243=EDGE_LOOP('',(#1210,#1211,#1212,#1213));
#244=EDGE_LOOP('',(#1214,#1215,#1216,#1217));
#245=EDGE_LOOP('',(#1218,#1219,#1220,#1221));
#246=EDGE_LOOP('',(#1222,#1223,#1224,#1225));
#247=EDGE_LOOP('',(#1226,#1227,#1228,#1229));
#248=EDGE_LOOP('',(#1230,#1231,#1232,#1233));
#249=EDGE_LOOP('',(#1234,#1235,#1236,#1237));
#250=EDGE_LOOP('',(#1238,#1239,#1240,#1241));
#251=EDGE_LOOP('',(#1242,#1243,#1244,#1245));
#252=EDGE_LOOP('',(#1246,#1247,#1248,#1249));
#253=EDGE_LOOP('',(#1250,#1251,#1252,#1253));
#254=EDGE_LOOP('',(#1254,#1255,#1256,#1257));
#255=EDGE_LOOP('',(#1258,#1259,#1260,#1261));
#256=EDGE_LOOP('',(#1262,#1263,#1264,#1265));
#257=EDGE_LOOP('',(#1266,#1267,#1268,#1269));
#258=EDGE_LOOP('',(#1270,#1271,#1272,#1273,#1274,#1275,#1276,#1277));
#259=EDGE_LOOP('',(#1278));
#260=EDGE_LOOP('',(#1279));
#261=EDGE_LOOP('',(#1280));
#262=EDGE_LOOP('',(#1281));
#263=EDGE_LOOP('',(#1282,#1283,#1284,#1285));
#264=EDGE_LOOP('',(#1286,#1287,#1288,#1289));
#265=EDGE_LOOP('',(#1290,#1291,#1292,#1293));
#266=EDGE_LOOP('',(#1294,#1295,#1296,#1297));
#267=EDGE_LOOP('',(#1298,#1299,#1300,#1301));
#268=EDGE_LOOP('',(#1302,#1303,#1304,#1305));
#269=EDGE_LOOP('',(#1306,#1307,#1308,#1309));
#270=EDGE_LOOP('',(#1310,#1311,#1312,#1313));
#271=EDGE_LOOP('',(#1314,#1315,#1316,#1317));
#272=EDGE_LOOP('',(#1318,#1319,#1320,#1321));
#273=EDGE_LOOP('',(#1322,#1323,#1324,#1325,#1326,#1327,#1328,#1329));
#274=EDGE_LOOP('',(#1330));
#275=EDGE_LOOP('',(#1331));
#276=EDGE_LOOP('',(#1332));
#277=EDGE_LOOP('',(#1333));
#278=LINE('',#2067,#454);
#279=LINE('',#2069,#455);
#280=LINE('',#2071,#456);
#281=LINE('',#2072,#457);
#282=LINE('',#2075,#458);
#283=LINE('',#2077,#459);
#284=LINE('',#2078,#460);
#285=LINE('',#2081,#461);
#286=LINE('',#2082,#462);
#287=LINE('',#2085,#463);
#288=LINE('',#2086,#464);
#289=LINE('',#2088,#465);
#290=LINE('',#2093,#466);
#291=LINE('',#2095,#467);
#292=LINE('',#2097,#468);
#293=LINE('',#2098,#469);
#294=LINE('',#2101,#470);
#295=LINE('',#2103,#471);
#296=LINE('',#2104,#472);
#297=LINE('',#2107,#473);
#298=LINE('',#2109,#474);
#299=LINE('',#2110,#475);
#300=LINE('',#2112,#476);
#301=LINE('',#2113,#477);
#302=LINE('',#2117,#478);
#303=LINE('',#2119,#479);
#304=LINE('',#2121,#480);
#305=LINE('',#2122,#481);
#306=LINE('',#2125,#482);
#307=LINE('',#2127,#483);
#308=LINE('',#2128,#484);
#309=LINE('',#2131,#485);
#310=LINE('',#2133,#486);
#311=LINE('',#2134,#487);
#312=LINE('',#2136,#488);
#313=LINE('',#2137,#489);
#314=LINE('',#2143,#490);
#315=LINE('',#2145,#491);
#316=LINE('',#2147,#492);
#317=LINE('',#2148,#493);
#318=LINE('',#2151,#494);
#319=LINE('',#2153,#495);
#320=LINE('',#2154,#496);
#321=LINE('',#2157,#497);
#322=LINE('',#2158,#498);
#323=LINE('',#2161,#499);
#324=LINE('',#2162,#500);
#325=LINE('',#2164,#501);
#326=LINE('',#2169,#502);
#327=LINE('',#2171,#503);
#328=LINE('',#2173,#504);
#329=LINE('',#2174,#505);
#330=LINE('',#2177,#506);
#331=LINE('',#2179,#507);
#332=LINE('',#2180,#508);
#333=LINE('',#2183,#509);
#334=LINE('',#2184,#510);
#335=LINE('',#2187,#511);
#336=LINE('',#2188,#512);
#337=LINE('',#2190,#513);
#338=LINE('',#2195,#514);
#339=LINE('',#2197,#515);
#340=LINE('',#2199,#516);
#341=LINE('',#2200,#517);
#342=LINE('',#2203,#518);
#343=LINE('',#2205,#519);
#344=LINE('',#2206,#520);
#345=LINE('',#2209,#521);
#346=LINE('',#2210,#522);
#347=LINE('',#2213,#523);
#348=LINE('',#2214,#524);
#349=LINE('',#2216,#525);
#350=LINE('',#2221,#526);
#351=LINE('',#2223,#527);
#352=LINE('',#2225,#528);
#353=LINE('',#2226,#529);
#354=LINE('',#2229,#530);
#355=LINE('',#2231,#531);
#356=LINE('',#2232,#532);
#357=LINE('',#2235,#533);
#358=LINE('',#2236,#534);
#359=LINE('',#2239,#535);
#360=LINE('',#2240,#536);
#361=LINE('',#2242,#537);
#362=LINE('',#2247,#538);
#363=LINE('',#2249,#539);
#364=LINE('',#2251,#540);
#365=LINE('',#2252,#541);
#366=LINE('',#2255,#542);
#367=LINE('',#2257,#543);
#368=LINE('',#2258,#544);
#369=LINE('',#2261,#545);
#370=LINE('',#2262,#546);
#371=LINE('',#2265,#547);
#372=LINE('',#2266,#548);
#373=LINE('',#2268,#549);
#374=LINE('',#2273,#550);
#375=LINE('',#2275,#551);
#376=LINE('',#2277,#552);
#377=LINE('',#2278,#553);
#378=LINE('',#2281,#554);
#379=LINE('',#2283,#555);
#380=LINE('',#2284,#556);
#381=LINE('',#2287,#557);
#382=LINE('',#2288,#558);
#383=LINE('',#2291,#559);
#384=LINE('',#2292,#560);
#385=LINE('',#2294,#561);
#386=LINE('',#2299,#562);
#387=LINE('',#2301,#563);
#388=LINE('',#2303,#564);
#389=LINE('',#2304,#565);
#390=LINE('',#2307,#566);
#391=LINE('',#2309,#567);
#392=LINE('',#2310,#568);
#393=LINE('',#2313,#569);
#394=LINE('',#2314,#570);
#395=LINE('',#2317,#571);
#396=LINE('',#2318,#572);
#397=LINE('',#2320,#573);
#398=LINE('',#2325,#574);
#399=LINE('',#2327,#575);
#400=LINE('',#2329,#576);
#401=LINE('',#2330,#577);
#402=LINE('',#2333,#578);
#403=LINE('',#2335,#579);
#404=LINE('',#2336,#580);
#405=LINE('',#2339,#581);
#406=LINE('',#2340,#582);
#407=LINE('',#2343,#583);
#408=LINE('',#2344,#584);
#409=LINE('',#2346,#585);
#410=LINE('',#2352,#586);
#411=LINE('',#2354,#587);
#412=LINE('',#2356,#588);
#413=LINE('',#2357,#589);
#414=LINE('',#2360,#590);
#415=LINE('',#2362,#591);
#416=LINE('',#2363,#592);
#417=LINE('',#2366,#593);
#418=LINE('',#2368,#594);
#419=LINE('',#2369,#595);
#420=LINE('',#2371,#596);
#421=LINE('',#2372,#597);
#422=LINE('',#2377,#598);
#423=LINE('',#2379,#599);
#424=LINE('',#2381,#600);
#425=LINE('',#2382,#601);
#426=LINE('',#2385,#602);
#427=LINE('',#2387,#603);
#428=LINE('',#2388,#604);
#429=LINE('',#2391,#605);
#430=LINE('',#2393,#606);
#431=LINE('',#2394,#607);
#432=LINE('',#2396,#608);
#433=LINE('',#2397,#609);
#434=LINE('',#2406,#610);
#435=LINE('',#2409,#611);
#436=LINE('',#2412,#612);
#437=LINE('',#2414,#613);
#438=LINE('',#2415,#614);
#439=LINE('',#2418,#615);
#440=LINE('',#2422,#616);
#441=LINE('',#2426,#617);
#442=LINE('',#2439,#618);
#443=LINE('',#2442,#619);
#444=LINE('',#2443,#620);
#445=LINE('',#2448,#621);
#446=LINE('',#2449,#622);
#447=LINE('',#2451,#623);
#448=LINE('',#2455,#624);
#449=LINE('',#2459,#625);
#450=LINE('',#2463,#626);
#451=LINE('',#2467,#627);
#452=LINE('',#2471,#628);
#453=LINE('',#2473,#629);
#454=VECTOR('',#1668,10.);
#455=VECTOR('',#1669,10.);
#456=VECTOR('',#1670,10.);
#457=VECTOR('',#1671,10.);
#458=VECTOR('',#1674,10.);
#459=VECTOR('',#1675,10.);
#460=VECTOR('',#1676,10.);
#461=VECTOR('',#1679,10.);
#462=VECTOR('',#1680,10.);
#463=VECTOR('',#1683,10.);
#464=VECTOR('',#1684,10.);
#465=VECTOR('',#1687,10.);
#466=VECTOR('',#1692,10.);
#467=VECTOR('',#1693,10.);
#468=VECTOR('',#1694,10.);
#469=VECTOR('',#1695,10.);
#470=VECTOR('',#1698,10.);
#471=VECTOR('',#1699,10.);
#472=VECTOR('',#1700,10.);
#473=VECTOR('',#1703,10.);
#474=VECTOR('',#1704,10.);
#475=VECTOR('',#1705,10.);
#476=VECTOR('',#1708,10.);
#477=VECTOR('',#1709,10.);
#478=VECTOR('',#1712,10.);
#479=VECTOR('',#1713,10.);
#480=VECTOR('',#1714,10.);
#481=VECTOR('',#1715,10.);
#482=VECTOR('',#1718,10.);
#483=VECTOR('',#1719,10.);
#484=VECTOR('',#1720,10.);
#485=VECTOR('',#1723,10.);
#486=VECTOR('',#1724,10.);
#487=VECTOR('',#1725,10.);
#488=VECTOR('',#1728,10.);
#489=VECTOR('',#1729,10.);
#490=VECTOR('',#1736,10.);
#491=VECTOR('',#1737,10.);
#492=VECTOR('',#1738,10.);
#493=VECTOR('',#1739,10.);
#494=VECTOR('',#1742,10.);
#495=VECTOR('',#1743,10.);
#496=VECTOR('',#1744,10.);
#497=VECTOR('',#1747,10.);
#498=VECTOR('',#1748,10.);
#499=VECTOR('',#1751,10.);
#500=VECTOR('',#1752,10.);
#501=VECTOR('',#1755,10.);
#502=VECTOR('',#1760,10.);
#503=VECTOR('',#1761,10.);
#504=VECTOR('',#1762,10.);
#505=VECTOR('',#1763,10.);
#506=VECTOR('',#1766,10.);
#507=VECTOR('',#1767,10.);
#508=VECTOR('',#1768,10.);
#509=VECTOR('',#1771,10.);
#510=VECTOR('',#1772,10.);
#511=VECTOR('',#1775,10.);
#512=VECTOR('',#1776,10.);
#513=VECTOR('',#1779,10.);
#514=VECTOR('',#1784,10.);
#515=VECTOR('',#1785,10.);
#516=VECTOR('',#1786,10.);
#517=VECTOR('',#1787,10.);
#518=VECTOR('',#1790,10.);
#519=VECTOR('',#1791,10.);
#520=VECTOR('',#1792,10.);
#521=VECTOR('',#1795,10.);
#522=VECTOR('',#1796,10.);
#523=VECTOR('',#1799,10.);
#524=VECTOR('',#1800,10.);
#525=VECTOR('',#1803,10.);
#526=VECTOR('',#1808,10.);
#527=VECTOR('',#1809,10.);
#528=VECTOR('',#1810,10.);
#529=VECTOR('',#1811,10.);
#530=VECTOR('',#1814,10.);
#531=VECTOR('',#1815,10.);
#532=VECTOR('',#1816,10.);
#533=VECTOR('',#1819,10.);
#534=VECTOR('',#1820,10.);
#535=VECTOR('',#1823,10.);
#536=VECTOR('',#1824,10.);
#537=VECTOR('',#1827,10.);
#538=VECTOR('',#1832,10.);
#539=VECTOR('',#1833,10.);
#540=VECTOR('',#1834,10.);
#541=VECTOR('',#1835,10.);
#542=VECTOR('',#1838,10.);
#543=VECTOR('',#1839,10.);
#544=VECTOR('',#1840,10.);
#545=VECTOR('',#1843,10.);
#546=VECTOR('',#1844,10.);
#547=VECTOR('',#1847,10.);
#548=VECTOR('',#1848,10.);
#549=VECTOR('',#1851,10.);
#550=VECTOR('',#1856,10.);
#551=VECTOR('',#1857,10.);
#552=VECTOR('',#1858,10.);
#553=VECTOR('',#1859,10.);
#554=VECTOR('',#1862,10.);
#555=VECTOR('',#1863,10.);
#556=VECTOR('',#1864,10.);
#557=VECTOR('',#1867,10.);
#558=VECTOR('',#1868,10.);
#559=VECTOR('',#1871,10.);
#560=VECTOR('',#1872,10.);
#561=VECTOR('',#1875,10.);
#562=VECTOR('',#1880,10.);
#563=VECTOR('',#1881,10.);
#564=VECTOR('',#1882,10.);
#565=VECTOR('',#1883,10.);
#566=VECTOR('',#1886,10.);
#567=VECTOR('',#1887,10.);
#568=VECTOR('',#1888,10.);
#569=VECTOR('',#1891,10.);
#570=VECTOR('',#1892,10.);
#571=VECTOR('',#1895,10.);
#572=VECTOR('',#1896,10.);
#573=VECTOR('',#1899,10.);
#574=VECTOR('',#1904,10.);
#575=VECTOR('',#1905,10.);
#576=VECTOR('',#1906,10.);
#577=VECTOR('',#1907,10.);
#578=VECTOR('',#1910,10.);
#579=VECTOR('',#1911,10.);
#580=VECTOR('',#1912,10.);
#581=VECTOR('',#1915,10.);
#582=VECTOR('',#1916,10.);
#583=VECTOR('',#1919,10.);
#584=VECTOR('',#1920,10.);
#585=VECTOR('',#1923,10.);
#586=VECTOR('',#1930,10.);
#587=VECTOR('',#1931,10.);
#588=VECTOR('',#1932,10.);
#589=VECTOR('',#1933,10.);
#590=VECTOR('',#1936,10.);
#591=VECTOR('',#1937,10.);
#592=VECTOR('',#1938,10.);
#593=VECTOR('',#1941,10.);
#594=VECTOR('',#1942,10.);
#595=VECTOR('',#1943,10.);
#596=VECTOR('',#1946,10.);
#597=VECTOR('',#1947,10.);
#598=VECTOR('',#1952,10.);
#599=VECTOR('',#1953,10.);
#600=VECTOR('',#1954,10.);
#601=VECTOR('',#1955,10.);
#602=VECTOR('',#1958,10.);
#603=VECTOR('',#1959,10.);
#604=VECTOR('',#1960,10.);
#605=VECTOR('',#1963,10.);
#606=VECTOR('',#1964,10.);
#607=VECTOR('',#1965,10.);
#608=VECTOR('',#1968,10.);
#609=VECTOR('',#1969,10.);
#610=VECTOR('',#1980,10.);
#611=VECTOR('',#1983,10.);
#612=VECTOR('',#1986,10.);
#613=VECTOR('',#1987,10.);
#614=VECTOR('',#1988,10.);
#615=VECTOR('',#1991,10.);
#616=VECTOR('',#1994,10.);
#617=VECTOR('',#1997,10.);
#618=VECTOR('',#2012,10.);
#619=VECTOR('',#2015,10.);
#620=VECTOR('',#2016,10.);
#621=VECTOR('',#2021,10.);
#622=VECTOR('',#2022,10.);
#623=VECTOR('',#2025,10.);
#624=VECTOR('',#2030,10.);
#625=VECTOR('',#2035,1.5);
#626=VECTOR('',#2040,1.5);
#627=VECTOR('',#2045,1.5);
#628=VECTOR('',#2050,1.5);
#629=VECTOR('',#2053,10.);
#630=VERTEX_POINT('',#2065);
#631=VERTEX_POINT('',#2066);
#632=VERTEX_POINT('',#2068);
#633=VERTEX_POINT('',#2070);
#634=VERTEX_POINT('',#2074);
#635=VERTEX_POINT('',#2076);
#636=VERTEX_POINT('',#2080);
#637=VERTEX_POINT('',#2084);
#638=VERTEX_POINT('',#2091);
#639=VERTEX_POINT('',#2092);
#640=VERTEX_POINT('',#2094);
#641=VERTEX_POINT('',#2096);
#642=VERTEX_POINT('',#2100);
#643=VERTEX_POINT('',#2102);
#644=VERTEX_POINT('',#2106);
#645=VERTEX_POINT('',#2108);
#646=VERTEX_POINT('',#2115);
#647=VERTEX_POINT('',#2116);
#648=VERTEX_POINT('',#2118);
#649=VERTEX_POINT('',#2120);
#650=VERTEX_POINT('',#2124);
#651=VERTEX_POINT('',#2126);
#652=VERTEX_POINT('',#2130);
#653=VERTEX_POINT('',#2132);
#654=VERTEX_POINT('',#2141);
#655=VERTEX_POINT('',#2142);
#656=VERTEX_POINT('',#2144);
#657=VERTEX_POINT('',#2146);
#658=VERTEX_POINT('',#2150);
#659=VERTEX_POINT('',#2152);
#660=VERTEX_POINT('',#2156);
#661=VERTEX_POINT('',#2160);
#662=VERTEX_POINT('',#2167);
#663=VERTEX_POINT('',#2168);
#664=VERTEX_POINT('',#2170);
#665=VERTEX_POINT('',#2172);
#666=VERTEX_POINT('',#2176);
#667=VERTEX_POINT('',#2178);
#668=VERTEX_POINT('',#2182);
#669=VERTEX_POINT('',#2186);
#670=VERTEX_POINT('',#2193);
#671=VERTEX_POINT('',#2194);
#672=VERTEX_POINT('',#2196);
#673=VERTEX_POINT('',#2198);
#674=VERTEX_POINT('',#2202);
#675=VERTEX_POINT('',#2204);
#676=VERTEX_POINT('',#2208);
#677=VERTEX_POINT('',#2212);
#678=VERTEX_POINT('',#2219);
#679=VERTEX_POINT('',#2220);
#680=VERTEX_POINT('',#2222);
#681=VERTEX_POINT('',#2224);
#682=VERTEX_POINT('',#2228);
#683=VERTEX_POINT('',#2230);
#684=VERTEX_POINT('',#2234);
#685=VERTEX_POINT('',#2238);
#686=VERTEX_POINT('',#2245);
#687=VERTEX_POINT('',#2246);
#688=VERTEX_POINT('',#2248);
#689=VERTEX_POINT('',#2250);
#690=VERTEX_POINT('',#2254);
#691=VERTEX_POINT('',#2256);
#692=VERTEX_POINT('',#2260);
#693=VERTEX_POINT('',#2264);
#694=VERTEX_POINT('',#2271);
#695=VERTEX_POINT('',#2272);
#696=VERTEX_POINT('',#2274);
#697=VERTEX_POINT('',#2276);
#698=VERTEX_POINT('',#2280);
#699=VERTEX_POINT('',#2282);
#700=VERTEX_POINT('',#2286);
#701=VERTEX_POINT('',#2290);
#702=VERTEX_POINT('',#2297);
#703=VERTEX_POINT('',#2298);
#704=VERTEX_POINT('',#2300);
#705=VERTEX_POINT('',#2302);
#706=VERTEX_POINT('',#2306);
#707=VERTEX_POINT('',#2308);
#708=VERTEX_POINT('',#2312);
#709=VERTEX_POINT('',#2316);
#710=VERTEX_POINT('',#2323);
#711=VERTEX_POINT('',#2324);
#712=VERTEX_POINT('',#2326);
#713=VERTEX_POINT('',#2328);
#714=VERTEX_POINT('',#2332);
#715=VERTEX_POINT('',#2334);
#716=VERTEX_POINT('',#2338);
#717=VERTEX_POINT('',#2342);
#718=VERTEX_POINT('',#2350);
#719=VERTEX_POINT('',#2351);
#720=VERTEX_POINT('',#2353);
#721=VERTEX_POINT('',#2355);
#722=VERTEX_POINT('',#2359);
#723=VERTEX_POINT('',#2361);
#724=VERTEX_POINT('',#2365);
#725=VERTEX_POINT('',#2367);
#726=VERTEX_POINT('',#2375);
#727=VERTEX_POINT('',#2376);
#728=VERTEX_POINT('',#2378);
#729=VERTEX_POINT('',#2380);
#730=VERTEX_POINT('',#2384);
#731=VERTEX_POINT('',#2386);
#732=VERTEX_POINT('',#2390);
#733=VERTEX_POINT('',#2392);
#734=VERTEX_POINT('',#2402);
#735=VERTEX_POINT('',#2403);
#736=VERTEX_POINT('',#2405);
#737=VERTEX_POINT('',#2407);
#738=VERTEX_POINT('',#2411);
#739=VERTEX_POINT('',#2413);
#740=VERTEX_POINT('',#2417);
#741=VERTEX_POINT('',#2419);
#742=VERTEX_POINT('',#2421);
#743=VERTEX_POINT('',#2423);
#744=VERTEX_POINT('',#2425);
#745=VERTEX_POINT('',#2428);
#746=VERTEX_POINT('',#2430);
#747=VERTEX_POINT('',#2432);
#748=VERTEX_POINT('',#2434);
#749=VERTEX_POINT('',#2437);
#750=VERTEX_POINT('',#2441);
#751=VERTEX_POINT('',#2445);
#752=VERTEX_POINT('',#2446);
#753=VERTEX_POINT('',#2453);
#754=VERTEX_POINT('',#2457);
#755=VERTEX_POINT('',#2461);
#756=VERTEX_POINT('',#2465);
#757=VERTEX_POINT('',#2469);
#758=EDGE_CURVE('',#630,#631,#278,.T.);
#759=EDGE_CURVE('',#631,#632,#279,.T.);
#760=EDGE_CURVE('',#632,#633,#280,.T.);
#761=EDGE_CURVE('',#633,#630,#281,.T.);
#762=EDGE_CURVE('',#634,#631,#282,.T.);
#763=EDGE_CURVE('',#635,#634,#283,.T.);
#764=EDGE_CURVE('',#632,#635,#284,.T.);
#765=EDGE_CURVE('',#636,#635,#285,.T.);
#766=EDGE_CURVE('',#633,#636,#286,.T.);
#767=EDGE_CURVE('',#637,#636,#287,.T.);
#768=EDGE_CURVE('',#630,#637,#288,.T.);
#769=EDGE_CURVE('',#634,#637,#289,.T.);
#770=EDGE_CURVE('',#638,#639,#290,.T.);
#771=EDGE_CURVE('',#639,#640,#291,.T.);
#772=EDGE_CURVE('',#641,#640,#292,.T.);
#773=EDGE_CURVE('',#638,#641,#293,.T.);
#774=EDGE_CURVE('',#642,#638,#294,.T.);
#775=EDGE_CURVE('',#643,#641,#295,.T.);
#776=EDGE_CURVE('',#642,#643,#296,.T.);
#777=EDGE_CURVE('',#644,#642,#297,.T.);
#778=EDGE_CURVE('',#645,#643,#298,.T.);
#779=EDGE_CURVE('',#644,#645,#299,.T.);
#780=EDGE_CURVE('',#639,#644,#300,.T.);
#781=EDGE_CURVE('',#640,#645,#301,.T.);
#782=EDGE_CURVE('',#646,#647,#302,.T.);
#783=EDGE_CURVE('',#646,#648,#303,.T.);
#784=EDGE_CURVE('',#649,#648,#304,.T.);
#785=EDGE_CURVE('',#647,#649,#305,.T.);
#786=EDGE_CURVE('',#650,#647,#306,.T.);
#787=EDGE_CURVE('',#651,#649,#307,.T.);
#788=EDGE_CURVE('',#650,#651,#308,.T.);
#789=EDGE_CURVE('',#652,#650,#309,.T.);
#790=EDGE_CURVE('',#653,#651,#310,.T.);
#791=EDGE_CURVE('',#652,#653,#311,.T.);
#792=EDGE_CURVE('',#646,#652,#312,.T.);
#793=EDGE_CURVE('',#648,#653,#313,.T.);
#794=EDGE_CURVE('',#654,#655,#314,.T.);
#795=EDGE_CURVE('',#655,#656,#315,.T.);
#796=EDGE_CURVE('',#656,#657,#316,.T.);
#797=EDGE_CURVE('',#657,#654,#317,.T.);
#798=EDGE_CURVE('',#658,#655,#318,.T.);
#799=EDGE_CURVE('',#659,#658,#319,.T.);
#800=EDGE_CURVE('',#656,#659,#320,.T.);
#801=EDGE_CURVE('',#660,#659,#321,.T.);
#802=EDGE_CURVE('',#657,#660,#322,.T.);
#803=EDGE_CURVE('',#661,#660,#323,.T.);
#804=EDGE_CURVE('',#654,#661,#324,.T.);
#805=EDGE_CURVE('',#658,#661,#325,.T.);
#806=EDGE_CURVE('',#662,#663,#326,.T.);
#807=EDGE_CURVE('',#663,#664,#327,.T.);
#808=EDGE_CURVE('',#664,#665,#328,.T.);
#809=EDGE_CURVE('',#665,#662,#329,.T.);
#810=EDGE_CURVE('',#666,#663,#330,.T.);
#811=EDGE_CURVE('',#667,#666,#331,.T.);
#812=EDGE_CURVE('',#664,#667,#332,.T.);
#813=EDGE_CURVE('',#668,#667,#333,.T.);
#814=EDGE_CURVE('',#665,#668,#334,.T.);
#815=EDGE_CURVE('',#669,#668,#335,.T.);
#816=EDGE_CURVE('',#662,#669,#336,.T.);
#817=EDGE_CURVE('',#666,#669,#337,.T.);
#818=EDGE_CURVE('',#670,#671,#338,.T.);
#819=EDGE_CURVE('',#671,#672,#339,.T.);
#820=EDGE_CURVE('',#672,#673,#340,.T.);
#821=EDGE_CURVE('',#673,#670,#341,.T.);
#822=EDGE_CURVE('',#674,#671,#342,.T.);
#823=EDGE_CURVE('',#675,#674,#343,.T.);
#824=EDGE_CURVE('',#672,#675,#344,.T.);
#825=EDGE_CURVE('',#676,#675,#345,.T.);
#826=EDGE_CURVE('',#673,#676,#346,.T.);
#827=EDGE_CURVE('',#677,#676,#347,.T.);
#828=EDGE_CURVE('',#670,#677,#348,.T.);
#829=EDGE_CURVE('',#674,#677,#349,.T.);
#830=EDGE_CURVE('',#678,#679,#350,.T.);
#831=EDGE_CURVE('',#679,#680,#351,.T.);
#832=EDGE_CURVE('',#680,#681,#352,.T.);
#833=EDGE_CURVE('',#681,#678,#353,.T.);
#834=EDGE_CURVE('',#682,#679,#354,.T.);
#835=EDGE_CURVE('',#683,#682,#355,.T.);
#836=EDGE_CURVE('',#680,#683,#356,.T.);
#837=EDGE_CURVE('',#684,#683,#357,.T.);
#838=EDGE_CURVE('',#681,#684,#358,.T.);
#839=EDGE_CURVE('',#685,#684,#359,.T.);
#840=EDGE_CURVE('',#678,#685,#360,.T.);
#841=EDGE_CURVE('',#682,#685,#361,.T.);
#842=EDGE_CURVE('',#686,#687,#362,.T.);
#843=EDGE_CURVE('',#687,#688,#363,.T.);
#844=EDGE_CURVE('',#688,#689,#364,.T.);
#845=EDGE_CURVE('',#689,#686,#365,.T.);
#846=EDGE_CURVE('',#690,#687,#366,.T.);
#847=EDGE_CURVE('',#691,#690,#367,.T.);
#848=EDGE_CURVE('',#688,#691,#368,.T.);
#849=EDGE_CURVE('',#692,#691,#369,.T.);
#850=EDGE_CURVE('',#689,#692,#370,.T.);
#851=EDGE_CURVE('',#693,#692,#371,.T.);
#852=EDGE_CURVE('',#686,#693,#372,.T.);
#853=EDGE_CURVE('',#690,#693,#373,.T.);
#854=EDGE_CURVE('',#694,#695,#374,.T.);
#855=EDGE_CURVE('',#695,#696,#375,.T.);
#856=EDGE_CURVE('',#696,#697,#376,.T.);
#857=EDGE_CURVE('',#697,#694,#377,.T.);
#858=EDGE_CURVE('',#698,#695,#378,.T.);
#859=EDGE_CURVE('',#699,#698,#379,.T.);
#860=EDGE_CURVE('',#696,#699,#380,.T.);
#861=EDGE_CURVE('',#700,#699,#381,.T.);
#862=EDGE_CURVE('',#697,#700,#382,.T.);
#863=EDGE_CURVE('',#701,#700,#383,.T.);
#864=EDGE_CURVE('',#694,#701,#384,.T.);
#865=EDGE_CURVE('',#698,#701,#385,.T.);
#866=EDGE_CURVE('',#702,#703,#386,.T.);
#867=EDGE_CURVE('',#703,#704,#387,.T.);
#868=EDGE_CURVE('',#704,#705,#388,.T.);
#869=EDGE_CURVE('',#705,#702,#389,.T.);
#870=EDGE_CURVE('',#706,#703,#390,.T.);
#871=EDGE_CURVE('',#707,#706,#391,.T.);
#872=EDGE_CURVE('',#704,#707,#392,.T.);
#873=EDGE_CURVE('',#708,#707,#393,.T.);
#874=EDGE_CURVE('',#705,#708,#394,.T.);
#875=EDGE_CURVE('',#709,#708,#395,.T.);
#876=EDGE_CURVE('',#702,#709,#396,.T.);
#877=EDGE_CURVE('',#706,#709,#397,.T.);
#878=EDGE_CURVE('',#710,#711,#398,.T.);
#879=EDGE_CURVE('',#711,#712,#399,.T.);
#880=EDGE_CURVE('',#712,#713,#400,.T.);
#881=EDGE_CURVE('',#713,#710,#401,.T.);
#882=EDGE_CURVE('',#714,#711,#402,.T.);
#883=EDGE_CURVE('',#715,#714,#403,.T.);
#884=EDGE_CURVE('',#712,#715,#404,.T.);
#885=EDGE_CURVE('',#716,#715,#405,.T.);
#886=EDGE_CURVE('',#713,#716,#406,.T.);
#887=EDGE_CURVE('',#717,#716,#407,.T.);
#888=EDGE_CURVE('',#710,#717,#408,.T.);
#889=EDGE_CURVE('',#714,#717,#409,.T.);
#890=EDGE_CURVE('',#718,#719,#410,.T.);
#891=EDGE_CURVE('',#718,#720,#411,.T.);
#892=EDGE_CURVE('',#720,#721,#412,.T.);
#893=EDGE_CURVE('',#719,#721,#413,.T.);
#894=EDGE_CURVE('',#722,#718,#414,.T.);
#895=EDGE_CURVE('',#722,#723,#415,.T.);
#896=EDGE_CURVE('',#723,#720,#416,.T.);
#897=EDGE_CURVE('',#724,#722,#417,.T.);
#898=EDGE_CURVE('',#724,#725,#418,.T.);
#899=EDGE_CURVE('',#725,#723,#419,.T.);
#900=EDGE_CURVE('',#719,#724,#420,.T.);
#901=EDGE_CURVE('',#721,#725,#421,.T.);
#902=EDGE_CURVE('',#726,#727,#422,.T.);
#903=EDGE_CURVE('',#726,#728,#423,.T.);
#904=EDGE_CURVE('',#729,#728,#424,.T.);
#905=EDGE_CURVE('',#727,#729,#425,.T.);
#906=EDGE_CURVE('',#727,#730,#426,.T.);
#907=EDGE_CURVE('',#731,#729,#427,.T.);
#908=EDGE_CURVE('',#730,#731,#428,.T.);
#909=EDGE_CURVE('',#730,#732,#429,.T.);
#910=EDGE_CURVE('',#733,#731,#430,.T.);
#911=EDGE_CURVE('',#732,#733,#431,.T.);
#912=EDGE_CURVE('',#732,#726,#432,.T.);
#913=EDGE_CURVE('',#728,#733,#433,.T.);
#914=EDGE_CURVE('',#734,#735,#23,.T.);
#915=EDGE_CURVE('',#735,#736,#434,.T.);
#916=EDGE_CURVE('',#736,#737,#24,.T.);
#917=EDGE_CURVE('',#737,#734,#435,.T.);
#918=EDGE_CURVE('',#738,#737,#436,.T.);
#919=EDGE_CURVE('',#739,#738,#437,.T.);
#920=EDGE_CURVE('',#734,#739,#438,.T.);
#921=EDGE_CURVE('',#736,#740,#439,.T.);
#922=EDGE_CURVE('',#741,#740,#25,.T.);
#923=EDGE_CURVE('',#741,#742,#440,.T.);
#924=EDGE_CURVE('',#743,#742,#26,.T.);
#925=EDGE_CURVE('',#743,#744,#441,.T.);
#926=EDGE_CURVE('',#738,#744,#27,.T.);
#927=EDGE_CURVE('',#745,#745,#28,.T.);
#928=EDGE_CURVE('',#746,#746,#29,.T.);
#929=EDGE_CURVE('',#747,#747,#30,.T.);
#930=EDGE_CURVE('',#748,#748,#31,.T.);
#931=EDGE_CURVE('',#749,#739,#32,.T.);
#932=EDGE_CURVE('',#744,#749,#442,.T.);
#933=EDGE_CURVE('',#750,#743,#443,.T.);
#934=EDGE_CURVE('',#749,#750,#444,.T.);
#935=EDGE_CURVE('',#751,#752,#33,.T.);
#936=EDGE_CURVE('',#752,#741,#445,.T.);
#937=EDGE_CURVE('',#740,#751,#446,.T.);
#938=EDGE_CURVE('',#751,#735,#447,.T.);
#939=EDGE_CURVE('',#753,#750,#34,.T.);
#940=EDGE_CURVE('',#742,#753,#448,.T.);
#941=EDGE_CURVE('',#754,#754,#35,.T.);
#942=EDGE_CURVE('',#754,#748,#449,.T.);
#943=EDGE_CURVE('',#755,#755,#36,.T.);
#944=EDGE_CURVE('',#755,#747,#450,.T.);
#945=EDGE_CURVE('',#756,#756,#37,.T.);
#946=EDGE_CURVE('',#756,#746,#451,.T.);
#947=EDGE_CURVE('',#757,#757,#38,.T.);
#948=EDGE_CURVE('',#757,#745,#452,.T.);
#949=EDGE_CURVE('',#753,#752,#453,.T.);
#950=ORIENTED_EDGE('',*,*,#758,.T.);
#951=ORIENTED_EDGE('',*,*,#759,.T.);
#952=ORIENTED_EDGE('',*,*,#760,.T.);
#953=ORIENTED_EDGE('',*,*,#761,.T.);
#954=ORIENTED_EDGE('',*,*,#762,.F.);
#955=ORIENTED_EDGE('',*,*,#763,.F.);
#956=ORIENTED_EDGE('',*,*,#764,.F.);
#957=ORIENTED_EDGE('',*,*,#759,.F.);
#958=ORIENTED_EDGE('',*,*,#764,.T.);
#959=ORIENTED_EDGE('',*,*,#765,.F.);
#960=ORIENTED_EDGE('',*,*,#766,.F.);
#961=ORIENTED_EDGE('',*,*,#760,.F.);
#962=ORIENTED_EDGE('',*,*,#766,.T.);
#963=ORIENTED_EDGE('',*,*,#767,.F.);
#964=ORIENTED_EDGE('',*,*,#768,.F.);
#965=ORIENTED_EDGE('',*,*,#761,.F.);
#966=ORIENTED_EDGE('',*,*,#768,.T.);
#967=ORIENTED_EDGE('',*,*,#769,.F.);
#968=ORIENTED_EDGE('',*,*,#762,.T.);
#969=ORIENTED_EDGE('',*,*,#758,.F.);
#970=ORIENTED_EDGE('',*,*,#769,.T.);
#971=ORIENTED_EDGE('',*,*,#767,.T.);
#972=ORIENTED_EDGE('',*,*,#765,.T.);
#973=ORIENTED_EDGE('',*,*,#763,.T.);
#974=ORIENTED_EDGE('',*,*,#770,.T.);
#975=ORIENTED_EDGE('',*,*,#771,.T.);
#976=ORIENTED_EDGE('',*,*,#772,.F.);
#977=ORIENTED_EDGE('',*,*,#773,.F.);
#978=ORIENTED_EDGE('',*,*,#774,.T.);
#979=ORIENTED_EDGE('',*,*,#773,.T.);
#980=ORIENTED_EDGE('',*,*,#775,.F.);
#981=ORIENTED_EDGE('',*,*,#776,.F.);
#982=ORIENTED_EDGE('',*,*,#777,.T.);
#983=ORIENTED_EDGE('',*,*,#776,.T.);
#984=ORIENTED_EDGE('',*,*,#778,.F.);
#985=ORIENTED_EDGE('',*,*,#779,.F.);
#986=ORIENTED_EDGE('',*,*,#780,.T.);
#987=ORIENTED_EDGE('',*,*,#779,.T.);
#988=ORIENTED_EDGE('',*,*,#781,.F.);
#989=ORIENTED_EDGE('',*,*,#771,.F.);
#990=ORIENTED_EDGE('',*,*,#782,.F.);
#991=ORIENTED_EDGE('',*,*,#783,.T.);
#992=ORIENTED_EDGE('',*,*,#784,.F.);
#993=ORIENTED_EDGE('',*,*,#785,.F.);
#994=ORIENTED_EDGE('',*,*,#786,.T.);
#995=ORIENTED_EDGE('',*,*,#785,.T.);
#996=ORIENTED_EDGE('',*,*,#787,.F.);
#997=ORIENTED_EDGE('',*,*,#788,.F.);
#998=ORIENTED_EDGE('',*,*,#789,.T.);
#999=ORIENTED_EDGE('',*,*,#788,.T.);
#1000=ORIENTED_EDGE('',*,*,#790,.F.);
#1001=ORIENTED_EDGE('',*,*,#791,.F.);
#1002=ORIENTED_EDGE('',*,*,#792,.T.);
#1003=ORIENTED_EDGE('',*,*,#791,.T.);
#1004=ORIENTED_EDGE('',*,*,#793,.F.);
#1005=ORIENTED_EDGE('',*,*,#783,.F.);
#1006=ORIENTED_EDGE('',*,*,#793,.T.);
#1007=ORIENTED_EDGE('',*,*,#790,.T.);
#1008=ORIENTED_EDGE('',*,*,#787,.T.);
#1009=ORIENTED_EDGE('',*,*,#784,.T.);
#1010=ORIENTED_EDGE('',*,*,#781,.T.);
#1011=ORIENTED_EDGE('',*,*,#778,.T.);
#1012=ORIENTED_EDGE('',*,*,#775,.T.);
#1013=ORIENTED_EDGE('',*,*,#772,.T.);
#1014=ORIENTED_EDGE('',*,*,#792,.F.);
#1015=ORIENTED_EDGE('',*,*,#782,.T.);
#1016=ORIENTED_EDGE('',*,*,#786,.F.);
#1017=ORIENTED_EDGE('',*,*,#789,.F.);
#1018=ORIENTED_EDGE('',*,*,#780,.F.);
#1019=ORIENTED_EDGE('',*,*,#770,.F.);
#1020=ORIENTED_EDGE('',*,*,#774,.F.);
#1021=ORIENTED_EDGE('',*,*,#777,.F.);
#1022=ORIENTED_EDGE('',*,*,#794,.T.);
#1023=ORIENTED_EDGE('',*,*,#795,.T.);
#1024=ORIENTED_EDGE('',*,*,#796,.T.);
#1025=ORIENTED_EDGE('',*,*,#797,.T.);
#1026=ORIENTED_EDGE('',*,*,#798,.F.);
#1027=ORIENTED_EDGE('',*,*,#799,.F.);
#1028=ORIENTED_EDGE('',*,*,#800,.F.);
#1029=ORIENTED_EDGE('',*,*,#795,.F.);
#1030=ORIENTED_EDGE('',*,*,#800,.T.);
#1031=ORIENTED_EDGE('',*,*,#801,.F.);
#1032=ORIENTED_EDGE('',*,*,#802,.F.);
#1033=ORIENTED_EDGE('',*,*,#796,.F.);
#1034=ORIENTED_EDGE('',*,*,#802,.T.);
#1035=ORIENTED_EDGE('',*,*,#803,.F.);
#1036=ORIENTED_EDGE('',*,*,#804,.F.);
#1037=ORIENTED_EDGE('',*,*,#797,.F.);
#1038=ORIENTED_EDGE('',*,*,#804,.T.);
#1039=ORIENTED_EDGE('',*,*,#805,.F.);
#1040=ORIENTED_EDGE('',*,*,#798,.T.);
#1041=ORIENTED_EDGE('',*,*,#794,.F.);
#1042=ORIENTED_EDGE('',*,*,#805,.T.);
#1043=ORIENTED_EDGE('',*,*,#803,.T.);
#1044=ORIENTED_EDGE('',*,*,#801,.T.);
#1045=ORIENTED_EDGE('',*,*,#799,.T.);
#1046=ORIENTED_EDGE('',*,*,#806,.T.);
#1047=ORIENTED_EDGE('',*,*,#807,.T.);
#1048=ORIENTED_EDGE('',*,*,#808,.T.);
#1049=ORIENTED_EDGE('',*,*,#809,.T.);
#1050=ORIENTED_EDGE('',*,*,#810,.F.);
#1051=ORIENTED_EDGE('',*,*,#811,.F.);
#1052=ORIENTED_EDGE('',*,*,#812,.F.);
#1053=ORIENTED_EDGE('',*,*,#807,.F.);
#1054=ORIENTED_EDGE('',*,*,#812,.T.);
#1055=ORIENTED_EDGE('',*,*,#813,.F.);
#1056=ORIENTED_EDGE('',*,*,#814,.F.);
#1057=ORIENTED_EDGE('',*,*,#808,.F.);
#1058=ORIENTED_EDGE('',*,*,#814,.T.);
#1059=ORIENTED_EDGE('',*,*,#815,.F.);
#1060=ORIENTED_EDGE('',*,*,#816,.F.);
#1061=ORIENTED_EDGE('',*,*,#809,.F.);
#1062=ORIENTED_EDGE('',*,*,#816,.T.);
#1063=ORIENTED_EDGE('',*,*,#817,.F.);
#1064=ORIENTED_EDGE('',*,*,#810,.T.);
#1065=ORIENTED_EDGE('',*,*,#806,.F.);
#1066=ORIENTED_EDGE('',*,*,#817,.T.);
#1067=ORIENTED_EDGE('',*,*,#815,.T.);
#1068=ORIENTED_EDGE('',*,*,#813,.T.);
#1069=ORIENTED_EDGE('',*,*,#811,.T.);
#1070=ORIENTED_EDGE('',*,*,#818,.T.);
#1071=ORIENTED_EDGE('',*,*,#819,.T.);
#1072=ORIENTED_EDGE('',*,*,#820,.T.);
#1073=ORIENTED_EDGE('',*,*,#821,.T.);
#1074=ORIENTED_EDGE('',*,*,#822,.F.);
#1075=ORIENTED_EDGE('',*,*,#823,.F.);
#1076=ORIENTED_EDGE('',*,*,#824,.F.);
#1077=ORIENTED_EDGE('',*,*,#819,.F.);
#1078=ORIENTED_EDGE('',*,*,#824,.T.);
#1079=ORIENTED_EDGE('',*,*,#825,.F.);
#1080=ORIENTED_EDGE('',*,*,#826,.F.);
#1081=ORIENTED_EDGE('',*,*,#820,.F.);
#1082=ORIENTED_EDGE('',*,*,#826,.T.);
#1083=ORIENTED_EDGE('',*,*,#827,.F.);
#1084=ORIENTED_EDGE('',*,*,#828,.F.);
#1085=ORIENTED_EDGE('',*,*,#821,.F.);
#1086=ORIENTED_EDGE('',*,*,#828,.T.);
#1087=ORIENTED_EDGE('',*,*,#829,.F.);
#1088=ORIENTED_EDGE('',*,*,#822,.T.);
#1089=ORIENTED_EDGE('',*,*,#818,.F.);
#1090=ORIENTED_EDGE('',*,*,#829,.T.);
#1091=ORIENTED_EDGE('',*,*,#827,.T.);
#1092=ORIENTED_EDGE('',*,*,#825,.T.);
#1093=ORIENTED_EDGE('',*,*,#823,.T.);
#1094=ORIENTED_EDGE('',*,*,#830,.T.);
#1095=ORIENTED_EDGE('',*,*,#831,.T.);
#1096=ORIENTED_EDGE('',*,*,#832,.T.);
#1097=ORIENTED_EDGE('',*,*,#833,.T.);
#1098=ORIENTED_EDGE('',*,*,#834,.F.);
#1099=ORIENTED_EDGE('',*,*,#835,.F.);
#1100=ORIENTED_EDGE('',*,*,#836,.F.);
#1101=ORIENTED_EDGE('',*,*,#831,.F.);
#1102=ORIENTED_EDGE('',*,*,#836,.T.);
#1103=ORIENTED_EDGE('',*,*,#837,.F.);
#1104=ORIENTED_EDGE('',*,*,#838,.F.);
#1105=ORIENTED_EDGE('',*,*,#832,.F.);
#1106=ORIENTED_EDGE('',*,*,#838,.T.);
#1107=ORIENTED_EDGE('',*,*,#839,.F.);
#1108=ORIENTED_EDGE('',*,*,#840,.F.);
#1109=ORIENTED_EDGE('',*,*,#833,.F.);
#1110=ORIENTED_EDGE('',*,*,#840,.T.);
#1111=ORIENTED_EDGE('',*,*,#841,.F.);
#1112=ORIENTED_EDGE('',*,*,#834,.T.);
#1113=ORIENTED_EDGE('',*,*,#830,.F.);
#1114=ORIENTED_EDGE('',*,*,#841,.T.);
#1115=ORIENTED_EDGE('',*,*,#839,.T.);
#1116=ORIENTED_EDGE('',*,*,#837,.T.);
#1117=ORIENTED_EDGE('',*,*,#835,.T.);
#1118=ORIENTED_EDGE('',*,*,#842,.T.);
#1119=ORIENTED_EDGE('',*,*,#843,.T.);
#1120=ORIENTED_EDGE('',*,*,#844,.T.);
#1121=ORIENTED_EDGE('',*,*,#845,.T.);
#1122=ORIENTED_EDGE('',*,*,#846,.F.);
#1123=ORIENTED_EDGE('',*,*,#847,.F.);
#1124=ORIENTED_EDGE('',*,*,#848,.F.);
#1125=ORIENTED_EDGE('',*,*,#843,.F.);
#1126=ORIENTED_EDGE('',*,*,#848,.T.);
#1127=ORIENTED_EDGE('',*,*,#849,.F.);
#1128=ORIENTED_EDGE('',*,*,#850,.F.);
#1129=ORIENTED_EDGE('',*,*,#844,.F.);
#1130=ORIENTED_EDGE('',*,*,#850,.T.);
#1131=ORIENTED_EDGE('',*,*,#851,.F.);
#1132=ORIENTED_EDGE('',*,*,#852,.F.);
#1133=ORIENTED_EDGE('',*,*,#845,.F.);
#1134=ORIENTED_EDGE('',*,*,#852,.T.);
#1135=ORIENTED_EDGE('',*,*,#853,.F.);
#1136=ORIENTED_EDGE('',*,*,#846,.T.);
#1137=ORIENTED_EDGE('',*,*,#842,.F.);
#1138=ORIENTED_EDGE('',*,*,#853,.T.);
#1139=ORIENTED_EDGE('',*,*,#851,.T.);
#1140=ORIENTED_EDGE('',*,*,#849,.T.);
#1141=ORIENTED_EDGE('',*,*,#847,.T.);
#1142=ORIENTED_EDGE('',*,*,#854,.T.);
#1143=ORIENTED_EDGE('',*,*,#855,.T.);
#1144=ORIENTED_EDGE('',*,*,#856,.T.);
#1145=ORIENTED_EDGE('',*,*,#857,.T.);
#1146=ORIENTED_EDGE('',*,*,#858,.F.);
#1147=ORIENTED_EDGE('',*,*,#859,.F.);
#1148=ORIENTED_EDGE('',*,*,#860,.F.);
#1149=ORIENTED_EDGE('',*,*,#855,.F.);
#1150=ORIENTED_EDGE('',*,*,#860,.T.);
#1151=ORIENTED_EDGE('',*,*,#861,.F.);
#1152=ORIENTED_EDGE('',*,*,#862,.F.);
#1153=ORIENTED_EDGE('',*,*,#856,.F.);
#1154=ORIENTED_EDGE('',*,*,#862,.T.);
#1155=ORIENTED_EDGE('',*,*,#863,.F.);
#1156=ORIENTED_EDGE('',*,*,#864,.F.);
#1157=ORIENTED_EDGE('',*,*,#857,.F.);
#1158=ORIENTED_EDGE('',*,*,#864,.T.);
#1159=ORIENTED_EDGE('',*,*,#865,.F.);
#1160=ORIENTED_EDGE('',*,*,#858,.T.);
#1161=ORIENTED_EDGE('',*,*,#854,.F.);
#1162=ORIENTED_EDGE('',*,*,#865,.T.);
#1163=ORIENTED_EDGE('',*,*,#863,.T.);
#1164=ORIENTED_EDGE('',*,*,#861,.T.);
#1165=ORIENTED_EDGE('',*,*,#859,.T.);
#1166=ORIENTED_EDGE('',*,*,#866,.T.);
#1167=ORIENTED_EDGE('',*,*,#867,.T.);
#1168=ORIENTED_EDGE('',*,*,#868,.T.);
#1169=ORIENTED_EDGE('',*,*,#869,.T.);
#1170=ORIENTED_EDGE('',*,*,#870,.F.);
#1171=ORIENTED_EDGE('',*,*,#871,.F.);
#1172=ORIENTED_EDGE('',*,*,#872,.F.);
#1173=ORIENTED_EDGE('',*,*,#867,.F.);
#1174=ORIENTED_EDGE('',*,*,#872,.T.);
#1175=ORIENTED_EDGE('',*,*,#873,.F.);
#1176=ORIENTED_EDGE('',*,*,#874,.F.);
#1177=ORIENTED_EDGE('',*,*,#868,.F.);
#1178=ORIENTED_EDGE('',*,*,#874,.T.);
#1179=ORIENTED_EDGE('',*,*,#875,.F.);
#1180=ORIENTED_EDGE('',*,*,#876,.F.);
#1181=ORIENTED_EDGE('',*,*,#869,.F.);
#1182=ORIENTED_EDGE('',*,*,#876,.T.);
#1183=ORIENTED_EDGE('',*,*,#877,.F.);
#1184=ORIENTED_EDGE('',*,*,#870,.T.);
#1185=ORIENTED_EDGE('',*,*,#866,.F.);
#1186=ORIENTED_EDGE('',*,*,#877,.T.);
#1187=ORIENTED_EDGE('',*,*,#875,.T.);
#1188=ORIENTED_EDGE('',*,*,#873,.T.);
#1189=ORIENTED_EDGE('',*,*,#871,.T.);
#1190=ORIENTED_EDGE('',*,*,#878,.T.);
#1191=ORIENTED_EDGE('',*,*,#879,.T.);
#1192=ORIENTED_EDGE('',*,*,#880,.T.);
#1193=ORIENTED_EDGE('',*,*,#881,.T.);
#1194=ORIENTED_EDGE('',*,*,#882,.F.);
#1195=ORIENTED_EDGE('',*,*,#883,.F.);
#1196=ORIENTED_EDGE('',*,*,#884,.F.);
#1197=ORIENTED_EDGE('',*,*,#879,.F.);
#1198=ORIENTED_EDGE('',*,*,#884,.T.);
#1199=ORIENTED_EDGE('',*,*,#885,.F.);
#1200=ORIENTED_EDGE('',*,*,#886,.F.);
#1201=ORIENTED_EDGE('',*,*,#880,.F.);
#1202=ORIENTED_EDGE('',*,*,#886,.T.);
#1203=ORIENTED_EDGE('',*,*,#887,.F.);
#1204=ORIENTED_EDGE('',*,*,#888,.F.);
#1205=ORIENTED_EDGE('',*,*,#881,.F.);
#1206=ORIENTED_EDGE('',*,*,#888,.T.);
#1207=ORIENTED_EDGE('',*,*,#889,.F.);
#1208=ORIENTED_EDGE('',*,*,#882,.T.);
#1209=ORIENTED_EDGE('',*,*,#878,.F.);
#1210=ORIENTED_EDGE('',*,*,#889,.T.);
#1211=ORIENTED_EDGE('',*,*,#887,.T.);
#1212=ORIENTED_EDGE('',*,*,#885,.T.);
#1213=ORIENTED_EDGE('',*,*,#883,.T.);
#1214=ORIENTED_EDGE('',*,*,#890,.F.);
#1215=ORIENTED_EDGE('',*,*,#891,.T.);
#1216=ORIENTED_EDGE('',*,*,#892,.T.);
#1217=ORIENTED_EDGE('',*,*,#893,.F.);
#1218=ORIENTED_EDGE('',*,*,#894,.F.);
#1219=ORIENTED_EDGE('',*,*,#895,.T.);
#1220=ORIENTED_EDGE('',*,*,#896,.T.);
#1221=ORIENTED_EDGE('',*,*,#891,.F.);
#1222=ORIENTED_EDGE('',*,*,#897,.F.);
#1223=ORIENTED_EDGE('',*,*,#898,.T.);
#1224=ORIENTED_EDGE('',*,*,#899,.T.);
#1225=ORIENTED_EDGE('',*,*,#895,.F.);
#1226=ORIENTED_EDGE('',*,*,#900,.F.);
#1227=ORIENTED_EDGE('',*,*,#893,.T.);
#1228=ORIENTED_EDGE('',*,*,#901,.T.);
#1229=ORIENTED_EDGE('',*,*,#898,.F.);
#1230=ORIENTED_EDGE('',*,*,#901,.F.);
#1231=ORIENTED_EDGE('',*,*,#892,.F.);
#1232=ORIENTED_EDGE('',*,*,#896,.F.);
#1233=ORIENTED_EDGE('',*,*,#899,.F.);
#1234=ORIENTED_EDGE('',*,*,#902,.F.);
#1235=ORIENTED_EDGE('',*,*,#903,.T.);
#1236=ORIENTED_EDGE('',*,*,#904,.F.);
#1237=ORIENTED_EDGE('',*,*,#905,.F.);
#1238=ORIENTED_EDGE('',*,*,#906,.F.);
#1239=ORIENTED_EDGE('',*,*,#905,.T.);
#1240=ORIENTED_EDGE('',*,*,#907,.F.);
#1241=ORIENTED_EDGE('',*,*,#908,.F.);
#1242=ORIENTED_EDGE('',*,*,#909,.F.);
#1243=ORIENTED_EDGE('',*,*,#908,.T.);
#1244=ORIENTED_EDGE('',*,*,#910,.F.);
#1245=ORIENTED_EDGE('',*,*,#911,.F.);
#1246=ORIENTED_EDGE('',*,*,#912,.F.);
#1247=ORIENTED_EDGE('',*,*,#911,.T.);
#1248=ORIENTED_EDGE('',*,*,#913,.F.);
#1249=ORIENTED_EDGE('',*,*,#903,.F.);
#1250=ORIENTED_EDGE('',*,*,#913,.T.);
#1251=ORIENTED_EDGE('',*,*,#910,.T.);
#1252=ORIENTED_EDGE('',*,*,#907,.T.);
#1253=ORIENTED_EDGE('',*,*,#904,.T.);
#1254=ORIENTED_EDGE('',*,*,#890,.T.);
#1255=ORIENTED_EDGE('',*,*,#900,.T.);
#1256=ORIENTED_EDGE('',*,*,#897,.T.);
#1257=ORIENTED_EDGE('',*,*,#894,.T.);
#1258=ORIENTED_EDGE('',*,*,#912,.T.);
#1259=ORIENTED_EDGE('',*,*,#902,.T.);
#1260=ORIENTED_EDGE('',*,*,#906,.T.);
#1261=ORIENTED_EDGE('',*,*,#909,.T.);
#1262=ORIENTED_EDGE('',*,*,#914,.T.);
#1263=ORIENTED_EDGE('',*,*,#915,.T.);
#1264=ORIENTED_EDGE('',*,*,#916,.T.);
#1265=ORIENTED_EDGE('',*,*,#917,.T.);
#1266=ORIENTED_EDGE('',*,*,#917,.F.);
#1267=ORIENTED_EDGE('',*,*,#918,.F.);
#1268=ORIENTED_EDGE('',*,*,#919,.F.);
#1269=ORIENTED_EDGE('',*,*,#920,.F.);
#1270=ORIENTED_EDGE('',*,*,#916,.F.);
#1271=ORIENTED_EDGE('',*,*,#921,.T.);
#1272=ORIENTED_EDGE('',*,*,#922,.F.);
#1273=ORIENTED_EDGE('',*,*,#923,.T.);
#1274=ORIENTED_EDGE('',*,*,#924,.F.);
#1275=ORIENTED_EDGE('',*,*,#925,.T.);
#1276=ORIENTED_EDGE('',*,*,#926,.F.);
#1277=ORIENTED_EDGE('',*,*,#918,.T.);
#1278=ORIENTED_EDGE('',*,*,#927,.F.);
#1279=ORIENTED_EDGE('',*,*,#928,.F.);
#1280=ORIENTED_EDGE('',*,*,#929,.F.);
#1281=ORIENTED_EDGE('',*,*,#930,.F.);
#1282=ORIENTED_EDGE('',*,*,#931,.T.);
#1283=ORIENTED_EDGE('',*,*,#919,.T.);
#1284=ORIENTED_EDGE('',*,*,#926,.T.);
#1285=ORIENTED_EDGE('',*,*,#932,.T.);
#1286=ORIENTED_EDGE('',*,*,#932,.F.);
#1287=ORIENTED_EDGE('',*,*,#925,.F.);
#1288=ORIENTED_EDGE('',*,*,#933,.F.);
#1289=ORIENTED_EDGE('',*,*,#934,.F.);
#1290=ORIENTED_EDGE('',*,*,#935,.T.);
#1291=ORIENTED_EDGE('',*,*,#936,.T.);
#1292=ORIENTED_EDGE('',*,*,#922,.T.);
#1293=ORIENTED_EDGE('',*,*,#937,.T.);
#1294=ORIENTED_EDGE('',*,*,#915,.F.);
#1295=ORIENTED_EDGE('',*,*,#938,.F.);
#1296=ORIENTED_EDGE('',*,*,#937,.F.);
#1297=ORIENTED_EDGE('',*,*,#921,.F.);
#1298=ORIENTED_EDGE('',*,*,#939,.T.);
#1299=ORIENTED_EDGE('',*,*,#933,.T.);
#1300=ORIENTED_EDGE('',*,*,#924,.T.);
#1301=ORIENTED_EDGE('',*,*,#940,.T.);
#1302=ORIENTED_EDGE('',*,*,#941,.F.);
#1303=ORIENTED_EDGE('',*,*,#942,.T.);
#1304=ORIENTED_EDGE('',*,*,#930,.T.);
#1305=ORIENTED_EDGE('',*,*,#942,.F.);
#1306=ORIENTED_EDGE('',*,*,#943,.F.);
#1307=ORIENTED_EDGE('',*,*,#944,.T.);
#1308=ORIENTED_EDGE('',*,*,#929,.T.);
#1309=ORIENTED_EDGE('',*,*,#944,.F.);
#1310=ORIENTED_EDGE('',*,*,#945,.F.);
#1311=ORIENTED_EDGE('',*,*,#946,.T.);
#1312=ORIENTED_EDGE('',*,*,#928,.T.);
#1313=ORIENTED_EDGE('',*,*,#946,.F.);
#1314=ORIENTED_EDGE('',*,*,#947,.F.);
#1315=ORIENTED_EDGE('',*,*,#948,.T.);
#1316=ORIENTED_EDGE('',*,*,#927,.T.);
#1317=ORIENTED_EDGE('',*,*,#948,.F.);
#1318=ORIENTED_EDGE('',*,*,#936,.F.);
#1319=ORIENTED_EDGE('',*,*,#949,.F.);
#1320=ORIENTED_EDGE('',*,*,#940,.F.);
#1321=ORIENTED_EDGE('',*,*,#923,.F.);
#1322=ORIENTED_EDGE('',*,*,#914,.F.);
#1323=ORIENTED_EDGE('',*,*,#920,.T.);
#1324=ORIENTED_EDGE('',*,*,#931,.F.);
#1325=ORIENTED_EDGE('',*,*,#934,.T.);
#1326=ORIENTED_EDGE('',*,*,#939,.F.);
#1327=ORIENTED_EDGE('',*,*,#949,.T.);
#1328=ORIENTED_EDGE('',*,*,#935,.F.);
#1329=ORIENTED_EDGE('',*,*,#938,.T.);
#1330=ORIENTED_EDGE('',*,*,#947,.T.);
#1331=ORIENTED_EDGE('',*,*,#945,.T.);
#1332=ORIENTED_EDGE('',*,*,#943,.T.);
#1333=ORIENTED_EDGE('',*,*,#941,.T.);
#1334=PLANE('',#1552);
#1335=PLANE('',#1553);
#1336=PLANE('',#1554);
#1337=PLANE('',#1555);
#1338=PLANE('',#1556);
#1339=PLANE('',#1557);
#1340=PLANE('',#1558);
#1341=PLANE('',#1559);
#1342=PLANE('',#1560);
#1343=PLANE('',#1561);
#1344=PLANE('',#1562);
#1345=PLANE('',#1563);
#1346=PLANE('',#1564);
#1347=PLANE('',#1565);
#1348=PLANE('',#1566);
#1349=PLANE('',#1567);
#1350=PLANE('',#1568);
#1351=PLANE('',#1569);
#1352=PLANE('',#1570);
#1353=PLANE('',#1571);
#1354=PLANE('',#1572);
#1355=PLANE('',#1573);
#1356=PLANE('',#1574);
#1357=PLANE('',#1575);
#1358=PLANE('',#1576);
#1359=PLANE('',#1577);
#1360=PLANE('',#1578);
#1361=PLANE('',#1579);
#1362=PLANE('',#1580);
#1363=PLANE('',#1581);
#1364=PLANE('',#1582);
#1365=PLANE('',#1583);
#1366=PLANE('',#1584);
#1367=PLANE('',#1585);
#1368=PLANE('',#1586);
#1369=PLANE('',#1587);
#1370=PLANE('',#1588);
#1371=PLANE('',#1589);
#1372=PLANE('',#1590);
#1373=PLANE('',#1591);
#1374=PLANE('',#1592);
#1375=PLANE('',#1593);
#1376=PLANE('',#1594);
#1377=PLANE('',#1595);
#1378=PLANE('',#1596);
#1379=PLANE('',#1597);
#1380=PLANE('',#1598);
#1381=PLANE('',#1599);
#1382=PLANE('',#1600);
#1383=PLANE('',#1601);
#1384=PLANE('',#1602);
#1385=PLANE('',#1603);
#1386=PLANE('',#1604);
#1387=PLANE('',#1605);
#1388=PLANE('',#1606);
#1389=PLANE('',#1607);
#1390=PLANE('',#1608);
#1391=PLANE('',#1609);
#1392=PLANE('',#1610);
#1393=PLANE('',#1611);
#1394=PLANE('',#1612);
#1395=PLANE('',#1613);
#1396=PLANE('',#1614);
#1397=PLANE('',#1615);
#1398=PLANE('',#1617);
#1399=PLANE('',#1618);
#1400=PLANE('',#1619);
#1401=PLANE('',#1620);
#1402=PLANE('',#1621);
#1403=PLANE('',#1622);
#1404=PLANE('',#1623);
#1405=PLANE('',#1624);
#1406=PLANE('',#1625);
#1407=PLANE('',#1626);
#1408=PLANE('',#1627);
#1409=PLANE('',#1632);
#1410=PLANE('',#1633);
#1411=PLANE('',#1643);
#1412=PLANE('',#1646);
#1413=PLANE('',#1657);
#1414=PLANE('',#1658);
#1415=ADVANCED_FACE('',(#89),#1334,.T.);
#1416=ADVANCED_FACE('',(#90),#1335,.T.);
#1417=ADVANCED_FACE('',(#91),#1336,.T.);
#1418=ADVANCED_FACE('',(#92),#1337,.T.);
#1419=ADVANCED_FACE('',(#93),#1338,.T.);
#1420=ADVANCED_FACE('',(#94),#1339,.T.);
#1421=ADVANCED_FACE('',(#95),#1340,.T.);
#1422=ADVANCED_FACE('',(#96),#1341,.T.);
#1423=ADVANCED_FACE('',(#97),#1342,.T.);
#1424=ADVANCED_FACE('',(#98),#1343,.T.);
#1425=ADVANCED_FACE('',(#99),#1344,.T.);
#1426=ADVANCED_FACE('',(#100),#1345,.T.);
#1427=ADVANCED_FACE('',(#101),#1346,.T.);
#1428=ADVANCED_FACE('',(#102),#1347,.T.);
#1429=ADVANCED_FACE('',(#103,#53),#1348,.T.);
#1430=ADVANCED_FACE('',(#104,#54),#1349,.F.);
#1431=ADVANCED_FACE('',(#105),#1350,.T.);
#1432=ADVANCED_FACE('',(#106),#1351,.T.);
#1433=ADVANCED_FACE('',(#107),#1352,.T.);
#1434=ADVANCED_FACE('',(#108),#1353,.T.);
#1435=ADVANCED_FACE('',(#109),#1354,.T.);
#1436=ADVANCED_FACE('',(#110),#1355,.T.);
#1437=ADVANCED_FACE('',(#111),#1356,.T.);
#1438=ADVANCED_FACE('',(#112),#1357,.T.);
#1439=ADVANCED_FACE('',(#113),#1358,.T.);
#1440=ADVANCED_FACE('',(#114),#1359,.T.);
#1441=ADVANCED_FACE('',(#115),#1360,.T.);
#1442=ADVANCED_FACE('',(#116),#1361,.T.);
#1443=ADVANCED_FACE('',(#117),#1362,.T.);
#1444=ADVANCED_FACE('',(#118),#1363,.T.);
#1445=ADVANCED_FACE('',(#119),#1364,.T.);
#1446=ADVANCED_FACE('',(#120),#1365,.T.);
#1447=ADVANCED_FACE('',(#121),#1366,.T.);
#1448=ADVANCED_FACE('',(#122),#1367,.T.);
#1449=ADVANCED_FACE('',(#123),#1368,.T.);
#1450=ADVANCED_FACE('',(#124),#1369,.T.);
#1451=ADVANCED_FACE('',(#125),#1370,.T.);
#1452=ADVANCED_FACE('',(#126),#1371,.T.);
#1453=ADVANCED_FACE('',(#127),#1372,.T.);
#1454=ADVANCED_FACE('',(#128),#1373,.T.);
#1455=ADVANCED_FACE('',(#129),#1374,.T.);
#1456=ADVANCED_FACE('',(#130),#1375,.T.);
#1457=ADVANCED_FACE('',(#131),#1376,.T.);
#1458=ADVANCED_FACE('',(#132),#1377,.T.);
#1459=ADVANCED_FACE('',(#133),#1378,.T.);
#1460=ADVANCED_FACE('',(#134),#1379,.T.);
#1461=ADVANCED_FACE('',(#135),#1380,.T.);
#1462=ADVANCED_FACE('',(#136),#1381,.T.);
#1463=ADVANCED_FACE('',(#137),#1382,.T.);
#1464=ADVANCED_FACE('',(#138),#1383,.T.);
#1465=ADVANCED_FACE('',(#139),#1384,.T.);
#1466=ADVANCED_FACE('',(#140),#1385,.T.);
#1467=ADVANCED_FACE('',(#141),#1386,.T.);
#1468=ADVANCED_FACE('',(#142),#1387,.T.);
#1469=ADVANCED_FACE('',(#143),#1388,.T.);
#1470=ADVANCED_FACE('',(#144),#1389,.T.);
#1471=ADVANCED_FACE('',(#145),#1390,.T.);
#1472=ADVANCED_FACE('',(#146),#1391,.T.);
#1473=ADVANCED_FACE('',(#147),#1392,.T.);
#1474=ADVANCED_FACE('',(#148),#1393,.T.);
#1475=ADVANCED_FACE('',(#149),#1394,.T.);
#1476=ADVANCED_FACE('',(#150),#1395,.T.);
#1477=ADVANCED_FACE('',(#151),#1396,.T.);
#1478=ADVANCED_FACE('',(#152),#1397,.T.);
#1479=ADVANCED_FACE('',(#153),#1398,.F.);
#1480=ADVANCED_FACE('',(#154),#1399,.F.);
#1481=ADVANCED_FACE('',(#155),#1400,.F.);
#1482=ADVANCED_FACE('',(#156),#1401,.F.);
#1483=ADVANCED_FACE('',(#157),#1402,.F.);
#1484=ADVANCED_FACE('',(#158),#1403,.T.);
#1485=ADVANCED_FACE('',(#159),#1404,.T.);
#1486=ADVANCED_FACE('',(#160),#1405,.T.);
#1487=ADVANCED_FACE('',(#161),#1406,.T.);
#1488=ADVANCED_FACE('',(#162,#55),#1407,.T.);
#1489=ADVANCED_FACE('',(#163),#1408,.F.);
#1490=ADVANCED_FACE('',(#164),#39,.T.);
#1491=ADVANCED_FACE('',(#165),#1409,.T.);
#1492=ADVANCED_FACE('',(#166,#56,#57,#58,#59),#1410,.F.);
#1493=ADVANCED_FACE('',(#167),#40,.T.);
#1494=ADVANCED_FACE('',(#168),#1411,.T.);
#1495=ADVANCED_FACE('',(#169),#41,.T.);
#1496=ADVANCED_FACE('',(#170),#1412,.T.);
#1497=ADVANCED_FACE('',(#171),#42,.T.);
#1498=ADVANCED_FACE('',(#172),#43,.F.);
#1499=ADVANCED_FACE('',(#173),#44,.F.);
#1500=ADVANCED_FACE('',(#174),#45,.F.);
#1501=ADVANCED_FACE('',(#175),#46,.F.);
#1502=ADVANCED_FACE('',(#176),#1413,.T.);
#1503=ADVANCED_FACE('',(#177,#60,#61,#62,#63),#1414,.T.);
#1504=CLOSED_SHELL('',(#1415,#1416,#1417,#1418,#1419,#1420));
#1505=CLOSED_SHELL('',(#1421,#1422,#1423,#1424,#1425,#1426,#1427,#1428,
#1429,#1430));
#1506=CLOSED_SHELL('',(#1431,#1432,#1433,#1434,#1435,#1436));
#1507=CLOSED_SHELL('',(#1437,#1438,#1439,#1440,#1441,#1442));
#1508=CLOSED_SHELL('',(#1443,#1444,#1445,#1446,#1447,#1448));
#1509=CLOSED_SHELL('',(#1449,#1450,#1451,#1452,#1453,#1454));
#1510=CLOSED_SHELL('',(#1455,#1456,#1457,#1458,#1459,#1460));
#1511=CLOSED_SHELL('',(#1461,#1462,#1463,#1464,#1465,#1466));
#1512=CLOSED_SHELL('',(#1467,#1468,#1469,#1470,#1471,#1472));
#1513=CLOSED_SHELL('',(#1473,#1474,#1475,#1476,#1477,#1478));
#1514=CLOSED_SHELL('',(#1479,#1480,#1481,#1482,#1483,#1484,#1485,#1486,
#1487,#1488,#1489));
#1515=CLOSED_SHELL('',(#1490,#1491,#1492,#1493,#1494,#1495,#1496,#1497,
#1498,#1499,#1500,#1501,#1502,#1503));
#1516=DERIVED_UNIT_ELEMENT(#1522,1.);
#1517=DERIVED_UNIT_ELEMENT(#2489,-3.);
#1518=DERIVED_UNIT_ELEMENT(#1522,1.);
#1519=DERIVED_UNIT_ELEMENT(#2489,-3.);
#1520=DERIVED_UNIT_ELEMENT(#1522,1.);
#1521=DERIVED_UNIT_ELEMENT(#2489,-3.);
#1522=(
MASS_UNIT()
NAMED_UNIT(*)
SI_UNIT(.KILO.,.GRAM.)
);
#1523=DERIVED_UNIT((#1516,#1517));
#1524=DERIVED_UNIT((#1518,#1519));
#1525=DERIVED_UNIT((#1520,#1521));
#1526=MEASURE_REPRESENTATION_ITEM('density measure',
POSITIVE_RATIO_MEASURE(7850.),#1523);
#1527=MEASURE_REPRESENTATION_ITEM('density measure',
POSITIVE_RATIO_MEASURE(7850.),#1524);
#1528=MEASURE_REPRESENTATION_ITEM('density measure',
POSITIVE_RATIO_MEASURE(7850.),#1525);
#1529=PROPERTY_DEFINITION_REPRESENTATION(#1544,#1535);
#1530=PROPERTY_DEFINITION_REPRESENTATION(#1545,#1536);
#1531=PROPERTY_DEFINITION_REPRESENTATION(#1546,#1537);
#1532=PROPERTY_DEFINITION_REPRESENTATION(#1547,#1538);
#1533=PROPERTY_DEFINITION_REPRESENTATION(#1548,#1539);
#1534=PROPERTY_DEFINITION_REPRESENTATION(#1549,#1540);
#1535=REPRESENTATION('material name',(#1541),#2484);
#1536=REPRESENTATION('density',(#1526),#2484);
#1537=REPRESENTATION('material name',(#1542),#2485);
#1538=REPRESENTATION('density',(#1527),#2485);
#1539=REPRESENTATION('material name',(#1543),#2486);
#1540=REPRESENTATION('density',(#1528),#2486);
#1541=DESCRIPTIVE_REPRESENTATION_ITEM('Steel','Steel');
#1542=DESCRIPTIVE_REPRESENTATION_ITEM('Steel','Steel');
#1543=DESCRIPTIVE_REPRESENTATION_ITEM('Steel','Steel');
#1544=PROPERTY_DEFINITION('material property','material name',#2509);
#1545=PROPERTY_DEFINITION('material property','density of part',#2509);
#1546=PROPERTY_DEFINITION('material property','material name',#2510);
#1547=PROPERTY_DEFINITION('material property','density of part',#2510);
#1548=PROPERTY_DEFINITION('material property','material name',#2511);
#1549=PROPERTY_DEFINITION('material property','density of part',#2511);
#1550=AXIS2_PLACEMENT_3D('',#2062,#1662,#1663);
#1551=AXIS2_PLACEMENT_3D('',#2063,#1664,#1665);
#1552=AXIS2_PLACEMENT_3D('',#2064,#1666,#1667);
#1553=AXIS2_PLACEMENT_3D('',#2073,#1672,#1673);
#1554=AXIS2_PLACEMENT_3D('',#2079,#1677,#1678);
#1555=AXIS2_PLACEMENT_3D('',#2083,#1681,#1682);
#1556=AXIS2_PLACEMENT_3D('',#2087,#1685,#1686);
#1557=AXIS2_PLACEMENT_3D('',#2089,#1688,#1689);
#1558=AXIS2_PLACEMENT_3D('',#2090,#1690,#1691);
#1559=AXIS2_PLACEMENT_3D('',#2099,#1696,#1697);
#1560=AXIS2_PLACEMENT_3D('',#2105,#1701,#1702);
#1561=AXIS2_PLACEMENT_3D('',#2111,#1706,#1707);
#1562=AXIS2_PLACEMENT_3D('',#2114,#1710,#1711);
#1563=AXIS2_PLACEMENT_3D('',#2123,#1716,#1717);
#1564=AXIS2_PLACEMENT_3D('',#2129,#1721,#1722);
#1565=AXIS2_PLACEMENT_3D('',#2135,#1726,#1727);
#1566=AXIS2_PLACEMENT_3D('',#2138,#1730,#1731);
#1567=AXIS2_PLACEMENT_3D('',#2139,#1732,#1733);
#1568=AXIS2_PLACEMENT_3D('',#2140,#1734,#1735);
#1569=AXIS2_PLACEMENT_3D('',#2149,#1740,#1741);
#1570=AXIS2_PLACEMENT_3D('',#2155,#1745,#1746);
#1571=AXIS2_PLACEMENT_3D('',#2159,#1749,#1750);
#1572=AXIS2_PLACEMENT_3D('',#2163,#1753,#1754);
#1573=AXIS2_PLACEMENT_3D('',#2165,#1756,#1757);
#1574=AXIS2_PLACEMENT_3D('',#2166,#1758,#1759);
#1575=AXIS2_PLACEMENT_3D('',#2175,#1764,#1765);
#1576=AXIS2_PLACEMENT_3D('',#2181,#1769,#1770);
#1577=AXIS2_PLACEMENT_3D('',#2185,#1773,#1774);
#1578=AXIS2_PLACEMENT_3D('',#2189,#1777,#1778);
#1579=AXIS2_PLACEMENT_3D('',#2191,#1780,#1781);
#1580=AXIS2_PLACEMENT_3D('',#2192,#1782,#1783);
#1581=AXIS2_PLACEMENT_3D('',#2201,#1788,#1789);
#1582=AXIS2_PLACEMENT_3D('',#2207,#1793,#1794);
#1583=AXIS2_PLACEMENT_3D('',#2211,#1797,#1798);
#1584=AXIS2_PLACEMENT_3D('',#2215,#1801,#1802);
#1585=AXIS2_PLACEMENT_3D('',#2217,#1804,#1805);
#1586=AXIS2_PLACEMENT_3D('',#2218,#1806,#1807);
#1587=AXIS2_PLACEMENT_3D('',#2227,#1812,#1813);
#1588=AXIS2_PLACEMENT_3D('',#2233,#1817,#1818);
#1589=AXIS2_PLACEMENT_3D('',#2237,#1821,#1822);
#1590=AXIS2_PLACEMENT_3D('',#2241,#1825,#1826);
#1591=AXIS2_PLACEMENT_3D('',#2243,#1828,#1829);
#1592=AXIS2_PLACEMENT_3D('',#2244,#1830,#1831);
#1593=AXIS2_PLACEMENT_3D('',#2253,#1836,#1837);
#1594=AXIS2_PLACEMENT_3D('',#2259,#1841,#1842);
#1595=AXIS2_PLACEMENT_3D('',#2263,#1845,#1846);
#1596=AXIS2_PLACEMENT_3D('',#2267,#1849,#1850);
#1597=AXIS2_PLACEMENT_3D('',#2269,#1852,#1853);
#1598=AXIS2_PLACEMENT_3D('',#2270,#1854,#1855);
#1599=AXIS2_PLACEMENT_3D('',#2279,#1860,#1861);
#1600=AXIS2_PLACEMENT_3D('',#2285,#1865,#1866);
#1601=AXIS2_PLACEMENT_3D('',#2289,#1869,#1870);
#1602=AXIS2_PLACEMENT_3D('',#2293,#1873,#1874);
#1603=AXIS2_PLACEMENT_3D('',#2295,#1876,#1877);
#1604=AXIS2_PLACEMENT_3D('',#2296,#1878,#1879);
#1605=AXIS2_PLACEMENT_3D('',#2305,#1884,#1885);
#1606=AXIS2_PLACEMENT_3D('',#2311,#1889,#1890);
#1607=AXIS2_PLACEMENT_3D('',#2315,#1893,#1894);
#1608=AXIS2_PLACEMENT_3D('',#2319,#1897,#1898);
#1609=AXIS2_PLACEMENT_3D('',#2321,#1900,#1901);
#1610=AXIS2_PLACEMENT_3D('',#2322,#1902,#1903);
#1611=AXIS2_PLACEMENT_3D('',#2331,#1908,#1909);
#1612=AXIS2_PLACEMENT_3D('',#2337,#1913,#1914);
#1613=AXIS2_PLACEMENT_3D('',#2341,#1917,#1918);
#1614=AXIS2_PLACEMENT_3D('',#2345,#1921,#1922);
#1615=AXIS2_PLACEMENT_3D('',#2347,#1924,#1925);
#1616=AXIS2_PLACEMENT_3D('',#2348,#1926,#1927);
#1617=AXIS2_PLACEMENT_3D('',#2349,#1928,#1929);
#1618=AXIS2_PLACEMENT_3D('',#2358,#1934,#1935);
#1619=AXIS2_PLACEMENT_3D('',#2364,#1939,#1940);
#1620=AXIS2_PLACEMENT_3D('',#2370,#1944,#1945);
#1621=AXIS2_PLACEMENT_3D('',#2373,#1948,#1949);
#1622=AXIS2_PLACEMENT_3D('',#2374,#1950,#1951);
#1623=AXIS2_PLACEMENT_3D('',#2383,#1956,#1957);
#1624=AXIS2_PLACEMENT_3D('',#2389,#1961,#1962);
#1625=AXIS2_PLACEMENT_3D('',#2395,#1966,#1967);
#1626=AXIS2_PLACEMENT_3D('',#2398,#1970,#1971);
#1627=AXIS2_PLACEMENT_3D('',#2399,#1972,#1973);
#1628=AXIS2_PLACEMENT_3D('',#2400,#1974,#1975);
#1629=AXIS2_PLACEMENT_3D('',#2401,#1976,#1977);
#1630=AXIS2_PLACEMENT_3D('',#2404,#1978,#1979);
#1631=AXIS2_PLACEMENT_3D('',#2408,#1981,#1982);
#1632=AXIS2_PLACEMENT_3D('',#2410,#1984,#1985);
#1633=AXIS2_PLACEMENT_3D('',#2416,#1989,#1990);
#1634=AXIS2_PLACEMENT_3D('',#2420,#1992,#1993);
#1635=AXIS2_PLACEMENT_3D('',#2424,#1995,#1996);
#1636=AXIS2_PLACEMENT_3D('',#2427,#1998,#1999);
#1637=AXIS2_PLACEMENT_3D('',#2429,#2000,#2001);
#1638=AXIS2_PLACEMENT_3D('',#2431,#2002,#2003);
#1639=AXIS2_PLACEMENT_3D('',#2433,#2004,#2005);
#1640=AXIS2_PLACEMENT_3D('',#2435,#2006,#2007);
#1641=AXIS2_PLACEMENT_3D('',#2436,#2008,#2009);
#1642=AXIS2_PLACEMENT_3D('',#2438,#2010,#2011);
#1643=AXIS2_PLACEMENT_3D('',#2440,#2013,#2014);
#1644=AXIS2_PLACEMENT_3D('',#2444,#2017,#2018);
#1645=AXIS2_PLACEMENT_3D('',#2447,#2019,#2020);
#1646=AXIS2_PLACEMENT_3D('',#2450,#2023,#2024);
#1647=AXIS2_PLACEMENT_3D('',#2452,#2026,#2027);
#1648=AXIS2_PLACEMENT_3D('',#2454,#2028,#2029);
#1649=AXIS2_PLACEMENT_3D('',#2456,#2031,#2032);
#1650=AXIS2_PLACEMENT_3D('',#2458,#2033,#2034);
#1651=AXIS2_PLACEMENT_3D('',#2460,#2036,#2037);
#1652=AXIS2_PLACEMENT_3D('',#2462,#2038,#2039);
#1653=AXIS2_PLACEMENT_3D('',#2464,#2041,#2042);
#1654=AXIS2_PLACEMENT_3D('',#2466,#2043,#2044);
#1655=AXIS2_PLACEMENT_3D('',#2468,#2046,#2047);
#1656=AXIS2_PLACEMENT_3D('',#2470,#2048,#2049);
#1657=AXIS2_PLACEMENT_3D('',#2472,#2051,#2052);
#1658=AXIS2_PLACEMENT_3D('',#2474,#2054,#2055);
#1659=AXIS2_PLACEMENT_3D('',#2475,#2056,#2057);
#1660=AXIS2_PLACEMENT_3D('',#2476,#2058,#2059);
#1661=AXIS2_PLACEMENT_3D('',#2477,#2060,#2061);
#1662=DIRECTION('axis',(0.,0.,1.));
#1663=DIRECTION('refdir',(1.,0.,0.));
#1664=DIRECTION('axis',(0.,0.,1.));
#1665=DIRECTION('refdir',(1.,0.,0.));
#1666=DIRECTION('center_axis',(0.,0.,1.));
#1667=DIRECTION('ref_axis',(1.,0.,0.));
#1668=DIRECTION('',(-1.,6.83214169000098E-15,0.));
#1669=DIRECTION('',(0.,-1.,0.));
#1670=DIRECTION('',(1.,0.,0.));
#1671=DIRECTION('',(0.,1.,0.));
#1672=DIRECTION('center_axis',(-1.,0.,0.));
#1673=DIRECTION('ref_axis',(0.,1.,0.));
#1674=DIRECTION('',(0.,0.,1.));
#1675=DIRECTION('',(0.,1.,0.));
#1676=DIRECTION('',(0.,0.,-1.));
#1677=DIRECTION('center_axis',(0.,-1.,0.));
#1678=DIRECTION('ref_axis',(-1.,0.,0.));
#1679=DIRECTION('',(-1.,0.,0.));
#1680=DIRECTION('',(0.,0.,-1.));
#1681=DIRECTION('center_axis',(1.,0.,0.));
#1682=DIRECTION('ref_axis',(0.,-1.,0.));
#1683=DIRECTION('',(0.,-1.,0.));
#1684=DIRECTION('',(0.,0.,-1.));
#1685=DIRECTION('center_axis',(6.83214169000098E-15,1.,0.));
#1686=DIRECTION('ref_axis',(1.,-6.83214169000098E-15,0.));
#1687=DIRECTION('',(1.,-6.83214169000098E-15,0.));
#1688=DIRECTION('center_axis',(0.,0.,-1.));
#1689=DIRECTION('ref_axis',(-1.,0.,0.));
#1690=DIRECTION('center_axis',(-1.,0.,0.));
#1691=DIRECTION('ref_axis',(0.,1.,0.));
#1692=DIRECTION('',(0.,1.,0.));
#1693=DIRECTION('',(0.,0.,-1.));
#1694=DIRECTION('',(0.,1.,0.));
#1695=DIRECTION('',(0.,0.,-1.));
#1696=DIRECTION('center_axis',(0.,1.,0.));
#1697=DIRECTION('ref_axis',(1.,0.,0.));
#1698=DIRECTION('',(1.,0.,0.));
#1699=DIRECTION('',(1.,0.,0.));
#1700=DIRECTION('',(0.,0.,-1.));
#1701=DIRECTION('center_axis',(1.,0.,0.));
#1702=DIRECTION('ref_axis',(0.,-1.,0.));
#1703=DIRECTION('',(0.,-1.,0.));
#1704=DIRECTION('',(0.,-1.,0.));
#1705=DIRECTION('',(0.,0.,-1.));
#1706=DIRECTION('center_axis',(-6.83214169000098E-15,-1.,0.));
#1707=DIRECTION('ref_axis',(-1.,6.83214169000098E-15,0.));
#1708=DIRECTION('',(-1.,6.83214169000098E-15,0.));
#1709=DIRECTION('',(-1.,6.83214169000098E-15,0.));
#1710=DIRECTION('center_axis',(-1.,0.,0.));
#1711=DIRECTION('ref_axis',(0.,1.,0.));
#1712=DIRECTION('',(0.,-1.,0.));
#1713=DIRECTION('',(0.,0.,-1.));
#1714=DIRECTION('',(0.,1.,0.));
#1715=DIRECTION('',(0.,0.,-1.));
#1716=DIRECTION('center_axis',(-8.14095710082608E-16,-1.,0.));
#1717=DIRECTION('ref_axis',(-1.,8.14095710082608E-16,0.));
#1718=DIRECTION('',(-1.,8.14095710082608E-16,0.));
#1719=DIRECTION('',(-1.,8.14095710082608E-16,0.));
#1720=DIRECTION('',(0.,0.,-1.));
#1721=DIRECTION('center_axis',(1.,0.,0.));
#1722=DIRECTION('ref_axis',(0.,-1.,0.));
#1723=DIRECTION('',(0.,-1.,0.));
#1724=DIRECTION('',(0.,-1.,0.));
#1725=DIRECTION('',(0.,0.,-1.));
#1726=DIRECTION('center_axis',(0.,1.,0.));
#1727=DIRECTION('ref_axis',(1.,0.,0.));
#1728=DIRECTION('',(1.,0.,0.));
#1729=DIRECTION('',(1.,0.,0.));
#1730=DIRECTION('center_axis',(0.,0.,-1.));
#1731=DIRECTION('ref_axis',(-1.,0.,0.));
#1732=DIRECTION('center_axis',(0.,0.,-1.));
#1733=DIRECTION('ref_axis',(1.,0.,0.));
#1734=DIRECTION('center_axis',(0.,0.,1.));
#1735=DIRECTION('ref_axis',(1.,0.,0.));
#1736=DIRECTION('',(-1.,6.83214169000098E-15,0.));
#1737=DIRECTION('',(0.,-1.,0.));
#1738=DIRECTION('',(1.,0.,0.));
#1739=DIRECTION('',(0.,1.,0.));
#1740=DIRECTION('center_axis',(-1.,0.,0.));
#1741=DIRECTION('ref_axis',(0.,1.,0.));
#1742=DIRECTION('',(0.,0.,1.));
#1743=DIRECTION('',(0.,1.,0.));
#1744=DIRECTION('',(0.,0.,-1.));
#1745=DIRECTION('center_axis',(0.,-1.,0.));
#1746=DIRECTION('ref_axis',(-1.,0.,0.));
#1747=DIRECTION('',(-1.,0.,0.));
#1748=DIRECTION('',(0.,0.,-1.));
#1749=DIRECTION('center_axis',(1.,0.,0.));
#1750=DIRECTION('ref_axis',(0.,-1.,0.));
#1751=DIRECTION('',(0.,-1.,0.));
#1752=DIRECTION('',(0.,0.,-1.));
#1753=DIRECTION('center_axis',(6.83214169000098E-15,1.,0.));
#1754=DIRECTION('ref_axis',(1.,-6.83214169000098E-15,0.));
#1755=DIRECTION('',(1.,-6.83214169000098E-15,0.));
#1756=DIRECTION('center_axis',(0.,0.,-1.));
#1757=DIRECTION('ref_axis',(-1.,0.,0.));
#1758=DIRECTION('center_axis',(0.,0.,1.));
#1759=DIRECTION('ref_axis',(1.,0.,0.));
#1760=DIRECTION('',(-1.,6.83214169000098E-15,0.));
#1761=DIRECTION('',(0.,-1.,0.));
#1762=DIRECTION('',(1.,0.,0.));
#1763=DIRECTION('',(0.,1.,0.));
#1764=DIRECTION('center_axis',(-1.,0.,0.));
#1765=DIRECTION('ref_axis',(0.,1.,0.));
#1766=DIRECTION('',(0.,0.,1.));
#1767=DIRECTION('',(0.,1.,0.));
#1768=DIRECTION('',(0.,0.,-1.));
#1769=DIRECTION('center_axis',(0.,-1.,0.));
#1770=DIRECTION('ref_axis',(-1.,0.,0.));
#1771=DIRECTION('',(-1.,0.,0.));
#1772=DIRECTION('',(0.,0.,-1.));
#1773=DIRECTION('center_axis',(1.,0.,0.));
#1774=DIRECTION('ref_axis',(0.,-1.,0.));
#1775=DIRECTION('',(0.,-1.,0.));
#1776=DIRECTION('',(0.,0.,-1.));
#1777=DIRECTION('center_axis',(6.83214169000098E-15,1.,0.));
#1778=DIRECTION('ref_axis',(1.,-6.83214169000098E-15,0.));
#1779=DIRECTION('',(1.,-6.83214169000098E-15,0.));
#1780=DIRECTION('center_axis',(0.,0.,-1.));
#1781=DIRECTION('ref_axis',(-1.,0.,0.));
#1782=DIRECTION('center_axis',(0.,0.,1.));
#1783=DIRECTION('ref_axis',(1.,0.,0.));
#1784=DIRECTION('',(-1.,6.83214169000098E-15,0.));
#1785=DIRECTION('',(0.,-1.,0.));
#1786=DIRECTION('',(1.,0.,0.));
#1787=DIRECTION('',(0.,1.,0.));
#1788=DIRECTION('center_axis',(-1.,0.,0.));
#1789=DIRECTION('ref_axis',(0.,1.,0.));
#1790=DIRECTION('',(0.,0.,1.));
#1791=DIRECTION('',(0.,1.,0.));
#1792=DIRECTION('',(0.,0.,-1.));
#1793=DIRECTION('center_axis',(0.,-1.,0.));
#1794=DIRECTION('ref_axis',(-1.,0.,0.));
#1795=DIRECTION('',(-1.,0.,0.));
#1796=DIRECTION('',(0.,0.,-1.));
#1797=DIRECTION('center_axis',(1.,0.,0.));
#1798=DIRECTION('ref_axis',(0.,-1.,0.));
#1799=DIRECTION('',(0.,-1.,0.));
#1800=DIRECTION('',(0.,0.,-1.));
#1801=DIRECTION('center_axis',(6.83214169000098E-15,1.,0.));
#1802=DIRECTION('ref_axis',(1.,-6.83214169000098E-15,0.));
#1803=DIRECTION('',(1.,-6.83214169000098E-15,0.));
#1804=DIRECTION('center_axis',(0.,0.,-1.));
#1805=DIRECTION('ref_axis',(-1.,0.,0.));
#1806=DIRECTION('center_axis',(0.,0.,1.));
#1807=DIRECTION('ref_axis',(1.,0.,0.));
#1808=DIRECTION('',(-1.,6.83214169000098E-15,0.));
#1809=DIRECTION('',(0.,-1.,0.));
#1810=DIRECTION('',(1.,0.,0.));
#1811=DIRECTION('',(0.,1.,0.));
#1812=DIRECTION('center_axis',(-1.,0.,0.));
#1813=DIRECTION('ref_axis',(0.,1.,0.));
#1814=DIRECTION('',(0.,0.,1.));
#1815=DIRECTION('',(0.,1.,0.));
#1816=DIRECTION('',(0.,0.,-1.));
#1817=DIRECTION('center_axis',(0.,-1.,0.));
#1818=DIRECTION('ref_axis',(-1.,0.,0.));
#1819=DIRECTION('',(-1.,0.,0.));
#1820=DIRECTION('',(0.,0.,-1.));
#1821=DIRECTION('center_axis',(1.,0.,0.));
#1822=DIRECTION('ref_axis',(0.,-1.,0.));
#1823=DIRECTION('',(0.,-1.,0.));
#1824=DIRECTION('',(0.,0.,-1.));
#1825=DIRECTION('center_axis',(6.83214169000098E-15,1.,0.));
#1826=DIRECTION('ref_axis',(1.,-6.83214169000098E-15,0.));
#1827=DIRECTION('',(1.,-6.83214169000098E-15,0.));
#1828=DIRECTION('center_axis',(0.,0.,-1.));
#1829=DIRECTION('ref_axis',(-1.,0.,0.));
#1830=DIRECTION('center_axis',(0.,0.,1.));
#1831=DIRECTION('ref_axis',(1.,0.,0.));
#1832=DIRECTION('',(-1.,6.83214169000098E-15,0.));
#1833=DIRECTION('',(0.,-1.,0.));
#1834=DIRECTION('',(1.,0.,0.));
#1835=DIRECTION('',(0.,1.,0.));
#1836=DIRECTION('center_axis',(-1.,0.,0.));
#1837=DIRECTION('ref_axis',(0.,1.,0.));
#1838=DIRECTION('',(0.,0.,1.));
#1839=DIRECTION('',(0.,1.,0.));
#1840=DIRECTION('',(0.,0.,-1.));
#1841=DIRECTION('center_axis',(0.,-1.,0.));
#1842=DIRECTION('ref_axis',(-1.,0.,0.));
#1843=DIRECTION('',(-1.,0.,0.));
#1844=DIRECTION('',(0.,0.,-1.));
#1845=DIRECTION('center_axis',(1.,0.,0.));
#1846=DIRECTION('ref_axis',(0.,-1.,0.));
#1847=DIRECTION('',(0.,-1.,0.));
#1848=DIRECTION('',(0.,0.,-1.));
#1849=DIRECTION('center_axis',(6.83214169000098E-15,1.,0.));
#1850=DIRECTION('ref_axis',(1.,-6.83214169000098E-15,0.));
#1851=DIRECTION('',(1.,-6.83214169000098E-15,0.));
#1852=DIRECTION('center_axis',(0.,0.,-1.));
#1853=DIRECTION('ref_axis',(-1.,0.,0.));
#1854=DIRECTION('center_axis',(0.,0.,1.));
#1855=DIRECTION('ref_axis',(1.,0.,0.));
#1856=DIRECTION('',(-1.,6.83214169000098E-15,0.));
#1857=DIRECTION('',(0.,-1.,0.));
#1858=DIRECTION('',(1.,0.,0.));
#1859=DIRECTION('',(0.,1.,0.));
#1860=DIRECTION('center_axis',(-1.,0.,0.));
#1861=DIRECTION('ref_axis',(0.,1.,0.));
#1862=DIRECTION('',(0.,0.,1.));
#1863=DIRECTION('',(0.,1.,0.));
#1864=DIRECTION('',(0.,0.,-1.));
#1865=DIRECTION('center_axis',(0.,-1.,0.));
#1866=DIRECTION('ref_axis',(-1.,0.,0.));
#1867=DIRECTION('',(-1.,0.,0.));
#1868=DIRECTION('',(0.,0.,-1.));
#1869=DIRECTION('center_axis',(1.,0.,0.));
#1870=DIRECTION('ref_axis',(0.,-1.,0.));
#1871=DIRECTION('',(0.,-1.,0.));
#1872=DIRECTION('',(0.,0.,-1.));
#1873=DIRECTION('center_axis',(6.83214169000098E-15,1.,0.));
#1874=DIRECTION('ref_axis',(1.,-6.83214169000098E-15,0.));
#1875=DIRECTION('',(1.,-6.83214169000098E-15,0.));
#1876=DIRECTION('center_axis',(0.,0.,-1.));
#1877=DIRECTION('ref_axis',(-1.,0.,0.));
#1878=DIRECTION('center_axis',(0.,0.,1.));
#1879=DIRECTION('ref_axis',(1.,0.,0.));
#1880=DIRECTION('',(-1.,6.83214169000098E-15,0.));
#1881=DIRECTION('',(0.,-1.,0.));
#1882=DIRECTION('',(1.,0.,0.));
#1883=DIRECTION('',(0.,1.,0.));
#1884=DIRECTION('center_axis',(-1.,0.,0.));
#1885=DIRECTION('ref_axis',(0.,1.,0.));
#1886=DIRECTION('',(0.,0.,1.));
#1887=DIRECTION('',(0.,1.,0.));
#1888=DIRECTION('',(0.,0.,-1.));
#1889=DIRECTION('center_axis',(0.,-1.,0.));
#1890=DIRECTION('ref_axis',(-1.,0.,0.));
#1891=DIRECTION('',(-1.,0.,0.));
#1892=DIRECTION('',(0.,0.,-1.));
#1893=DIRECTION('center_axis',(1.,0.,0.));
#1894=DIRECTION('ref_axis',(0.,-1.,0.));
#1895=DIRECTION('',(0.,-1.,0.));
#1896=DIRECTION('',(0.,0.,-1.));
#1897=DIRECTION('center_axis',(6.83214169000098E-15,1.,0.));
#1898=DIRECTION('ref_axis',(1.,-6.83214169000098E-15,0.));
#1899=DIRECTION('',(1.,-6.83214169000098E-15,0.));
#1900=DIRECTION('center_axis',(0.,0.,-1.));
#1901=DIRECTION('ref_axis',(-1.,0.,0.));
#1902=DIRECTION('center_axis',(0.,0.,1.));
#1903=DIRECTION('ref_axis',(1.,0.,0.));
#1904=DIRECTION('',(-1.,6.83214169000098E-15,0.));
#1905=DIRECTION('',(0.,-1.,0.));
#1906=DIRECTION('',(1.,0.,0.));
#1907=DIRECTION('',(0.,1.,0.));
#1908=DIRECTION('center_axis',(-1.,0.,0.));
#1909=DIRECTION('ref_axis',(0.,1.,0.));
#1910=DIRECTION('',(0.,0.,1.));
#1911=DIRECTION('',(0.,1.,0.));
#1912=DIRECTION('',(0.,0.,-1.));
#1913=DIRECTION('center_axis',(0.,-1.,0.));
#1914=DIRECTION('ref_axis',(-1.,0.,0.));
#1915=DIRECTION('',(-1.,0.,0.));
#1916=DIRECTION('',(0.,0.,-1.));
#1917=DIRECTION('center_axis',(1.,0.,0.));
#1918=DIRECTION('ref_axis',(0.,-1.,0.));
#1919=DIRECTION('',(0.,-1.,0.));
#1920=DIRECTION('',(0.,0.,-1.));
#1921=DIRECTION('center_axis',(6.83214169000098E-15,1.,0.));
#1922=DIRECTION('ref_axis',(1.,-6.83214169000098E-15,0.));
#1923=DIRECTION('',(1.,-6.83214169000098E-15,0.));
#1924=DIRECTION('center_axis',(0.,0.,-1.));
#1925=DIRECTION('ref_axis',(-1.,0.,0.));
#1926=DIRECTION('axis',(0.,0.,1.));
#1927=DIRECTION('refdir',(1.,0.,0.));
#1928=DIRECTION('center_axis',(-1.,1.50538715203411E-16,0.));
#1929=DIRECTION('ref_axis',(1.50538715203411E-16,1.,0.));
#1930=DIRECTION('',(1.50538715203411E-16,1.,0.));
#1931=DIRECTION('',(0.,0.,-1.));
#1932=DIRECTION('',(1.50538715203411E-16,1.,0.));
#1933=DIRECTION('',(0.,0.,-1.));
#1934=DIRECTION('center_axis',(0.,-1.,0.));
#1935=DIRECTION('ref_axis',(-1.,0.,0.));
#1936=DIRECTION('',(-1.,0.,0.));
#1937=DIRECTION('',(0.,0.,-1.));
#1938=DIRECTION('',(-1.,0.,0.));
#1939=DIRECTION('center_axis',(1.,0.,0.));
#1940=DIRECTION('ref_axis',(0.,-1.,0.));
#1941=DIRECTION('',(0.,-1.,0.));
#1942=DIRECTION('',(0.,0.,-1.));
#1943=DIRECTION('',(0.,-1.,0.));
#1944=DIRECTION('center_axis',(0.,1.,0.));
#1945=DIRECTION('ref_axis',(1.,0.,0.));
#1946=DIRECTION('',(1.,0.,0.));
#1947=DIRECTION('',(1.,0.,0.));
#1948=DIRECTION('center_axis',(0.,0.,-1.));
#1949=DIRECTION('ref_axis',(-1.,0.,0.));
#1950=DIRECTION('center_axis',(1.,0.,0.));
#1951=DIRECTION('ref_axis',(0.,1.,0.));
#1952=DIRECTION('',(0.,-1.,0.));
#1953=DIRECTION('',(0.,0.,1.));
#1954=DIRECTION('',(0.,1.,0.));
#1955=DIRECTION('',(0.,0.,1.));
#1956=DIRECTION('center_axis',(0.,-1.,0.));
#1957=DIRECTION('ref_axis',(1.,0.,0.));
#1958=DIRECTION('',(-1.,0.,0.));
#1959=DIRECTION('',(1.,0.,0.));
#1960=DIRECTION('',(0.,0.,1.));
#1961=DIRECTION('center_axis',(-1.,-1.26521142407425E-16,0.));
#1962=DIRECTION('ref_axis',(1.26521142407425E-16,-1.,0.));
#1963=DIRECTION('',(-1.26521142407425E-16,1.,0.));
#1964=DIRECTION('',(1.26521142407425E-16,-1.,0.));
#1965=DIRECTION('',(0.,0.,1.));
#1966=DIRECTION('center_axis',(0.,1.,0.));
#1967=DIRECTION('ref_axis',(-1.,0.,0.));
#1968=DIRECTION('',(1.,0.,0.));
#1969=DIRECTION('',(-1.,0.,0.));
#1970=DIRECTION('center_axis',(0.,0.,1.));
#1971=DIRECTION('ref_axis',(1.,0.,0.));
#1972=DIRECTION('center_axis',(0.,0.,1.));
#1973=DIRECTION('ref_axis',(-1.,0.,0.));
#1974=DIRECTION('axis',(0.,0.,1.));
#1975=DIRECTION('refdir',(1.,0.,0.));
#1976=DIRECTION('center_axis',(0.,0.,1.));
#1977=DIRECTION('ref_axis',(0.707106781186541,0.707106781186554,0.));
#1978=DIRECTION('center_axis',(0.,0.,-1.));
#1979=DIRECTION('ref_axis',(0.707106781186541,0.707106781186554,0.));
#1980=DIRECTION('',(0.,0.,-1.));
#1981=DIRECTION('center_axis',(0.,0.,1.));
#1982=DIRECTION('ref_axis',(0.707106781186541,0.707106781186554,0.));
#1983=DIRECTION('',(0.,0.,1.));
#1984=DIRECTION('center_axis',(-1.62254004329581E-16,1.,0.));
#1985=DIRECTION('ref_axis',(-1.,-1.62254004329581E-16,0.));
#1986=DIRECTION('',(1.,1.62254004329581E-16,0.));
#1987=DIRECTION('',(0.,0.,-1.));
#1988=DIRECTION('',(-1.,-1.62254004329581E-16,0.));
#1989=DIRECTION('center_axis',(0.,0.,1.));
#1990=DIRECTION('ref_axis',(1.,0.,0.));
#1991=DIRECTION('',(5.46369598732853E-17,-1.,0.));
#1992=DIRECTION('center_axis',(0.,0.,1.));
#1993=DIRECTION('ref_axis',(0.707106781186541,-0.707106781186554,0.));
#1994=DIRECTION('',(-1.,0.,0.));
#1995=DIRECTION('center_axis',(0.,0.,1.));
#1996=DIRECTION('ref_axis',(-0.707106781186541,-0.707106781186554,0.));
#1997=DIRECTION('',(-5.46369598732853E-17,1.,0.));
#1998=DIRECTION('center_axis',(0.,0.,1.));
#1999=DIRECTION('ref_axis',(-0.707106781186554,0.707106781186541,0.));
#2000=DIRECTION('center_axis',(0.,0.,-1.));
#2001=DIRECTION('ref_axis',(1.,0.,0.));
#2002=DIRECTION('center_axis',(0.,0.,-1.));
#2003=DIRECTION('ref_axis',(1.,0.,0.));
#2004=DIRECTION('center_axis',(0.,0.,-1.));
#2005=DIRECTION('ref_axis',(1.,0.,0.));
#2006=DIRECTION('center_axis',(0.,0.,-1.));
#2007=DIRECTION('ref_axis',(1.,0.,0.));
#2008=DIRECTION('center_axis',(0.,0.,1.));
#2009=DIRECTION('ref_axis',(-0.707106781186554,0.707106781186541,0.));
#2010=DIRECTION('center_axis',(0.,0.,-1.));
#2011=DIRECTION('ref_axis',(-0.707106781186554,0.707106781186541,0.));
#2012=DIRECTION('',(0.,0.,1.));
#2013=DIRECTION('center_axis',(-1.,-5.46369598732853E-17,0.));
#2014=DIRECTION('ref_axis',(5.46369598732853E-17,-1.,0.));
#2015=DIRECTION('',(0.,0.,-1.));
#2016=DIRECTION('',(5.46369598732853E-17,-1.,0.));
#2017=DIRECTION('center_axis',(0.,0.,1.));
#2018=DIRECTION('ref_axis',(0.707106781186541,-0.707106781186554,0.));
#2019=DIRECTION('center_axis',(0.,0.,-1.));
#2020=DIRECTION('ref_axis',(0.707106781186541,-0.707106781186554,0.));
#2021=DIRECTION('',(0.,0.,-1.));
#2022=DIRECTION('',(0.,0.,1.));
#2023=DIRECTION('center_axis',(1.,5.46369598732853E-17,0.));
#2024=DIRECTION('ref_axis',(-5.46369598732853E-17,1.,0.));
#2025=DIRECTION('',(-5.46369598732853E-17,1.,0.));
#2026=DIRECTION('center_axis',(0.,0.,1.));
#2027=DIRECTION('ref_axis',(-0.707106781186541,-0.707106781186554,0.));
#2028=DIRECTION('center_axis',(0.,0.,-1.));
#2029=DIRECTION('ref_axis',(-0.707106781186541,-0.707106781186554,0.));
#2030=DIRECTION('',(0.,0.,1.));
#2031=DIRECTION('center_axis',(0.,0.,1.));
#2032=DIRECTION('ref_axis',(1.,0.,0.));
#2033=DIRECTION('center_axis',(0.,0.,-1.));
#2034=DIRECTION('ref_axis',(1.,0.,0.));
#2035=DIRECTION('',(0.,0.,-1.));
#2036=DIRECTION('center_axis',(0.,0.,1.));
#2037=DIRECTION('ref_axis',(1.,0.,0.));
#2038=DIRECTION('center_axis',(0.,0.,-1.));
#2039=DIRECTION('ref_axis',(1.,0.,0.));
#2040=DIRECTION('',(0.,0.,-1.));
#2041=DIRECTION('center_axis',(0.,0.,1.));
#2042=DIRECTION('ref_axis',(1.,0.,0.));
#2043=DIRECTION('center_axis',(0.,0.,-1.));
#2044=DIRECTION('ref_axis',(1.,0.,0.));
#2045=DIRECTION('',(0.,0.,-1.));
#2046=DIRECTION('center_axis',(0.,0.,1.));
#2047=DIRECTION('ref_axis',(1.,0.,0.));
#2048=DIRECTION('center_axis',(0.,0.,-1.));
#2049=DIRECTION('ref_axis',(1.,0.,0.));
#2050=DIRECTION('',(0.,0.,-1.));
#2051=DIRECTION('center_axis',(0.,-1.,0.));
#2052=DIRECTION('ref_axis',(1.,0.,0.));
#2053=DIRECTION('',(1.,0.,0.));
#2054=DIRECTION('center_axis',(0.,0.,1.));
#2055=DIRECTION('ref_axis',(1.,0.,0.));
#2056=DIRECTION('',(0.,0.,1.));
#2057=DIRECTION('',(1.,-2.77555756156289E-17,0.));
#2058=DIRECTION('',(0.,0.,1.));
#2059=DIRECTION('',(1.,-2.77555756156289E-17,0.));
#2060=DIRECTION('',(0.,0.,1.));
#2061=DIRECTION('',(1.,-2.77555756156289E-17,0.));
#2062=CARTESIAN_POINT('',(0.,0.,0.));
#2063=CARTESIAN_POINT('',(0.,0.,0.));
#2064=CARTESIAN_POINT('Origin',(10.16,-39.14,2.5));
#2065=CARTESIAN_POINT('',(10.485,-38.815,2.5));
#2066=CARTESIAN_POINT('',(9.83500000000001,-38.815,2.5));
#2067=CARTESIAN_POINT('',(10.485,-38.815,2.5));
#2068=CARTESIAN_POINT('',(9.83500000000001,-39.465,2.5));
#2069=CARTESIAN_POINT('',(9.83500000000001,-38.815,2.5));
#2070=CARTESIAN_POINT('',(10.485,-39.465,2.5));
#2071=CARTESIAN_POINT('',(9.83500000000001,-39.465,2.5));
#2072=CARTESIAN_POINT('',(10.485,-39.465,2.5));
#2073=CARTESIAN_POINT('Origin',(9.83500000000001,-39.465,0.));
#2074=CARTESIAN_POINT('',(9.83500000000001,-38.815,-8.5));
#2075=CARTESIAN_POINT('',(9.83500000000001,-38.815,0.));
#2076=CARTESIAN_POINT('',(9.83500000000001,-39.465,-8.5));
#2077=CARTESIAN_POINT('',(9.83500000000001,-38.815,-8.5));
#2078=CARTESIAN_POINT('',(9.83500000000001,-39.465,0.));
#2079=CARTESIAN_POINT('Origin',(10.485,-39.465,0.));
#2080=CARTESIAN_POINT('',(10.485,-39.465,-8.5));
#2081=CARTESIAN_POINT('',(9.83500000000001,-39.465,-8.5));
#2082=CARTESIAN_POINT('',(10.485,-39.465,0.));
#2083=CARTESIAN_POINT('Origin',(10.485,-38.815,0.));
#2084=CARTESIAN_POINT('',(10.485,-38.815,-8.5));
#2085=CARTESIAN_POINT('',(10.485,-39.465,-8.5));
#2086=CARTESIAN_POINT('',(10.485,-38.815,0.));
#2087=CARTESIAN_POINT('Origin',(9.83500000000001,-38.815,0.));
#2088=CARTESIAN_POINT('',(10.485,-38.815,-8.5));
#2089=CARTESIAN_POINT('Origin',(10.16,-39.14,-8.5));
#2090=CARTESIAN_POINT('Origin',(10.485,-39.465,0.));
#2091=CARTESIAN_POINT('',(10.485,-39.465,0.));
#2092=CARTESIAN_POINT('',(10.485,-38.815,0.));
#2093=CARTESIAN_POINT('',(10.485,-39.465,0.));
#2094=CARTESIAN_POINT('',(10.485,-38.815,-2.5));
#2095=CARTESIAN_POINT('',(10.485,-38.815,0.));
#2096=CARTESIAN_POINT('',(10.485,-39.465,-2.5));
#2097=CARTESIAN_POINT('',(10.485,-39.465,-2.5));
#2098=CARTESIAN_POINT('',(10.485,-39.465,0.));
#2099=CARTESIAN_POINT('Origin',(9.83500000000001,-39.465,0.));
#2100=CARTESIAN_POINT('',(9.83500000000001,-39.465,0.));
#2101=CARTESIAN_POINT('',(9.83500000000001,-39.465,0.));
#2102=CARTESIAN_POINT('',(9.83500000000001,-39.465,-2.5));
#2103=CARTESIAN_POINT('',(9.83500000000001,-39.465,-2.5));
#2104=CARTESIAN_POINT('',(9.83500000000001,-39.465,0.));
#2105=CARTESIAN_POINT('Origin',(9.83500000000001,-38.815,0.));
#2106=CARTESIAN_POINT('',(9.83500000000001,-38.815,0.));
#2107=CARTESIAN_POINT('',(9.83500000000001,-38.815,0.));
#2108=CARTESIAN_POINT('',(9.83500000000001,-38.815,-2.5));
#2109=CARTESIAN_POINT('',(9.83500000000001,-38.815,-2.5));
#2110=CARTESIAN_POINT('',(9.83500000000001,-38.815,0.));
#2111=CARTESIAN_POINT('Origin',(10.485,-38.815,0.));
#2112=CARTESIAN_POINT('',(10.485,-38.815,0.));
#2113=CARTESIAN_POINT('',(10.485,-38.815,-2.5));
#2114=CARTESIAN_POINT('Origin',(-10.91,-39.89,0.));
#2115=CARTESIAN_POINT('',(-10.91,-38.39,0.));
#2116=CARTESIAN_POINT('',(-10.91,-39.89,0.));
#2117=CARTESIAN_POINT('',(-10.91,-38.39,0.));
#2118=CARTESIAN_POINT('',(-10.91,-38.39,-2.5));
#2119=CARTESIAN_POINT('',(-10.91,-38.39,0.));
#2120=CARTESIAN_POINT('',(-10.91,-39.89,-2.5));
#2121=CARTESIAN_POINT('',(-10.91,-38.39,-2.5));
#2122=CARTESIAN_POINT('',(-10.91,-39.89,0.));
#2123=CARTESIAN_POINT('Origin',(10.91,-39.89,0.));
#2124=CARTESIAN_POINT('',(10.91,-39.89,0.));
#2125=CARTESIAN_POINT('',(10.91,-39.89,0.));
#2126=CARTESIAN_POINT('',(10.91,-39.89,-2.5));
#2127=CARTESIAN_POINT('',(10.91,-39.89,-2.5));
#2128=CARTESIAN_POINT('',(10.91,-39.89,0.));
#2129=CARTESIAN_POINT('Origin',(10.91,-38.39,0.));
#2130=CARTESIAN_POINT('',(10.91,-38.39,0.));
#2131=CARTESIAN_POINT('',(10.91,-38.39,0.));
#2132=CARTESIAN_POINT('',(10.91,-38.39,-2.5));
#2133=CARTESIAN_POINT('',(10.91,-38.39,-2.5));
#2134=CARTESIAN_POINT('',(10.91,-38.39,0.));
#2135=CARTESIAN_POINT('Origin',(-10.91,-38.39,0.));
#2136=CARTESIAN_POINT('',(4.31301240372267E-15,-38.39,0.));
#2137=CARTESIAN_POINT('',(4.31301240372267E-15,-38.39,-2.5));
#2138=CARTESIAN_POINT('Origin',(4.44089209850063E-15,-39.14,-2.5));
#2139=CARTESIAN_POINT('Origin',(4.44089209850063E-15,-39.14,0.));
#2140=CARTESIAN_POINT('Origin',(7.62000000000001,-39.14,2.5));
#2141=CARTESIAN_POINT('',(7.94500000000001,-38.815,2.5));
#2142=CARTESIAN_POINT('',(7.29500000000001,-38.815,2.5));
#2143=CARTESIAN_POINT('',(7.94500000000001,-38.815,2.5));
#2144=CARTESIAN_POINT('',(7.29500000000001,-39.465,2.5));
#2145=CARTESIAN_POINT('',(7.29500000000001,-38.815,2.5));
#2146=CARTESIAN_POINT('',(7.94500000000001,-39.465,2.5));
#2147=CARTESIAN_POINT('',(7.29500000000001,-39.465,2.5));
#2148=CARTESIAN_POINT('',(7.94500000000001,-39.465,2.5));
#2149=CARTESIAN_POINT('Origin',(7.29500000000001,-39.465,0.));
#2150=CARTESIAN_POINT('',(7.29500000000001,-38.815,-8.5));
#2151=CARTESIAN_POINT('',(7.29500000000001,-38.815,0.));
#2152=CARTESIAN_POINT('',(7.29500000000001,-39.465,-8.5));
#2153=CARTESIAN_POINT('',(7.29500000000001,-38.815,-8.5));
#2154=CARTESIAN_POINT('',(7.29500000000001,-39.465,0.));
#2155=CARTESIAN_POINT('Origin',(7.94500000000001,-39.465,0.));
#2156=CARTESIAN_POINT('',(7.94500000000001,-39.465,-8.5));
#2157=CARTESIAN_POINT('',(7.29500000000001,-39.465,-8.5));
#2158=CARTESIAN_POINT('',(7.94500000000001,-39.465,0.));
#2159=CARTESIAN_POINT('Origin',(7.94500000000001,-38.815,0.));
#2160=CARTESIAN_POINT('',(7.94500000000001,-38.815,-8.5));
#2161=CARTESIAN_POINT('',(7.94500000000001,-39.465,-8.5));
#2162=CARTESIAN_POINT('',(7.94500000000001,-38.815,0.));
#2163=CARTESIAN_POINT('Origin',(7.29500000000001,-38.815,0.));
#2164=CARTESIAN_POINT('',(7.94500000000001,-38.815,-8.5));
#2165=CARTESIAN_POINT('Origin',(7.62000000000001,-39.14,-8.5));
#2166=CARTESIAN_POINT('Origin',(5.08000000000001,-39.14,2.5));
#2167=CARTESIAN_POINT('',(5.40500000000001,-38.815,2.5));
#2168=CARTESIAN_POINT('',(4.75500000000001,-38.815,2.5));
#2169=CARTESIAN_POINT('',(5.40500000000001,-38.815,2.5));
#2170=CARTESIAN_POINT('',(4.75500000000001,-39.465,2.5));
#2171=CARTESIAN_POINT('',(4.75500000000001,-38.815,2.5));
#2172=CARTESIAN_POINT('',(5.40500000000001,-39.465,2.5));
#2173=CARTESIAN_POINT('',(4.75500000000001,-39.465,2.5));
#2174=CARTESIAN_POINT('',(5.40500000000001,-39.465,2.5));
#2175=CARTESIAN_POINT('Origin',(4.75500000000001,-39.465,0.));
#2176=CARTESIAN_POINT('',(4.75500000000001,-38.815,-8.5));
#2177=CARTESIAN_POINT('',(4.75500000000001,-38.815,0.));
#2178=CARTESIAN_POINT('',(4.75500000000001,-39.465,-8.5));
#2179=CARTESIAN_POINT('',(4.75500000000001,-38.815,-8.5));
#2180=CARTESIAN_POINT('',(4.75500000000001,-39.465,0.));
#2181=CARTESIAN_POINT('Origin',(5.40500000000001,-39.465,0.));
#2182=CARTESIAN_POINT('',(5.40500000000001,-39.465,-8.5));
#2183=CARTESIAN_POINT('',(4.75500000000001,-39.465,-8.5));
#2184=CARTESIAN_POINT('',(5.40500000000001,-39.465,0.));
#2185=CARTESIAN_POINT('Origin',(5.40500000000001,-38.815,0.));
#2186=CARTESIAN_POINT('',(5.40500000000001,-38.815,-8.5));
#2187=CARTESIAN_POINT('',(5.40500000000001,-39.465,-8.5));
#2188=CARTESIAN_POINT('',(5.40500000000001,-38.815,0.));
#2189=CARTESIAN_POINT('Origin',(4.75500000000001,-38.815,0.));
#2190=CARTESIAN_POINT('',(5.40500000000001,-38.815,-8.5));
#2191=CARTESIAN_POINT('Origin',(5.08000000000001,-39.14,-8.5));
#2192=CARTESIAN_POINT('Origin',(2.54000000000001,-39.14,2.5));
#2193=CARTESIAN_POINT('',(2.86500000000001,-38.815,2.5));
#2194=CARTESIAN_POINT('',(2.21500000000001,-38.815,2.5));
#2195=CARTESIAN_POINT('',(2.86500000000001,-38.815,2.5));
#2196=CARTESIAN_POINT('',(2.21500000000001,-39.465,2.5));
#2197=CARTESIAN_POINT('',(2.21500000000001,-38.815,2.5));
#2198=CARTESIAN_POINT('',(2.86500000000001,-39.465,2.5));
#2199=CARTESIAN_POINT('',(2.21500000000001,-39.465,2.5));
#2200=CARTESIAN_POINT('',(2.86500000000001,-39.465,2.5));
#2201=CARTESIAN_POINT('Origin',(2.21500000000001,-39.465,0.));
#2202=CARTESIAN_POINT('',(2.21500000000001,-38.815,-8.5));
#2203=CARTESIAN_POINT('',(2.21500000000001,-38.815,0.));
#2204=CARTESIAN_POINT('',(2.21500000000001,-39.465,-8.5));
#2205=CARTESIAN_POINT('',(2.21500000000001,-38.815,-8.5));
#2206=CARTESIAN_POINT('',(2.21500000000001,-39.465,0.));
#2207=CARTESIAN_POINT('Origin',(2.86500000000001,-39.465,0.));
#2208=CARTESIAN_POINT('',(2.86500000000001,-39.465,-8.5));
#2209=CARTESIAN_POINT('',(2.21500000000001,-39.465,-8.5));
#2210=CARTESIAN_POINT('',(2.86500000000001,-39.465,0.));
#2211=CARTESIAN_POINT('Origin',(2.86500000000001,-38.815,0.));
#2212=CARTESIAN_POINT('',(2.86500000000001,-38.815,-8.5));
#2213=CARTESIAN_POINT('',(2.86500000000001,-39.465,-8.5));
#2214=CARTESIAN_POINT('',(2.86500000000001,-38.815,0.));
#2215=CARTESIAN_POINT('Origin',(2.21500000000001,-38.815,0.));
#2216=CARTESIAN_POINT('',(2.86500000000001,-38.815,-8.5));
#2217=CARTESIAN_POINT('Origin',(2.54000000000001,-39.14,-8.5));
#2218=CARTESIAN_POINT('Origin',(6.66133814775094E-15,-39.14,2.5));
#2219=CARTESIAN_POINT('',(0.325000000000006,-38.815,2.5));
#2220=CARTESIAN_POINT('',(-0.324999999999992,-38.815,2.5));
#2221=CARTESIAN_POINT('',(0.325000000000006,-38.815,2.5));
#2222=CARTESIAN_POINT('',(-0.324999999999992,-39.465,2.5));
#2223=CARTESIAN_POINT('',(-0.324999999999992,-38.815,2.5));
#2224=CARTESIAN_POINT('',(0.325000000000006,-39.465,2.5));
#2225=CARTESIAN_POINT('',(-0.324999999999992,-39.465,2.5));
#2226=CARTESIAN_POINT('',(0.325000000000006,-39.465,2.5));
#2227=CARTESIAN_POINT('Origin',(-0.324999999999992,-39.465,0.));
#2228=CARTESIAN_POINT('',(-0.324999999999992,-38.815,-8.5));
#2229=CARTESIAN_POINT('',(-0.324999999999992,-38.815,0.));
#2230=CARTESIAN_POINT('',(-0.324999999999992,-39.465,-8.5));
#2231=CARTESIAN_POINT('',(-0.324999999999992,-38.815,-8.5));
#2232=CARTESIAN_POINT('',(-0.324999999999992,-39.465,0.));
#2233=CARTESIAN_POINT('Origin',(0.325000000000006,-39.465,0.));
#2234=CARTESIAN_POINT('',(0.325000000000006,-39.465,-8.5));
#2235=CARTESIAN_POINT('',(-0.324999999999992,-39.465,-8.5));
#2236=CARTESIAN_POINT('',(0.325000000000006,-39.465,0.));
#2237=CARTESIAN_POINT('Origin',(0.325000000000006,-38.815,0.));
#2238=CARTESIAN_POINT('',(0.325000000000006,-38.815,-8.5));
#2239=CARTESIAN_POINT('',(0.325000000000006,-39.465,-8.5));
#2240=CARTESIAN_POINT('',(0.325000000000006,-38.815,0.));
#2241=CARTESIAN_POINT('Origin',(-0.324999999999992,-38.815,0.));
#2242=CARTESIAN_POINT('',(0.325000000000006,-38.815,-8.5));
#2243=CARTESIAN_POINT('Origin',(6.66133814775094E-15,-39.14,-8.5));
#2244=CARTESIAN_POINT('Origin',(-2.53999999999999,-39.14,2.5));
#2245=CARTESIAN_POINT('',(-2.21499999999999,-38.815,2.5));
#2246=CARTESIAN_POINT('',(-2.86499999999999,-38.815,2.5));
#2247=CARTESIAN_POINT('',(-2.21499999999999,-38.815,2.5));
#2248=CARTESIAN_POINT('',(-2.86499999999999,-39.465,2.5));
#2249=CARTESIAN_POINT('',(-2.86499999999999,-38.815,2.5));
#2250=CARTESIAN_POINT('',(-2.21499999999999,-39.465,2.5));
#2251=CARTESIAN_POINT('',(-2.86499999999999,-39.465,2.5));
#2252=CARTESIAN_POINT('',(-2.21499999999999,-39.465,2.5));
#2253=CARTESIAN_POINT('Origin',(-2.86499999999999,-39.465,0.));
#2254=CARTESIAN_POINT('',(-2.86499999999999,-38.815,-8.5));
#2255=CARTESIAN_POINT('',(-2.86499999999999,-38.815,0.));
#2256=CARTESIAN_POINT('',(-2.86499999999999,-39.465,-8.5));
#2257=CARTESIAN_POINT('',(-2.86499999999999,-38.815,-8.5));
#2258=CARTESIAN_POINT('',(-2.86499999999999,-39.465,0.));
#2259=CARTESIAN_POINT('Origin',(-2.21499999999999,-39.465,0.));
#2260=CARTESIAN_POINT('',(-2.21499999999999,-39.465,-8.5));
#2261=CARTESIAN_POINT('',(-2.86499999999999,-39.465,-8.5));
#2262=CARTESIAN_POINT('',(-2.21499999999999,-39.465,0.));
#2263=CARTESIAN_POINT('Origin',(-2.21499999999999,-38.815,0.));
#2264=CARTESIAN_POINT('',(-2.21499999999999,-38.815,-8.5));
#2265=CARTESIAN_POINT('',(-2.21499999999999,-39.465,-8.5));
#2266=CARTESIAN_POINT('',(-2.21499999999999,-38.815,0.));
#2267=CARTESIAN_POINT('Origin',(-2.86499999999999,-38.815,0.));
#2268=CARTESIAN_POINT('',(-2.21499999999999,-38.815,-8.5));
#2269=CARTESIAN_POINT('Origin',(-2.53999999999999,-39.14,-8.5));
#2270=CARTESIAN_POINT('Origin',(-5.07999999999999,-39.14,2.5));
#2271=CARTESIAN_POINT('',(-4.75499999999999,-38.815,2.5));
#2272=CARTESIAN_POINT('',(-5.40499999999999,-38.815,2.5));
#2273=CARTESIAN_POINT('',(-4.75499999999999,-38.815,2.5));
#2274=CARTESIAN_POINT('',(-5.40499999999999,-39.465,2.5));
#2275=CARTESIAN_POINT('',(-5.40499999999999,-38.815,2.5));
#2276=CARTESIAN_POINT('',(-4.75499999999999,-39.465,2.5));
#2277=CARTESIAN_POINT('',(-5.40499999999999,-39.465,2.5));
#2278=CARTESIAN_POINT('',(-4.75499999999999,-39.465,2.5));
#2279=CARTESIAN_POINT('Origin',(-5.40499999999999,-39.465,0.));
#2280=CARTESIAN_POINT('',(-5.40499999999999,-38.815,-8.5));
#2281=CARTESIAN_POINT('',(-5.40499999999999,-38.815,0.));
#2282=CARTESIAN_POINT('',(-5.40499999999999,-39.465,-8.5));
#2283=CARTESIAN_POINT('',(-5.40499999999999,-38.815,-8.5));
#2284=CARTESIAN_POINT('',(-5.40499999999999,-39.465,0.));
#2285=CARTESIAN_POINT('Origin',(-4.75499999999999,-39.465,0.));
#2286=CARTESIAN_POINT('',(-4.75499999999999,-39.465,-8.5));
#2287=CARTESIAN_POINT('',(-5.40499999999999,-39.465,-8.5));
#2288=CARTESIAN_POINT('',(-4.75499999999999,-39.465,0.));
#2289=CARTESIAN_POINT('Origin',(-4.75499999999999,-38.815,0.));
#2290=CARTESIAN_POINT('',(-4.75499999999999,-38.815,-8.5));
#2291=CARTESIAN_POINT('',(-4.75499999999999,-39.465,-8.5));
#2292=CARTESIAN_POINT('',(-4.75499999999999,-38.815,0.));
#2293=CARTESIAN_POINT('Origin',(-5.40499999999999,-38.815,0.));
#2294=CARTESIAN_POINT('',(-4.75499999999999,-38.815,-8.5));
#2295=CARTESIAN_POINT('Origin',(-5.07999999999999,-39.14,-8.5));
#2296=CARTESIAN_POINT('Origin',(-7.61999999999999,-39.14,2.5));
#2297=CARTESIAN_POINT('',(-7.29499999999999,-38.815,2.5));
#2298=CARTESIAN_POINT('',(-7.94499999999999,-38.815,2.5));
#2299=CARTESIAN_POINT('',(-7.29499999999999,-38.815,2.5));
#2300=CARTESIAN_POINT('',(-7.94499999999999,-39.465,2.5));
#2301=CARTESIAN_POINT('',(-7.94499999999999,-38.815,2.5));
#2302=CARTESIAN_POINT('',(-7.29499999999999,-39.465,2.5));
#2303=CARTESIAN_POINT('',(-7.94499999999999,-39.465,2.5));
#2304=CARTESIAN_POINT('',(-7.29499999999999,-39.465,2.5));
#2305=CARTESIAN_POINT('Origin',(-7.94499999999999,-39.465,0.));
#2306=CARTESIAN_POINT('',(-7.94499999999999,-38.815,-8.5));
#2307=CARTESIAN_POINT('',(-7.94499999999999,-38.815,0.));
#2308=CARTESIAN_POINT('',(-7.94499999999999,-39.465,-8.5));
#2309=CARTESIAN_POINT('',(-7.94499999999999,-38.815,-8.5));
#2310=CARTESIAN_POINT('',(-7.94499999999999,-39.465,0.));
#2311=CARTESIAN_POINT('Origin',(-7.29499999999999,-39.465,0.));
#2312=CARTESIAN_POINT('',(-7.29499999999999,-39.465,-8.5));
#2313=CARTESIAN_POINT('',(-7.94499999999999,-39.465,-8.5));
#2314=CARTESIAN_POINT('',(-7.29499999999999,-39.465,0.));
#2315=CARTESIAN_POINT('Origin',(-7.29499999999999,-38.815,0.));
#2316=CARTESIAN_POINT('',(-7.29499999999999,-38.815,-8.5));
#2317=CARTESIAN_POINT('',(-7.29499999999999,-39.465,-8.5));
#2318=CARTESIAN_POINT('',(-7.29499999999999,-38.815,0.));
#2319=CARTESIAN_POINT('Origin',(-7.94499999999999,-38.815,0.));
#2320=CARTESIAN_POINT('',(-7.29499999999999,-38.815,-8.5));
#2321=CARTESIAN_POINT('Origin',(-7.61999999999999,-39.14,-8.5));
#2322=CARTESIAN_POINT('Origin',(-10.16,-39.14,2.5));
#2323=CARTESIAN_POINT('',(-9.83499999999999,-38.815,2.5));
#2324=CARTESIAN_POINT('',(-10.485,-38.815,2.5));
#2325=CARTESIAN_POINT('',(-9.83499999999999,-38.815,2.5));
#2326=CARTESIAN_POINT('',(-10.485,-39.465,2.5));
#2327=CARTESIAN_POINT('',(-10.485,-38.815,2.5));
#2328=CARTESIAN_POINT('',(-9.83499999999999,-39.465,2.5));
#2329=CARTESIAN_POINT('',(-10.485,-39.465,2.5));
#2330=CARTESIAN_POINT('',(-9.83499999999999,-39.465,2.5));
#2331=CARTESIAN_POINT('Origin',(-10.485,-39.465,0.));
#2332=CARTESIAN_POINT('',(-10.485,-38.815,-8.5));
#2333=CARTESIAN_POINT('',(-10.485,-38.815,0.));
#2334=CARTESIAN_POINT('',(-10.485,-39.465,-8.5));
#2335=CARTESIAN_POINT('',(-10.485,-38.815,-8.5));
#2336=CARTESIAN_POINT('',(-10.485,-39.465,0.));
#2337=CARTESIAN_POINT('Origin',(-9.83499999999999,-39.465,0.));
#2338=CARTESIAN_POINT('',(-9.83499999999999,-39.465,-8.5));
#2339=CARTESIAN_POINT('',(-10.485,-39.465,-8.5));
#2340=CARTESIAN_POINT('',(-9.83499999999999,-39.465,0.));
#2341=CARTESIAN_POINT('Origin',(-9.83499999999999,-38.815,0.));
#2342=CARTESIAN_POINT('',(-9.83499999999999,-38.815,-8.5));
#2343=CARTESIAN_POINT('',(-9.83499999999999,-39.465,-8.5));
#2344=CARTESIAN_POINT('',(-9.83499999999999,-38.815,0.));
#2345=CARTESIAN_POINT('Origin',(-10.485,-38.815,0.));
#2346=CARTESIAN_POINT('',(-9.83499999999999,-38.815,-8.5));
#2347=CARTESIAN_POINT('Origin',(-10.16,-39.14,-8.5));
#2348=CARTESIAN_POINT('',(0.,0.,0.));
#2349=CARTESIAN_POINT('Origin',(-22.5,-32.6,4.4));
#2350=CARTESIAN_POINT('',(-22.5,-32.6,4.4));
#2351=CARTESIAN_POINT('',(-22.5,26.4,4.4));
#2352=CARTESIAN_POINT('',(-22.5,-16.3,4.4));
#2353=CARTESIAN_POINT('',(-22.5,-32.6,3.9));
#2354=CARTESIAN_POINT('',(-22.5,-32.6,4.4));
#2355=CARTESIAN_POINT('',(-22.5,26.4,3.9));
#2356=CARTESIAN_POINT('',(-22.5,-32.6,3.9));
#2357=CARTESIAN_POINT('',(-22.5,26.4,4.4));
#2358=CARTESIAN_POINT('Origin',(22.5,-32.6,4.4));
#2359=CARTESIAN_POINT('',(22.5,-32.6,4.4));
#2360=CARTESIAN_POINT('',(11.25,-32.6,4.4));
#2361=CARTESIAN_POINT('',(22.5,-32.6,3.9));
#2362=CARTESIAN_POINT('',(22.5,-32.6,4.4));
#2363=CARTESIAN_POINT('',(22.5,-32.6,3.9));
#2364=CARTESIAN_POINT('Origin',(22.5,26.4,4.4));
#2365=CARTESIAN_POINT('',(22.5,26.4,4.4));
#2366=CARTESIAN_POINT('',(22.5,13.2,4.4));
#2367=CARTESIAN_POINT('',(22.5,26.4,3.9));
#2368=CARTESIAN_POINT('',(22.5,26.4,4.4));
#2369=CARTESIAN_POINT('',(22.5,26.4,3.9));
#2370=CARTESIAN_POINT('Origin',(-22.5,26.4,4.4));
#2371=CARTESIAN_POINT('',(-11.25,26.4,4.4));
#2372=CARTESIAN_POINT('',(-22.5,26.4,3.9));
#2373=CARTESIAN_POINT('Origin',(-4.44089209850063E-15,-3.09999999999999,
3.9));
#2374=CARTESIAN_POINT('Origin',(25.5,-35.1,1.5));
#2375=CARTESIAN_POINT('',(25.5,35.1,1.5));
#2376=CARTESIAN_POINT('',(25.5,-35.1,1.5));
#2377=CARTESIAN_POINT('',(25.5,35.1,1.5));
#2378=CARTESIAN_POINT('',(25.5,35.1,4.4));
#2379=CARTESIAN_POINT('',(25.5,35.1,1.5));
#2380=CARTESIAN_POINT('',(25.5,-35.1,4.4));
#2381=CARTESIAN_POINT('',(25.5,35.1,4.4));
#2382=CARTESIAN_POINT('',(25.5,-35.1,1.5));
#2383=CARTESIAN_POINT('Origin',(-25.5,-35.1,1.5));
#2384=CARTESIAN_POINT('',(-25.5,-35.1,1.5));
#2385=CARTESIAN_POINT('',(25.5,-35.1,1.5));
#2386=CARTESIAN_POINT('',(-25.5,-35.1,4.4));
#2387=CARTESIAN_POINT('',(25.5,-35.1,4.4));
#2388=CARTESIAN_POINT('',(-25.5,-35.1,1.5));
#2389=CARTESIAN_POINT('Origin',(-25.5,35.1,1.5));
#2390=CARTESIAN_POINT('',(-25.5,35.1,1.5));
#2391=CARTESIAN_POINT('',(-25.5,-35.1,1.5));
#2392=CARTESIAN_POINT('',(-25.5,35.1,4.4));
#2393=CARTESIAN_POINT('',(-25.5,-35.1,4.4));
#2394=CARTESIAN_POINT('',(-25.5,35.1,1.5));
#2395=CARTESIAN_POINT('Origin',(25.5,35.1,1.5));
#2396=CARTESIAN_POINT('',(-25.5,35.1,1.5));
#2397=CARTESIAN_POINT('',(-25.5,35.1,4.4));
#2398=CARTESIAN_POINT('Origin',(0.,1.33226762955019E-14,4.4));
#2399=CARTESIAN_POINT('Origin',(0.,1.33226762955019E-14,1.5));
#2400=CARTESIAN_POINT('',(0.,0.,0.));
#2401=CARTESIAN_POINT('Origin',(26.87,40.14,0.));
#2402=CARTESIAN_POINT('',(26.87,40.64,1.5));
#2403=CARTESIAN_POINT('',(27.37,40.14,1.5));
#2404=CARTESIAN_POINT('Origin',(26.87,40.14,1.5));
#2405=CARTESIAN_POINT('',(27.37,40.14,0.));
#2406=CARTESIAN_POINT('',(27.37,40.14,0.));
#2407=CARTESIAN_POINT('',(26.87,40.64,0.));
#2408=CARTESIAN_POINT('Origin',(26.87,40.14,0.));
#2409=CARTESIAN_POINT('',(26.87,40.64,0.));
#2410=CARTESIAN_POINT('Origin',(27.37,40.64,0.));
#2411=CARTESIAN_POINT('',(-26.87,40.64,0.));
#2412=CARTESIAN_POINT('',(-27.37,40.64,0.));
#2413=CARTESIAN_POINT('',(-26.87,40.64,1.5));
#2414=CARTESIAN_POINT('',(-26.87,40.64,0.));
#2415=CARTESIAN_POINT('',(-27.37,40.64,1.5));
#2416=CARTESIAN_POINT('Origin',(0.,8.88178419700125E-15,0.));
#2417=CARTESIAN_POINT('',(27.37,-40.14,0.));
#2418=CARTESIAN_POINT('',(27.37,40.64,0.));
#2419=CARTESIAN_POINT('',(26.87,-40.64,0.));
#2420=CARTESIAN_POINT('Origin',(26.87,-40.14,0.));
#2421=CARTESIAN_POINT('',(-26.87,-40.64,0.));
#2422=CARTESIAN_POINT('',(27.37,-40.64,0.));
#2423=CARTESIAN_POINT('',(-27.37,-40.14,0.));
#2424=CARTESIAN_POINT('Origin',(-26.87,-40.14,0.));
#2425=CARTESIAN_POINT('',(-27.37,40.14,0.));
#2426=CARTESIAN_POINT('',(-27.37,-40.64,0.));
#2427=CARTESIAN_POINT('Origin',(-26.87,40.14,0.));
#2428=CARTESIAN_POINT('',(18.5,38.3,0.));
#2429=CARTESIAN_POINT('Origin',(20.,38.3,0.));
#2430=CARTESIAN_POINT('',(18.5,-38.3,0.));
#2431=CARTESIAN_POINT('Origin',(20.,-38.3,0.));
#2432=CARTESIAN_POINT('',(-21.5,38.3,0.));
#2433=CARTESIAN_POINT('Origin',(-20.,38.3,0.));
#2434=CARTESIAN_POINT('',(-21.5,-38.3,0.));
#2435=CARTESIAN_POINT('Origin',(-20.,-38.3,0.));
#2436=CARTESIAN_POINT('Origin',(-26.87,40.14,0.));
#2437=CARTESIAN_POINT('',(-27.37,40.14,1.5));
#2438=CARTESIAN_POINT('Origin',(-26.87,40.14,1.5));
#2439=CARTESIAN_POINT('',(-27.37,40.14,0.));
#2440=CARTESIAN_POINT('Origin',(-27.37,40.64,0.));
#2441=CARTESIAN_POINT('',(-27.37,-40.14,1.5));
#2442=CARTESIAN_POINT('',(-27.37,-40.14,0.));
#2443=CARTESIAN_POINT('',(-27.37,-40.64,1.5));
#2444=CARTESIAN_POINT('Origin',(26.87,-40.14,0.));
#2445=CARTESIAN_POINT('',(27.37,-40.14,1.5));
#2446=CARTESIAN_POINT('',(26.87,-40.64,1.5));
#2447=CARTESIAN_POINT('Origin',(26.87,-40.14,1.5));
#2448=CARTESIAN_POINT('',(26.87,-40.64,0.));
#2449=CARTESIAN_POINT('',(27.37,-40.14,0.));
#2450=CARTESIAN_POINT('Origin',(27.37,-40.64,0.));
#2451=CARTESIAN_POINT('',(27.37,40.64,1.5));
#2452=CARTESIAN_POINT('Origin',(-26.87,-40.14,0.));
#2453=CARTESIAN_POINT('',(-26.87,-40.64,1.5));
#2454=CARTESIAN_POINT('Origin',(-26.87,-40.14,1.5));
#2455=CARTESIAN_POINT('',(-26.87,-40.64,0.));
#2456=CARTESIAN_POINT('Origin',(-20.,-38.3,0.));
#2457=CARTESIAN_POINT('',(-21.5,-38.3,1.5));
#2458=CARTESIAN_POINT('Origin',(-20.,-38.3,1.5));
#2459=CARTESIAN_POINT('',(-21.5,-38.3,0.));
#2460=CARTESIAN_POINT('Origin',(-20.,38.3,0.));
#2461=CARTESIAN_POINT('',(-21.5,38.3,1.5));
#2462=CARTESIAN_POINT('Origin',(-20.,38.3,1.5));
#2463=CARTESIAN_POINT('',(-21.5,38.3,0.));
#2464=CARTESIAN_POINT('Origin',(20.,-38.3,0.));
#2465=CARTESIAN_POINT('',(18.5,-38.3,1.5));
#2466=CARTESIAN_POINT('Origin',(20.,-38.3,1.5));
#2467=CARTESIAN_POINT('',(18.5,-38.3,0.));
#2468=CARTESIAN_POINT('Origin',(20.,38.3,0.));
#2469=CARTESIAN_POINT('',(18.5,38.3,1.5));
#2470=CARTESIAN_POINT('Origin',(20.,38.3,1.5));
#2471=CARTESIAN_POINT('',(18.5,38.3,0.));
#2472=CARTESIAN_POINT('Origin',(-27.37,-40.64,0.));
#2473=CARTESIAN_POINT('',(27.37,-40.64,1.5));
#2474=CARTESIAN_POINT('Origin',(0.,8.88178419700125E-15,1.5));
#2475=CARTESIAN_POINT('',(10.16,39.14,8.5));
#2476=CARTESIAN_POINT('',(10.16,39.14,8.5));
#2477=CARTESIAN_POINT('',(10.16,39.14,8.5));
#2478=UNCERTAINTY_MEASURE_WITH_UNIT(LENGTH_MEASURE(0.01),#2488,
'DISTANCE_ACCURACY_VALUE',
'Maximum model space distance between geometric entities at asserted c
onnectivities');
#2479=UNCERTAINTY_MEASURE_WITH_UNIT(LENGTH_MEASURE(0.01),#2488,
'DISTANCE_ACCURACY_VALUE',
'Maximum model space distance between geometric entities at asserted c
onnectivities');
#2480=UNCERTAINTY_MEASURE_WITH_UNIT(LENGTH_MEASURE(0.01),#2488,
'DISTANCE_ACCURACY_VALUE',
'Maximum model space distance between geometric entities at asserted c
onnectivities');
#2481=UNCERTAINTY_MEASURE_WITH_UNIT(LENGTH_MEASURE(0.01),#2488,
'DISTANCE_ACCURACY_VALUE',
'Maximum model space distance between geometric entities at asserted c
onnectivities');
#2482=UNCERTAINTY_MEASURE_WITH_UNIT(LENGTH_MEASURE(0.01),#2488,
'DISTANCE_ACCURACY_VALUE',
'Maximum model space distance between geometric entities at asserted c
onnectivities');
#2483=(
GEOMETRIC_REPRESENTATION_CONTEXT(3)
GLOBAL_UNCERTAINTY_ASSIGNED_CONTEXT((#2478))
GLOBAL_UNIT_ASSIGNED_CONTEXT((#2488,#2490,#2491))
REPRESENTATION_CONTEXT('','3D')
);
#2484=(
GEOMETRIC_REPRESENTATION_CONTEXT(3)
GLOBAL_UNCERTAINTY_ASSIGNED_CONTEXT((#2479))
GLOBAL_UNIT_ASSIGNED_CONTEXT((#2488,#2490,#2491))
REPRESENTATION_CONTEXT('','3D')
);
#2485=(
GEOMETRIC_REPRESENTATION_CONTEXT(3)
GLOBAL_UNCERTAINTY_ASSIGNED_CONTEXT((#2480))
GLOBAL_UNIT_ASSIGNED_CONTEXT((#2488,#2490,#2491))
REPRESENTATION_CONTEXT('','3D')
);
#2486=(
GEOMETRIC_REPRESENTATION_CONTEXT(3)
GLOBAL_UNCERTAINTY_ASSIGNED_CONTEXT((#2481))
GLOBAL_UNIT_ASSIGNED_CONTEXT((#2488,#2490,#2491))
REPRESENTATION_CONTEXT('','3D')
);
#2487=(
GEOMETRIC_REPRESENTATION_CONTEXT(3)
GLOBAL_UNCERTAINTY_ASSIGNED_CONTEXT((#2482))
GLOBAL_UNIT_ASSIGNED_CONTEXT((#2488,#2490,#2491))
REPRESENTATION_CONTEXT('','3D')
);
#2488=(
LENGTH_UNIT()
NAMED_UNIT(*)
SI_UNIT(.MILLI.,.METRE.)
);
#2489=(
LENGTH_UNIT()
NAMED_UNIT(*)
SI_UNIT($,.METRE.)
);
#2490=(
NAMED_UNIT(*)
PLANE_ANGLE_UNIT()
SI_UNIT($,.RADIAN.)
);
#2491=(
NAMED_UNIT(*)
SI_UNIT($,.STERADIAN.)
SOLID_ANGLE_UNIT()
);
#2492=SHAPE_DEFINITION_REPRESENTATION(#2496,#2503);
#2493=SHAPE_DEFINITION_REPRESENTATION(#2497,#2504);
#2494=SHAPE_DEFINITION_REPRESENTATION(#2498,#2505);
#2495=SHAPE_DEFINITION_REPRESENTATION(#2499,#2506);
#2496=PRODUCT_DEFINITION_SHAPE('',$,#2508);
#2497=PRODUCT_DEFINITION_SHAPE('',$,#2509);
#2498=PRODUCT_DEFINITION_SHAPE('',$,#2510);
#2499=PRODUCT_DEFINITION_SHAPE('',$,#2511);
#2500=PRODUCT_DEFINITION_SHAPE($,$,#20);
#2501=PRODUCT_DEFINITION_SHAPE($,$,#21);
#2502=PRODUCT_DEFINITION_SHAPE($,$,#22);
#2503=SHAPE_REPRESENTATION('',(#1550,#1659,#1660,#1661),#2483);
#2504=SHAPE_REPRESENTATION('',(#1551),#2484);
#2505=SHAPE_REPRESENTATION('',(#1616),#2485);
#2506=SHAPE_REPRESENTATION('',(#1628),#2486);
#2507=PRODUCT_DEFINITION_CONTEXT('part definition',#2521,'design');
#2508=PRODUCT_DEFINITION('2025-12-28-20-21-40-565',
'TFT_240x320_2.8_ST7789',#2512,#2507);
#2509=PRODUCT_DEFINITION('2025-12-28-20-43-40-244','Pin Header',#2513,#2507);
#2510=PRODUCT_DEFINITION('2025-12-28-20-54-50-236','Matrix Cover',#2514,
#2507);
#2511=PRODUCT_DEFINITION('2025-12-28-20-21-48-412','PCB',#2515,#2507);
#2512=PRODUCT_DEFINITION_FORMATION('',$,#2523);
#2513=PRODUCT_DEFINITION_FORMATION('',$,#2524);
#2514=PRODUCT_DEFINITION_FORMATION('',$,#2525);
#2515=PRODUCT_DEFINITION_FORMATION('',$,#2526);
#2516=PRODUCT_RELATED_PRODUCT_CATEGORY('TFT_240x320_2.8_ST7789',
'TFT_240x320_2.8_ST7789',(#2523));
#2517=PRODUCT_RELATED_PRODUCT_CATEGORY('Pin Header','Pin Header',(#2524));
#2518=PRODUCT_RELATED_PRODUCT_CATEGORY('Matrix Cover','Matrix Cover',(#2525));
#2519=PRODUCT_RELATED_PRODUCT_CATEGORY('PCB','PCB',(#2526));
#2520=APPLICATION_PROTOCOL_DEFINITION('international standard',
'automotive_design',2009,#2521);
#2521=APPLICATION_CONTEXT(
'Core Data for Automotive Mechanical Design Process');
#2522=PRODUCT_CONTEXT('part definition',#2521,'mechanical');
#2523=PRODUCT('2025-12-28-20-21-40-565','TFT_240x320_2.8_ST7789',$,(#2522));
#2524=PRODUCT('2025-12-28-20-43-40-244','Pin Header',$,(#2522));
#2525=PRODUCT('2025-12-28-20-54-50-236','Matrix Cover',$,(#2522));
#2526=PRODUCT('2025-12-28-20-21-48-412','PCB',$,(#2522));
#2527=PRESENTATION_STYLE_ASSIGNMENT((#2533));
#2528=PRESENTATION_STYLE_ASSIGNMENT((#2534));
#2529=PRESENTATION_STYLE_ASSIGNMENT((#2535));
#2530=PRESENTATION_STYLE_ASSIGNMENT((#2536));
#2531=PRESENTATION_STYLE_ASSIGNMENT((#2537));
#2532=PRESENTATION_STYLE_ASSIGNMENT((#2538));
#2533=SURFACE_STYLE_USAGE(.BOTH.,#2539);
#2534=SURFACE_STYLE_USAGE(.BOTH.,#2540);
#2535=SURFACE_STYLE_USAGE(.BOTH.,#2541);
#2536=SURFACE_STYLE_USAGE(.BOTH.,#2542);
#2537=SURFACE_STYLE_USAGE(.BOTH.,#2543);
#2538=SURFACE_STYLE_USAGE(.BOTH.,#2544);
#2539=SURFACE_SIDE_STYLE('',(#2545));
#2540=SURFACE_SIDE_STYLE('',(#2546));
#2541=SURFACE_SIDE_STYLE('',(#2547));
#2542=SURFACE_SIDE_STYLE('',(#2548));
#2543=SURFACE_SIDE_STYLE('',(#2549));
#2544=SURFACE_SIDE_STYLE('',(#2550));
#2545=SURFACE_STYLE_FILL_AREA(#2551);
#2546=SURFACE_STYLE_FILL_AREA(#2552);
#2547=SURFACE_STYLE_FILL_AREA(#2553);
#2548=SURFACE_STYLE_FILL_AREA(#2554);
#2549=SURFACE_STYLE_FILL_AREA(#2555);
#2550=SURFACE_STYLE_FILL_AREA(#2556);
#2551=FILL_AREA_STYLE('Steel - Satin',(#2557));
#2552=FILL_AREA_STYLE('Lead - Satin',(#2558));
#2553=FILL_AREA_STYLE('ABS (White)',(#2559));
#2554=FILL_AREA_STYLE('Paint - Metal Flake (Black)',(#2560));
#2555=FILL_AREA_STYLE('Glass - Heavy Color',(#2561));
#2556=FILL_AREA_STYLE('FR4',(#2562));
#2557=FILL_AREA_STYLE_COLOUR('Steel - Satin',#2563);
#2558=FILL_AREA_STYLE_COLOUR('Lead - Satin',#2564);
#2559=FILL_AREA_STYLE_COLOUR('ABS (White)',#2565);
#2560=FILL_AREA_STYLE_COLOUR('Paint - Metal Flake (Black)',#2566);
#2561=FILL_AREA_STYLE_COLOUR('Glass - Heavy Color',#2567);
#2562=FILL_AREA_STYLE_COLOUR('FR4',#2568);
#2563=COLOUR_RGB('Steel - Satin',0.627450980392157,0.627450980392157,0.627450980392157);
#2564=COLOUR_RGB('Lead - Satin',0.815686274509804,0.815686274509804,0.815686274509804);
#2565=COLOUR_RGB('ABS (White)',0.,0.,0.);
#2566=COLOUR_RGB('Paint - Metal Flake (Black)',0.0980392156862745,0.0980392156862745,
0.0980392156862745);
#2567=COLOUR_RGB('Glass - Heavy Color',0.0980392156862745,0.0980392156862745,
0.0980392156862745);
#2568=COLOUR_RGB('FR4',0.,0.301960784313725,0.584313725490196);
ENDSEC;
END-ISO-10303-21;
